{
    "treating": 0.622895359992981,
    "HRA Strategy.time-resources.take-the-best": 0.03226606547832489,
    "HRA Strategy.resources-system.take-the-best": 0.09790445119142532,
    "Take-The-Best Priority": 0.2242140918970108,
    "Satisfactory Priority": 0.01897517405450344,
    "AVERAGE_TIME_USED": 0.0024034969974309206,
    "treatment": 0.001341382972896099
}