{
    "mental_status": 0.006443404126912355,
    "intent": 0.05868514999747276,
    "directness_of_causality": 0.13670797646045685,
    "aid_available": 0.1364050805568695,
    "treating": 0.2177106738090515,
    "pExternalBleeding": 0.002545577473938465,
    "SEVERITY": 0.004233319312334061,
    "AVERAGE_TIME_USED": 0.022133007645606995,
    "SUPPLIES_USED": 0.21249260008335114,
    "SMOL_MEDICAL_SOUNDNESS": 0.18745224177837372,
    "treatment": 0.0151909701526165
}