{
    "age": 0.010036038234829903,
    "tagged": 0.01838349923491478,
    "visited": 0.005547893699258566,
    "conscious": 0.0031586340628564358,
    "breathing": 0.007024236023426056,
    "hrpmin": 0.0030099372379481792,
    "unvisited_count": 0.018618179485201836,
    "injured_count": 0.004739046562463045,
    "environment_type": 0.002677436452358961,
    "questioning": 0.1436777561903,
    "assessing": 0.10514970123767853,
    "treating": 0.0012701123487204313,
    "tagging": 0.14752350747585297,
    "leaving": 0.4081917405128479,
    "treatment": 0.017857462167739868,
    "HRA Strategy.time-resources.take-the-best": 0.0016175443306565285,
    "HRA Strategy.time-system.exhaustive": 0.005316445603966713,
    "HRA Strategy.resources-system.take-the-best": 0.0003469362563919276,
    "HRA Strategy.resources-system.exhaustive": 0.001149293384514749,
    "Satisfactory Priority": 0.001992255449295044,
    "One-Bounce Priority": 0.016153130680322647,
    "pDeath": 0.0007313812966458499,
    "pPain": 0.004585792776197195,
    "pBrainInjury": 0.009302781894803047,
    "pAirwayBlocked": 0.002092902548611164,
    "pInternalBleeding": 0.005063673015683889,
    "pExternalBleeding": 0.004766517318785191,
    "entropy": 0.010595773346722126,
    "entropyDeath": 0.0015644344966858625,
    "SEVERITY": 0.0014288272941485047,
    "SUPPLIES_REMAINING": 0.00039247600943781435,
    "AVERAGE_TIME_USED": 0.007745497394353151,
    "MEDSIM_P_DEATH": 0.015172628685832024,
    "MEDSIM_P_DEATH_ONE_MIN_LATER": 0.000418067560531199,
    "SEVEREST_SEVERITY": 0.0007499576895497739,
    "SEVEREST_SEVERITY_CHANGE": 0.0005869313608855009,
    "WEIGHTED_RESOURCE_SCORE": 0.002372348913922906,
    "SMOL_MEDICAL_SOUNDNESS": 0.0008169257780537009,
    "INFORMATION_GAINED": 0.003236567135900259,
    "category": 0.004935781937092543
}