{
    "age": 0.01506536640226841,
    "tagged": 0.0450546070933342,
    "conscious": 0.0072007859125733376,
    "breathing": 0.029339270666241646,
    "hrpmin": 0.03982539102435112,
    "avpu": 0.006469136569648981,
    "assessing": 0.189947247505188,
    "tagging": 0.38506796956062317,
    "category": 0.016119007021188736,
    "HRA Strategy.time-resources.take-the-best": 0.011692726984620094,
    "HRA Strategy.time-system.tallying": 0.02249319851398468,
    "pBrainInjury": 0.026871684938669205,
    "pAirwayBlocked": 0.026827136054635048,
    "pInternalBleeding": 0.004877667874097824,
    "entropy": 0.0029155274387449026,
    "entropyDeath": 0.06321076303720474,
    "SEVERITY": 0.021137455478310585,
    "AVERAGE_TIME_USED": 0.004630791023373604,
    "MEDSIM_P_DEATH": 0.007478776387870312,
    "SEVEREST_SEVERITY_CHANGE": 0.007581982761621475,
    "SMOL_MEDICAL_SOUNDNESS": 0.00992727093398571,
    "treatment": 0.056266218423843384
}