{
    "directness_of_causality": 0.131815105676651,
    "aid_available": 0.141720712184906,
    "treating": 0.4857412576675415,
    "SUPPLIES_USED": 0.2407229244709015
}