{
    "intent": 0.05767536535859108,
    "directness_of_causality": 0.11435120552778244,
    "injured_count": 0.07442755252122879,
    "treating": 0.753545880317688
}