{
    "age": 0.1459289938211441,
    "environment_type": 0.02982497215270996,
    "assessing": 0.17432990670204163,
    "category": 0.07566151767969131,
    "HRA Strategy.time-resources.take-the-best": 0.04148031398653984,
    "pDeath": 0.08927182108163834,
    "SUPPLIES_REMAINING": 0.021771203726530075,
    "AVERAGE_TIME_USED": 0.03363245725631714,
    "MEDSIM_P_DEATH_ONE_MIN_LATER": 0.17748315632343292,
    "WEIGHTED_RESOURCE_SCORE": 0.12583017349243164,
    "treatment": 0.08478545397520065
}