{
    "age": 0.154415562748909,
    "tagged": 0.19531852006912231,
    "conscious": 0.14566974341869354,
    "environment_type": 0.0362083874642849,
    "category": 0.04569005221128464,
    "One-Bounce Priority": 0.028470130637288094,
    "pDeath": 0.02915908955037594,
    "SEVERITY": 0.05484599992632866,
    "AVERAGE_TIME_USED": 0.06599006056785583,
    "DAMAGE_PER_SECOND": 0.13278095424175262,
    "SMOL_MEDICAL_SOUNDNESS": 0.05597549304366112,
    "treatment": 0.05547606572508812
}