{
    "age": 0.0037748138420283794,
    "tagged": 0.04818090423941612,
    "visited": 0.0016671970952302217,
    "breathing": 0.010553761385381222,
    "unvisited_count": 0.006436530966311693,
    "environment_type": 0.0030604873318225145,
    "questioning": 0.28021684288978577,
    "assessing": 0.29334762692451477,
    "tagging": 0.18214406073093414,
    "One-Bounce Priority": 0.015548710711300373,
    "pDeath": 0.007281645201146603,
    "pPain": 0.006162418983876705,
    "pBrainInjury": 0.006237569265067577,
    "pAirwayBlocked": 0.003360485192388296,
    "pInternalBleeding": 0.01922205463051796,
    "pExternalBleeding": 0.006236133631318808,
    "entropy": 0.011659805662930012,
    "entropyDeath": 0.0041979290544986725,
    "AVERAGE_TIME_USED": 0.01842648908495903,
    "MEDSIM_P_DEATH": 0.006003136280924082,
    "WEIGHTED_RESOURCE_SCORE": 0.0017797995824366808,
    "SMOL_MEDICAL_SOUNDNESS": 0.0024939896538853645,
    "INFORMATION_GAINED": 0.01753608137369156,
    "treatment": 0.03762751817703247,
    "category": 0.006844055373221636
}