{
    "age": 0.01049524825066328,
    "tagged": 0.02116747573018074,
    "visited": 0.0008136172546073794,
    "conscious": 0.03156796842813492,
    "breathing": 0.04668352007865906,
    "unvisited_count": 0.00035806724918074906,
    "injured_count": 0.06720981746912003,
    "environment_type": 0.01624896004796028,
    "questioning": 0.15335437655448914,
    "assessing": 0.11742043495178223,
    "treating": 0.0009845992317423224,
    "tagging": 0.11470554769039154,
    "leaving": 0.08722303062677383,
    "HRA Strategy.time-resources.take-the-best": 0.008947697468101978,
    "HRA Strategy.time-system.exhaustive": 0.001353475614450872,
    "HRA Strategy.time-system.tallying": 0.0006098431185819209,
    "HRA Strategy.time-system.one-bounce": 0.00022825221822131425,
    "HRA Strategy.resources-system.take-the-best": 0.0006826252210885286,
    "Satisfactory Priority": 0.0012243912788107991,
    "One-Bounce Priority": 0.0009404033771716058,
    "pDeath": 0.026345040649175644,
    "pPain": 0.018195899203419685,
    "pBrainInjury": 0.001682837144471705,
    "pAirwayBlocked": 0.0020804216619580984,
    "pInternalBleeding": 0.010425529442727566,
    "pExternalBleeding": 0.0009644489618949592,
    "entropy": 0.008156366646289825,
    "entropyDeath": 0.005409903824329376,
    "SEVERITY": 0.0028812794480472803,
    "SUPPLIES_REMAINING": 0.004837144631892443,
    "AVERAGE_TIME_USED": 0.00803723931312561,
    "DAMAGE_PER_SECOND": 0.0024822133127599955,
    "MEDSIM_P_DEATH": 0.0019089309498667717,
    "MEDSIM_P_DEATH_ONE_MIN_LATER": 0.000951901136431843,
    "SEVERITY_CHANGE": 0.0006111675756983459,
    "SEVEREST_SEVERITY": 0.0008683569030836225,
    "INFORMATION_GAINED": 0.12597127258777618,
    "treatment": 0.08087186515331268,
    "category": 0.01509872730821371
}