{
    "tagged": 0.027007540687918663,
    "mental_status": 0.008529425598680973,
    "breathing": 0.0024213814176619053,
    "intent": 0.05312465876340866,
    "directness_of_causality": 0.08481758832931519,
    "aid_available": 0.04771243408322334,
    "treating": 0.18181875348091125,
    "HRA Strategy.time-resources.take-the-best": 0.019403429701924324,
    "HRA Strategy.resources-system.take-the-best": 0.05405530706048012,
    "pPain": 0.009783072397112846,
    "SEVERITY": 0.09199521690607071,
    "AVERAGE_TIME_USED": 0.019442204385995865,
    "DAMAGE_PER_SECOND": 0.03946651518344879,
    "SUPPLIES_USED": 0.2063099443912506,
    "SMOL_MEDICAL_SOUNDNESS": 0.11294864863157272,
    "treatment": 0.04116393253207207
}