{
    "conscious": 0.0010535024339333177,
    "mental_status": 0.00010287662007613108,
    "avpu": 0.00010916112660197541,
    "intent": 0.048986952751874924,
    "directness_of_causality": 0.18075565993785858,
    "aid_available": 0.17347021400928497,
    "treating": 0.2782679796218872,
    "HRA Strategy.time-risk_reward_ratio.one-bounce": 0.0009055181872099638,
    "HRA Strategy.resources-system.take-the-best": 0.0009366194135509431,
    "HRA Strategy.risk_reward_ratio-system.one-bounce": 0.0015531211392953992,
    "HRA Strategy.time-resources-risk_reward_ratio-system.one-bounce": 0.00025701927370391786,
    "Take-The-Best Priority": 0.00045013747876510024,
    "Satisfactory Priority": 0.0004779071023222059,
    "One-Bounce Priority": 0.0002711214474402368,
    "pBrainInjury": 0.0002701556368265301,
    "pAirwayBlocked": 0.00020244518236722797,
    "pInternalBleeding": 0.0002892842167057097,
    "entropyDeath": 0.00043548663961701095,
    "SEVERITY": 0.00041807396337389946,
    "SUPPLIES_REMAINING": 0.10468295216560364,
    "AVERAGE_TIME_USED": 0.007224063854664564,
    "DAMAGE_PER_SECOND": 0.00025460697361268103,
    "MEDSIM_P_DEATH": 0.0003352009516675025,
    "SUPPLIES_USED": 0.1969388723373413,
    "SEVEREST_SEVERITY_CHANGE": 0.0002640612656250596,
    "WEIGHTED_RESOURCE_SCORE": 0.0001293916575377807,
    "SMOL_MEDICAL_SOUNDNESS": 0.0003262102254666388,
    "treatment": 0.0006314509664662182
}