conscious,mental_status,avpu,intent,directness_of_causality,aid_available,treating,HRA Strategy.time-risk_reward_ratio.one-bounce,HRA Strategy.resources-system.take-the-best,HRA Strategy.risk_reward_ratio-system.one-bounce,HRA Strategy.time-resources-risk_reward_ratio-system.one-bounce,Take-The-Best Priority,Satisfactory Priority,One-Bounce Priority,pBrainInjury,pAirwayBlocked,pInternalBleeding,entropyDeath,SEVERITY,SUPPLIES_REMAINING,AVERAGE_TIME_USED,DAMAGE_PER_SECOND,MEDSIM_P_DEATH,SUPPLIES_USED,SEVEREST_SEVERITY_CHANGE,WEIGHTED_RESOURCE_SCORE,SMOL_MEDICAL_SOUNDNESS,treatment
0.0010535024339333177,0.00010287662007613108,0.00010916112660197541,0.048986952751874924,0.18075565993785858,0.17347021400928497,0.2782679796218872,0.0009055181872099638,0.0009366194135509431,0.0015531211392953992,0.00025701927370391786,0.00045013747876510024,0.0004779071023222059,0.0002711214474402368,0.0002701556368265301,0.00020244518236722797,0.0002892842167057097,0.00043548663961701095,0.00041807396337389946,0.10468295216560364,0.007224063854664564,0.00025460697361268103,0.0003352009516675025,0.1969388723373413,0.0002640612656250596,0.0001293916575377807,0.0003262102254666388,0.0006314509664662182
