{
    "tagged": 0.27223655581474304,
    "conscious": 0.07154718786478043,
    "breathing": 0.0049700369127094746,
    "hrpmin": 0.004116417374461889,
    "avpu": 0.03550342470407486,
    "category": 0.0577106699347496,
    "pPain": 0.13155290484428406,
    "entropyDeath": 0.0027842868585139513,
    "SEVERITY": 0.06447379291057587,
    "SUPPLIES_REMAINING": 0.005765932612121105,
    "AVERAGE_TIME_USED": 0.18655824661254883,
    "DAMAGE_PER_SECOND": 0.07683350890874863,
    "MEDSIM_P_DEATH_ONE_MIN_LATER": 0.032194800674915314,
    "WEIGHTED_RESOURCE_SCORE": 0.010737186297774315,
    "treatment": 0.043015047907829285
}