{
    "tagged": 0.030490469187498093,
    "assessing": 0.2140180617570877,
    "tagging": 0.6303321719169617,
    "HRA Strategy.time-resources.take-the-best": 0.09079693257808685,
    "treatment": 0.034362293779850006
}