{
    "injured_count": 0.019459977746009827,
    "questioning": 0.37545832991600037,
    "assessing": 0.47263303399086,
    "tagging": 0.060646962374448776,
    "One-Bounce Priority": 0.016930153593420982,
    "INFORMATION_GAINED": 0.05487155541777611
}