{
    "conscious": 0.0018248164560645819,
    "mental_status": 9.78796451818198e-05,
    "avpu": 1.961470115929842e-05,
    "intent": 0.05958161875605583,
    "directness_of_causality": 0.19574624300003052,
    "aid_available": 0.19160710275173187,
    "treating": 0.2738509476184845,
    "HRA Strategy.resources-system.take-the-best": 0.0010955092730000615,
    "HRA Strategy.risk_reward_ratio-system.one-bounce": 0.0009662865195423365,
    "HRA Strategy.time-resources-risk_reward_ratio-system.one-bounce": 0.0002954900555778295,
    "Take-The-Best Priority": 0.0006533279083669186,
    "Satisfactory Priority": 0.0006909497897140682,
    "pDeath": 0.00011139320122310892,
    "pBrainInjury": 0.00034314178628847003,
    "pAirwayBlocked": 0.00017429473518859595,
    "pInternalBleeding": 0.00018984609050676227,
    "entropyDeath": 0.0004326268390286714,
    "SEVERITY": 0.0004573386977426708,
    "SUPPLIES_REMAINING": 0.0009953780099749565,
    "AVERAGE_TIME_USED": 0.0002500462287571281,
    "DAMAGE_PER_SECOND": 2.3897002392914146e-05,
    "SUPPLIES_USED": 0.26921743154525757,
    "SEVEREST_SEVERITY_CHANGE": 7.451121928170323e-05,
    "WEIGHTED_RESOURCE_SCORE": 0.0007426999509334564,
    "treatment": 0.000557773862965405
}