{
    "directness_of_causality": 0.292217880487442,
    "SMOL_MEDICAL_SOUNDNESS": 0.7077820897102356
}