{
    "tagged": 0.004236379638314247,
    "breathing": 0.0010653840145096183,
    "intent": 0.004069605376571417,
    "directness_of_causality": 0.132374569773674,
    "unvisited_count": 0.00015468629135284573,
    "injured_count": 0.0009635680471546948,
    "aid_available": 0.13984547555446625,
    "treating": 0.2837960422039032,
    "HRA Strategy.risk_reward_ratio-system.one-bounce": 0.0013500673230737448,
    "HRA Strategy.time-resources-system.one-bounce": 0.0003814783995039761,
    "HRA Strategy.time-resources-risk_reward_ratio-system.one-bounce": 0.0002756283211056143,
    "Take-The-Best Priority": 0.00020994417718611658,
    "Satisfactory Priority": 0.001185996807180345,
    "pAirwayBlocked": 9.366495942231268e-05,
    "SEVERITY": 0.005103486590087414,
    "SUPPLIES_REMAINING": 0.0008769592386670411,
    "AVERAGE_TIME_USED": 0.004517888650298119,
    "SEVERITY_CHANGE": 9.40849058679305e-05,
    "SUPPLIES_USED": 0.20024719834327698,
    "SEVEREST_SEVERITY": 0.0006029704236425459,
    "WEIGHTED_RESOURCE_SCORE": 0.0007678453694097698,
    "SMOL_MEDICAL_SOUNDNESS": 0.1893230378627777,
    "treatment": 0.028464114293456078
}