{
    "conscious": 0.0006855285027995706,
    "breathing": 8.097747195279226e-05,
    "intent": 0.2277456820011139,
    "directness_of_causality": 0.1474718451499939,
    "aid_available": 0.1576288342475891,
    "treating": 0.24326622486114502,
    "HRA Strategy.resources-system.take-the-best": 0.0008855076157487929,
    "HRA Strategy.risk_reward_ratio-system.one-bounce": 0.0012395099038258195,
    "HRA Strategy.resources-risk_reward_ratio-system.one-bounce": 0.0009031797526404262,
    "HRA Strategy.time-resources-risk_reward_ratio-system.one-bounce": 0.00028837728314101696,
    "Take-The-Best Priority": 3.956688306061551e-05,
    "Satisfactory Priority": 0.0006585130468010902,
    "pDeath": 0.0004205355071462691,
    "pBrainInjury": 2.567246338003315e-05,
    "pAirwayBlocked": 0.0005418058135546744,
    "pInternalBleeding": 3.628351623774506e-05,
    "entropyDeath": 6.098250378272496e-05,
    "SEVERITY": 0.00013019658217672259,
    "SUPPLIES_REMAINING": 0.0006139443721622229,
    "AVERAGE_TIME_USED": 0.005549320951104164,
    "MEDSIM_P_DEATH": 2.878980740206316e-05,
    "SEVERITY_CHANGE": 8.643066394142807e-05,
    "SUPPLIES_USED": 0.2094462662935257,
    "SEVEREST_SEVERITY": 0.00045557395787909627,
    "SEVEREST_SEVERITY_CHANGE": 3.90708155464381e-05,
    "WEIGHTED_RESOURCE_SCORE": 3.7297904782462865e-05,
    "SMOL_MEDICAL_SOUNDNESS": 0.001357749686576426,
    "treatment": 0.00027636386221274734
}