{
    "age": 0.0831865593791008,
    "tagged": 0.027716923505067825,
    "visited": 0.0015726247802376747,
    "injured_count": 0.032501980662345886,
    "questioning": 0.12529608607292175,
    "tagging": 0.4421723484992981,
    "HRA Strategy.time-resources.take-the-best": 0.017980627715587616,
    "One-Bounce Priority": 0.0006899503641761839,
    "pDeath": 0.0018283826066181064,
    "SEVERITY": 0.005841405596584082,
    "SUPPLIES_REMAINING": 0.0008557842229492962,
    "AVERAGE_TIME_USED": 0.10485038161277771,
    "DAMAGE_PER_SECOND": 0.048161111772060394,
    "WEIGHTED_RESOURCE_SCORE": 0.0010371818207204342,
    "treatment": 0.09270425885915756,
    "category": 0.013604399748146534
}