{
    "intent": 0.16600032150745392,
    "directness_of_causality": 0.1473720669746399,
    "aid_available": 0.12839649617671967,
    "treating": 0.21557186543941498,
    "SEVERITY": 0.04171096906065941,
    "SUPPLIES_USED": 0.1677301973104477,
    "WEIGHTED_RESOURCE_SCORE": 0.05545429885387421,
    "treatment": 0.07776373624801636
}