{
    "age": 0.01644611544907093,
    "tagged": 0.04203837364912033,
    "breathing": 0.008136781863868237,
    "hrpmin": 0.005237072240561247,
    "avpu": 0.005643232259899378,
    "unvisited_count": 0.007611594628542662,
    "questioning": 0.16543418169021606,
    "assessing": 0.18574649095535278,
    "tagging": 0.20421768724918365,
    "leaving": 0.08825714141130447,
    "HRA Strategy.time-system.exhaustive": 0.006213870365172625,
    "Satisfactory Priority": 0.009262497536838055,
    "One-Bounce Priority": 0.04840671271085739,
    "pDeath": 0.006271480116993189,
    "pPain": 0.012806802988052368,
    "pBrainInjury": 0.00853313785046339,
    "pAirwayBlocked": 0.024773944169282913,
    "pInternalBleeding": 0.017480039969086647,
    "pExternalBleeding": 0.005907179322093725,
    "entropy": 0.008933919481933117,
    "entropyDeath": 0.02055707573890686,
    "AVERAGE_TIME_USED": 0.012447336688637733,
    "INFORMATION_GAINED": 0.026962023228406906,
    "treatment": 0.050241533666849136,
    "category": 0.012433717958629131
}