{
    "age": 0.007230604998767376,
    "tagged": 0.01735290139913559,
    "breathing": 0.007503056433051825,
    "unvisited_count": 0.006574589759111404,
    "injured_count": 0.017225326970219612,
    "questioning": 0.17332512140274048,
    "assessing": 0.20086364448070526,
    "tagging": 0.14443303644657135,
    "leaving": 0.3164167106151581,
    "Satisfactory Priority": 0.0035463771782815456,
    "One-Bounce Priority": 0.029351796954870224,
    "entropy": 0.004626364912837744,
    "AVERAGE_TIME_USED": 0.005973018705844879,
    "INFORMATION_GAINED": 0.027521178126335144,
    "treatment": 0.029795438051223755,
    "category": 0.008260807022452354
}