{
    "age": 0.013712395913898945,
    "tagged": 0.0736844390630722,
    "visited": 0.0005013695335946977,
    "conscious": 0.008229296654462814,
    "breathing": 0.007838225923478603,
    "hrpmin": 0.0009333568741567433,
    "avpu": 0.00114408228546381,
    "unvisited_count": 0.009701159782707691,
    "environment_type": 0.0030498970299959183,
    "questioning": 0.23504388332366943,
    "assessing": 0.20434258878231049,
    "tagging": 0.24053774774074554,
    "category": 0.008494166657328606,
    "HRA Strategy.time-resources.take-the-best": 0.0014250186504796147,
    "HRA Strategy.time-risk_reward_ratio.take-the-best": 0.002394444774836302,
    "HRA Strategy.time-system.tallying": 0.0038052434101700783,
    "HRA Strategy.resources-system.take-the-best": 0.0012006992474198341,
    "One-Bounce Priority": 0.02400006540119648,
    "pDeath": 0.01540348120033741,
    "pPain": 0.023537078872323036,
    "pBrainInjury": 0.0014792641159147024,
    "pAirwayBlocked": 0.006131823640316725,
    "pInternalBleeding": 0.006765753496438265,
    "pExternalBleeding": 0.00993775948882103,
    "entropy": 0.017006367444992065,
    "SEVERITY": 0.0019246407318860292,
    "AVERAGE_TIME_USED": 0.02240586094558239,
    "DAMAGE_PER_SECOND": 0.0018461134750396013,
    "MEDSIM_P_DEATH": 0.001819310593418777,
    "MEDSIM_P_DEATH_ONE_MIN_LATER": 0.0004107885470148176,
    "WEIGHTED_RESOURCE_SCORE": 0.004396454896777868,
    "SMOL_MEDICAL_SOUNDNESS": 0.00412408821284771,
    "INFORMATION_GAINED": 0.00574772572144866,
    "treatment": 0.03702537715435028
}