{
    "age": 0.00663969200104475,
    "tagged": 0.03423522040247917,
    "visited": 0.0027228558901697397,
    "conscious": 0.0008693590643815696,
    "breathing": 0.006780597381293774,
    "hrpmin": 0.003044130513444543,
    "avpu": 0.002714208560064435,
    "unvisited_count": 0.012731987051665783,
    "injured_count": 0.013811241835355759,
    "environment_type": 0.0011965574230998755,
    "questioning": 0.1718723326921463,
    "assessing": 0.15657947957515717,
    "treating": 0.0003835317911580205,
    "tagging": 0.22471463680267334,
    "leaving": 0.16188323497772217,
    "treatment": 0.03208980709314346,
    "HRA Strategy.time-resources.take-the-best": 0.002217157743871212,
    "HRA Strategy.time-resources.one-bounce": 0.00028188363648951054,
    "HRA Strategy.time-system.exhaustive": 0.0008107164758257568,
    "HRA Strategy.time-system.tallying": 9.931995009537786e-05,
    "HRA Strategy.time-system.one-bounce": 0.001608169754035771,
    "HRA Strategy.resources-system.take-the-best": 0.0012780644465237856,
    "HRA Strategy.resources-system.exhaustive": 0.0006399972480721772,
    "HRA Strategy.risk_reward_ratio-system.exhaustive": 0.0012179592158645391,
    "Satisfactory Priority": 0.005921362899243832,
    "One-Bounce Priority": 0.023427003994584084,
    "pDeath": 0.003105349373072386,
    "pPain": 0.00626453198492527,
    "pBrainInjury": 0.0025269987527281046,
    "pAirwayBlocked": 0.0042527103796601295,
    "pInternalBleeding": 0.005990396719425917,
    "pExternalBleeding": 0.009591912850737572,
    "entropy": 0.009804433211684227,
    "entropyDeath": 0.006285557989031076,
    "SEVERITY": 0.002138572745025158,
    "SUPPLIES_REMAINING": 0.0007133095641620457,
    "AVERAGE_TIME_USED": 0.001633560168556869,
    "DAMAGE_PER_SECOND": 0.0013336376287043095,
    "MEDSIM_P_DEATH": 0.020717650651931763,
    "MEDSIM_P_DEATH_ONE_MIN_LATER": 0.002637153724208474,
    "SEVERITY_CHANGE": 0.0014117396203801036,
    "SEVEREST_SEVERITY": 0.003685393137857318,
    "SEVEREST_SEVERITY_CHANGE": 0.0002800629008561373,
    "WEIGHTED_RESOURCE_SCORE": 0.0018309511942788959,
    "SMOL_MEDICAL_SOUNDNESS": 0.000980836688540876,
    "INFORMATION_GAINED": 0.035787101835012436,
    "category": 0.009257650002837181
}