{
    "conscious": 0.00165561365429312,
    "mental_status": 0.016518961638212204,
    "breathing": 0.14710885286331177,
    "intent": 0.04812914505600929,
    "directness_of_causality": 0.1588916778564453,
    "aid_available": 0.009492309764027596,
    "treating": 0.26722267270088196,
    "HRA Strategy.time-resources.take-the-best": 0.006450566928833723,
    "HRA Strategy.time-resources.one-bounce": 0.025869913399219513,
    "HRA Strategy.resources-risk_reward_ratio.one-bounce": 0.18554119765758514,
    "HRA Strategy.resources-system.take-the-best": 0.057056594640016556,
    "HRA Strategy.risk_reward_ratio-system.one-bounce": 0.002254124265164137,
    "HRA Strategy.resources-risk_reward_ratio-system.one-bounce": 0.0023208691272884607,
    "entropyDeath": 0.009190628305077553,
    "AVERAGE_TIME_USED": 0.02090715616941452,
    "SUPPLIES_USED": 0.04138973727822304
}