{
    "tagged": 0.028448425233364105,
    "conscious": 0.013270529918372631,
    "breathing": 0.05987842381000519,
    "hrpmin": 0.008005804382264614,
    "unvisited_count": 0.009898457676172256,
    "environment_type": 0.013603555038571358,
    "questioning": 0.2665235698223114,
    "assessing": 0.24396227300167084,
    "tagging": 0.24392224848270416,
    "category": 0.009811829775571823,
    "pDeath": 0.009532307274639606,
    "pBrainInjury": 0.008129184134304523,
    "pExternalBleeding": 0.007895099930465221,
    "entropyDeath": 0.020338764414191246,
    "AVERAGE_TIME_USED": 0.015494571067392826,
    "treatment": 0.04128506779670715
}