{
    "directness_of_causality": 0.1685381680727005,
    "treating": 0.7135758399963379,
    "SUPPLIES_USED": 0.1178860142827034
}