{
    "tagged": 0.008637852966785431,
    "conscious": 0.0009390679770149291,
    "mental_status": 0.0010000262409448624,
    "breathing": 0.07236412167549133,
    "intent": 0.018603719770908356,
    "directness_of_causality": 0.07256471365690231,
    "injured_count": 0.23444634675979614,
    "aid_available": 0.06088019162416458,
    "treating": 0.12367784231901169,
    "HRA Strategy.time-risk_reward_ratio.one-bounce": 0.057341087609529495,
    "HRA Strategy.resources-risk_reward_ratio.one-bounce": 0.003450773423537612,
    "HRA Strategy.resources-system.take-the-best": 0.03366286680102348,
    "HRA Strategy.risk_reward_ratio-system.one-bounce": 0.0015327006112784147,
    "HRA Strategy.time-resources-system.one-bounce": 0.0005206018686294556,
    "HRA Strategy.resources-risk_reward_ratio-system.one-bounce": 0.0009633875451982021,
    "HRA Strategy.time-resources-risk_reward_ratio-system.one-bounce": 0.0002663925988599658,
    "Take-The-Best Priority": 0.0009462785674259067,
    "Satisfactory Priority": 8.088001777650788e-05,
    "pPain": 0.0015511764213442802,
    "pBrainInjury": 0.00026607021572999656,
    "pAirwayBlocked": 0.001468863571062684,
    "entropy": 0.024525510147213936,
    "entropyDeath": 3.487723006401211e-05,
    "SEVERITY": 0.06482142210006714,
    "SUPPLIES_REMAINING": 0.0016081423964351416,
    "AVERAGE_TIME_USED": 0.01876571774482727,
    "SEVERITY_CHANGE": 7.470350101357326e-05,
    "SUPPLIES_USED": 0.11619037389755249,
    "SEVEREST_SEVERITY": 0.0005318009643815458,
    "SEVEREST_SEVERITY_CHANGE": 0.0003006240294780582,
    "WEIGHTED_RESOURCE_SCORE": 0.017390316352248192,
    "SMOL_MEDICAL_SOUNDNESS": 0.059911612421274185,
    "treatment": 0.0006800066912546754
}