{
    "age": 0.007474955637007952,
    "tagged": 0.016848398372530937,
    "breathing": 0.005359122529625893,
    "unvisited_count": 0.010180830955505371,
    "injured_count": 0.016464509069919586,
    "questioning": 0.2738303542137146,
    "assessing": 0.20714712142944336,
    "tagging": 0.1333894282579422,
    "leaving": 0.19260209798812866,
    "One-Bounce Priority": 0.02978966012597084,
    "pPain": 0.005130792036652565,
    "pExternalBleeding": 0.008016914129257202,
    "entropy": 0.00735083594918251,
    "AVERAGE_TIME_USED": 0.0046724542044103146,
    "MEDSIM_P_DEATH": 0.006715067662298679,
    "INFORMATION_GAINED": 0.03411630168557167,
    "treatment": 0.03177190572023392,
    "category": 0.00913910660892725
}