{
    "intent": 0.4222497045993805,
    "treating": 0.5777502655982971
}