{
    "tagged": 2.729359403019771e-05,
    "mental_status": 0.00014333671424537897,
    "breathing": 2.089497138513252e-05,
    "hrpmin": 2.0042871256009676e-05,
    "avpu": 0.00014477281365543604,
    "intent": 0.04563028737902641,
    "directness_of_causality": 0.18196254968643188,
    "aid_available": 0.16138771176338196,
    "treating": 0.22753338515758514,
    "HRA Strategy.time-risk_reward_ratio.one-bounce": 0.0008080044062808156,
    "HRA Strategy.risk_reward_ratio-system.one-bounce": 0.0010392238618806005,
    "HRA Strategy.time-resources-risk_reward_ratio-system.one-bounce": 0.0004106294654775411,
    "Take-The-Best Priority": 0.0003744307905435562,
    "Satisfactory Priority": 0.0006284928531385958,
    "pDeath": 7.484464003937319e-05,
    "pPain": 3.4329415939282626e-05,
    "pBrainInjury": 0.0002947314642369747,
    "pAirwayBlocked": 0.0001758541475282982,
    "pInternalBleeding": 0.00045824190601706505,
    "entropy": 7.269433808687609e-06,
    "entropyDeath": 0.0005071430350653827,
    "SEVERITY": 0.011463489383459091,
    "SUPPLIES_REMAINING": 0.0008362162043340504,
    "AVERAGE_TIME_USED": 0.011710208840668201,
    "DAMAGE_PER_SECOND": 0.0005923899007029831,
    "SEVERITY_CHANGE": 9.931388194672763e-05,
    "SUPPLIES_USED": 0.2020561844110489,
    "SEVEREST_SEVERITY": 1.409364995197393e-05,
    "SEVEREST_SEVERITY_CHANGE": 0.0007657672394998372,
    "WEIGHTED_RESOURCE_SCORE": 0.0007584771374240518,
    "SMOL_MEDICAL_SOUNDNESS": 0.14956404268741608,
    "treatment": 0.0004564081027638167
}