{
    "age": 0.024007132276892662,
    "tagged": 0.03873339667916298,
    "visited": 0.030020887032151222,
    "breathing": 0.007671945262700319,
    "injured_count": 0.10650596022605896,
    "environment_type": 0.026607412844896317,
    "questioning": 0.1726336032152176,
    "assessing": 0.2797497808933258,
    "tagging": 0.06608016788959503,
    "category": 0.01430559903383255,
    "One-Bounce Priority": 0.03545995429158211,
    "pInternalBleeding": 0.015187263488769531,
    "pExternalBleeding": 0.011084374971687794,
    "entropy": 0.011235828511416912,
    "AVERAGE_TIME_USED": 0.022933311760425568,
    "MEDSIM_P_DEATH": 0.006130116060376167,
    "INFORMATION_GAINED": 0.08913450688123703,
    "treatment": 0.04251876845955849
}