{
    "tagged": 0.04576975852251053,
    "questioning": 0.3061279058456421,
    "assessing": 0.2797876000404358,
    "tagging": 0.24300503730773926,
    "category": 0.01097111962735653,
    "One-Bounce Priority": 0.02089812234044075,
    "pPain": 0.012022166512906551,
    "entropy": 0.008868353441357613,
    "AVERAGE_TIME_USED": 0.016805805265903473,
    "WEIGHTED_RESOURCE_SCORE": 0.0055161635391414165,
    "INFORMATION_GAINED": 0.016449544578790665,
    "treatment": 0.03377850353717804
}