{
    "age": 0.08298712223768234,
    "tagged": 0.02765047363936901,
    "visited": 0.0015688545536249876,
    "unvisited_count": 0.0003391551144886762,
    "injured_count": 0.03242405876517296,
    "questioning": 0.12499569356441498,
    "tagging": 0.4411122500896454,
    "HRA Strategy.time-resources.take-the-best": 0.017937520518898964,
    "One-Bounce Priority": 0.000688296218868345,
    "pDeath": 0.001823999104090035,
    "SEVERITY": 0.005827400833368301,
    "SUPPLIES_REMAINING": 0.0029120424296706915,
    "AVERAGE_TIME_USED": 0.1045990139245987,
    "DAMAGE_PER_SECOND": 0.048045650124549866,
    "WEIGHTED_RESOURCE_SCORE": 0.0010346953058615327,
    "treatment": 0.09248200058937073,
    "category": 0.013571783900260925
}