{
    "age": 0.005308624356985092,
    "tagged": 0.04819926992058754,
    "visited": 0.010578732006251812,
    "conscious": 0.029565850272774696,
    "environment_type": 0.023702474310994148,
    "assessing": 0.09846609085798264,
    "tagging": 0.0041914391331374645,
    "category": 0.016667800024151802,
    "HRA Strategy.time-resources.take-the-best": 0.07327964901924133,
    "pPain": 0.0038817208260297775,
    "SEVERITY": 0.016055719926953316,
    "AVERAGE_TIME_USED": 0.003379533067345619,
    "DAMAGE_PER_SECOND": 0.026008637621998787,
    "SEVEREST_SEVERITY_CHANGE": 0.6011260747909546,
    "WEIGHTED_RESOURCE_SCORE": 0.005938696209341288,
    "treatment": 0.03364969417452812
}