{
    "age": 0.007049222011119127,
    "tagged": 0.031427547335624695,
    "visited": 0.004554560407996178,
    "conscious": 0.010404285974800587,
    "breathing": 0.027398621663451195,
    "hrpmin": 0.011055831797420979,
    "avpu": 0.0014650746015831828,
    "environment_type": 0.006535788532346487,
    "questioning": 0.12331431359052658,
    "assessing": 0.15235745906829834,
    "tagging": 0.1488550901412964,
    "leaving": 0.30658796429634094,
    "treatment": 0.023312633857131004,
    "HRA Strategy.time-resources.take-the-best": 0.0013904992956668139,
    "HRA Strategy.time-system.exhaustive": 0.0013803214533254504,
    "HRA Strategy.resources-system.exhaustive": 0.006151310168206692,
    "Satisfactory Priority": 0.0032899598591029644,
    "pDeath": 0.018479006364941597,
    "pPain": 0.0066668749786913395,
    "pBrainInjury": 0.006330656819045544,
    "pAirwayBlocked": 0.0035902434028685093,
    "pInternalBleeding": 0.009826970286667347,
    "entropy": 0.0023143128491938114,
    "entropyDeath": 0.012054304592311382,
    "SEVERITY": 0.0029825768433511257,
    "AVERAGE_TIME_USED": 0.00151453644502908,
    "DAMAGE_PER_SECOND": 0.001527572050690651,
    "MEDSIM_P_DEATH": 0.007637022994458675,
    "MEDSIM_P_DEATH_ONE_MIN_LATER": 0.0009329832973890007,
    "SEVERITY_CHANGE": 0.004549506586045027,
    "SEVEREST_SEVERITY": 0.0029180352576076984,
    "WEIGHTED_RESOURCE_SCORE": 0.0023338187020272017,
    "SMOL_MEDICAL_SOUNDNESS": 0.0029744699131697416,
    "INFORMATION_GAINED": 0.03782610967755318,
    "category": 0.00901042204350233
}