{
    "age": 0.011592700146138668,
    "tagged": 0.0069412789307534695,
    "visited": 0.0013259125407785177,
    "conscious": 0.004613102413713932,
    "breathing": 0.016789322718977928,
    "hrpmin": 0.019160432741045952,
    "avpu": 0.017976384609937668,
    "unvisited_count": 0.03231582045555115,
    "injured_count": 0.02884991466999054,
    "others_tagged_or_uninjured": 0.00233460427261889,
    "environment_type": 0.005754959303885698,
    "questioning": 0.1998162418603897,
    "assessing": 0.18776217103004456,
    "tagging": 0.26269617676734924,
    "category": 0.005168248433619738,
    "HRA Strategy.time-resources.take-the-best": 0.0040070912800729275,
    "HRA Strategy.time-risk_reward_ratio.take-the-best": 0.0020746265072375536,
    "HRA Strategy.resources-system.take-the-best": 0.0003975637082476169,
    "Satisfactory Priority": 0.004582002758979797,
    "One-Bounce Priority": 0.020908672362565994,
    "pDeath": 0.007733860984444618,
    "pPain": 0.00856945663690567,
    "pBrainInjury": 0.001639091526158154,
    "pAirwayBlocked": 0.0036969934590160847,
    "pInternalBleeding": 0.0013204480055719614,
    "pExternalBleeding": 0.0011411533923819661,
    "entropy": 0.021327368915081024,
    "entropyDeath": 0.0016040116315707564,
    "SEVERITY": 0.004189989995211363,
    "SUPPLIES_REMAINING": 0.0005146402399986982,
    "AVERAGE_TIME_USED": 0.022916415706276894,
    "DAMAGE_PER_SECOND": 0.0009512622491456568,
    "MEDSIM_P_DEATH": 0.025215279310941696,
    "MEDSIM_P_DEATH_ONE_MIN_LATER": 0.0012896563857793808,
    "SEVEREST_SEVERITY_CHANGE": 0.0011584131279960275,
    "WEIGHTED_RESOURCE_SCORE": 0.0030239755287766457,
    "SMOL_MEDICAL_SOUNDNESS": 0.004305795766413212,
    "INFORMATION_GAINED": 0.007524334825575352,
    "treatment": 0.04681047424674034
}