{
    "questioning": 0.7782730460166931,
    "leaving": 0.22172696888446808
}