{
    "age": 0.010957367718219757,
    "tagged": 0.02179403230547905,
    "breathing": 0.006434290204197168,
    "unvisited_count": 0.0075509268790483475,
    "injured_count": 0.019044633954763412,
    "questioning": 0.22629889845848083,
    "assessing": 0.2635573148727417,
    "tagging": 0.16118934750556946,
    "leaving": 0.12310796231031418,
    "One-Bounce Priority": 0.0361454077064991,
    "pExternalBleeding": 0.005850570276379585,
    "entropy": 0.0072196838445961475,
    "AVERAGE_TIME_USED": 0.006995907053351402,
    "INFORMATION_GAINED": 0.049525391310453415,
    "treatment": 0.042383864521980286,
    "category": 0.011944425292313099
}