{
    "age": 0.00230638706125319,
    "tagged": 0.1633831262588501,
    "breathing": 0.026784110814332962,
    "questioning": 0.364273339509964,
    "assessing": 0.3590722382068634,
    "entropy": 0.011520101688802242,
    "INFORMATION_GAINED": 0.023948300629854202,
    "treatment": 0.048712365329265594
}