{
    "age": 0.007210527081042528,
    "tagged": 0.03848928585648537,
    "visited": 0.001507095992565155,
    "conscious": 0.0005464752903208137,
    "breathing": 0.007560499012470245,
    "hrpmin": 0.0038830714765936136,
    "avpu": 0.0033783172257244587,
    "unvisited_count": 0.012063427828252316,
    "injured_count": 0.015349145978689194,
    "environment_type": 0.0013272353680804372,
    "questioning": 0.17241503298282623,
    "assessing": 0.1887008547782898,
    "tagging": 0.20813381671905518,
    "leaving": 0.16856177151203156,
    "HRA Strategy.time-resources.take-the-best": 0.0024331870954483747,
    "HRA Strategy.time-system.exhaustive": 0.0009294436895288527,
    "HRA Strategy.time-system.one-bounce": 0.001825957209803164,
    "HRA Strategy.resources-system.take-the-best": 0.0006283197435550392,
    "Satisfactory Priority": 0.0027621490880846977,
    "One-Bounce Priority": 0.01979207620024681,
    "pDeath": 0.004389376379549503,
    "pPain": 0.005512205418199301,
    "pBrainInjury": 0.0016314683016389608,
    "pAirwayBlocked": 0.005000486969947815,
    "pInternalBleeding": 0.005184841807931662,
    "pExternalBleeding": 0.008049389347434044,
    "entropy": 0.008992839604616165,
    "entropyDeath": 0.008305220864713192,
    "SEVERITY": 0.002166635822504759,
    "SUPPLIES_REMAINING": 0.0007073480519466102,
    "AVERAGE_TIME_USED": 0.003643059404566884,
    "DAMAGE_PER_SECOND": 0.0010297871194779873,
    "MEDSIM_P_DEATH": 0.012393353506922722,
    "MEDSIM_P_DEATH_ONE_MIN_LATER": 0.004404198378324509,
    "WEIGHTED_RESOURCE_SCORE": 0.0036952660884708166,
    "SMOL_MEDICAL_SOUNDNESS": 0.0016872129635885358,
    "INFORMATION_GAINED": 0.02068174257874489,
    "treatment": 0.03648165613412857,
    "category": 0.00854632630944252
}