{
    "age": 0.011614233255386353,
    "tagged": 0.02278745174407959,
    "visited": 0.002243278780952096,
    "conscious": 0.004383979830890894,
    "breathing": 0.00776770431548357,
    "avpu": 0.005541439168155193,
    "injured_count": 0.008616275154054165,
    "environment_type": 0.014312722720205784,
    "questioning": 0.18702346086502075,
    "assessing": 0.12461084127426147,
    "tagging": 0.17764709889888763,
    "leaving": 0.28900498151779175,
    "category": 0.004570621065795422,
    "HRA Strategy.time-resources.one-bounce": 0.002125328406691551,
    "HRA Strategy.resources-system.take-the-best": 0.0011832162272185087,
    "Satisfactory Priority": 0.010027078911662102,
    "One-Bounce Priority": 0.004476543515920639,
    "pDeath": 0.012977950274944305,
    "pPain": 0.004808856640011072,
    "pBrainInjury": 0.006865002680569887,
    "pInternalBleeding": 0.008724705316126347,
    "pExternalBleeding": 0.0010985815897583961,
    "entropy": 0.0043413168750703335,
    "entropyDeath": 0.003292483976110816,
    "SEVERITY": 0.005289752967655659,
    "SUPPLIES_REMAINING": 0.005692793056368828,
    "AVERAGE_TIME_USED": 0.009356928989291191,
    "DAMAGE_PER_SECOND": 0.005061303731054068,
    "MEDSIM_P_DEATH": 0.002116088755428791,
    "MEDSIM_P_DEATH_ONE_MIN_LATER": 0.009291010908782482,
    "SEVEREST_SEVERITY_CHANGE": 0.0023996748495846987,
    "SMOL_MEDICAL_SOUNDNESS": 0.004337369464337826,
    "INFORMATION_GAINED": 0.007369683124125004,
    "treatment": 0.02904028445482254
}