{
    "age": 0.0016350921941921115,
    "tagged": 0.03845568001270294,
    "conscious": 0.0008595387917011976,
    "breathing": 0.0037432312965393066,
    "hrpmin": 0.005741334054619074,
    "unvisited_count": 0.004999702330678701,
    "injured_count": 0.003715315368026495,
    "environment_type": 0.002973673865199089,
    "questioning": 0.17512209713459015,
    "assessing": 0.1573852151632309,
    "tagging": 0.19496633112430573,
    "leaving": 0.26207563281059265,
    "HRA Strategy.time-resources.take-the-best": 0.0023445887491106987,
    "HRA Strategy.resources-system.take-the-best": 0.0003217055054847151,
    "Satisfactory Priority": 0.0025098230689764023,
    "One-Bounce Priority": 0.019748305901885033,
    "pDeath": 0.0015379352262243629,
    "pPain": 0.007399595342576504,
    "pAirwayBlocked": 0.0004603000415954739,
    "pInternalBleeding": 0.005865632090717554,
    "pExternalBleeding": 0.012081373482942581,
    "entropy": 0.008550843223929405,
    "SEVERITY": 0.0012375771766528487,
    "AVERAGE_TIME_USED": 0.008231410756707191,
    "MEDSIM_P_DEATH": 0.006917026359587908,
    "MEDSIM_P_DEATH_ONE_MIN_LATER": 0.001647267839871347,
    "WEIGHTED_RESOURCE_SCORE": 0.0011355601018294692,
    "SMOL_MEDICAL_SOUNDNESS": 0.0010480909841135144,
    "INFORMATION_GAINED": 0.018571559339761734,
    "treatment": 0.042160388082265854,
    "category": 0.0065579889342188835
}