{
    "tagged": 0.016583692282438278,
    "conscious": 0.05824196711182594,
    "breathing": 0.012575941160321236,
    "environment_type": 0.0344717763364315,
    "questioning": 0.15974800288677216,
    "assessing": 0.1410701423883438,
    "tagging": 0.2236793488264084,
    "leaving": 0.16965936124324799,
    "category": 0.01688547059893608,
    "HRA Strategy.resources-risk_reward_ratio.one-bounce": 0.037456661462783813,
    "pInternalBleeding": 0.011789648793637753,
    "SEVERITY": 0.011512764729559422,
    "SUPPLIES_REMAINING": 0.04287075996398926,
    "AVERAGE_TIME_USED": 0.01050432026386261,
    "MEDSIM_P_DEATH": 0.012573350220918655,
    "treatment": 0.040376823395490646
}