{
    "age": 0.012572252191603184,
    "tagged": 0.046210918575525284,
    "visited": 0.005811095703393221,
    "conscious": 0.02169211395084858,
    "breathing": 0.013419481925666332,
    "hrpmin": 0.009284188970923424,
    "avpu": 0.0015670093707740307,
    "unvisited_count": 0.01026713103055954,
    "injured_count": 0.010289008729159832,
    "environment_type": 0.005121845286339521,
    "questioning": 0.10773178189992905,
    "assessing": 0.14635607600212097,
    "tagging": 0.24932943284511566,
    "leaving": 0.10820112377405167,
    "category": 0.007526039611548185,
    "HRA Strategy.time-resources.take-the-best": 0.005543877370655537,
    "HRA Strategy.time-resources.one-bounce": 0.00024648322141729295,
    "HRA Strategy.time-system.exhaustive": 0.0014752447605133057,
    "HRA Strategy.time-system.one-bounce": 0.0003283692349214107,
    "HRA Strategy.resources-system.exhaustive": 0.004669098649173975,
    "Satisfactory Priority": 0.0035774551797658205,
    "One-Bounce Priority": 0.010914682410657406,
    "pDeath": 0.012078695930540562,
    "pPain": 0.004501229617744684,
    "pBrainInjury": 0.0075899166986346245,
    "pAirwayBlocked": 0.002698163967579603,
    "pInternalBleeding": 0.019039062783122063,
    "pExternalBleeding": 0.008740237914025784,
    "entropy": 0.006769128143787384,
    "entropyDeath": 0.019728055223822594,
    "SEVERITY": 0.0047610667534172535,
    "SUPPLIES_REMAINING": 0.0016501890495419502,
    "AVERAGE_TIME_USED": 0.0036997548304498196,
    "DAMAGE_PER_SECOND": 0.0016248872270807624,
    "MEDSIM_P_DEATH": 0.02565544657409191,
    "MEDSIM_P_DEATH_ONE_MIN_LATER": 0.008846362121403217,
    "SEVERITY_CHANGE": 0.0004272351216059178,
    "SEVEREST_SEVERITY": 0.0008698711171746254,
    "WEIGHTED_RESOURCE_SCORE": 0.009112855419516563,
    "SMOL_MEDICAL_SOUNDNESS": 0.004226629622280598,
    "INFORMATION_GAINED": 0.03589541092514992,
    "treatment": 0.039951223880052567
}