{
    "age": 0.019917696714401245,
    "tagged": 0.08704426884651184,
    "visited": 0.12310124933719635,
    "unvisited_count": 0.04776635766029358,
    "injured_count": 0.034452520310878754,
    "environment_type": 0.014476082287728786,
    "assessing": 0.2828376591205597,
    "tagging": 0.1750975102186203,
    "category": 0.018222328275442123,
    "One-Bounce Priority": 0.051947202533483505,
    "pDeath": 0.009251182898879051,
    "pPain": 0.027297653257846832,
    "pInternalBleeding": 0.009789038449525833,
    "pExternalBleeding": 0.00890290830284357,
    "SEVERITY": 0.008029940538108349,
    "treatment": 0.08186634629964828
}