{
    "tagged": 0.02094157785177231,
    "conscious": 0.001311097526922822,
    "mental_status": 0.0011517369421198964,
    "breathing": 0.011742707341909409,
    "intent": 0.1228879988193512,
    "directness_of_causality": 0.08630740642547607,
    "aid_available": 0.029691915959119797,
    "treating": 0.13648992776870728,
    "HRA Strategy.time-resources.take-the-best": 0.0021679506171494722,
    "HRA Strategy.time-resources.one-bounce": 0.015603718347847462,
    "HRA Strategy.time-risk_reward_ratio.one-bounce": 0.032946228981018066,
    "HRA Strategy.resources-risk_reward_ratio.one-bounce": 0.07433615624904633,
    "HRA Strategy.resources-system.take-the-best": 0.05154829099774361,
    "HRA Strategy.risk_reward_ratio-system.one-bounce": 0.002150242915377021,
    "HRA Strategy.time-resources-system.tallying": 0.0020077137742191553,
    "HRA Strategy.resources-risk_reward_ratio-system.one-bounce": 0.002274583326652646,
    "HRA Strategy.time-resources-risk_reward_ratio-system.one-bounce": 0.0005228401278145611,
    "pBrainInjury": 0.0004490807477850467,
    "pInternalBleeding": 0.003435534657910466,
    "entropyDeath": 0.016716603189706802,
    "SEVERITY": 0.002240195171907544,
    "SUPPLIES_REMAINING": 0.0008061371045187116,
    "AVERAGE_TIME_USED": 0.01761694811284542,
    "MEDSIM_P_DEATH": 0.0009772544726729393,
    "SUPPLIES_USED": 0.165591761469841,
    "SMOL_MEDICAL_SOUNDNESS": 0.19690991938114166,
    "treatment": 0.001174462609924376
}