{
    "tagged": 0.016359442844986916,
    "injured_count": 0.01875615306198597,
    "questioning": 0.29094570875167847,
    "assessing": 0.33103469014167786,
    "tagging": 0.09417673200368881,
    "leaving": 0.14780203998088837,
    "One-Bounce Priority": 0.01953689381480217,
    "INFORMATION_GAINED": 0.04607158154249191,
    "treatment": 0.02072245068848133,
    "category": 0.014594251289963722
}