{
    "age": 0.012327578850090504,
    "tagged": 0.03228631615638733,
    "questioning": 0.20881931483745575,
    "assessing": 0.25701579451560974,
    "tagging": 0.15433397889137268,
    "leaving": 0.12112787365913391,
    "One-Bounce Priority": 0.06283646076917648,
    "pPain": 0.012422124855220318,
    "pAirwayBlocked": 0.011554761789739132,
    "pInternalBleeding": 0.008006373420357704,
    "AVERAGE_TIME_USED": 0.013318762183189392,
    "INFORMATION_GAINED": 0.03649244084954262,
    "treatment": 0.054549865424633026,
    "category": 0.014908449724316597
}