{
    "questioning": 0.3374807834625244,
    "assessing": 0.3219117224216461,
    "tagging": 0.058728255331516266,
    "leaving": 0.13521410524845123,
    "INFORMATION_GAINED": 0.1144108921289444,
    "category": 0.03225422278046608
}