{
    "age": 0.014408625662326813,
    "tagged": 0.03233552724123001,
    "visited": 0.0023629297502338886,
    "conscious": 0.001098903245292604,
    "breathing": 0.013208352960646152,
    "unvisited_count": 0.01493405643850565,
    "environment_type": 0.011495374143123627,
    "questioning": 0.10956882685422897,
    "assessing": 0.2520480155944824,
    "tagging": 0.15693321824073792,
    "HRA Strategy.time-resources.take-the-best": 0.004257183987647295,
    "Satisfactory Priority": 0.05496339127421379,
    "One-Bounce Priority": 0.0427933968603611,
    "pDeath": 0.011745932511985302,
    "pPain": 0.022251714020967484,
    "pBrainInjury": 0.004153231158852577,
    "pInternalBleeding": 0.012868355959653854,
    "entropy": 0.006327277515083551,
    "entropyDeath": 0.0009661141084507108,
    "SEVERITY": 0.01472717896103859,
    "SUPPLIES_REMAINING": 0.0010814085835590959,
    "AVERAGE_TIME_USED": 0.005149715580046177,
    "DAMAGE_PER_SECOND": 0.0016015613218769431,
    "MEDSIM_P_DEATH": 0.032612089067697525,
    "SEVERITY_CHANGE": 0.000821575173176825,
    "SEVEREST_SEVERITY": 0.0013310665963217616,
    "WEIGHTED_RESOURCE_SCORE": 0.015300988219678402,
    "SMOL_MEDICAL_SOUNDNESS": 0.005758326034992933,
    "INFORMATION_GAINED": 0.07239126414060593,
    "treatment": 0.0680481567978859,
    "category": 0.012456241063773632
}