{
    "intent": 0.336407333612442,
    "directness_of_causality": 0.06343450397253036,
    "aid_available": 0.12869763374328613,
    "treating": 0.256797194480896,
    "SUPPLIES_USED": 0.1519128978252411,
    "SMOL_MEDICAL_SOUNDNESS": 0.06275047361850739
}