{
    "age": 0.012007410638034344,
    "tagged": 0.02065073698759079,
    "visited": 0.010514062829315662,
    "conscious": 0.006084192078560591,
    "breathing": 0.00835932046175003,
    "avpu": 0.0013291253708302975,
    "unvisited_count": 0.08056710660457611,
    "environment_type": 0.017900923267006874,
    "questioning": 0.06505194306373596,
    "assessing": 0.08766796439886093,
    "treating": 0.000672582071274519,
    "tagging": 0.19697681069374084,
    "leaving": 0.2309396117925644,
    "HRA Strategy.time-resources.take-the-best": 0.0015368058811873198,
    "HRA Strategy.time-resources.one-bounce": 0.00013503986701834947,
    "HRA Strategy.time-risk_reward_ratio.take-the-best": 0.0008467886946164072,
    "HRA Strategy.time-risk_reward_ratio.one-bounce": 0.00024705706164240837,
    "HRA Strategy.time-system.one-bounce": 0.0005238020094111562,
    "HRA Strategy.resources-risk_reward_ratio.take-the-best": 0.0004083111125510186,
    "Satisfactory Priority": 0.022696003317832947,
    "One-Bounce Priority": 0.03631501644849777,
    "pDeath": 0.0027028624899685383,
    "pPain": 0.009941183030605316,
    "pBrainInjury": 0.0024698255583643913,
    "pAirwayBlocked": 0.0009145209915004671,
    "pInternalBleeding": 0.010772562585771084,
    "pExternalBleeding": 0.013597669079899788,
    "entropy": 0.012174558825790882,
    "entropyDeath": 0.0007039405754767358,
    "SEVERITY": 0.002035947749391198,
    "SUPPLIES_REMAINING": 0.0005952083738520741,
    "AVERAGE_TIME_USED": 0.00927911326289177,
    "DAMAGE_PER_SECOND": 0.0020192654337733984,
    "MEDSIM_P_DEATH": 0.0016961219953373075,
    "MEDSIM_P_DEATH_ONE_MIN_LATER": 0.001710602198727429,
    "SEVEREST_SEVERITY": 0.0009001308935694396,
    "SEVEREST_SEVERITY_CHANGE": 0.06498832255601883,
    "WEIGHTED_RESOURCE_SCORE": 0.0013125286204740405,
    "SMOL_MEDICAL_SOUNDNESS": 0.002150005428120494,
    "INFORMATION_GAINED": 0.020912762731313705,
    "treatment": 0.02611084282398224,
    "category": 0.0115813622251153
}