{
    "age": 0.013354932889342308,
    "tagged": 0.0392056368291378,
    "conscious": 0.007145409472286701,
    "breathing": 0.0022342826705425978,
    "avpu": 0.004929219372570515,
    "unvisited_count": 0.007465539965778589,
    "injured_count": 0.044543247669935226,
    "environment_type": 0.004508733283728361,
    "questioning": 0.05295296385884285,
    "assessing": 0.10776738077402115,
    "tagging": 0.14344245195388794,
    "leaving": 0.36269059777259827,
    "treatment": 0.024028439074754715,
    "HRA Strategy.time-resources.take-the-best": 0.006810118444263935,
    "HRA Strategy.time-system.one-bounce": 0.00096818374004215,
    "Satisfactory Priority": 0.009861953556537628,
    "One-Bounce Priority": 0.023172257468104362,
    "pDeath": 0.0015444005839526653,
    "pPain": 0.013843205757439137,
    "pBrainInjury": 0.037012532353401184,
    "pAirwayBlocked": 0.002759160939604044,
    "pExternalBleeding": 0.0014722588239237666,
    "entropy": 0.0011085227597504854,
    "entropyDeath": 0.005827556364238262,
    "SEVERITY": 0.0015029055066406727,
    "SUPPLIES_REMAINING": 0.0010162664111703634,
    "DAMAGE_PER_SECOND": 0.001233841641806066,
    "MEDSIM_P_DEATH": 0.0014124596491456032,
    "MEDSIM_P_DEATH_ONE_MIN_LATER": 0.003804317908361554,
    "SEVEREST_SEVERITY": 0.0010174429044127464,
    "SEVEREST_SEVERITY_CHANGE": 0.045253220945596695,
    "INFORMATION_GAINED": 0.017987724393606186,
    "category": 0.00812285952270031
}