{
    "mental_status": 0.007434961386024952,
    "intent": 0.008018339984118938,
    "directness_of_causality": 0.32090744376182556,
    "treating": 0.4866129755973816,
    "treatment": 0.13495169579982758,
    "HRA Strategy.time-resources.take-the-best": 0.013778033666312695,
    "HRA Strategy.risk_reward_ratio-system.one-bounce": 0.004383292980492115,
    "HRA Strategy.time-resources-system.tallying": 0.0031509394757449627,
    "Take-The-Best Priority": 0.004072598647326231,
    "Satisfactory Priority": 0.0044143060222268105,
    "entropyDeath": 0.005048603285104036,
    "AVERAGE_TIME_USED": 0.004529303405433893,
    "SEVEREST_SEVERITY": 0.0010757994605228305,
    "SEVEREST_SEVERITY_CHANGE": 0.0016216242220252752
}