{
    "aid_available": 0.1560518592596054,
    "treating": 0.6029582619667053,
    "SUPPLIES_USED": 0.24098993837833405
}