{
    "age": 0.12864038348197937,
    "tagged": 0.051959045231342316,
    "visited": 0.00415283115580678,
    "tagging": 0.5545479655265808,
    "category": 0.0097474604845047,
    "pPain": 0.003341869218274951,
    "pInternalBleeding": 0.002473072614520788,
    "SEVERITY": 0.0005492659984156489,
    "SUPPLIES_REMAINING": 0.000509834208060056,
    "AVERAGE_TIME_USED": 0.006460173986852169,
    "MEDSIM_P_DEATH": 0.01080884225666523,
    "MEDSIM_P_DEATH_ONE_MIN_LATER": 0.0003225932887289673,
    "WEIGHTED_RESOURCE_SCORE": 0.0005102807772345841,
    "SMOL_MEDICAL_SOUNDNESS": 0.06735947728157043,
    "treatment": 0.15861690044403076
}