{
    "aid_available": 0.20790670812129974,
    "treating": 0.6778944730758667,
    "SUPPLIES_USED": 0.11419881880283356
}