{
    "age": 0.016068296507000923,
    "tagged": 0.015613590367138386,
    "breathing": 0.01238777581602335,
    "hrpmin": 0.03989703953266144,
    "questioning": 0.2110764980316162,
    "assessing": 0.2432975172996521,
    "tagging": 0.18117265403270721,
    "Satisfactory Priority": 0.019791264086961746,
    "One-Bounce Priority": 0.05682767555117607,
    "pExternalBleeding": 0.0128566212952137,
    "entropy": 0.01139293983578682,
    "AVERAGE_TIME_USED": 0.031168103218078613,
    "MEDSIM_P_DEATH": 0.014481435529887676,
    "INFORMATION_GAINED": 0.05292896181344986,
    "treatment": 0.06424982100725174,
    "category": 0.01678980514407158
}