{
    "tagged": 0.0036356975324451923,
    "breathing": 0.0010817121947184205,
    "intent": 0.003896965878084302,
    "directness_of_causality": 0.13943204283714294,
    "unvisited_count": 0.00014812425069976598,
    "injured_count": 0.000922691891901195,
    "aid_available": 0.13773727416992188,
    "treating": 0.27175694704055786,
    "HRA Strategy.risk_reward_ratio-system.one-bounce": 0.0012927952921018004,
    "HRA Strategy.time-resources-system.one-bounce": 0.000365295447409153,
    "HRA Strategy.time-resources-risk_reward_ratio-system.one-bounce": 0.0002639723534230143,
    "Take-The-Best Priority": 0.00020103799761272967,
    "Satisfactory Priority": 0.0011356847826391459,
    "pPain": 2.426565879432019e-05,
    "pBrainInjury": 3.688432479975745e-05,
    "pAirwayBlocked": 2.8280070182518102e-05,
    "pInternalBleeding": 6.700422818539664e-05,
    "pExternalBleeding": 6.621603824896738e-05,
    "entropyDeath": 2.2943055228097364e-05,
    "SEVERITY": 0.026053112000226974,
    "SUPPLIES_REMAINING": 0.0008397572091780603,
    "AVERAGE_TIME_USED": 0.004610431846231222,
    "SEVERITY_CHANGE": 7.2354385338258e-05,
    "SUPPLIES_USED": 0.1917523741722107,
    "SEVEREST_SEVERITY": 0.0005793145392090082,
    "WEIGHTED_RESOURCE_SCORE": 0.0007352720713242888,
    "SMOL_MEDICAL_SOUNDNESS": 0.1812916398048401,
    "treatment": 0.03194978088140488
}