{
    "conscious": 0.004511086270213127,
    "breathing": 0.028626946732401848,
    "intent": 0.16459520161151886,
    "directness_of_causality": 0.08689110726118088,
    "aid_available": 0.10463732481002808,
    "treating": 0.18926237523555756,
    "HRA Strategy.time-resources.take-the-best": 0.0017025077249854803,
    "HRA Strategy.time-risk_reward_ratio.one-bounce": 9.410268830833957e-05,
    "HRA Strategy.resources-risk_reward_ratio.one-bounce": 0.008362040854990482,
    "HRA Strategy.resources-system.take-the-best": 0.014711402356624603,
    "HRA Strategy.risk_reward_ratio-system.one-bounce": 0.0010713343508541584,
    "HRA Strategy.time-resources-system.one-bounce": 0.00039810006273910403,
    "HRA Strategy.resources-risk_reward_ratio-system.one-bounce": 0.0015906853368505836,
    "HRA Strategy.time-resources-risk_reward_ratio-system.one-bounce": 0.0002485083241481334,
    "Take-The-Best Priority": 0.0009744676644913852,
    "Satisfactory Priority": 0.0006207416299730539,
    "pPain": 0.0003609613631851971,
    "pBrainInjury": 8.324936788994819e-05,
    "pAirwayBlocked": 0.00015568741946481168,
    "pInternalBleeding": 0.005943968892097473,
    "entropyDeath": 0.0007145680137909949,
    "SEVERITY": 0.016052082180976868,
    "SUPPLIES_REMAINING": 0.0006318247760646045,
    "AVERAGE_TIME_USED": 0.013069943524897099,
    "SUPPLIES_USED": 0.16180141270160675,
    "SEVEREST_SEVERITY": 7.28352097212337e-05,
    "WEIGHTED_RESOURCE_SCORE": 0.00031293320353142917,
    "SMOL_MEDICAL_SOUNDNESS": 0.1906270682811737,
    "treatment": 0.001875567133538425
}