{
    "age": 0.033618804067373276,
    "tagged": 0.03633137792348862,
    "visited": 0.017941566184163094,
    "conscious": 0.0053245630115270615,
    "breathing": 0.009552662260830402,
    "hrpmin": 0.003944732714444399,
    "avpu": 0.0016967525007203221,
    "unvisited_count": 0.009301572106778622,
    "environment_type": 0.011691601946949959,
    "questioning": 0.059170596301555634,
    "assessing": 0.13809779286384583,
    "tagging": 0.07536327093839645,
    "leaving": 0.2511503994464874,
    "HRA Strategy.time-resources.take-the-best": 0.0004997532814741135,
    "HRA Strategy.time-resources.one-bounce": 0.0004183923592790961,
    "HRA Strategy.time-system.exhaustive": 0.007430262863636017,
    "HRA Strategy.time-system.one-bounce": 8.99289661902003e-05,
    "HRA Strategy.resources-risk_reward_ratio.one-bounce": 0.0015542748151347041,
    "HRA Strategy.resources-system.take-the-best": 0.0007717763655818999,
    "HRA Strategy.resources-system.exhaustive": 0.0037670747842639685,
    "Satisfactory Priority": 0.010074358433485031,
    "One-Bounce Priority": 0.033021844923496246,
    "pDeath": 0.012281591072678566,
    "pPain": 0.014863208867609501,
    "pBrainInjury": 0.015006019733846188,
    "pAirwayBlocked": 0.0031393489334732294,
    "pInternalBleeding": 0.0054720137268304825,
    "pExternalBleeding": 0.005875429138541222,
    "entropy": 0.009698781184852123,
    "entropyDeath": 0.003034947207197547,
    "SEVERITY": 0.002593450481072068,
    "SUPPLIES_REMAINING": 0.001980925677344203,
    "AVERAGE_TIME_USED": 0.011093532666563988,
    "DAMAGE_PER_SECOND": 0.002869745483621955,
    "MEDSIM_P_DEATH": 0.0005264051142148674,
    "MEDSIM_P_DEATH_ONE_MIN_LATER": 0.0004285298637114465,
    "SEVERITY_CHANGE": 0.0006378029938787222,
    "SEVEREST_SEVERITY": 0.0010373155819252133,
    "SEVEREST_SEVERITY_CHANGE": 0.12112202495336533,
    "WEIGHTED_RESOURCE_SCORE": 0.015570731833577156,
    "SMOL_MEDICAL_SOUNDNESS": 0.0061128451488912106,
    "INFORMATION_GAINED": 0.01290232315659523,
    "treatment": 0.026061438024044037,
    "category": 0.016878237947821617
}