age,tagged,visited,relationship,breathing,hrpmin,avpu,unvisited_count,injured_count,environment_type,questioning,assessing,tagging,leaving,HRA Strategy.time-resources.take-the-best,HRA Strategy.time-risk_reward_ratio.take-the-best,HRA Strategy.time-system.exhaustive,HRA Strategy.time-system.one-bounce,HRA Strategy.resources-system.exhaustive,HRA Strategy.time-risk_reward_ratio-system.one-bounce,One-Bounce Priority,pDeath,pPain,pBrainInjury,pAirwayBlocked,pInternalBleeding,pExternalBleeding,entropy,entropyDeath,SEVERITY,SUPPLIES_REMAINING,AVERAGE_TIME_USED,DAMAGE_PER_SECOND,MEDSIM_P_DEATH,MEDSIM_P_DEATH_ONE_MIN_LATER,SEVERITY_CHANGE,SEVEREST_SEVERITY,SEVEREST_SEVERITY_CHANGE,SMOL_MEDICAL_SOUNDNESS,INFORMATION_GAINED,treatment,category
0.133551225066185,0.0557221919298172,0.002945916960015893,0.0866209864616394,0.020884079858660698,0.00415727449581027,0.005627048201858997,0.003758269129320979,0.026814479380846024,0.004021101631224155,0.10286656022071838,0.16907207667827606,0.07140511274337769,0.11925199627876282,0.002573261735960841,0.0018057400593534112,0.001173015683889389,0.0012431618524715304,0.0011686707148328424,0.0006249712314456701,0.0015655177412554622,0.008743264712393284,0.012104813940823078,0.005063263233751059,0.009516701102256775,0.005842766258865595,0.011688204482197762,0.013320314697921276,0.009621890261769295,0.0026158723048865795,0.018671203404664993,0.003946078475564718,0.0011715518776327372,0.013727720826864243,0.0028645601123571396,0.001123905531130731,0.0010921962093561888,0.0028178885113447905,0.0011277623707428575,0.00063596002291888,0.04281409829854965,0.014637447893619537
