{
    "tagged": 0.017293235287070274,
    "breathing": 0.005161468870937824,
    "unvisited_count": 0.005882040597498417,
    "injured_count": 0.02160337008535862,
    "questioning": 0.21621020138263702,
    "assessing": 0.2536306083202362,
    "tagging": 0.13476094603538513,
    "leaving": 0.23862524330615997,
    "One-Bounce Priority": 0.030857639387249947,
    "MEDSIM_P_DEATH": 0.006853618659079075,
    "INFORMATION_GAINED": 0.03288264945149422,
    "treatment": 0.027344796806573868,
    "category": 0.008894236758351326
}