{
    "age": 0.03758522868156433,
    "tagged": 0.0698712170124054,
    "visited": 0.03040357120335102,
    "breathing": 0.024719851091504097,
    "unvisited_count": 0.03593842685222626,
    "environment_type": 0.00027984747430309653,
    "questioning": 0.18274252116680145,
    "assessing": 0.20531725883483887,
    "treating": 0.004431709181517363,
    "tagging": 0.02740970440208912,
    "HRA Strategy.resources-risk_reward_ratio.one-bounce": 0.00022398259898182005,
    "HRA Strategy.resources-system.take-the-best": 0.0018096655840054154,
    "HRA Strategy.resources-system.exhaustive": 0.00419635372236371,
    "One-Bounce Priority": 0.004079659003764391,
    "pDeath": 0.003981159999966621,
    "pExternalBleeding": 0.012810973450541496,
    "entropyDeath": 0.0027506693731993437,
    "SEVERITY": 0.17295333743095398,
    "SUPPLIES_REMAINING": 0.0007981881499290466,
    "AVERAGE_TIME_USED": 0.0019458228489384055,
    "DAMAGE_PER_SECOND": 0.0015804151771590114,
    "MEDSIM_P_DEATH_ONE_MIN_LATER": 0.04835985228419304,
    "INFORMATION_GAINED": 0.008739873766899109,
    "treatment": 0.10141099989414215,
    "category": 0.015659725293517113
}