{
    "conscious": 0.12415296584367752,
    "mental_status": 0.028128117322921753,
    "intent": 0.07680586725473404,
    "directness_of_causality": 0.13757431507110596,
    "aid_available": 0.01674695871770382,
    "treating": 0.22361136972904205,
    "HRA Strategy.time-resources.take-the-best": 0.0038798614405095577,
    "HRA Strategy.time-resources.one-bounce": 0.022168118506669998,
    "HRA Strategy.resources-risk_reward_ratio.one-bounce": 0.043611444532871246,
    "HRA Strategy.resources-system.take-the-best": 0.024118805304169655,
    "HRA Strategy.risk_reward_ratio-system.one-bounce": 0.0010415774304419756,
    "HRA Strategy.resources-risk_reward_ratio-system.one-bounce": 0.0010410917457193136,
    "Take-The-Best Priority": 0.0016770998481661081,
    "pDeath": 0.1328132599592209,
    "pBrainInjury": 0.0001822727354010567,
    "pInternalBleeding": 0.0005717144813388586,
    "entropyDeath": 0.017649613320827484,
    "SEVERITY": 0.0108180558308959,
    "AVERAGE_TIME_USED": 0.00048302739742212,
    "SUPPLIES_USED": 0.03852533549070358,
    "SEVEREST_SEVERITY": 0.004741882439702749,
    "SEVEREST_SEVERITY_CHANGE": 0.00043531315168365836,
    "WEIGHTED_RESOURCE_SCORE": 0.00011649747466435656,
    "treatment": 0.08910541236400604
}