{
    "intent": 0.03459510579705238,
    "directness_of_causality": 0.20923322439193726,
    "aid_available": 0.19416680932044983,
    "treating": 0.29215285181999207,
    "HRA Strategy.time-risk_reward_ratio.one-bounce": 0.0005849352455697954,
    "HRA Strategy.risk_reward_ratio-system.one-bounce": 0.0017410999862477183,
    "Satisfactory Priority": 0.0005567969637922943,
    "entropyDeath": 0.0004208772152196616,
    "SUPPLIES_REMAINING": 0.001236136187799275,
    "AVERAGE_TIME_USED": 0.005510184448212385,
    "SUPPLIES_USED": 0.2598020136356354
}