{
    "age": 0.07827591896057129,
    "tagging": 0.5677027106285095,
    "SEVERITY": 0.04614286497235298,
    "SMOL_MEDICAL_SOUNDNESS": 0.12059356272220612,
    "treatment": 0.1872849315404892
}