{
    "tagged": 0.0462808758020401,
    "breathing": 0.009211099706590176,
    "hrpmin": 0.0249935369938612,
    "questioning": 0.23591318726539612,
    "assessing": 0.269081175327301,
    "tagging": 0.18563035130500793,
    "One-Bounce Priority": 0.05353020504117012,
    "pExternalBleeding": 0.010384741239249706,
    "AVERAGE_TIME_USED": 0.02670644409954548,
    "MEDSIM_P_DEATH": 0.008382043801248074,
    "INFORMATION_GAINED": 0.05987834185361862,
    "treatment": 0.05458627641201019,
    "category": 0.015421628952026367
}