{
    "age": 0.002435962436720729,
    "tagged": 0.04138268530368805,
    "breathing": 0.0025640875101089478,
    "hrpmin": 0.005052642431110144,
    "unvisited_count": 0.005521798972040415,
    "injured_count": 0.00388130871579051,
    "environment_type": 0.003087823512032628,
    "questioning": 0.1896616816520691,
    "assessing": 0.2135574072599411,
    "tagging": 0.1897418051958084,
    "leaving": 0.211710125207901,
    "HRA Strategy.time-resources.take-the-best": 0.002479649381712079,
    "Satisfactory Priority": 0.003299321746453643,
    "One-Bounce Priority": 0.02492683194577694,
    "pPain": 0.00534227816388011,
    "pInternalBleeding": 0.003225673222914338,
    "pExternalBleeding": 0.018953369930386543,
    "entropy": 0.0085534593090415,
    "AVERAGE_TIME_USED": 0.009653807617723942,
    "MEDSIM_P_DEATH": 0.0042211320251226425,
    "MEDSIM_P_DEATH_ONE_MIN_LATER": 0.002267930656671524,
    "SMOL_MEDICAL_SOUNDNESS": 0.001981031848117709,
    "treatment": 0.038933977484703064,
    "category": 0.007564288564026356
}