{
    "conscious": 0.06927306950092316,
    "mental_status": 0.009059351868927479,
    "intent": 0.08318246155977249,
    "directness_of_causality": 0.1453794687986374,
    "aid_available": 0.15604794025421143,
    "treating": 0.23854616284370422,
    "HRA Strategy.risk_reward_ratio-system.one-bounce": 0.001837386516854167,
    "HRA Strategy.resources-risk_reward_ratio-system.one-bounce": 0.001318118767812848,
    "HRA Strategy.time-resources-risk_reward_ratio-system.one-bounce": 0.0008155137184076011,
    "Take-The-Best Priority": 0.011485815048217773,
    "Satisfactory Priority": 0.0020032438915222883,
    "One-Bounce Priority": 0.0007247340399771929,
    "pDeath": 0.0028193979524075985,
    "pPain": 0.0017037735087797046,
    "pBrainInjury": 0.0015234415186569095,
    "pInternalBleeding": 0.0007380814640782773,
    "SEVERITY": 0.02534165047109127,
    "SUPPLIES_REMAINING": 0.0010211904300376773,
    "AVERAGE_TIME_USED": 0.007256349548697472,
    "DAMAGE_PER_SECOND": 0.0011422693496569991,
    "MEDSIM_P_DEATH": 0.014109157957136631,
    "SUPPLIES_USED": 0.2220141738653183,
    "WEIGHTED_RESOURCE_SCORE": 0.00112595921382308,
    "treatment": 0.0015312415780499578
}