{
    "tagged": 0.0480293370783329,
    "breathing": 0.0051331003196537495,
    "intent": 0.2029760777950287,
    "treating": 0.11596400290727615,
    "HRA Strategy.time-resources.one-bounce": 0.0006171331624500453,
    "SEVERITY": 0.045915041118860245,
    "SUPPLIES_REMAINING": 0.004464223515242338,
    "AVERAGE_TIME_USED": 0.1722835749387741,
    "DAMAGE_PER_SECOND": 0.043191760778427124,
    "MEDSIM_P_DEATH_ONE_MIN_LATER": 0.008150423876941204,
    "SUPPLIES_USED": 0.007617236580699682,
    "WEIGHTED_RESOURCE_SCORE": 0.0026499961968511343,
    "SMOL_MEDICAL_SOUNDNESS": 0.3430080711841583
}