{
    "tagged": 0.027411574497818947,
    "conscious": 0.003958702087402344,
    "breathing": 0.058051228523254395,
    "avpu": 6.279461376834661e-05,
    "intent": 0.18192560970783234,
    "directness_of_causality": 0.12365908920764923,
    "aid_available": 0.02120167762041092,
    "treating": 0.2747975289821625,
    "HRA Strategy.time-resources.take-the-best": 0.0047501674853265285,
    "HRA Strategy.time-resources.one-bounce": 0.013982372358441353,
    "HRA Strategy.time-risk_reward_ratio.one-bounce": 0.0038595362566411495,
    "HRA Strategy.time-system.one-bounce": 0.00011544118024175987,
    "HRA Strategy.resources-risk_reward_ratio.one-bounce": 0.04404950514435768,
    "HRA Strategy.resources-system.take-the-best": 0.02478039637207985,
    "HRA Strategy.risk_reward_ratio-system.one-bounce": 0.0008599963621236384,
    "HRA Strategy.resources-risk_reward_ratio-system.one-bounce": 0.000715415517333895,
    "Satisfactory Priority": 0.0005541792488656938,
    "pDeath": 0.12892745435237885,
    "pPain": 0.00014842281234450638,
    "pBrainInjury": 0.0002272878773510456,
    "pAirwayBlocked": 0.00020261081226635724,
    "pInternalBleeding": 5.259790123091079e-05,
    "pExternalBleeding": 0.029558194801211357,
    "entropyDeath": 0.010293026454746723,
    "SEVERITY": 0.0039834328927099705,
    "SUPPLIES_REMAINING": 0.0019058027537539601,
    "AVERAGE_TIME_USED": 0.0039552850648760796,
    "SUPPLIES_USED": 0.035562191158533096,
    "WEIGHTED_RESOURCE_SCORE": 0.00033831034670583904,
    "treatment": 0.00011019013618351892
}