{
    "breathing": 0.011261851526796818,
    "intent": 0.08411458134651184,
    "directness_of_causality": 0.20576021075248718,
    "aid_available": 0.12514802813529968,
    "treating": 0.22257459163665771,
    "HRA Strategy.resources-system.take-the-best": 0.001705838367342949,
    "Take-The-Best Priority": 0.0016506863757967949,
    "SEVERITY": 0.02547954022884369,
    "SUPPLIES_REMAINING": 0.0013687816681340337,
    "AVERAGE_TIME_USED": 0.007785292807966471,
    "SUPPLIES_USED": 0.2284693866968155,
    "treatment": 0.08468116074800491
}