{
    "age": 0.016327394172549248,
    "tagged": 0.05046216771006584,
    "visited": 0.0056993067264556885,
    "conscious": 0.0012410847702994943,
    "breathing": 0.006609607487916946,
    "hrpmin": 0.013744289055466652,
    "avpu": 0.0027043537702411413,
    "unvisited_count": 0.0014166251057758927,
    "injured_count": 0.020270250737667084,
    "environment_type": 0.0028357249684631824,
    "questioning": 0.1103774681687355,
    "assessing": 0.17429247498512268,
    "treating": 0.019605569541454315,
    "tagging": 0.21038317680358887,
    "leaving": 0.08413270860910416,
    "HRA Strategy.time-resources.take-the-best": 0.0023437608033418655,
    "HRA Strategy.time-system.exhaustive": 0.0032706179190427065,
    "HRA Strategy.resources-system.take-the-best": 0.0006597886676900089,
    "Satisfactory Priority": 0.008971148170530796,
    "One-Bounce Priority": 0.03416156768798828,
    "pDeath": 0.0024842394050210714,
    "pPain": 0.010276495479047298,
    "pAirwayBlocked": 0.007381713017821312,
    "pInternalBleeding": 0.004347963258624077,
    "pExternalBleeding": 0.012488444335758686,
    "entropy": 0.01228992361575365,
    "entropyDeath": 0.013358626514673233,
    "SEVERITY": 0.0032585731241852045,
    "SUPPLIES_REMAINING": 0.0010459282202646136,
    "AVERAGE_TIME_USED": 0.004258731380105019,
    "MEDSIM_P_DEATH": 0.04065287485718727,
    "MEDSIM_P_DEATH_ONE_MIN_LATER": 0.0013388436054810882,
    "SEVEREST_SEVERITY_CHANGE": 0.000463730888441205,
    "WEIGHTED_RESOURCE_SCORE": 0.0013787498464807868,
    "SMOL_MEDICAL_SOUNDNESS": 0.005145425908267498,
    "INFORMATION_GAINED": 0.055835701525211334,
    "treatment": 0.042063917964696884,
    "category": 0.01242114044725895
}