{
    "aid_available": 0.16134019196033478,
    "treating": 0.5834092497825623,
    "SUPPLIES_USED": 0.25525057315826416
}