{
    "aid_available": 0.18449729681015015,
    "treating": 0.39863020181655884,
    "MEDSIM_P_DEATH_ONE_MIN_LATER": 0.08424437791109085,
    "SUPPLIES_USED": 0.0989954024553299,
    "SEVEREST_SEVERITY_CHANGE": 0.04553472623229027,
    "SMOL_MEDICAL_SOUNDNESS": 0.18809807300567627
}