{
    "age": 0.02531655877828598,
    "tagged": 0.03931045159697533,
    "visited": 0.012452391907572746,
    "conscious": 0.0044785537756979465,
    "breathing": 0.014256601221859455,
    "hrpmin": 0.017023632302880287,
    "avpu": 0.00823543407022953,
    "unvisited_count": 0.01290298905223608,
    "injured_count": 0.007604993414133787,
    "environment_type": 0.007916449569165707,
    "questioning": 0.2814704477787018,
    "assessing": 0.15412132441997528,
    "tagging": 0.10133584588766098,
    "HRA Strategy.time-risk_reward_ratio.take-the-best": 0.005169593263417482,
    "HRA Strategy.resources-system.take-the-best": 0.004874490201473236,
    "One-Bounce Priority": 0.04478035494685173,
    "pDeath": 0.008412868715822697,
    "pPain": 0.015541922301054,
    "pBrainInjury": 0.003762747859582305,
    "pAirwayBlocked": 0.006847505923360586,
    "pInternalBleeding": 0.01956845261156559,
    "pExternalBleeding": 0.017101047560572624,
    "entropy": 0.01070946641266346,
    "entropyDeath": 0.01215825229883194,
    "SEVERITY": 0.004574823193252087,
    "AVERAGE_TIME_USED": 0.023478666320443153,
    "MEDSIM_P_DEATH": 0.004874194040894508,
    "MEDSIM_P_DEATH_ONE_MIN_LATER": 0.008129600435495377,
    "WEIGHTED_RESOURCE_SCORE": 0.01569225639104843,
    "SMOL_MEDICAL_SOUNDNESS": 0.003631226485595107,
    "INFORMATION_GAINED": 0.06438058614730835,
    "treatment": 0.029187429696321487,
    "category": 0.010698841884732246
}