{
    "age": 0.010236724279820919,
    "tagged": 0.026212982833385468,
    "visited": 0.005747078452259302,
    "conscious": 0.0004782038740813732,
    "breathing": 0.010240492410957813,
    "hrpmin": 0.011410702019929886,
    "avpu": 0.000932847149670124,
    "unvisited_count": 0.0018392076017335057,
    "injured_count": 0.018229233101010323,
    "environment_type": 0.0020668539218604565,
    "questioning": 0.19850869476795197,
    "assessing": 0.17294394969940186,
    "treating": 0.005149501375854015,
    "tagging": 0.1454249769449234,
    "leaving": 0.19731034338474274,
    "HRA Strategy.time-resources.take-the-best": 0.0017267592484131455,
    "HRA Strategy.time-system.exhaustive": 0.015188819728791714,
    "HRA Strategy.time-system.tallying": 0.0009402826544828713,
    "HRA Strategy.resources-system.take-the-best": 0.0004847153031732887,
    "HRA Strategy.resources-system.exhaustive": 0.0010511094005778432,
    "Satisfactory Priority": 0.0019922975916415453,
    "One-Bounce Priority": 0.02505064383149147,
    "pDeath": 0.004094666335731745,
    "pPain": 0.00544389383867383,
    "pBrainInjury": 0.002120639430359006,
    "pAirwayBlocked": 0.004229861777275801,
    "pInternalBleeding": 0.0061395238153636456,
    "pExternalBleeding": 0.010849337093532085,
    "entropy": 0.010938014835119247,
    "entropyDeath": 0.0051164086908102036,
    "SEVERITY": 0.0008817313355393708,
    "SUPPLIES_REMAINING": 0.0008391595911234617,
    "AVERAGE_TIME_USED": 0.011039288714528084,
    "MEDSIM_P_DEATH": 0.01164635457098484,
    "MEDSIM_P_DEATH_ONE_MIN_LATER": 0.000999007374048233,
    "SEVERITY_CHANGE": 0.0003752468910533935,
    "SEVEREST_SEVERITY": 0.00797498319298029,
    "WEIGHTED_RESOURCE_SCORE": 0.002569746458902955,
    "SMOL_MEDICAL_SOUNDNESS": 0.0023578228428959846,
    "INFORMATION_GAINED": 0.02248178794980049,
    "treatment": 0.02730812504887581,
    "category": 0.009427892044186592
}