{
    "age": 0.1425878405570984,
    "tagged": 0.06931167840957642,
    "relationship": 0.11181668937206268,
    "breathing": 0.016546977683901787,
    "injured_count": 0.029358237981796265,
    "questioning": 0.11111573874950409,
    "assessing": 0.21525247395038605,
    "tagging": 0.06076397746801376,
    "leaving": 0.13138750195503235,
    "pPain": 0.010226089507341385,
    "pAirwayBlocked": 0.00920028705149889,
    "pInternalBleeding": 0.004978717304766178,
    "pExternalBleeding": 0.013515281490981579,
    "entropy": 0.010720913298428059,
    "entropyDeath": 0.008997042663395405,
    "SUPPLIES_REMAINING": 0.008597643114626408,
    "treatment": 0.03190053626894951,
    "category": 0.013722365722060204
}