age,tagged,relationship,breathing,injured_count,questioning,assessing,tagging,leaving,pPain,pAirwayBlocked,pInternalBleeding,pExternalBleeding,entropy,entropyDeath,SUPPLIES_REMAINING,treatment,category
0.1425878405570984,0.06931167840957642,0.11181668937206268,0.016546977683901787,0.029358237981796265,0.11111573874950409,0.21525247395038605,0.06076397746801376,0.13138750195503235,0.010226089507341385,0.00920028705149889,0.004978717304766178,0.013515281490981579,0.010720913298428059,0.008997042663395405,0.008597643114626408,0.03190053626894951,0.013722365722060204
