treating,SUPPLIES_USED
0.9140124320983887,0.08598754554986954
