{
    "age": 0.01211569458246231,
    "tagged": 0.06332123279571533,
    "conscious": 0.00702831381931901,
    "breathing": 0.007126296404749155,
    "unvisited_count": 0.007298384793102741,
    "environment_type": 0.0031124697998166084,
    "questioning": 0.25346505641937256,
    "assessing": 0.20839539170265198,
    "tagging": 0.24549555778503418,
    "category": 0.009219692088663578,
    "HRA Strategy.time-risk_reward_ratio.take-the-best": 0.0023004747927188873,
    "One-Bounce Priority": 0.024270927533507347,
    "pDeath": 0.019917573779821396,
    "pPain": 0.020705394446849823,
    "pAirwayBlocked": 0.00500033563002944,
    "pInternalBleeding": 0.006802468094974756,
    "pExternalBleeding": 0.013609952293336391,
    "entropy": 0.012825963087379932,
    "SEVERITY": 0.0019269740441814065,
    "AVERAGE_TIME_USED": 0.02645733207464218,
    "WEIGHTED_RESOURCE_SCORE": 0.0060996185056865215,
    "SMOL_MEDICAL_SOUNDNESS": 0.002021635649725795,
    "INFORMATION_GAINED": 0.00494428863748908,
    "treatment": 0.036538898944854736
}