{
    "tagged": 0.04753962159156799,
    "conscious": 0.01278324518352747,
    "breathing": 0.06339091062545776,
    "hrpmin": 0.008716064505279064,
    "intent": 0.1563498079776764,
    "directness_of_causality": 0.04263056442141533,
    "aid_available": 0.00504379253834486,
    "treating": 0.0829387903213501,
    "HRA Strategy.time-risk_reward_ratio.one-bounce": 0.06245729327201843,
    "HRA Strategy.resources-system.take-the-best": 0.06564261019229889,
    "HRA Strategy.risk_reward_ratio-system.one-bounce": 0.0023276428692042828,
    "HRA Strategy.time-resources-system.one-bounce": 0.0023631586227566004,
    "pPain": 0.003439399180933833,
    "pBrainInjury": 0.12716035544872284,
    "pInternalBleeding": 0.007448372896760702,
    "pExternalBleeding": 0.0012909454526379704,
    "SEVERITY": 0.038541339337825775,
    "SUPPLIES_REMAINING": 0.001320654060691595,
    "AVERAGE_TIME_USED": 0.03706476464867592,
    "SUPPLIES_USED": 0.07370774447917938,
    "WEIGHTED_RESOURCE_SCORE": 0.005311464425176382,
    "treatment": 0.15253135561943054
}