{
    "intent": 0.039786528795957565,
    "treating": 0.9602134823799133
}