{
    "age": 0.0034809650387614965,
    "tagged": 0.024976687505841255,
    "conscious": 0.0019368270877748728,
    "questioning": 0.17914412915706635,
    "assessing": 0.16861015558242798,
    "tagging": 0.29442259669303894,
    "leaving": 0.26190945506095886,
    "AVERAGE_TIME_USED": 0.005419896449893713,
    "DAMAGE_PER_SECOND": 0.0034448811784386635,
    "SMOL_MEDICAL_SOUNDNESS": 0.01735137403011322,
    "treatment": 0.039303094148635864
}