{
    "age": 0.03292680159211159,
    "breathing": 0.021000510081648827,
    "assessing": 0.29268646240234375,
    "tagging": 0.40774962306022644,
    "HRA Strategy.time-resources.take-the-best": 0.023700518533587456,
    "HRA Strategy.time-resources.one-bounce": 0.012265607714653015,
    "Satisfactory Priority": 0.15342001616954803,
    "WEIGHTED_RESOURCE_SCORE": 0.014627196826040745,
    "treatment": 0.041623253375291824
}