{
    "age": 0.022230414673686028,
    "environment_type": 0.0880732536315918,
    "questioning": 0.24453920125961304,
    "tagging": 0.20719660818576813,
    "leaving": 0.20177488029003143,
    "category": 0.030730729922652245,
    "SEVERITY": 0.01989288441836834,
    "DAMAGE_PER_SECOND": 0.024238519370555878,
    "WEIGHTED_RESOURCE_SCORE": 0.03164352476596832,
    "treatment": 0.12967990338802338
}