{
    "questioning": 0.35420843958854675,
    "assessing": 0.3980408310890198,
    "leaving": 0.24775071442127228
}