{
    "tagged": 0.004186546895653009,
    "conscious": 0.02161804959177971,
    "breathing": 0.15602420270442963,
    "intent": 0.09383739531040192,
    "unvisited_count": 0.002932761562988162,
    "aid_available": 0.006525671109557152,
    "treating": 0.14852477610111237,
    "HRA Strategy.time-resources.take-the-best": 0.0018572971457615495,
    "HRA Strategy.time-resources.one-bounce": 0.014474316500127316,
    "HRA Strategy.resources-risk_reward_ratio.one-bounce": 0.0768730640411377,
    "HRA Strategy.resources-system.take-the-best": 0.09330862760543823,
    "HRA Strategy.risk_reward_ratio-system.one-bounce": 0.06082994490861893,
    "HRA Strategy.time-resources-system.tallying": 0.17300783097743988,
    "HRA Strategy.resources-risk_reward_ratio-system.one-bounce": 0.0028836738783866167,
    "pBrainInjury": 0.03434237465262413,
    "pInternalBleeding": 0.0005875442293472588,
    "entropyDeath": 0.0017011086456477642,
    "SEVERITY": 0.02027391828596592,
    "SUPPLIES_REMAINING": 0.0017019611550495028,
    "AVERAGE_TIME_USED": 0.012969990260899067,
    "SUPPLIES_USED": 0.043104320764541626,
    "SEVEREST_SEVERITY_CHANGE": 0.002657834207639098,
    "WEIGHTED_RESOURCE_SCORE": 0.0022289000917226076,
    "treatment": 0.023547837510704994
}