{
    "age": 0.008804332464933395,
    "tagged": 0.019747121259570122,
    "breathing": 0.0059502883814275265,
    "unvisited_count": 0.010347485542297363,
    "injured_count": 0.01835479959845543,
    "questioning": 0.2463478147983551,
    "assessing": 0.21722954511642456,
    "tagging": 0.1392071396112442,
    "leaving": 0.1921231746673584,
    "One-Bounce Priority": 0.03399956226348877,
    "pPain": 0.006089035887271166,
    "pExternalBleeding": 0.004795106593519449,
    "entropy": 0.006899921223521233,
    "AVERAGE_TIME_USED": 0.005329259671270847,
    "MEDSIM_P_DEATH": 0.007322125602513552,
    "INFORMATION_GAINED": 0.03359821438789368,
    "treatment": 0.033481255173683167,
    "category": 0.01037383358925581
}