{
    "age": 0.008257688023149967,
    "tagged": 0.027765117585659027,
    "visited": 0.0024750784505158663,
    "breathing": 0.0053069149143993855,
    "avpu": 0.0012786597944796085,
    "unvisited_count": 0.005239205434918404,
    "injured_count": 0.013995664194226265,
    "environment_type": 0.001763534382916987,
    "questioning": 0.13763515651226044,
    "assessing": 0.1647912859916687,
    "tagging": 0.17368394136428833,
    "leaving": 0.2821180522441864,
    "HRA Strategy.time-resources.take-the-best": 0.0015263562090694904,
    "HRA Strategy.time-system.exhaustive": 0.005067926831543446,
    "Satisfactory Priority": 0.0022120231296867132,
    "One-Bounce Priority": 0.022058555856347084,
    "pDeath": 0.0032287403009831905,
    "pPain": 0.005515222437679768,
    "pBrainInjury": 0.0047543165273964405,
    "pAirwayBlocked": 0.004400500562041998,
    "pInternalBleeding": 0.005488140042871237,
    "pExternalBleeding": 0.006246411241590977,
    "entropy": 0.007429148536175489,
    "entropyDeath": 0.009411378763616085,
    "SEVERITY": 0.0023650580551475286,
    "AVERAGE_TIME_USED": 0.005181116983294487,
    "MEDSIM_P_DEATH": 0.009792963042855263,
    "MEDSIM_P_DEATH_ONE_MIN_LATER": 0.0018519224831834435,
    "WEIGHTED_RESOURCE_SCORE": 0.0030894451774656773,
    "SMOL_MEDICAL_SOUNDNESS": 0.001052962034009397,
    "INFORMATION_GAINED": 0.036085277795791626,
    "treatment": 0.032596416771411896,
    "category": 0.006335766986012459
}