{
    "assessing": 0.47170960903167725,
    "category": 0.1553373783826828,
    "MEDSIM_P_DEATH_ONE_MIN_LATER": 0.14100924134254456,
    "treatment": 0.2319437712430954
}