{
    "age": 0.11439520120620728,
    "tagged": 0.041134245693683624,
    "relationship": 0.13200975954532623,
    "breathing": 0.010790279135107994,
    "injured_count": 0.03380265831947327,
    "questioning": 0.15715651214122772,
    "assessing": 0.22422456741333008,
    "tagging": 0.061374202370643616,
    "leaving": 0.14696462452411652,
    "pPain": 0.011293813586235046,
    "SUPPLIES_REMAINING": 0.009145918302237988,
    "treatment": 0.04050537943840027,
    "category": 0.017202846705913544
}