age,tagged,relationship,breathing,injured_count,questioning,assessing,tagging,leaving,pPain,SUPPLIES_REMAINING,treatment,category
0.11439520120620728,0.041134245693683624,0.13200975954532623,0.010790279135107994,0.03380265831947327,0.15715651214122772,0.22422456741333008,0.061374202370643616,0.14696462452411652,0.011293813586235046,0.009145918302237988,0.04050537943840027,0.017202846705913544
