{
    "tagged": 0.0009358536917716265,
    "breathing": 0.009949196130037308,
    "avpu": 0.0002587810158729553,
    "intent": 0.02799070067703724,
    "directness_of_causality": 0.15219099819660187,
    "aid_available": 0.15664993226528168,
    "treating": 0.38599005341529846,
    "HRA Strategy.risk_reward_ratio-system.one-bounce": 0.0019233858911320567,
    "HRA Strategy.time-resources-risk_reward_ratio-system.one-bounce": 0.0004897349281236529,
    "Satisfactory Priority": 0.001532063470222056,
    "SEVERITY": 0.0003135091392323375,
    "SUPPLIES_REMAINING": 0.03394042328000069,
    "AVERAGE_TIME_USED": 0.005044985096901655,
    "SUPPLIES_USED": 0.2147582322359085,
    "SEVEREST_SEVERITY_CHANGE": 0.0004828281234949827,
    "WEIGHTED_RESOURCE_SCORE": 0.000985969789326191,
    "treatment": 0.006563398987054825
}