{
    "age": 0.013514762744307518,
    "tagged": 0.031559452414512634,
    "visited": 0.007777382619678974,
    "breathing": 0.008982058614492416,
    "hrpmin": 0.012020660564303398,
    "unvisited_count": 0.001675739069469273,
    "injured_count": 0.019976576790213585,
    "environment_type": 0.0022027180530130863,
    "questioning": 0.23834416270256042,
    "assessing": 0.18339011073112488,
    "treating": 0.002926433691754937,
    "tagging": 0.13802476227283478,
    "leaving": 0.16763420403003693,
    "HRA Strategy.time-resources.take-the-best": 0.001883777091279626,
    "HRA Strategy.time-system.exhaustive": 0.004138038959354162,
    "Satisfactory Priority": 0.0018904248718172312,
    "One-Bounce Priority": 0.027259662747383118,
    "pDeath": 0.0032417187467217445,
    "pPain": 0.005368431564420462,
    "pBrainInjury": 0.001889200764708221,
    "pAirwayBlocked": 0.0034936456941068172,
    "pInternalBleeding": 0.006737420801073313,
    "pExternalBleeding": 0.01157342828810215,
    "entropy": 0.010327492840588093,
    "entropyDeath": 0.006126984488219023,
    "SUPPLIES_REMAINING": 0.000995625276118517,
    "AVERAGE_TIME_USED": 0.01198074035346508,
    "MEDSIM_P_DEATH": 0.008023988455533981,
    "SEVEREST_SEVERITY": 0.0014441601233556867,
    "WEIGHTED_RESOURCE_SCORE": 0.002912736963480711,
    "SMOL_MEDICAL_SOUNDNESS": 0.0023317402228713036,
    "INFORMATION_GAINED": 0.023703856393694878,
    "treatment": 0.02670569159090519,
    "category": 0.009942157194018364
}