{
    "age": 0.006264941766858101,
    "tagged": 0.036463502794504166,
    "visited": 0.0031705216970294714,
    "conscious": 0.0009451172081753612,
    "breathing": 0.006680225022137165,
    "hrpmin": 0.003643954871222377,
    "avpu": 0.0045752753503620625,
    "unvisited_count": 0.005494324956089258,
    "injured_count": 0.013626253232359886,
    "environment_type": 0.0015952730318531394,
    "questioning": 0.20262742042541504,
    "assessing": 0.2121647447347641,
    "tagging": 0.20572525262832642,
    "leaving": 0.1188056692481041,
    "HRA Strategy.time-resources.take-the-best": 0.00285788020119071,
    "HRA Strategy.time-system.exhaustive": 0.000929520872887224,
    "HRA Strategy.time-system.tallying": 0.0004609522584360093,
    "HRA Strategy.resources-system.take-the-best": 0.0009000834543257952,
    "HRA Strategy.resources-system.exhaustive": 0.004789706785231829,
    "Satisfactory Priority": 0.000705174112226814,
    "One-Bounce Priority": 0.019186994060873985,
    "pDeath": 0.004354151897132397,
    "pPain": 0.0076265521347522736,
    "pBrainInjury": 0.003917098511010408,
    "pAirwayBlocked": 0.003522416576743126,
    "pInternalBleeding": 0.007826375775039196,
    "pExternalBleeding": 0.004181139636784792,
    "entropy": 0.004855152685195208,
    "entropyDeath": 0.007278210483491421,
    "SEVERITY": 0.0035564990248531103,
    "SUPPLIES_REMAINING": 0.0006902362802065909,
    "AVERAGE_TIME_USED": 0.003191140713170171,
    "DAMAGE_PER_SECOND": 0.0005061175324954093,
    "MEDSIM_P_DEATH": 0.011889130808413029,
    "MEDSIM_P_DEATH_ONE_MIN_LATER": 0.00207114196382463,
    "SEVEREST_SEVERITY": 0.0006282785325311124,
    "WEIGHTED_RESOURCE_SCORE": 0.0001852165732998401,
    "INFORMATION_GAINED": 0.03568349778652191,
    "treatment": 0.038787901401519775,
    "category": 0.0076369778253138065
}