{
    "intent": 0.21852000057697296,
    "directness_of_causality": 0.17497636377811432,
    "treating": 0.4161897599697113,
    "AVERAGE_TIME_USED": 0.19031384587287903
}