{
    "age": 0.06721526384353638,
    "tagged": 0.039245638996362686,
    "assessing": 0.3120303153991699,
    "tagging": 0.5269157886505127,
    "AVERAGE_TIME_USED": 0.02754136174917221,
    "WEIGHTED_RESOURCE_SCORE": 0.027051609009504318
}