{
    "tagged": 5.990110366838053e-05,
    "conscious": 0.001671380246989429,
    "mental_status": 0.00019727095786947757,
    "avpu": 9.013961971504614e-05,
    "intent": 0.058719683438539505,
    "directness_of_causality": 0.22618414461612701,
    "aid_available": 0.1765212118625641,
    "treating": 0.27269500494003296,
    "HRA Strategy.time-risk_reward_ratio.one-bounce": 0.0007527871639467776,
    "HRA Strategy.risk_reward_ratio-system.one-bounce": 0.0012766116997227073,
    "HRA Strategy.resources-risk_reward_ratio-system.one-bounce": 0.001000633230432868,
    "HRA Strategy.time-resources-risk_reward_ratio-system.one-bounce": 0.0003342262061778456,
    "Take-The-Best Priority": 0.0007763462490402162,
    "Satisfactory Priority": 0.0006579217733815312,
    "pDeath": 5.6797198340063915e-05,
    "pBrainInjury": 0.00031158881029114127,
    "pAirwayBlocked": 0.00021983220358379185,
    "pInternalBleeding": 0.00015786236326675862,
    "entropyDeath": 0.0004938949132338166,
    "SEVERITY": 0.0006331017939373851,
    "SUPPLIES_REMAINING": 0.0010950405849143863,
    "AVERAGE_TIME_USED": 0.000184180389624089,
    "DAMAGE_PER_SECOND": 6.768184539396316e-05,
    "SUPPLIES_USED": 0.25460487604141235,
    "SEVEREST_SEVERITY_CHANGE": 4.99084526381921e-05,
    "WEIGHTED_RESOURCE_SCORE": 0.000259504362475127,
    "treatment": 0.0009284744155593216
}