{
    "age": 0.017028888687491417,
    "tagged": 0.026528025045990944,
    "unvisited_count": 0.009373818524181843,
    "environment_type": 0.012457623146474361,
    "questioning": 0.23247826099395752,
    "assessing": 0.21102315187454224,
    "tagging": 0.16057395935058594,
    "Satisfactory Priority": 0.05152691900730133,
    "One-Bounce Priority": 0.05293659865856171,
    "pPain": 0.01547893974930048,
    "pInternalBleeding": 0.01357738021761179,
    "SEVERITY": 0.008592999540269375,
    "WEIGHTED_RESOURCE_SCORE": 0.019528407603502274,
    "INFORMATION_GAINED": 0.09250769019126892,
    "treatment": 0.059798598289489746,
    "category": 0.016588764265179634
}