{
    "age": 0.017162255942821503,
    "tagged": 0.08212851732969284,
    "visited": 0.22868454456329346,
    "conscious": 0.002296180697157979,
    "breathing": 0.0035863597877323627,
    "avpu": 0.0015960629098117352,
    "unvisited_count": 0.03107556700706482,
    "injured_count": 0.022084631025791168,
    "environment_type": 0.008229823783040047,
    "assessing": 0.15391422808170319,
    "treating": 0.004162142984569073,
    "tagging": 0.19316498935222626,
    "category": 0.009365617297589779,
    "HRA Strategy.time-resources.take-the-best": 0.004165314603596926,
    "HRA Strategy.time-resources.one-bounce": 0.0006328640156425536,
    "HRA Strategy.time-system.tallying": 0.002881135093048215,
    "Take-The-Best Priority": 0.0017573643708601594,
    "Satisfactory Priority": 0.0009885529289022088,
    "One-Bounce Priority": 0.024943893775343895,
    "pDeath": 0.019371040165424347,
    "pPain": 0.03178329020738602,
    "pBrainInjury": 0.0003816199314314872,
    "pAirwayBlocked": 0.016820430755615234,
    "pInternalBleeding": 0.023131439462304115,
    "pExternalBleeding": 0.007802315056324005,
    "entropy": 0.0043962374329566956,
    "entropyDeath": 0.0029693394899368286,
    "SEVERITY": 0.007603209465742111,
    "SUPPLIES_REMAINING": 0.0005430845776572824,
    "AVERAGE_TIME_USED": 0.0055567179806530476,
    "DAMAGE_PER_SECOND": 0.007166433613747358,
    "MEDSIM_P_DEATH": 0.004007183946669102,
    "MEDSIM_P_DEATH_ONE_MIN_LATER": 0.004343963228166103,
    "SEVEREST_SEVERITY": 0.0004649152106139809,
    "treatment": 0.07083860039710999
}