{
    "age": 0.021604005247354507,
    "tagged": 0.03563962131738663,
    "visited": 0.0231325626373291,
    "conscious": 0.0037075511645525694,
    "breathing": 0.00922216847538948,
    "hrpmin": 0.010582441464066505,
    "unvisited_count": 0.009628270752727985,
    "environment_type": 0.013203401118516922,
    "questioning": 0.06309089064598083,
    "assessing": 0.2076863944530487,
    "tagging": 0.07778657972812653,
    "leaving": 0.3056897819042206,
    "HRA Strategy.resources-system.exhaustive": 0.002481530886143446,
    "Satisfactory Priority": 0.0060373651795089245,
    "One-Bounce Priority": 0.03967207297682762,
    "pDeath": 0.012354258447885513,
    "pPain": 0.01961388997733593,
    "pBrainInjury": 0.025131380185484886,
    "pAirwayBlocked": 0.002149017760530114,
    "pInternalBleeding": 0.005988012999296188,
    "pExternalBleeding": 0.005171753000468016,
    "entropy": 0.01214608270674944,
    "entropyDeath": 0.00396859273314476,
    "AVERAGE_TIME_USED": 0.007443741895258427,
    "SEVEREST_SEVERITY_CHANGE": 0.006070608738809824,
    "WEIGHTED_RESOURCE_SCORE": 0.014221543446183205,
    "INFORMATION_GAINED": 0.007479232735931873,
    "treatment": 0.0314473994076252,
    "category": 0.01764986477792263
}