{
    "questioning": 0.3971351683139801,
    "assessing": 0.36914554238319397,
    "leaving": 0.12002946436405182,
    "INFORMATION_GAINED": 0.11368975788354874
}