{
    "age": 0.01511765643954277,
    "tagged": 0.06327261030673981,
    "conscious": 0.007466788869351149,
    "breathing": 0.0070203752256929874,
    "unvisited_count": 0.0026023671962320805,
    "environment_type": 0.0032819793559610844,
    "questioning": 0.24468953907489777,
    "assessing": 0.22499039769172668,
    "tagging": 0.23359441757202148,
    "category": 0.00903361290693283,
    "HRA Strategy.time-resources.take-the-best": 0.0016274208901450038,
    "HRA Strategy.time-risk_reward_ratio.take-the-best": 0.002507471479475498,
    "HRA Strategy.time-system.tallying": 0.0019937301985919476,
    "One-Bounce Priority": 0.024501902982592583,
    "pDeath": 0.017715297639369965,
    "pPain": 0.023780513554811478,
    "pAirwayBlocked": 0.005587516352534294,
    "pInternalBleeding": 0.005186410155147314,
    "pExternalBleeding": 0.011996456421911716,
    "entropy": 0.015742037445306778,
    "SEVERITY": 0.002014850964769721,
    "AVERAGE_TIME_USED": 0.023662501946091652,
    "DAMAGE_PER_SECOND": 0.0019123018719255924,
    "WEIGHTED_RESOURCE_SCORE": 0.004333268851041794,
    "SMOL_MEDICAL_SOUNDNESS": 0.0021214440930634737,
    "INFORMATION_GAINED": 0.006069488357752562,
    "treatment": 0.03817768767476082
}