{
    "age": 0.17798011004924774,
    "tagged": 0.44770553708076477,
    "conscious": 0.009917681105434895,
    "category": 0.01112452894449234,
    "HRA Strategy.time-resources.take-the-best": 0.023795440793037415,
    "SEVERITY": 0.12875433266162872,
    "WEIGHTED_RESOURCE_SCORE": 0.15024828910827637,
    "treatment": 0.05047411471605301
}