{
    "age": 0.06404761224985123,
    "tagged": 0.12637804448604584,
    "visited": 0.026324840262532234,
    "conscious": 0.02391066402196884,
    "breathing": 0.04954767972230911,
    "hrpmin": 0.005669725593179464,
    "avpu": 0.0035039125941693783,
    "environment_type": 0.006572280544787645,
    "questioning": 0.15744362771511078,
    "assessing": 0.15057794749736786,
    "treating": 0.00041828694520518184,
    "tagging": 0.052251264452934265,
    "HRA Strategy.time-resources.take-the-best": 0.013259662315249443,
    "HRA Strategy.time-system.exhaustive": 0.0073652369901537895,
    "HRA Strategy.resources-system.take-the-best": 0.0013730899663642049,
    "Take-The-Best Priority": 0.004977497272193432,
    "pDeath": 0.007227960508316755,
    "pPain": 0.0191216841340065,
    "pAirwayBlocked": 0.032783474773168564,
    "pInternalBleeding": 0.0013636692892760038,
    "pExternalBleeding": 0.01061005424708128,
    "entropy": 0.010050958953797817,
    "SUPPLIES_REMAINING": 0.0009276277851313353,
    "AVERAGE_TIME_USED": 0.032274823635816574,
    "DAMAGE_PER_SECOND": 0.008393918164074421,
    "INFORMATION_GAINED": 0.012625772505998611,
    "treatment": 0.14681336283683777,
    "category": 0.02418539673089981
}