{
    "tagged": 0.03684455528855324,
    "questioning": 0.3721478581428528,
    "assessing": 0.28826650977134705,
    "tagging": 0.030506785959005356,
    "leaving": 0.18941684067249298,
    "treatment": 0.08281736820936203
}