{
    "conscious": 0.027385594323277473,
    "intent": 0.0818261206150055,
    "directness_of_causality": 0.11666407436132431,
    "aid_available": 0.1950826346874237,
    "treating": 0.3194970190525055,
    "Take-The-Best Priority": 0.012082251720130444,
    "SEVERITY": 0.0067834313958883286,
    "SUPPLIES_USED": 0.2406788021326065
}