{
    "age": 0.038291268050670624,
    "tagged": 0.1436471790075302,
    "environment_type": 0.03860592097043991,
    "category": 0.052044615149497986,
    "pBrainInjury": 0.09060955792665482,
    "SEVERITY": 0.05890364572405815,
    "AVERAGE_TIME_USED": 0.15565456449985504,
    "DAMAGE_PER_SECOND": 0.2617301642894745,
    "MEDSIM_P_DEATH_ONE_MIN_LATER": 0.11608857661485672,
    "treatment": 0.04442454129457474
}