{
    "age": 0.05189518257975578,
    "breathing": 0.07255654782056808,
    "injured_count": 0.15479660034179688,
    "questioning": 0.5492849349975586,
    "category": 0.11654029041528702,
    "pInternalBleeding": 0.054926466196775436
}