{
    "tagged": 0.03540942817926407,
    "conscious": 0.020871201530098915,
    "breathing": 0.007713863160461187,
    "intent": 0.26046115159988403,
    "directness_of_causality": 0.07270029187202454,
    "treating": 0.1269959807395935,
    "HRA Strategy.time-resources.take-the-best": 0.017758335918188095,
    "HRA Strategy.resources-system.take-the-best": 0.04345030337572098,
    "SEVERITY": 0.050229061394929886,
    "AVERAGE_TIME_USED": 0.032383255660533905,
    "SEVERITY_CHANGE": 0.004850214347243309,
    "SUPPLIES_USED": 0.08963463455438614,
    "SMOL_MEDICAL_SOUNDNESS": 0.16795353591442108,
    "treatment": 0.06958875805139542
}