{
    "conscious": 0.00041291568777523935,
    "breathing": 7.540582737419754e-05,
    "intent": 0.028525426983833313,
    "directness_of_causality": 0.21265235543251038,
    "aid_available": 0.15528902411460876,
    "treating": 0.28311240673065186,
    "HRA Strategy.time-resources.take-the-best": 0.008948860689997673,
    "HRA Strategy.resources-system.take-the-best": 0.02320658043026924,
    "HRA Strategy.risk_reward_ratio-system.one-bounce": 0.001506931148469448,
    "HRA Strategy.time-resources-system.one-bounce": 0.0006794551736675203,
    "HRA Strategy.resources-risk_reward_ratio-system.one-bounce": 0.001005004858598113,
    "HRA Strategy.time-resources-risk_reward_ratio-system.one-bounce": 0.00031054223654791713,
    "Take-The-Best Priority": 0.0004346424248069525,
    "Satisfactory Priority": 0.0012059181462973356,
    "pDeath": 0.08692480623722076,
    "pAirwayBlocked": 0.0002535342937335372,
    "entropy": 0.000326961453538388,
    "entropyDeath": 0.00017328571993857622,
    "SEVERITY": 0.017460567876696587,
    "SUPPLIES_REMAINING": 0.015062329359352589,
    "AVERAGE_TIME_USED": 0.0023525457363575697,
    "SEVERITY_CHANGE": 4.393281778902747e-05,
    "SUPPLIES_USED": 0.15882842242717743,
    "WEIGHTED_RESOURCE_SCORE": 5.2638653869507834e-05,
    "SMOL_MEDICAL_SOUNDNESS": 0.00035796675365418196,
    "treatment": 0.0007975402986630797
}