{
    "injured_count": 0.012834833934903145,
    "questioning": 0.34656912088394165,
    "assessing": 0.3474799394607544,
    "tagging": 0.0621202252805233,
    "leaving": 0.16879995167255402,
    "INFORMATION_GAINED": 0.022940633818507195,
    "treatment": 0.01872944086790085,
    "category": 0.02052583172917366
}