{
    "questioning": 0.5451009273529053,
    "leaving": 0.30629488825798035,
    "treatment": 0.14860422909259796
}