{
    "conscious": 0.009419678710401058,
    "mental_status": 0.004141598008573055,
    "breathing": 0.016547681763768196,
    "intent": 0.005770834628492594,
    "directness_of_causality": 0.1748993843793869,
    "aid_available": 0.15254917740821838,
    "treating": 0.21554701030254364,
    "HRA Strategy.time-resources.take-the-best": 0.00028995523462072015,
    "HRA Strategy.time-risk_reward_ratio.one-bounce": 0.0007320901495404541,
    "HRA Strategy.resources-risk_reward_ratio.one-bounce": 0.0015062703751027584,
    "HRA Strategy.resources-system.take-the-best": 0.001017210423015058,
    "HRA Strategy.risk_reward_ratio-system.one-bounce": 0.0013330065412446856,
    "HRA Strategy.time-resources-risk_reward_ratio-system.one-bounce": 0.0002984846360050142,
    "Take-The-Best Priority": 0.00974251888692379,
    "Satisfactory Priority": 0.0006165194208733737,
    "pDeath": 0.0013198847882449627,
    "pBrainInjury": 0.0004886335227638483,
    "pAirwayBlocked": 0.00164097361266613,
    "pInternalBleeding": 0.0002500866539776325,
    "entropyDeath": 0.0017673594411462545,
    "SEVERITY": 0.03808034211397171,
    "SUPPLIES_REMAINING": 0.0005318181356415153,
    "AVERAGE_TIME_USED": 0.019331518560647964,
    "DAMAGE_PER_SECOND": 0.003502089995890856,
    "SEVERITY_CHANGE": 0.0656702071428299,
    "SUPPLIES_USED": 0.18771660327911377,
    "SEVEREST_SEVERITY": 0.08214828372001648,
    "WEIGHTED_RESOURCE_SCORE": 0.00024345760175492615,
    "SMOL_MEDICAL_SOUNDNESS": 0.0010913209989666939,
    "treatment": 0.001806057058274746
}