{
    "intent": 0.01127264741808176,
    "directness_of_causality": 0.22301259636878967,
    "treating": 0.6183973550796509,
    "treatment": 0.11252586543560028,
    "HRA Strategy.time-resources.take-the-best": 0.012270047329366207,
    "Take-The-Best Priority": 0.005557425320148468,
    "Satisfactory Priority": 0.005862646736204624,
    "entropyDeath": 0.004515552893280983,
    "AVERAGE_TIME_USED": 0.006585747469216585
}