{
    "age": 0.0019698762334883213,
    "tagged": 0.22519779205322266,
    "conscious": 0.06279630959033966,
    "breathing": 0.006526613142341375,
    "hrpmin": 0.004623492248356342,
    "avpu": 0.03454148769378662,
    "category": 0.07537217438220978,
    "One-Bounce Priority": 0.0015698150964453816,
    "pPain": 0.158982515335083,
    "entropyDeath": 0.003305494785308838,
    "SEVERITY": 0.09860305488109589,
    "SUPPLIES_REMAINING": 0.01033354178071022,
    "AVERAGE_TIME_USED": 0.17479023337364197,
    "DAMAGE_PER_SECOND": 0.04877355694770813,
    "MEDSIM_P_DEATH_ONE_MIN_LATER": 0.035543546080589294,
    "WEIGHTED_RESOURCE_SCORE": 0.01103873923420906,
    "treatment": 0.046031758189201355
}