{
    "age": 0.024512430652976036,
    "tagged": 0.06565260142087936,
    "breathing": 0.0149796511977911,
    "hrpmin": 0.02939649298787117,
    "unvisited_count": 0.03429029509425163,
    "environment_type": 0.008608939126133919,
    "questioning": 0.24270981550216675,
    "assessing": 0.18927715718746185,
    "treating": 0.009209474548697472,
    "tagging": 0.1272439807653427,
    "One-Bounce Priority": 0.051513202488422394,
    "pDeath": 0.00648265378549695,
    "pPain": 0.012127947062253952,
    "pBrainInjury": 0.0073991999961435795,
    "pAirwayBlocked": 0.017997682094573975,
    "pInternalBleeding": 0.018209388479590416,
    "pExternalBleeding": 0.02057570405304432,
    "entropy": 0.011485354043543339,
    "SEVERITY": 0.009112264961004257,
    "AVERAGE_TIME_USED": 0.013896009884774685,
    "WEIGHTED_RESOURCE_SCORE": 0.018001236021518707,
    "treatment": 0.05023038387298584,
    "category": 0.01708817109465599
}