{
    "assessing": 0.683277428150177,
    "treatment": 0.3167225122451782
}