{
    "tagged": 0.0241811852902174,
    "injured_count": 0.02829129993915558,
    "questioning": 0.31866514682769775,
    "assessing": 0.44464361667633057,
    "tagging": 0.099110908806324,
    "AVERAGE_TIME_USED": 0.016062550246715546,
    "treatment": 0.06904523819684982
}