{
    "age": 0.012150801718235016,
    "tagged": 0.014556271955370903,
    "breathing": 0.012435488402843475,
    "hrpmin": 0.048545952886343,
    "questioning": 0.20766161382198334,
    "assessing": 0.23915810883045197,
    "treating": 0.010571558028459549,
    "tagging": 0.1280808448791504,
    "Satisfactory Priority": 0.04873897507786751,
    "One-Bounce Priority": 0.05692385882139206,
    "pPain": 0.011167577467858791,
    "pExternalBleeding": 0.014160709455609322,
    "entropy": 0.013968348503112793,
    "AVERAGE_TIME_USED": 0.03320636227726936,
    "MEDSIM_P_DEATH": 0.018008386716246605,
    "INFORMATION_GAINED": 0.05193560943007469,
    "treatment": 0.06363097578287125,
    "category": 0.015098623931407928
}