{
    "breathing": 0.04612340033054352,
    "intent": 0.03976553678512573,
    "directness_of_causality": 0.18226855993270874,
    "aid_available": 0.1647641509771347,
    "treating": 0.28491249680519104,
    "HRA Strategy.time-resources.take-the-best": 0.0059102987870574,
    "HRA Strategy.resources-risk_reward_ratio.one-bounce": 0.030343594029545784,
    "HRA Strategy.resources-system.take-the-best": 0.02723987028002739,
    "HRA Strategy.risk_reward_ratio-system.one-bounce": 0.0015451561193913221,
    "HRA Strategy.resources-risk_reward_ratio-system.one-bounce": 0.0007125629927031696,
    "HRA Strategy.time-resources-risk_reward_ratio-system.one-bounce": 0.0004010785778518766,
    "Satisfactory Priority": 0.001082474598661065,
    "One-Bounce Priority": 0.0004274693492334336,
    "pBrainInjury": 0.00041103808325715363,
    "pAirwayBlocked": 0.0004911134019494057,
    "entropyDeath": 0.0007018482428975403,
    "SEVERITY": 0.001583156525157392,
    "SUPPLIES_REMAINING": 0.0015093066031113267,
    "AVERAGE_TIME_USED": 0.012185106053948402,
    "DAMAGE_PER_SECOND": 0.0005959299742244184,
    "MEDSIM_P_DEATH": 0.00038085892447270453,
    "SUPPLIES_USED": 0.19516004621982574,
    "SEVEREST_SEVERITY_CHANGE": 0.0006305577117018402,
    "WEIGHTED_RESOURCE_SCORE": 0.0008543322910554707
}