{
    "conscious": 0.0058939107693731785,
    "mental_status": 0.000999849638901651,
    "breathing": 0.001106642303057015,
    "avpu": 9.368376595375594e-06,
    "intent": 0.12590870261192322,
    "directness_of_causality": 0.06513375043869019,
    "aid_available": 0.06579728424549103,
    "treating": 0.1026613861322403,
    "HRA Strategy.time-resources.take-the-best": 6.942362961126491e-05,
    "HRA Strategy.time-risk_reward_ratio.take-the-best": 0.0002949800400529057,
    "HRA Strategy.resources-system.take-the-best": 0.00010451749403728172,
    "HRA Strategy.risk_reward_ratio-system.one-bounce": 0.0009888767963275313,
    "HRA Strategy.resources-risk_reward_ratio-system.one-bounce": 0.0005913333152420819,
    "HRA Strategy.time-resources-risk_reward_ratio-system.one-bounce": 0.00013895069423597306,
    "Take-The-Best Priority": 0.0006013574893586338,
    "pDeath": 2.5481447664787993e-05,
    "pPain": 8.119295671349391e-06,
    "pBrainInjury": 1.5216881365631707e-05,
    "pAirwayBlocked": 0.00016354932449758053,
    "pExternalBleeding": 4.679884295910597e-05,
    "entropy": 7.872149581089616e-06,
    "SEVERITY": 0.019211215898394585,
    "SUPPLIES_REMAINING": 0.0004218623216729611,
    "AVERAGE_TIME_USED": 0.013240210711956024,
    "DAMAGE_PER_SECOND": 0.0009169796830974519,
    "MEDSIM_P_DEATH_ONE_MIN_LATER": 0.36930978298187256,
    "SEVERITY_CHANGE": 6.426296749850735e-05,
    "SUPPLIES_USED": 0.11117202043533325,
    "SEVEREST_SEVERITY": 3.937972360290587e-05,
    "SEVEREST_SEVERITY_CHANGE": 0.00039893059874884784,
    "WEIGHTED_RESOURCE_SCORE": 5.532264185603708e-05,
    "SMOL_MEDICAL_SOUNDNESS": 0.11138065904378891,
    "treatment": 0.0032219577115029097
}