{
    "tagged": 0.012816926464438438,
    "conscious": 0.0024308301508426666,
    "breathing": 0.023091314360499382,
    "intent": 0.12952402234077454,
    "directness_of_causality": 0.03075445629656315,
    "aid_available": 0.04424717277288437,
    "treating": 0.10798892378807068,
    "pInternalBleeding": 0.011199233122169971,
    "pExternalBleeding": 0.006251991726458073,
    "entropyDeath": 0.0010627940064296126,
    "SEVERITY": 0.007189185358583927,
    "SUPPLIES_REMAINING": 0.00497029721736908,
    "AVERAGE_TIME_USED": 0.010339025408029556,
    "MEDSIM_P_DEATH_ONE_MIN_LATER": 0.3722084164619446,
    "SUPPLIES_USED": 0.057670772075653076,
    "SEVEREST_SEVERITY": 0.0008210184751078486,
    "SEVEREST_SEVERITY_CHANGE": 0.022680014371871948,
    "SMOL_MEDICAL_SOUNDNESS": 0.15475359559059143
}