{
    "breathing": 0.04152865707874298,
    "intent": 0.22066904604434967,
    "directness_of_causality": 0.06707235425710678,
    "injured_count": 0.2050323486328125,
    "treating": 0.3973172605037689,
    "pBrainInjury": 0.022649714723229408,
    "SUPPLIES_USED": 0.04573056846857071
}