{
    "age": 0.2552871108055115,
    "tagged": 0.6705695390701294,
    "treatment": 0.07414327561855316
}