{
    "age": 0.006243366748094559,
    "tagged": 0.028494656085968018,
    "breathing": 0.007951933890581131,
    "unvisited_count": 0.014630027115345001,
    "injured_count": 0.01459956169128418,
    "questioning": 0.18375851213932037,
    "assessing": 0.16749131679534912,
    "tagging": 0.21264192461967468,
    "leaving": 0.17495155334472656,
    "HRA Strategy.time-resources.take-the-best": 0.002611960517242551,
    "Satisfactory Priority": 0.0057040187530219555,
    "One-Bounce Priority": 0.024152416735887527,
    "pDeath": 0.00304695894010365,
    "pPain": 0.004143719561398029,
    "pBrainInjury": 0.0030623413622379303,
    "pAirwayBlocked": 0.004980276804417372,
    "pInternalBleeding": 0.006422186736017466,
    "pExternalBleeding": 0.012228500097990036,
    "entropy": 0.008891046047210693,
    "entropyDeath": 0.030291065573692322,
    "AVERAGE_TIME_USED": 0.005154597572982311,
    "MEDSIM_P_DEATH": 0.007171424105763435,
    "MEDSIM_P_DEATH_ONE_MIN_LATER": 0.0014092173660174012,
    "INFORMATION_GAINED": 0.022480446845293045,
    "treatment": 0.0382331945002079,
    "category": 0.009253843687474728
}