{
    "age": 0.016632767394185066,
    "tagged": 0.053468260914087296,
    "visited": 0.008883045986294746,
    "conscious": 0.0020766824018210173,
    "breathing": 0.011710028164088726,
    "hrpmin": 0.0313844308257103,
    "unvisited_count": 0.06680197268724442,
    "environment_type": 0.008084189146757126,
    "questioning": 0.1910104602575302,
    "assessing": 0.18212051689624786,
    "treating": 0.023593956604599953,
    "tagging": 0.14689652621746063,
    "HRA Strategy.time-resources.take-the-best": 0.002156744943931699,
    "HRA Strategy.time-risk_reward_ratio.take-the-best": 0.0029484943952411413,
    "HRA Strategy.time-system.exhaustive": 0.005070132669061422,
    "HRA Strategy.resources-risk_reward_ratio.one-bounce": 0.0009497883729636669,
    "HRA Strategy.resources-system.exhaustive": 0.0011455034837126732,
    "One-Bounce Priority": 0.037345074117183685,
    "pDeath": 0.00593791576102376,
    "pPain": 0.017009856179356575,
    "pBrainInjury": 0.00598267512395978,
    "pAirwayBlocked": 0.01897352561354637,
    "pInternalBleeding": 0.014991656877100468,
    "pExternalBleeding": 0.012281304225325584,
    "entropy": 0.007731542456895113,
    "entropyDeath": 0.003490156028419733,
    "SEVERITY": 0.008897479623556137,
    "AVERAGE_TIME_USED": 0.01009699422866106,
    "MEDSIM_P_DEATH": 0.005445781163871288,
    "MEDSIM_P_DEATH_ONE_MIN_LATER": 0.0012162865605205297,
    "SEVEREST_SEVERITY": 0.005323667079210281,
    "WEIGHTED_RESOURCE_SCORE": 0.011084343306720257,
    "SMOL_MEDICAL_SOUNDNESS": 0.010552160441875458,
    "INFORMATION_GAINED": 0.008546478115022182,
    "treatment": 0.04808199405670166,
    "category": 0.012077621184289455
}