{
    "age": 0.029184121638536453,
    "questioning": 0.19362379610538483,
    "tagging": 0.6092157363891602,
    "HRA Strategy.time-resources.take-the-best": 0.07926641404628754,
    "DAMAGE_PER_SECOND": 0.08870989829301834
}