{
    "age": 0.01251896657049656,
    "tagged": 0.036707740277051926,
    "visited": 0.006898090243339539,
    "conscious": 0.012042438611388206,
    "breathing": 0.012813900597393513,
    "hrpmin": 0.009312493726611137,
    "avpu": 0.0012515501584857702,
    "unvisited_count": 0.011427180841565132,
    "injured_count": 0.01028570719063282,
    "environment_type": 0.004964337218552828,
    "questioning": 0.10769526660442352,
    "assessing": 0.1537514477968216,
    "tagging": 0.25924158096313477,
    "leaving": 0.11986719816923141,
    "category": 0.007621674798429012,
    "HRA Strategy.time-resources.take-the-best": 0.0026639632415026426,
    "HRA Strategy.time-system.exhaustive": 0.0016285991296172142,
    "HRA Strategy.resources-system.exhaustive": 0.003809199435636401,
    "Satisfactory Priority": 0.003745708614587784,
    "One-Bounce Priority": 0.010712329298257828,
    "pDeath": 0.01271821092814207,
    "pPain": 0.004083588253706694,
    "pBrainInjury": 0.007961255498230457,
    "pAirwayBlocked": 0.0025388437788933516,
    "pInternalBleeding": 0.018741225823760033,
    "pExternalBleeding": 0.009133257903158665,
    "entropy": 0.006749133579432964,
    "entropyDeath": 0.016273610293865204,
    "SEVERITY": 0.0038933889009058475,
    "SUPPLIES_REMAINING": 0.0015820779372006655,
    "AVERAGE_TIME_USED": 0.0035404947120696306,
    "DAMAGE_PER_SECOND": 0.0013588443398475647,
    "MEDSIM_P_DEATH": 0.02078752964735031,
    "MEDSIM_P_DEATH_ONE_MIN_LATER": 0.013937834650278091,
    "WEIGHTED_RESOURCE_SCORE": 0.012889883480966091,
    "SMOL_MEDICAL_SOUNDNESS": 0.004393602721393108,
    "INFORMATION_GAINED": 0.03041117452085018,
    "treatment": 0.040046777576208115
}