{
    "tagged": 0.0002008250739891082,
    "mental_status": 0.001914098160341382,
    "intent": 0.0005120875430293381,
    "directness_of_causality": 0.20382057130336761,
    "treating": 0.13751080632209778,
    "treatment": 0.0013454601867124438,
    "HRA Strategy.time-resources-system.one-bounce": 0.004273278173059225,
    "Take-The-Best Priority": 0.0001640570699237287,
    "SEVERITY": 0.07515742629766464,
    "SUPPLIES_REMAINING": 0.0011048795422539115,
    "AVERAGE_TIME_USED": 0.00048566918121650815,
    "DAMAGE_PER_SECOND": 0.0014260021271184087,
    "SEVERITY_CHANGE": 0.3516436517238617,
    "SUPPLIES_USED": 0.0006731979083269835,
    "WEIGHTED_RESOURCE_SCORE": 0.0007884360384196043,
    "SMOL_MEDICAL_SOUNDNESS": 0.21897953748703003
}