{
    "age": 0.007330964785069227,
    "tagged": 0.023556308820843697,
    "visited": 0.002340164501219988,
    "breathing": 0.008607281371951103,
    "unvisited_count": 0.015190478414297104,
    "injured_count": 0.020010625943541527,
    "questioning": 0.22494342923164368,
    "assessing": 0.18780246376991272,
    "tagging": 0.11861728876829147,
    "leaving": 0.18638183176517487,
    "Satisfactory Priority": 0.004822517279535532,
    "One-Bounce Priority": 0.03458614647388458,
    "pDeath": 0.0029870374128222466,
    "pPain": 0.004906856920570135,
    "pBrainInjury": 0.005464105401188135,
    "pAirwayBlocked": 0.003660158719867468,
    "pInternalBleeding": 0.007087784819304943,
    "pExternalBleeding": 0.010069102980196476,
    "entropy": 0.009143966250121593,
    "entropyDeath": 0.028154170140624046,
    "SEVERITY": 0.003446579445153475,
    "AVERAGE_TIME_USED": 0.0033079995773732662,
    "MEDSIM_P_DEATH": 0.003651477163657546,
    "SEVEREST_SEVERITY": 0.002806346630677581,
    "INFORMATION_GAINED": 0.03341638296842575,
    "treatment": 0.03828888759016991,
    "category": 0.009419666603207588
}