{
    "age": 0.022100774571299553,
    "tagged": 0.051469460129737854,
    "unvisited_count": 0.03690694272518158,
    "injured_count": 0.009639130905270576,
    "environment_type": 0.010741903446614742,
    "questioning": 0.15280085802078247,
    "assessing": 0.22725221514701843,
    "treating": 0.014837228693068027,
    "tagging": 0.11984287202358246,
    "category": 0.013396209105849266,
    "One-Bounce Priority": 0.0615597739815712,
    "pDeath": 0.005083523225039244,
    "pPain": 0.01059326995164156,
    "pAirwayBlocked": 0.027791712433099747,
    "pInternalBleeding": 0.011385342106223106,
    "pExternalBleeding": 0.023020964115858078,
    "entropy": 0.0054534850642085075,
    "entropyDeath": 0.012080076150596142,
    "SEVERITY": 0.007529783993959427,
    "AVERAGE_TIME_USED": 0.015638796612620354,
    "DAMAGE_PER_SECOND": 0.009920604526996613,
    "SEVEREST_SEVERITY_CHANGE": 0.048438407480716705,
    "WEIGHTED_RESOURCE_SCORE": 0.017643293365836143,
    "INFORMATION_GAINED": 0.03899548202753067,
    "treatment": 0.04587787017226219
}