{
    "age": 0.009495113976299763,
    "tagged": 0.02495921216905117,
    "breathing": 0.006132474634796381,
    "unvisited_count": 0.011605348438024521,
    "injured_count": 0.018405761569738388,
    "questioning": 0.23729415237903595,
    "assessing": 0.2341877818107605,
    "tagging": 0.10748443007469177,
    "leaving": 0.19805745780467987,
    "One-Bounce Priority": 0.03628008812665939,
    "pPain": 0.006068825256079435,
    "pInternalBleeding": 0.004426025785505772,
    "pExternalBleeding": 0.006498217117041349,
    "entropy": 0.009299252182245255,
    "AVERAGE_TIME_USED": 0.005755299236625433,
    "MEDSIM_P_DEATH": 0.006582607980817556,
    "INFORMATION_GAINED": 0.033153828233480453,
    "treatment": 0.03333328291773796,
    "category": 0.010980813764035702
}