{
    "conscious": 0.00056602549739182,
    "mental_status": 0.0021934984251856804,
    "breathing": 0.0011667509097605944,
    "avpu": 0.01206756941974163,
    "intent": 0.09673900902271271,
    "directness_of_causality": 0.08552306145429611,
    "aid_available": 0.06228930503129959,
    "treating": 0.1003783568739891,
    "HRA Strategy.time-resources.take-the-best": 0.001304946606978774,
    "HRA Strategy.time-risk_reward_ratio.one-bounce": 0.0002507802564650774,
    "HRA Strategy.resources-risk_reward_ratio.one-bounce": 0.00048502953723073006,
    "HRA Strategy.resources-system.take-the-best": 0.0006163266371004283,
    "HRA Strategy.risk_reward_ratio-system.one-bounce": 0.000888960377778858,
    "HRA Strategy.time-resources-system.tallying": 0.0007868028478696942,
    "HRA Strategy.resources-risk_reward_ratio-system.one-bounce": 0.0009651713771745563,
    "pPain": 0.0011111090425401926,
    "pAirwayBlocked": 0.020564312115311623,
    "pInternalBleeding": 0.016337644308805466,
    "entropy": 0.019238652661442757,
    "SEVERITY": 0.03387986496090889,
    "SUPPLIES_REMAINING": 0.0010067276889458299,
    "AVERAGE_TIME_USED": 0.011112847365438938,
    "DAMAGE_PER_SECOND": 0.02761080116033554,
    "SUPPLIES_USED": 0.09333466738462448,
    "SEVEREST_SEVERITY": 0.034378279000520706,
    "WEIGHTED_RESOURCE_SCORE": 0.01770518347620964,
    "SMOL_MEDICAL_SOUNDNESS": 0.2867402136325836,
    "treatment": 0.07075799256563187
}