{
    "tagged": 0.015841230750083923,
    "hrpmin": 0.004892094060778618,
    "injured_count": 0.021128542721271515,
    "questioning": 0.31346559524536133,
    "assessing": 0.28581932187080383,
    "tagging": 0.1219014897942543,
    "leaving": 0.1560816913843155,
    "One-Bounce Priority": 0.01701156049966812,
    "INFORMATION_GAINED": 0.032986465841531754,
    "treatment": 0.01648559421300888,
    "category": 0.01438642106950283
}