{
    "age": 0.006416790187358856,
    "tagged": 0.02002154290676117,
    "visited": 0.0075963507406413555,
    "breathing": 0.008530957624316216,
    "unvisited_count": 0.012361078523099422,
    "injured_count": 0.0200031828135252,
    "questioning": 0.14186759293079376,
    "assessing": 0.18431852757930756,
    "tagging": 0.17855051159858704,
    "leaving": 0.26820066571235657,
    "HRA Strategy.time-resources.take-the-best": 0.0051363990642130375,
    "Satisfactory Priority": 0.005626298952847719,
    "One-Bounce Priority": 0.02615131065249443,
    "pPain": 0.005363184027373791,
    "pExternalBleeding": 0.010672049596905708,
    "entropy": 0.0038843355141580105,
    "entropyDeath": 0.005646503530442715,
    "SEVERITY": 0.006513258442282677,
    "AVERAGE_TIME_USED": 0.003508014604449272,
    "MEDSIM_P_DEATH": 0.011695378459990025,
    "WEIGHTED_RESOURCE_SCORE": 0.010087450034916401,
    "INFORMATION_GAINED": 0.01051082368940115,
    "treatment": 0.03842250630259514,
    "category": 0.008915296755731106
}