{
    "age": 0.005563077051192522,
    "tagged": 0.042132165282964706,
    "visited": 0.0017399103380739689,
    "conscious": 0.0011427949648350477,
    "breathing": 0.005314971785992384,
    "hrpmin": 0.0031092518474906683,
    "avpu": 0.00435940595343709,
    "unvisited_count": 0.005502470303326845,
    "injured_count": 0.012623246759176254,
    "environment_type": 0.0011726547963917255,
    "questioning": 0.16295664012432098,
    "assessing": 0.20027658343315125,
    "tagging": 0.15829399228096008,
    "leaving": 0.22915631532669067,
    "HRA Strategy.time-resources.take-the-best": 0.0025288762990385294,
    "HRA Strategy.time-system.exhaustive": 0.0027352306060492992,
    "HRA Strategy.resources-system.exhaustive": 0.0026445079129189253,
    "One-Bounce Priority": 0.023681780323386192,
    "pDeath": 0.005028834566473961,
    "pPain": 0.005243232939392328,
    "pBrainInjury": 0.003890530439093709,
    "pAirwayBlocked": 0.003054941538721323,
    "pInternalBleeding": 0.005174643360078335,
    "pExternalBleeding": 0.008801321499049664,
    "entropy": 0.004098186269402504,
    "entropyDeath": 0.008848409168422222,
    "SEVERITY": 0.00195230299141258,
    "AVERAGE_TIME_USED": 0.0033256895840168,
    "MEDSIM_P_DEATH": 0.005172030068933964,
    "MEDSIM_P_DEATH_ONE_MIN_LATER": 0.002025831025093794,
    "INFORMATION_GAINED": 0.03986578807234764,
    "treatment": 0.0329781100153923,
    "category": 0.005606306251138449
}