{
    "questioning": 0.46315115690231323,
    "assessing": 0.5368488430976868
}