{
    "age": 0.009910519234836102,
    "tagged": 0.03543074429035187,
    "visited": 0.00270228018052876,
    "breathing": 0.006660171784460545,
    "unvisited_count": 0.006554019171744585,
    "injured_count": 0.014341559261083603,
    "environment_type": 0.00198157480917871,
    "questioning": 0.14939142763614655,
    "assessing": 0.1525900810956955,
    "tagging": 0.13835379481315613,
    "leaving": 0.30482178926467896,
    "HRA Strategy.time-system.exhaustive": 0.002881577704101801,
    "Satisfactory Priority": 0.003818951081484556,
    "One-Bounce Priority": 0.024759825319051743,
    "pDeath": 0.0035165180452167988,
    "pPain": 0.005457266233861446,
    "pBrainInjury": 0.004648401401937008,
    "pAirwayBlocked": 0.004515022970736027,
    "pInternalBleeding": 0.0067220753990113735,
    "pExternalBleeding": 0.007662092801183462,
    "entropy": 0.00688576465472579,
    "entropyDeath": 0.01049631554633379,
    "SEVERITY": 0.0022745621390640736,
    "AVERAGE_TIME_USED": 0.005799274891614914,
    "MEDSIM_P_DEATH": 0.011288183741271496,
    "MEDSIM_P_DEATH_ONE_MIN_LATER": 0.0021163185592740774,
    "WEIGHTED_RESOURCE_SCORE": 0.0020122930873185396,
    "INFORMATION_GAINED": 0.03385758027434349,
    "treatment": 0.03176001086831093,
    "category": 0.006790104787796736
}