{
    "age": 0.00952764693647623,
    "tagged": 0.022896047681570053,
    "hrpmin": 0.01924235187470913,
    "injured_count": 0.02347833290696144,
    "questioning": 0.365419864654541,
    "assessing": 0.29685115814208984,
    "tagging": 0.13118994235992432,
    "One-Bounce Priority": 0.030372168868780136,
    "entropyDeath": 0.00945051945745945,
    "SEVERITY": 0.008601573295891285,
    "INFORMATION_GAINED": 0.03340943530201912,
    "treatment": 0.03678424283862114,
    "category": 0.012776634655892849
}