{
    "age": 0.012503542937338352,
    "tagged": 0.021143147721886635,
    "breathing": 0.0032131338957697153,
    "avpu": 0.00675559975206852,
    "injured_count": 0.010743455030024052,
    "environment_type": 0.013509225100278854,
    "questioning": 0.16589654982089996,
    "assessing": 0.13489480316638947,
    "tagging": 0.1053340807557106,
    "leaving": 0.41709214448928833,
    "category": 0.0048338016495108604,
    "Satisfactory Priority": 0.00680279778316617,
    "One-Bounce Priority": 0.006267534103244543,
    "pDeath": 0.01216700579971075,
    "pPain": 0.007256810087710619,
    "pBrainInjury": 0.005472937133163214,
    "pInternalBleeding": 0.009338180534541607,
    "SUPPLIES_REMAINING": 0.005262195132672787,
    "AVERAGE_TIME_USED": 0.011131134815514088,
    "MEDSIM_P_DEATH_ONE_MIN_LATER": 0.004323362838476896,
    "INFORMATION_GAINED": 0.008532215841114521,
    "treatment": 0.027526335790753365
}