{
    "tagged": 0.0021783728152513504,
    "breathing": 0.013625061139464378,
    "avpu": 0.00031635139021091163,
    "intent": 0.027006957679986954,
    "directness_of_causality": 0.16652679443359375,
    "aid_available": 0.15431874990463257,
    "treating": 0.3726698160171509,
    "HRA Strategy.risk_reward_ratio-system.one-bounce": 0.002462357748299837,
    "HRA Strategy.resources-risk_reward_ratio-system.one-bounce": 0.0006519086309708655,
    "HRA Strategy.time-resources-risk_reward_ratio-system.one-bounce": 0.0005176116828806698,
    "Take-The-Best Priority": 0.00021278591884765774,
    "Satisfactory Priority": 0.0023174609523266554,
    "pPain": 0.00020481999672483653,
    "pBrainInjury": 0.00016090870485641062,
    "SEVERITY": 0.0004867991665378213,
    "SUPPLIES_REMAINING": 0.03277028352022171,
    "AVERAGE_TIME_USED": 0.005176394712179899,
    "DAMAGE_PER_SECOND": 0.00017542163550388068,
    "SEVERITY_CHANGE": 0.0003065859491471201,
    "SUPPLIES_USED": 0.2073465883731842,
    "SEVEREST_SEVERITY": 0.00019105494720861316,
    "SEVEREST_SEVERITY_CHANGE": 0.0011557809775695205,
    "WEIGHTED_RESOURCE_SCORE": 0.0015344752464443445,
    "treatment": 0.007686681114137173
}