{
    "intent": 0.02442483976483345,
    "directness_of_causality": 0.19519124925136566,
    "aid_available": 0.16900156438350677,
    "treating": 0.3031702935695648,
    "HRA Strategy.time-resources.take-the-best": 0.009581347927451134,
    "HRA Strategy.resources-system.take-the-best": 0.024858223274350166,
    "HRA Strategy.risk_reward_ratio-system.one-bounce": 0.0016090183053165674,
    "HRA Strategy.time-resources-system.one-bounce": 0.0007276025135070086,
    "HRA Strategy.resources-risk_reward_ratio-system.one-bounce": 0.0010732224909588695,
    "HRA Strategy.time-resources-risk_reward_ratio-system.one-bounce": 0.00030867228633724153,
    "Take-The-Best Priority": 0.0004750773950945586,
    "Satisfactory Priority": 0.001286739599891007,
    "pDeath": 0.06599060446023941,
    "pAirwayBlocked": 0.00026697831344790757,
    "SEVERITY": 0.012942731380462646,
    "SUPPLIES_REMAINING": 0.016133055090904236,
    "AVERAGE_TIME_USED": 0.002158528193831444,
    "SUPPLIES_USED": 0.17008905112743378,
    "SMOL_MEDICAL_SOUNDNESS": 0.0002932461502496153,
    "treatment": 0.00041786738438531756
}