{
    "age": 0.03331395983695984,
    "tagged": 0.03374243900179863,
    "visited": 0.017962351441383362,
    "breathing": 0.010036157444119453,
    "hrpmin": 0.01837257109582424,
    "unvisited_count": 0.01665033958852291,
    "environment_type": 0.0165881160646677,
    "questioning": 0.10669220238924026,
    "assessing": 0.11294973641633987,
    "tagging": 0.11299452185630798,
    "leaving": 0.30381226539611816,
    "One-Bounce Priority": 0.06615026295185089,
    "pDeath": 0.012442538514733315,
    "pPain": 0.016721589490771294,
    "pBrainInjury": 0.01510520838201046,
    "entropy": 0.015368688851594925,
    "AVERAGE_TIME_USED": 0.012936560437083244,
    "WEIGHTED_RESOURCE_SCORE": 0.01033399160951376,
    "treatment": 0.04317695274949074,
    "category": 0.024649545550346375
}