{
    "aid_available": 0.04466813802719116,
    "treating": 0.4193417429924011,
    "SEVERITY": 0.013083389028906822,
    "AVERAGE_TIME_USED": 0.0007553460891358554,
    "SUPPLIES_USED": 0.0674615427851677,
    "SEVEREST_SEVERITY": 0.0008218109724111855,
    "HRA Strategy.time-system.satisfactory": 0.0070822834968566895,
    "mental_status": 0.014186868444085121,
    "HRA Strategy.resources-risk_reward_ratio-system.satisfactory": 0.0032982693519443274,
    "HRA Strategy.time-resources-system.one-bounce": 0.0009199688211083412,
    "pDeath": 0.09560200572013855,
    "HRA Strategy.resources-risk_reward_ratio.one-bounce": 0.002542132046073675,
    "HRA Strategy.risk_reward_ratio-system.one-bounce": 0.001083964016288519,
    "intent": 0.02648720145225525,
    "breathing": 0.0005288398824632168,
    "treatment": 0.00039492204086855054,
    "entropyDeath": 0.06690949946641922,
    "directness_of_causality": 0.21184737980365753,
    "pBrainInjury": 0.022609803825616837,
    "HRA Strategy.resources-risk_reward_ratio-system.one-bounce": 0.0003748942108359188
}