{
    "tagged": 0.01657227799296379,
    "breathing": 0.013944697566330433,
    "intent": 0.14537174999713898,
    "directness_of_causality": 0.09765352308750153,
    "aid_available": 0.03217029199004173,
    "treating": 0.15390342473983765,
    "HRA Strategy.time-resources.take-the-best": 0.002483076648786664,
    "HRA Strategy.time-resources.one-bounce": 0.018463948741555214,
    "HRA Strategy.time-risk_reward_ratio.one-bounce": 0.007482146844267845,
    "HRA Strategy.resources-risk_reward_ratio.one-bounce": 0.08796229958534241,
    "HRA Strategy.resources-system.take-the-best": 0.06099732220172882,
    "entropyDeath": 0.006728833075612783,
    "SEVERITY": 0.0018945507472380996,
    "AVERAGE_TIME_USED": 0.01946597918868065,
    "SUPPLIES_USED": 0.1250734180212021,
    "SMOL_MEDICAL_SOUNDNESS": 0.20983244478702545
}