{
    "age": 0.01861250400543213,
    "tagged": 0.04350646957755089,
    "visited": 0.0013786571798846126,
    "breathing": 0.006295513827353716,
    "hrpmin": 0.0031452879775315523,
    "unvisited_count": 0.023127993568778038,
    "injured_count": 0.033537618815898895,
    "environment_type": 0.016998570412397385,
    "questioning": 0.1220579445362091,
    "assessing": 0.18915005028247833,
    "tagging": 0.19337673485279083,
    "category": 0.015527750365436077,
    "HRA Strategy.time-resources.take-the-best": 0.002005077200010419,
    "HRA Strategy.time-system.tallying": 0.0017782725626602769,
    "HRA Strategy.resources-system.exhaustive": 0.01239725947380066,
    "Satisfactory Priority": 0.0027538782451301813,
    "One-Bounce Priority": 0.06717349588871002,
    "pDeath": 0.016853727400302887,
    "pPain": 0.008882482536137104,
    "pBrainInjury": 0.002402240876108408,
    "pAirwayBlocked": 0.03427766636013985,
    "entropy": 0.00331630976870656,
    "entropyDeath": 0.0035891628358513117,
    "SEVERITY": 0.0037794027011841536,
    "AVERAGE_TIME_USED": 0.009776520542800426,
    "DAMAGE_PER_SECOND": 0.003110324963927269,
    "SEVERITY_CHANGE": 0.002430787542834878,
    "WEIGHTED_RESOURCE_SCORE": 0.041754767298698425,
    "INFORMATION_GAINED": 0.06804109364748001,
    "treatment": 0.04896239563822746
}