{
    "age": 0.004073113668709993,
    "tagged": 0.02253793366253376,
    "visited": 0.0004486850230023265,
    "conscious": 0.0012167281238362193,
    "breathing": 0.0040296753868460655,
    "hrpmin": 0.0025481877382844687,
    "avpu": 0.0016375486738979816,
    "unvisited_count": 0.0027114355470985174,
    "injured_count": 0.007651188876479864,
    "environment_type": 0.001807134016416967,
    "questioning": 0.10148300975561142,
    "assessing": 0.12071186304092407,
    "tagging": 0.12277480959892273,
    "leaving": 0.5077879428863525,
    "HRA Strategy.time-resources.take-the-best": 0.0014253297122195363,
    "HRA Strategy.time-risk_reward_ratio.take-the-best": 0.0030610929243266582,
    "HRA Strategy.time-system.exhaustive": 0.00096825638320297,
    "Satisfactory Priority": 0.0041051506996154785,
    "One-Bounce Priority": 0.009826370514929295,
    "pDeath": 0.0012746000429615378,
    "pPain": 0.007258739788085222,
    "pBrainInjury": 0.002359294332563877,
    "pAirwayBlocked": 0.0034629004076123238,
    "pInternalBleeding": 0.004095153417438269,
    "pExternalBleeding": 0.004486062563955784,
    "entropy": 0.010046782903373241,
    "entropyDeath": 0.0006635969039052725,
    "SEVERITY": 0.0015362140256911516,
    "AVERAGE_TIME_USED": 0.005740295629948378,
    "MEDSIM_P_DEATH": 0.0010149463778361678,
    "SEVEREST_SEVERITY": 0.0008004379342310131,
    "WEIGHTED_RESOURCE_SCORE": 0.0011906091822311282,
    "INFORMATION_GAINED": 0.002588411560282111,
    "treatment": 0.02778707817196846,
    "category": 0.004889399744570255
}