{
    "age": 0.06089521571993828,
    "tagged": 0.024765772745013237,
    "tagging": 0.39924052357673645,
    "SEVERITY": 0.027326861396431923,
    "AVERAGE_TIME_USED": 0.019824596121907234,
    "DAMAGE_PER_SECOND": 0.05675447732210159,
    "SMOL_MEDICAL_SOUNDNESS": 0.09406167268753052,
    "treatment": 0.3171308934688568
}