{
    "conscious": 0.016595883294939995,
    "breathing": 0.05406421422958374,
    "intent": 0.026055047288537025,
    "directness_of_causality": 0.17284077405929565,
    "aid_available": 0.16008847951889038,
    "treating": 0.23669128119945526,
    "HRA Strategy.time-risk_reward_ratio.one-bounce": 0.0007400008616968989,
    "HRA Strategy.resources-risk_reward_ratio.one-bounce": 0.011838932521641254,
    "HRA Strategy.risk_reward_ratio-system.one-bounce": 0.0012053813552483916,
    "HRA Strategy.resources-risk_reward_ratio-system.one-bounce": 0.00082800118252635,
    "HRA Strategy.time-resources-risk_reward_ratio-system.one-bounce": 0.00035276461858302355,
    "Take-The-Best Priority": 0.0004673884832300246,
    "Satisfactory Priority": 0.0008947256137616932,
    "pBrainInjury": 0.0002852866309694946,
    "pAirwayBlocked": 0.0002507707686163485,
    "pInternalBleeding": 0.0002046021108981222,
    "entropyDeath": 0.004191879648715258,
    "SEVERITY": 0.03540691360831261,
    "SUPPLIES_REMAINING": 0.0011103583965450525,
    "AVERAGE_TIME_USED": 0.009255793876945972,
    "SUPPLIES_USED": 0.19302427768707275,
    "SEVEREST_SEVERITY": 0.07161925733089447,
    "SEVEREST_SEVERITY_CHANGE": 0.00012153556599514559,
    "WEIGHTED_RESOURCE_SCORE": 0.000272849079919979,
    "SMOL_MEDICAL_SOUNDNESS": 0.0011243597837164998,
    "treatment": 0.0004692096554208547
}