{
    "age": 0.010212047025561333,
    "tagged": 0.4264899492263794,
    "unvisited_count": 0.06182995066046715,
    "environment_type": 0.007881758734583855,
    "category": 0.019339317455887794,
    "HRA Strategy.time-resources.take-the-best": 0.02531587891280651,
    "One-Bounce Priority": 0.03236399590969086,
    "pPain": 0.011240735650062561,
    "pInternalBleeding": 0.11054730415344238,
    "SEVERITY": 0.012800831347703934,
    "AVERAGE_TIME_USED": 0.12942981719970703,
    "DAMAGE_PER_SECOND": 0.036616161465644836,
    "WEIGHTED_RESOURCE_SCORE": 0.0487445592880249,
    "treatment": 0.06718771159648895
}