{
    "age": 0.01599152758717537,
    "tagged": 0.08027312904596329,
    "visited": 0.21146520972251892,
    "conscious": 0.003178727114573121,
    "breathing": 0.0029326716903597116,
    "avpu": 0.0014146323082968593,
    "unvisited_count": 0.03172077238559723,
    "injured_count": 0.025397488847374916,
    "environment_type": 0.00904235802590847,
    "assessing": 0.1874062418937683,
    "tagging": 0.1819998323917389,
    "category": 0.010020827874541283,
    "HRA Strategy.time-resources.take-the-best": 0.002740363124758005,
    "HRA Strategy.time-system.tallying": 0.0023684795014560223,
    "One-Bounce Priority": 0.02965937927365303,
    "pDeath": 0.014245235361158848,
    "pPain": 0.038963522762060165,
    "pAirwayBlocked": 0.013952292501926422,
    "pInternalBleeding": 0.022119153290987015,
    "pExternalBleeding": 0.011139021255075932,
    "entropy": 0.003553232876583934,
    "entropyDeath": 0.002373608760535717,
    "SEVERITY": 0.004812861327081919,
    "AVERAGE_TIME_USED": 0.006808454170823097,
    "DAMAGE_PER_SECOND": 0.00795544870197773,
    "MEDSIM_P_DEATH": 0.004110087640583515,
    "MEDSIM_P_DEATH_ONE_MIN_LATER": 0.001333920401521027,
    "treatment": 0.07302159070968628
}