{
    "tagged": 0.01668938249349594,
    "hrpmin": 0.005321543198078871,
    "injured_count": 0.023109259083867073,
    "questioning": 0.3335641324520111,
    "assessing": 0.30388787388801575,
    "tagging": 0.11087644845247269,
    "leaving": 0.11384274810552597,
    "One-Bounce Priority": 0.018498387187719345,
    "AVERAGE_TIME_USED": 0.004144116770476103,
    "INFORMATION_GAINED": 0.03096834570169449,
    "treatment": 0.024020489305257797,
    "category": 0.015077250078320503
}