{
    "age": 0.012682601809501648,
    "tagged": 0.03461812064051628,
    "conscious": 0.0008911765762604773,
    "breathing": 0.006638567894697189,
    "hrpmin": 0.0077806636691093445,
    "avpu": 0.00669944379478693,
    "unvisited_count": 0.006160001736134291,
    "others_tagged_or_uninjured": 0.0006428149063140154,
    "environment_type": 0.002911977469921112,
    "questioning": 0.1253460943698883,
    "assessing": 0.1612866073846817,
    "treating": 0.0005761913489550352,
    "tagging": 0.1669187843799591,
    "leaving": 0.25214481353759766,
    "HRA Strategy.time-resources.take-the-best": 0.002507698955014348,
    "HRA Strategy.time-system.exhaustive": 0.012993564829230309,
    "HRA Strategy.time-system.tallying": 0.0016416358994320035,
    "HRA Strategy.resources-risk_reward_ratio.take-the-best": 0.0005869105807505548,
    "HRA Strategy.resources-system.take-the-best": 0.0017187517369166017,
    "HRA Strategy.resources-system.exhaustive": 0.002839392051100731,
    "Take-The-Best Priority": 0.0005941667477600276,
    "Satisfactory Priority": 0.001966289710253477,
    "One-Bounce Priority": 0.028246207162737846,
    "pDeath": 0.006449130363762379,
    "pPain": 0.00919820461422205,
    "pBrainInjury": 0.0028478275053203106,
    "pAirwayBlocked": 0.012106436304748058,
    "pInternalBleeding": 0.009216850623488426,
    "pExternalBleeding": 0.005535230040550232,
    "entropy": 0.007507240865379572,
    "entropyDeath": 0.006953333970159292,
    "SEVERITY": 0.0038612394127994776,
    "SUPPLIES_REMAINING": 0.000666887266561389,
    "AVERAGE_TIME_USED": 0.008694232441484928,
    "DAMAGE_PER_SECOND": 0.0004791707033291459,
    "MEDSIM_P_DEATH": 0.007851849310100079,
    "MEDSIM_P_DEATH_ONE_MIN_LATER": 0.0021710586734116077,
    "SEVERITY_CHANGE": 0.0014017107896506786,
    "SEVEREST_SEVERITY": 0.0007477077888324857,
    "SEVEREST_SEVERITY_CHANGE": 0.003452608361840248,
    "WEIGHTED_RESOURCE_SCORE": 0.003706294344738126,
    "SMOL_MEDICAL_SOUNDNESS": 0.004064096603542566,
    "INFORMATION_GAINED": 0.020148616284132004,
    "treatment": 0.035702839493751526,
    "category": 0.008844866417348385
}