{
    "tagged": 0.028958484530448914,
    "injured_count": 0.06208372861146927,
    "environment_type": 0.01376473717391491,
    "questioning": 0.2504964768886566,
    "assessing": 0.2550337016582489,
    "tagging": 0.11954034119844437,
    "category": 0.01694181188941002,
    "Satisfactory Priority": 0.022996149957180023,
    "One-Bounce Priority": 0.05223457142710686,
    "pAirwayBlocked": 0.009128302335739136,
    "INFORMATION_GAINED": 0.1366644650697708,
    "treatment": 0.03215721622109413
}