{
    "tagged": 0.0009359307587146759,
    "mental_status": 0.00010902340727625415,
    "intent": 0.05981941148638725,
    "directness_of_causality": 0.183096244931221,
    "treating": 0.34389403462409973,
    "HRA Strategy.time-resources.take-the-best": 0.36952832341194153,
    "HRA Strategy.time-risk_reward_ratio.one-bounce": 0.0032607479952275753,
    "Satisfactory Priority": 0.0017251713434234262,
    "pDeath": 0.0001647401077207178,
    "pBrainInjury": 0.017352942377328873,
    "SEVERITY": 0.0010851396946236491,
    "AVERAGE_TIME_USED": 0.0014862518291920424,
    "DAMAGE_PER_SECOND": 0.006825160700827837,
    "SEVERITY_CHANGE": 7.750604709144682e-05,
    "SEVEREST_SEVERITY": 5.8535999414743856e-05,
    "SEVEREST_SEVERITY_CHANGE": 0.0027902498841285706,
    "WEIGHTED_RESOURCE_SCORE": 0.001029711915180087,
    "treatment": 0.006760827731341124
}