age,tagged,visited,relationship,conscious,breathing,hrpmin,avpu,unvisited_count,injured_count,environment_type,questioning,assessing,tagging,leaving,HRA Strategy.time-resources.take-the-best,HRA Strategy.time-risk_reward_ratio.take-the-best,HRA Strategy.time-system.exhaustive,HRA Strategy.time-system.one-bounce,HRA Strategy.resources-system.take-the-best,HRA Strategy.resources-system.exhaustive,HRA Strategy.time-risk_reward_ratio-system.one-bounce,One-Bounce Priority,pDeath,pPain,pBrainInjury,pAirwayBlocked,pInternalBleeding,pExternalBleeding,entropy,entropyDeath,SEVERITY,SUPPLIES_REMAINING,AVERAGE_TIME_USED,DAMAGE_PER_SECOND,MEDSIM_P_DEATH,MEDSIM_P_DEATH_ONE_MIN_LATER,SEVERITY_CHANGE,SEVEREST_SEVERITY,SEVEREST_SEVERITY_CHANGE,WEIGHTED_RESOURCE_SCORE,SMOL_MEDICAL_SOUNDNESS,INFORMATION_GAINED,treatment,category
0.13907299935817719,0.06420274078845978,0.003672189312055707,0.08489058911800385,0.0007228061440400779,0.01894175261259079,0.002720306860283017,0.005611484404653311,0.003914851229637861,0.027318991720676422,0.004176402930170298,0.09079263359308243,0.17850662767887115,0.06856439262628555,0.1168489009141922,0.0021957759745419025,0.0016846315702423453,0.0011669807136058807,0.0016122409142553806,0.0008759520715102553,0.0017361727077513933,0.0009861253201961517,0.001817425712943077,0.008761082775890827,0.01382373832166195,0.005584115628153086,0.010057622566819191,0.0054397908970713615,0.011233679950237274,0.013193709775805473,0.009044698439538479,0.0028632539324462414,0.017716364935040474,0.004346179310232401,0.0013317230623215437,0.009008117951452732,0.0029947450384497643,0.00122459779959172,0.0010576361091807485,0.0015794024802744389,0.0008475309587083757,0.0018822530983015895,0.0008613351965323091,0.040941182523965836,0.014174269512295723
