{
    "age": 0.13907299935817719,
    "tagged": 0.06420274078845978,
    "visited": 0.003672189312055707,
    "relationship": 0.08489058911800385,
    "conscious": 0.0007228061440400779,
    "breathing": 0.01894175261259079,
    "hrpmin": 0.002720306860283017,
    "avpu": 0.005611484404653311,
    "unvisited_count": 0.003914851229637861,
    "injured_count": 0.027318991720676422,
    "environment_type": 0.004176402930170298,
    "questioning": 0.09079263359308243,
    "assessing": 0.17850662767887115,
    "tagging": 0.06856439262628555,
    "leaving": 0.1168489009141922,
    "HRA Strategy.time-resources.take-the-best": 0.0021957759745419025,
    "HRA Strategy.time-risk_reward_ratio.take-the-best": 0.0016846315702423453,
    "HRA Strategy.time-system.exhaustive": 0.0011669807136058807,
    "HRA Strategy.time-system.one-bounce": 0.0016122409142553806,
    "HRA Strategy.resources-system.take-the-best": 0.0008759520715102553,
    "HRA Strategy.resources-system.exhaustive": 0.0017361727077513933,
    "HRA Strategy.time-risk_reward_ratio-system.one-bounce": 0.0009861253201961517,
    "One-Bounce Priority": 0.001817425712943077,
    "pDeath": 0.008761082775890827,
    "pPain": 0.01382373832166195,
    "pBrainInjury": 0.005584115628153086,
    "pAirwayBlocked": 0.010057622566819191,
    "pInternalBleeding": 0.0054397908970713615,
    "pExternalBleeding": 0.011233679950237274,
    "entropy": 0.013193709775805473,
    "entropyDeath": 0.009044698439538479,
    "SEVERITY": 0.0028632539324462414,
    "SUPPLIES_REMAINING": 0.017716364935040474,
    "AVERAGE_TIME_USED": 0.004346179310232401,
    "DAMAGE_PER_SECOND": 0.0013317230623215437,
    "MEDSIM_P_DEATH": 0.009008117951452732,
    "MEDSIM_P_DEATH_ONE_MIN_LATER": 0.0029947450384497643,
    "SEVERITY_CHANGE": 0.00122459779959172,
    "SEVEREST_SEVERITY": 0.0010576361091807485,
    "SEVEREST_SEVERITY_CHANGE": 0.0015794024802744389,
    "WEIGHTED_RESOURCE_SCORE": 0.0008475309587083757,
    "SMOL_MEDICAL_SOUNDNESS": 0.0018822530983015895,
    "INFORMATION_GAINED": 0.0008613351965323091,
    "treatment": 0.040941182523965836,
    "category": 0.014174269512295723
}