{
    "tagged": 0.017107458785176277,
    "conscious": 0.001248402870260179,
    "mental_status": 0.0008874370832927525,
    "breathing": 0.020664937794208527,
    "intent": 0.015110483393073082,
    "directness_of_causality": 0.06718259304761887,
    "injured_count": 0.26617616415023804,
    "aid_available": 0.07336153835058212,
    "treating": 0.14575724303722382,
    "HRA Strategy.time-risk_reward_ratio.one-bounce": 0.017324013635516167,
    "HRA Strategy.resources-risk_reward_ratio.one-bounce": 0.004113915842026472,
    "HRA Strategy.resources-system.take-the-best": 0.04013193026185036,
    "HRA Strategy.risk_reward_ratio-system.one-bounce": 0.00112507666926831,
    "pPain": 0.002184649696573615,
    "pAirwayBlocked": 0.0012906184419989586,
    "entropy": 0.014599255286157131,
    "SEVERITY": 0.03952379152178764,
    "SUPPLIES_REMAINING": 0.001864997553639114,
    "AVERAGE_TIME_USED": 0.020914271473884583,
    "SUPPLIES_USED": 0.1281280815601349,
    "WEIGHTED_RESOURCE_SCORE": 0.015386807732284069,
    "SMOL_MEDICAL_SOUNDNESS": 0.105916328728199
}