{
    "tagged": 0.00468087662011385,
    "breathing": 0.0010517198825255036,
    "intent": 0.004732809495180845,
    "directness_of_causality": 0.1462155282497406,
    "unvisited_count": 0.00017085560830309987,
    "injured_count": 0.0010642895940691233,
    "aid_available": 0.15590785443782806,
    "treating": 0.3134605586528778,
    "HRA Strategy.risk_reward_ratio-system.one-bounce": 0.0014911895850673318,
    "HRA Strategy.time-resources-system.one-bounce": 0.0004213542561046779,
    "HRA Strategy.time-resources-risk_reward_ratio-system.one-bounce": 0.00030466538737528026,
    "Take-The-Best Priority": 0.00023058074293658137,
    "Satisfactory Priority": 0.0013097596820443869,
    "SEVERITY": 0.006013049744069576,
    "SUPPLIES_REMAINING": 0.0009726206189952791,
    "AVERAGE_TIME_USED": 0.004912296775728464,
    "SEVERITY_CHANGE": 0.00015197580796666443,
    "SUPPLIES_USED": 0.22117897868156433,
    "SEVEREST_SEVERITY": 0.0006072691176086664,
    "WEIGHTED_RESOURCE_SCORE": 0.0008481080294586718,
    "SMOL_MEDICAL_SOUNDNESS": 0.10458141565322876,
    "treatment": 0.029692210257053375
}