{
    "directness_of_causality": 0.14171649515628815,
    "treating": 0.8582834601402283
}