{
    "tagged": 0.009065310470759869,
    "conscious": 0.0009858835255727172,
    "mental_status": 0.00104359514079988,
    "breathing": 0.05843447893857956,
    "intent": 0.018970580771565437,
    "directness_of_causality": 0.07701648771762848,
    "injured_count": 0.24609097838401794,
    "aid_available": 0.06394214183092117,
    "treating": 0.12982167303562164,
    "HRA Strategy.time-risk_reward_ratio.one-bounce": 0.030260564759373665,
    "HRA Strategy.resources-risk_reward_ratio.one-bounce": 0.0036222299095243216,
    "HRA Strategy.resources-system.take-the-best": 0.03533545136451721,
    "HRA Strategy.risk_reward_ratio-system.one-bounce": 0.001597146620042622,
    "HRA Strategy.time-resources-system.one-bounce": 0.0005356297479011118,
    "HRA Strategy.resources-risk_reward_ratio-system.one-bounce": 0.0009965954814106226,
    "HRA Strategy.time-resources-risk_reward_ratio-system.one-bounce": 0.0002767028345260769,
    "Take-The-Best Priority": 0.0009928601793944836,
    "Satisfactory Priority": 8.48734998726286e-05,
    "pPain": 0.0016282038995996118,
    "pBrainInjury": 0.0002795231412164867,
    "pAirwayBlocked": 0.0009515681304037571,
    "entropy": 0.02574405074119568,
    "SEVERITY": 0.065526582300663,
    "SUPPLIES_REMAINING": 0.00223734462633729,
    "AVERAGE_TIME_USED": 0.019902775064110756,
    "SEVERITY_CHANGE": 6.959975871723145e-05,
    "SUPPLIES_USED": 0.12194477021694183,
    "SEVEREST_SEVERITY": 0.0005081747658550739,
    "SEVEREST_SEVERITY_CHANGE": 0.00031505044898949564,
    "WEIGHTED_RESOURCE_SCORE": 0.018255237489938736,
    "SMOL_MEDICAL_SOUNDNESS": 0.06288813054561615,
    "treatment": 0.0006758055533282459
}