{
    "age": 0.012054272927343845,
    "tagged": 0.022734852507710457,
    "breathing": 0.028966465964913368,
    "injured_count": 0.05636399984359741,
    "questioning": 0.2873665988445282,
    "assessing": 0.21379004418849945,
    "tagging": 0.11460515111684799,
    "leaving": 0.15107916295528412,
    "pDeath": 0.01952456310391426,
    "pInternalBleeding": 0.010784722864627838,
    "treatment": 0.06368206441402435,
    "category": 0.019048158079385757
}