{
    "aid_available": 0.03702984377741814,
    "treating": 0.3477415442466736,
    "Take-The-Best Priority": 0.00012727550347335637,
    "SEVERITY": 0.01011904887855053,
    "AVERAGE_TIME_USED": 0.0007130266167223454,
    "SUPPLIES_USED": 0.055935684591531754,
    "SEVEREST_SEVERITY": 0.0007083943928591907,
    "SEVEREST_SEVERITY_CHANGE": 0.00014058922533877194,
    "WEIGHTED_RESOURCE_SCORE": 0.0003944141208194196,
    "HRA Strategy.time-system.satisfactory": 0.00567318731918931,
    "mental_status": 0.011764333583414555,
    "HRA Strategy.resources-risk_reward_ratio-system.satisfactory": 0.002734205685555935,
    "HRA Strategy.time-resources-system.one-bounce": 0.00037670208257623017,
    "pDeath": 0.12514321506023407,
    "HRA Strategy.resources-risk_reward_ratio.one-bounce": 0.002108040265738964,
    "HRA Strategy.risk_reward_ratio-system.one-bounce": 0.0012707106070593,
    "HRA Strategy.time-resources-system.satisfactory": 0.00019095641619060189,
    "intent": 0.021979698911309242,
    "pInternalBleeding": 5.789989882032387e-05,
    "breathing": 0.0008965931483544409,
    "treatment": 0.00046266999561339617,
    "entropyDeath": 0.09704805910587311,
    "directness_of_causality": 0.2586248219013214,
    "pBrainInjury": 0.017885291948914528,
    "avpu": 0.00018641704809851944,
    "HRA Strategy.resources-risk_reward_ratio-system.one-bounce": 0.0006873688544146717
}