{
    "age": 0.01691753976047039,
    "tagged": 0.04173745587468147,
    "breathing": 0.006049410440027714,
    "hrpmin": 0.001857080147601664,
    "unvisited_count": 0.02174108847975731,
    "injured_count": 0.0342017225921154,
    "environment_type": 0.0182924997061491,
    "questioning": 0.12428998947143555,
    "assessing": 0.1933886706829071,
    "tagging": 0.19721996784210205,
    "category": 0.0158621147274971,
    "HRA Strategy.time-resources.take-the-best": 0.002011848147958517,
    "HRA Strategy.resources-system.exhaustive": 0.008845680393278599,
    "Satisfactory Priority": 0.0032708251383155584,
    "One-Bounce Priority": 0.06826681643724442,
    "pDeath": 0.01571350172162056,
    "pPain": 0.008001811802387238,
    "pBrainInjury": 0.0024816899094730616,
    "pAirwayBlocked": 0.04062199592590332,
    "entropy": 0.002168872859328985,
    "entropyDeath": 0.0032095981296151876,
    "SEVERITY": 0.0036822545807808638,
    "AVERAGE_TIME_USED": 0.010510784573853016,
    "DAMAGE_PER_SECOND": 0.0030698722694069147,
    "SEVERITY_CHANGE": 0.0026900763623416424,
    "WEIGHTED_RESOURCE_SCORE": 0.04819699749350548,
    "INFORMATION_GAINED": 0.058064330369234085,
    "treatment": 0.0476355105638504
}