{
    "conscious": 0.0014391422737389803,
    "intent": 0.029594749212265015,
    "directness_of_causality": 0.20478880405426025,
    "aid_available": 0.190143883228302,
    "treating": 0.285783976316452,
    "HRA Strategy.time-risk_reward_ratio.one-bounce": 0.0008563257870264351,
    "HRA Strategy.resources-system.take-the-best": 0.0011236583814024925,
    "HRA Strategy.risk_reward_ratio-system.one-bounce": 0.0015674891183152795,
    "HRA Strategy.time-resources-system.one-bounce": 0.00025381179875694215,
    "HRA Strategy.time-resources-risk_reward_ratio-system.one-bounce": 0.00042430186294950545,
    "Take-The-Best Priority": 0.0005161311128176749,
    "Satisfactory Priority": 0.0007799561135470867,
    "pBrainInjury": 0.00027780886739492416,
    "pInternalBleeding": 0.0004172809130977839,
    "entropyDeath": 0.00028180069057270885,
    "SEVERITY": 0.00024803238920867443,
    "SUPPLIES_REMAINING": 0.0011436004424467683,
    "AVERAGE_TIME_USED": 0.00942736305296421,
    "DAMAGE_PER_SECOND": 0.00021179282339289784,
    "SUPPLIES_USED": 0.270250529050827,
    "treatment": 0.00046959376777522266
}