{
    "age": 0.012896165251731873,
    "tagged": 0.040228575468063354,
    "visited": 0.0073770624585449696,
    "conscious": 0.0067586093209683895,
    "breathing": 0.009884797967970371,
    "avpu": 0.001795589574612677,
    "unvisited_count": 0.06518201529979706,
    "environment_type": 0.021020306274294853,
    "questioning": 0.07915723323822021,
    "assessing": 0.08642303198575974,
    "tagging": 0.12341270595788956,
    "leaving": 0.2844781279563904,
    "HRA Strategy.time-resources.take-the-best": 0.0010478011099621654,
    "Satisfactory Priority": 0.025292785838246346,
    "One-Bounce Priority": 0.04383144900202751,
    "pDeath": 0.0027612384874373674,
    "pPain": 0.01215986255556345,
    "pBrainInjury": 0.002412507776170969,
    "pInternalBleeding": 0.012812704779207706,
    "pExternalBleeding": 0.016237908974289894,
    "entropy": 0.015153772197663784,
    "entropyDeath": 0.0013840333558619022,
    "SEVERITY": 0.0024247081018984318,
    "AVERAGE_TIME_USED": 0.010767807252705097,
    "DAMAGE_PER_SECOND": 0.00238597160205245,
    "MEDSIM_P_DEATH": 0.0030430429615080357,
    "MEDSIM_P_DEATH_ONE_MIN_LATER": 0.0009561406914144754,
    "SEVEREST_SEVERITY_CHANGE": 0.04315214231610298,
    "WEIGHTED_RESOURCE_SCORE": 0.0017061133403331041,
    "SMOL_MEDICAL_SOUNDNESS": 0.004637605044990778,
    "INFORMATION_GAINED": 0.014054329134523869,
    "treatment": 0.03156816586852074,
    "category": 0.01359562762081623
}