{
    "age": 0.014813361689448357,
    "tagged": 0.10743019729852676,
    "visited": 0.02600659802556038,
    "conscious": 0.003876055357977748,
    "unvisited_count": 0.013885828666388988,
    "injured_count": 0.02186269313097,
    "environment_type": 0.009419595822691917,
    "questioning": 0.21147292852401733,
    "assessing": 0.28115373849868774,
    "tagging": 0.008034886792302132,
    "leaving": 0.0687602236866951,
    "treatment": 0.0586402602493763,
    "HRA Strategy.time-resources.take-the-best": 0.001869120285846293,
    "HRA Strategy.time-risk_reward_ratio.take-the-best": 0.013654053211212158,
    "HRA Strategy.resources-system.take-the-best": 0.0009847726905718446,
    "Satisfactory Priority": 0.0018966549541801214,
    "One-Bounce Priority": 0.028364412486553192,
    "pDeath": 0.005479281768202782,
    "pPain": 0.01988370716571808,
    "pAirwayBlocked": 0.0014570209896191955,
    "pExternalBleeding": 0.017133023589849472,
    "AVERAGE_TIME_USED": 0.004733853507786989,
    "MEDSIM_P_DEATH_ONE_MIN_LATER": 0.022823959589004517,
    "SEVEREST_SEVERITY": 0.018090156838297844,
    "WEIGHTED_RESOURCE_SCORE": 0.00830533541738987,
    "SMOL_MEDICAL_SOUNDNESS": 0.005995080806314945,
    "INFORMATION_GAINED": 0.010733630508184433,
    "category": 0.01323951780796051
}