{
    "age": 0.0068743000738322735,
    "tagged": 0.03229838237166405,
    "visited": 0.004047307185828686,
    "conscious": 0.010016580112278461,
    "breathing": 0.028344808146357536,
    "hrpmin": 0.012559817172586918,
    "environment_type": 0.0063490415923297405,
    "questioning": 0.1340218186378479,
    "assessing": 0.16574972867965698,
    "tagging": 0.1149449348449707,
    "leaving": 0.3331996202468872,
    "treatment": 0.01866660639643669,
    "HRA Strategy.resources-system.exhaustive": 0.005307047162204981,
    "Satisfactory Priority": 0.002107875654473901,
    "pDeath": 0.014746516942977905,
    "pPain": 0.007303406484425068,
    "pBrainInjury": 0.006787511520087719,
    "pAirwayBlocked": 0.004268505610525608,
    "pInternalBleeding": 0.010840562172234058,
    "entropy": 0.0022888737730681896,
    "entropyDeath": 0.01578056439757347,
    "SEVERITY": 0.002507536206394434,
    "MEDSIM_P_DEATH": 0.0051718056201934814,
    "SEVERITY_CHANGE": 0.002046589506790042,
    "WEIGHTED_RESOURCE_SCORE": 0.0026372605934739113,
    "SMOL_MEDICAL_SOUNDNESS": 0.001977222505956888,
    "INFORMATION_GAINED": 0.03922724723815918,
    "category": 0.00992851983755827
}