{
    "intent": 0.030808521434664726,
    "directness_of_causality": 0.16917243599891663,
    "aid_available": 0.13560384511947632,
    "treating": 0.2517980933189392,
    "HRA Strategy.time-risk_reward_ratio.one-bounce": 0.0011230946984142065,
    "HRA Strategy.risk_reward_ratio-system.one-bounce": 0.001488234382122755,
    "HRA Strategy.resources-risk_reward_ratio-system.one-bounce": 0.001322442083619535,
    "HRA Strategy.time-resources-risk_reward_ratio-system.one-bounce": 0.0005143265589140356,
    "Take-The-Best Priority": 0.0005937202950008214,
    "Satisfactory Priority": 0.0009962123585864902,
    "pDeath": 0.0003151249256916344,
    "pBrainInjury": 0.0028624311089515686,
    "pAirwayBlocked": 0.00019837915897369385,
    "pInternalBleeding": 0.0003783822467084974,
    "entropyDeath": 0.0006991662085056305,
    "SEVERITY": 0.0006358018727041781,
    "SUPPLIES_REMAINING": 0.0013222808483988047,
    "AVERAGE_TIME_USED": 0.025421975180506706,
    "SUPPLIES_USED": 0.24100203812122345,
    "WEIGHTED_RESOURCE_SCORE": 0.0002636135905049741,
    "SMOL_MEDICAL_SOUNDNESS": 0.1322786957025528,
    "treatment": 0.0012011637445539236
}