{
    "age": 0.06152602657675743,
    "visited": 0.014797408133745193,
    "assessing": 0.22023598849773407,
    "tagging": 0.42605170607566833,
    "treatment": 0.08128153532743454,
    "Satisfactory Priority": 0.044802598655223846,
    "SUPPLIES_REMAINING": 0.021838245913386345,
    "AVERAGE_TIME_USED": 0.07927003502845764,
    "MEDSIM_P_DEATH_ONE_MIN_LATER": 0.0206669382750988,
    "category": 0.02952953241765499
}