{
    "tagged": 0.0255667045712471,
    "intent": 0.1511727273464203,
    "directness_of_causality": 0.12777739763259888,
    "treating": 0.1403687596321106,
    "SEVERITY": 0.030280709266662598,
    "SEVERITY_CHANGE": 0.21796153485774994,
    "SMOL_MEDICAL_SOUNDNESS": 0.21041640639305115,
    "treatment": 0.08443343639373779,
    "category": 0.01202234998345375
}