{
    "age": 0.0014248192310333252,
    "tagged": 0.03594493865966797,
    "conscious": 0.0017234024126082659,
    "breathing": 0.006747222039848566,
    "hrpmin": 0.011417181231081486,
    "avpu": 0.0021379762329161167,
    "unvisited_count": 0.012326433323323727,
    "injured_count": 0.002973240800201893,
    "environment_type": 0.0013780401786789298,
    "questioning": 0.18703410029411316,
    "assessing": 0.1791074424982071,
    "tagging": 0.10016796737909317,
    "leaving": 0.3158472776412964,
    "One-Bounce Priority": 0.014478364959359169,
    "pDeath": 0.002030189149081707,
    "pPain": 0.005544970277696848,
    "pBrainInjury": 0.006574847735464573,
    "pAirwayBlocked": 0.003121211426332593,
    "pInternalBleeding": 0.014012026600539684,
    "pExternalBleeding": 0.0009097832371480763,
    "entropy": 0.009869442321360111,
    "entropyDeath": 0.0030081847216933966,
    "SEVERITY": 0.0013689834158867598,
    "AVERAGE_TIME_USED": 0.001128446077927947,
    "MEDSIM_P_DEATH": 0.007703528739511967,
    "MEDSIM_P_DEATH_ONE_MIN_LATER": 0.0025461851619184017,
    "WEIGHTED_RESOURCE_SCORE": 0.0026431004516780376,
    "SMOL_MEDICAL_SOUNDNESS": 0.0017261183820664883,
    "INFORMATION_GAINED": 0.015633704140782356,
    "treatment": 0.04449129477143288,
    "category": 0.004979609977453947
}