{
    "age": 0.008380712009966373,
    "tagged": 0.01459870208054781,
    "conscious": 0.00616908585652709,
    "breathing": 0.010778837837278843,
    "hrpmin": 0.029661130160093307,
    "unvisited_count": 0.011487426236271858,
    "environment_type": 0.003801385872066021,
    "questioning": 0.13237717747688293,
    "assessing": 0.25555819272994995,
    "treating": 0.015586398541927338,
    "tagging": 0.20312735438346863,
    "HRA Strategy.time-resources.take-the-best": 0.0042067114263772964,
    "Satisfactory Priority": 0.011282122693955898,
    "One-Bounce Priority": 0.0446523018181324,
    "pPain": 0.010033058933913708,
    "pInternalBleeding": 0.002473929664120078,
    "pExternalBleeding": 0.008824045769870281,
    "entropy": 0.025165505707263947,
    "entropyDeath": 0.007952561601996422,
    "SEVERITY": 0.004097083583474159,
    "AVERAGE_TIME_USED": 0.027995681390166283,
    "MEDSIM_P_DEATH": 0.029271261766552925,
    "MEDSIM_P_DEATH_ONE_MIN_LATER": 0.0020439536310732365,
    "INFORMATION_GAINED": 0.06623174250125885,
    "treatment": 0.052403468638658524,
    "category": 0.01184020098298788
}