{
    "aid_available": 0.06859167665243149,
    "treating": 0.07000062614679337,
    "Take-The-Best Priority": 0.02105671539902687,
    "SEVERITY": 0.03843086212873459,
    "AVERAGE_TIME_USED": 0.07766050100326538,
    "DAMAGE_PER_SECOND": 0.000803501287009567,
    "SEVERITY_CHANGE": 0.00038134705391712487,
    "SUPPLIES_USED": 0.03559330478310585,
    "SEVEREST_SEVERITY": 0.00017802104412112385,
    "SEVEREST_SEVERITY_CHANGE": 0.00021253492741379887,
    "WEIGHTED_RESOURCE_SCORE": 6.877296254970133e-05,
    "SMOL_MEDICAL_SOUNDNESS": 0.4274284541606903,
    "HRA Strategy.time-system.satisfactory": 0.030332842841744423,
    "conscious": 0.014478758908808231,
    "mental_status": 0.0012266736011952162,
    "HRA Strategy.time-resources.one-bounce": 7.49655591789633e-05,
    "HRA Strategy.time-resources-system.one-bounce": 0.0011345033999532461,
    "pExternalBleeding": 0.0022255918011069298,
    "pDeath": 0.000764442200306803,
    "HRA Strategy.risk_reward_ratio-system.one-bounce": 0.0013123579556122422,
    "HRA Strategy.time-resources-risk_reward_ratio-system.one-bounce": 0.0003440088767092675,
    "tagged": 6.656745244981721e-05,
    "entropy": 0.001360872876830399,
    "intent": 0.06998546421527863,
    "pAirwayBlocked": 0.00026188959600403905,
    "pInternalBleeding": 0.0033547815401107073,
    "treatment": 0.056210942566394806,
    "entropyDeath": 0.00012542221520561725,
    "HRA Strategy.time-risk_reward_ratio.one-bounce": 0.0007037707837298512,
    "directness_of_causality": 0.07553379982709885,
    "pBrainInjury": 9.607078391127288e-05
}