{
    "tagged": 0.020949874073266983,
    "breathing": 0.005868167616426945,
    "injured_count": 0.02190783992409706,
    "questioning": 0.2416762262582779,
    "assessing": 0.2875588834285736,
    "tagging": 0.14168502390384674,
    "leaving": 0.147274449467659,
    "One-Bounce Priority": 0.03323771804571152,
    "pPain": 0.0056829145178198814,
    "pBrainInjury": 0.005606079939752817,
    "entropyDeath": 0.008295722305774689,
    "INFORMATION_GAINED": 0.03941282257437706,
    "treatment": 0.030342677608132362,
    "category": 0.010501448065042496
}