{
    "age": 0.0014734494034200907,
    "tagged": 0.04574456438422203,
    "conscious": 0.001122410991229117,
    "breathing": 0.003829232882708311,
    "hrpmin": 0.0043293931521475315,
    "unvisited_count": 0.005510582588613033,
    "injured_count": 0.008969609625637531,
    "environment_type": 0.0028660378884524107,
    "questioning": 0.15367239713668823,
    "assessing": 0.15472407639026642,
    "treating": 0.000714167661499232,
    "tagging": 0.17120696604251862,
    "leaving": 0.30625712871551514,
    "HRA Strategy.time-resources.take-the-best": 0.002346665831282735,
    "HRA Strategy.resources-system.take-the-best": 0.0006599994376301765,
    "Satisfactory Priority": 0.0021859505213797092,
    "One-Bounce Priority": 0.01757507212460041,
    "pDeath": 0.002649829024448991,
    "pPain": 0.006682893261313438,
    "pBrainInjury": 0.0006645923131145537,
    "pAirwayBlocked": 0.0016668291063979268,
    "pInternalBleeding": 0.006058641243726015,
    "pExternalBleeding": 0.01745195873081684,
    "entropy": 0.011107305064797401,
    "entropyDeath": 0.0003661185037344694,
    "SEVERITY": 0.0014454824849963188,
    "SUPPLIES_REMAINING": 0.00039027511957101524,
    "AVERAGE_TIME_USED": 0.00685281353071332,
    "MEDSIM_P_DEATH": 0.005133007187396288,
    "MEDSIM_P_DEATH_ONE_MIN_LATER": 0.0028169078286737204,
    "SEVEREST_SEVERITY": 0.00014724124048370868,
    "WEIGHTED_RESOURCE_SCORE": 0.0015523999463766813,
    "SMOL_MEDICAL_SOUNDNESS": 0.0011051495093852282,
    "INFORMATION_GAINED": 0.007597430609166622,
    "treatment": 0.036550719290971756,
    "category": 0.006572657264769077
}