{
    "age": 0.02995348535478115,
    "visited": 0.010466237552464008,
    "conscious": 0.00948080699890852,
    "breathing": 0.020718097686767578,
    "environment_type": 0.05345958471298218,
    "questioning": 0.16678930819034576,
    "tagging": 0.2613994777202606,
    "category": 0.034272048622369766,
    "HRA Strategy.time-resources.take-the-best": 0.008383391425013542,
    "pPain": 0.04184820130467415,
    "entropy": 0.031016701832413673,
    "SEVERITY": 0.015570349059998989,
    "AVERAGE_TIME_USED": 0.1248759925365448,
    "MEDSIM_P_DEATH": 0.023824146017432213,
    "WEIGHTED_RESOURCE_SCORE": 0.005377032794058323,
    "SMOL_MEDICAL_SOUNDNESS": 0.006801058538258076,
    "INFORMATION_GAINED": 0.026291023939847946,
    "treatment": 0.1294729858636856
}