{
    "age": 0.0241857897490263,
    "tagged": 0.03953011706471443,
    "visited": 0.020270047709345818,
    "conscious": 0.002335666213184595,
    "breathing": 0.008014809340238571,
    "avpu": 0.005621591582894325,
    "injured_count": 0.10518437623977661,
    "environment_type": 0.023890741169452667,
    "questioning": 0.14542102813720703,
    "assessing": 0.2353086620569229,
    "tagging": 0.1252770721912384,
    "category": 0.013086484745144844,
    "HRA Strategy.time-system.tallying": 0.004590602125972509,
    "Satisfactory Priority": 0.004131912719458342,
    "One-Bounce Priority": 0.016013583168387413,
    "pDeath": 0.004726885352283716,
    "pBrainInjury": 0.006004698108881712,
    "pAirwayBlocked": 0.007656237576156855,
    "pInternalBleeding": 0.022811729460954666,
    "pExternalBleeding": 0.008956743404269218,
    "entropy": 0.012477231211960316,
    "SEVERITY": 0.0042947870679199696,
    "AVERAGE_TIME_USED": 0.027844838798046112,
    "MEDSIM_P_DEATH": 0.014297018758952618,
    "WEIGHTED_RESOURCE_SCORE": 0.004030696582049131,
    "INFORMATION_GAINED": 0.07427045702934265,
    "treatment": 0.03976617380976677
}