{
    "directness_of_causality": 0.11113373190164566,
    "aid_available": 0.16667647659778595,
    "treating": 0.41572290658950806,
    "SUPPLIES_USED": 0.2585139274597168,
    "SMOL_MEDICAL_SOUNDNESS": 0.00979954656213522,
    "treatment": 0.03815340995788574
}