age,tagged,visited,relationship,breathing,hrpmin,avpu,unvisited_count,injured_count,environment_type,questioning,assessing,tagging,leaving,HRA Strategy.time-resources.take-the-best,HRA Strategy.time-risk_reward_ratio.take-the-best,HRA Strategy.time-system.exhaustive,HRA Strategy.time-system.one-bounce,HRA Strategy.resources-system.take-the-best,HRA Strategy.resources-system.exhaustive,HRA Strategy.time-risk_reward_ratio-system.one-bounce,One-Bounce Priority,pDeath,pPain,pBrainInjury,pAirwayBlocked,pInternalBleeding,pExternalBleeding,entropy,entropyDeath,SEVERITY,SUPPLIES_REMAINING,AVERAGE_TIME_USED,DAMAGE_PER_SECOND,MEDSIM_P_DEATH,MEDSIM_P_DEATH_ONE_MIN_LATER,SEVERITY_CHANGE,SEVEREST_SEVERITY,SEVEREST_SEVERITY_CHANGE,WEIGHTED_RESOURCE_SCORE,SMOL_MEDICAL_SOUNDNESS,INFORMATION_GAINED,treatment,category
0.13923582434654236,0.06427790224552155,0.003676486434414983,0.08498997241258621,0.01869737170636654,0.002723491517826915,0.005549771245568991,0.003919434268027544,0.027350973337888718,0.004181291442364454,0.09089892357587814,0.17871561646461487,0.06864465773105621,0.11698569357395172,0.002198346657678485,0.0016866036457940936,0.0011683469638228416,0.0016141283558681607,0.0008769766427576542,0.0017382053192704916,0.0009872798109427094,0.001819553435780108,0.008771339431405067,0.013839920051395893,0.005590653046965599,0.009957202710211277,0.005446159280836582,0.011246832087635994,0.013209155760705471,0.009055285714566708,0.002866605995222926,0.01773710548877716,0.004351265728473663,0.0013332816306501627,0.009018663316965103,0.0029982514679431915,0.0012260323856025934,0.0010588737204670906,0.0015812513884156942,0.0008485231664963067,0.0018844566075131297,0.000862343527842313,0.04098911210894585,0.014190864749252796
