{
    "age": 0.13923582434654236,
    "tagged": 0.06427790224552155,
    "visited": 0.003676486434414983,
    "relationship": 0.08498997241258621,
    "breathing": 0.01869737170636654,
    "hrpmin": 0.002723491517826915,
    "avpu": 0.005549771245568991,
    "unvisited_count": 0.003919434268027544,
    "injured_count": 0.027350973337888718,
    "environment_type": 0.004181291442364454,
    "questioning": 0.09089892357587814,
    "assessing": 0.17871561646461487,
    "tagging": 0.06864465773105621,
    "leaving": 0.11698569357395172,
    "HRA Strategy.time-resources.take-the-best": 0.002198346657678485,
    "HRA Strategy.time-risk_reward_ratio.take-the-best": 0.0016866036457940936,
    "HRA Strategy.time-system.exhaustive": 0.0011683469638228416,
    "HRA Strategy.time-system.one-bounce": 0.0016141283558681607,
    "HRA Strategy.resources-system.take-the-best": 0.0008769766427576542,
    "HRA Strategy.resources-system.exhaustive": 0.0017382053192704916,
    "HRA Strategy.time-risk_reward_ratio-system.one-bounce": 0.0009872798109427094,
    "One-Bounce Priority": 0.001819553435780108,
    "pDeath": 0.008771339431405067,
    "pPain": 0.013839920051395893,
    "pBrainInjury": 0.005590653046965599,
    "pAirwayBlocked": 0.009957202710211277,
    "pInternalBleeding": 0.005446159280836582,
    "pExternalBleeding": 0.011246832087635994,
    "entropy": 0.013209155760705471,
    "entropyDeath": 0.009055285714566708,
    "SEVERITY": 0.002866605995222926,
    "SUPPLIES_REMAINING": 0.01773710548877716,
    "AVERAGE_TIME_USED": 0.004351265728473663,
    "DAMAGE_PER_SECOND": 0.0013332816306501627,
    "MEDSIM_P_DEATH": 0.009018663316965103,
    "MEDSIM_P_DEATH_ONE_MIN_LATER": 0.0029982514679431915,
    "SEVERITY_CHANGE": 0.0012260323856025934,
    "SEVEREST_SEVERITY": 0.0010588737204670906,
    "SEVEREST_SEVERITY_CHANGE": 0.0015812513884156942,
    "WEIGHTED_RESOURCE_SCORE": 0.0008485231664963067,
    "SMOL_MEDICAL_SOUNDNESS": 0.0018844566075131297,
    "INFORMATION_GAINED": 0.000862343527842313,
    "treatment": 0.04098911210894585,
    "category": 0.014190864749252796
}