{
    "mental_status": 9.493987454334274e-05,
    "avpu": 5.2948140364605933e-05,
    "intent": 0.04459722340106964,
    "directness_of_causality": 0.1820351630449295,
    "aid_available": 0.1591208279132843,
    "treating": 0.2295525223016739,
    "HRA Strategy.time-risk_reward_ratio.one-bounce": 0.0008145347237586975,
    "HRA Strategy.risk_reward_ratio-system.one-bounce": 0.0010497837793081999,
    "HRA Strategy.time-resources-risk_reward_ratio-system.one-bounce": 0.00040815811371430755,
    "Take-The-Best Priority": 0.00018939025176223367,
    "Satisfactory Priority": 0.0006334989448077977,
    "pDeath": 5.2980936743551865e-05,
    "pBrainInjury": 0.0001591242616996169,
    "pAirwayBlocked": 0.0001932760642375797,
    "pInternalBleeding": 0.0002646252978593111,
    "entropyDeath": 0.0005116439424455166,
    "SEVERITY": 0.01156522799283266,
    "SUPPLIES_REMAINING": 0.000760071852710098,
    "AVERAGE_TIME_USED": 0.011017725802958012,
    "DAMAGE_PER_SECOND": 0.0005976473330520093,
    "SEVERITY_CHANGE": 9.737382060848176e-05,
    "SUPPLIES_USED": 0.2038494348526001,
    "SEVEREST_SEVERITY_CHANGE": 0.00026022150996141136,
    "WEIGHTED_RESOURCE_SCORE": 0.000766479060985148,
    "SMOL_MEDICAL_SOUNDNESS": 0.15089142322540283,
    "treatment": 0.0004636879893951118
}