{
    "tagged": 0.083778016269207,
    "breathing": 0.04736087843775749,
    "intent": 0.23452919721603394,
    "directness_of_causality": 0.049318380653858185,
    "treating": 0.1435568779706955,
    "pBrainInjury": 0.10167645663022995,
    "SEVERITY": 0.05403174087405205,
    "AVERAGE_TIME_USED": 0.05747474357485771,
    "SUPPLIES_USED": 0.10940417647361755,
    "treatment": 0.11886955052614212
}