{
    "tagged": 8.70300063979812e-05,
    "conscious": 0.001518314122222364,
    "mental_status": 0.04348466917872429,
    "breathing": 0.12125200778245926,
    "hrpmin": 1.2756766409438569e-05,
    "intent": 0.3820081353187561,
    "directness_of_causality": 0.08975718170404434,
    "aid_available": 0.007219833321869373,
    "questioning": 0.0146153150126338,
    "treating": 0.16551367938518524,
    "HRA Strategy.risk_reward_ratio-system.one-bounce": 0.017949450761079788,
    "HRA Strategy.resources-risk_reward_ratio-system.one-bounce": 0.01041230745613575,
    "pPain": 0.00012115514982724562,
    "pAirwayBlocked": 0.00015485765470657498,
    "entropy": 0.00014820124488323927,
    "SEVERITY": 0.032844748347997665,
    "SUPPLIES_REMAINING": 0.0030411076731979847,
    "AVERAGE_TIME_USED": 0.020929837599396706,
    "DAMAGE_PER_SECOND": 9.55176346906228e-06,
    "SEVERITY_CHANGE": 0.00017206798656843603,
    "SUPPLIES_USED": 0.05984891578555107,
    "SEVEREST_SEVERITY": 0.02269030548632145,
    "SEVEREST_SEVERITY_CHANGE": 5.2897739806212485e-05,
    "WEIGHTED_RESOURCE_SCORE": 0.0010101273655891418,
    "category": 0.004745994694530964,
    "treatment": 0.00039964806637726724
}