{
    "age": 0.005197877064347267,
    "tagged": 0.02305457554757595,
    "visited": 0.00397877860814333,
    "conscious": 0.00069527787854895,
    "breathing": 0.006347483955323696,
    "hrpmin": 0.0029527710285037756,
    "avpu": 0.0004282330919522792,
    "unvisited_count": 0.01541711576282978,
    "injured_count": 0.011869828216731548,
    "environment_type": 0.0011640076991170645,
    "questioning": 0.1169728934764862,
    "assessing": 0.13053251802921295,
    "tagging": 0.1351826786994934,
    "leaving": 0.42862677574157715,
    "HRA Strategy.time-resources.take-the-best": 0.0034790802747011185,
    "HRA Strategy.time-system.exhaustive": 0.003368119243532419,
    "HRA Strategy.resources-system.take-the-best": 0.000598453392740339,
    "HRA Strategy.resources-system.exhaustive": 0.0020722090266644955,
    "Satisfactory Priority": 0.0023167862091213465,
    "One-Bounce Priority": 0.014102444052696228,
    "pDeath": 0.003045313060283661,
    "pPain": 0.00481234397739172,
    "pBrainInjury": 0.0017684248741716146,
    "pAirwayBlocked": 0.0037401821464300156,
    "pInternalBleeding": 0.004373152740299702,
    "pExternalBleeding": 0.0065512279979884624,
    "entropy": 0.003693982493132353,
    "entropyDeath": 0.004697062540799379,
    "SEVERITY": 0.003858906915411353,
    "SUPPLIES_REMAINING": 0.0003594619920477271,
    "AVERAGE_TIME_USED": 0.005256745498627424,
    "MEDSIM_P_DEATH": 0.0072218249551951885,
    "MEDSIM_P_DEATH_ONE_MIN_LATER": 0.0005199694423936307,
    "SEVERITY_CHANGE": 0.00022609021107200533,
    "SEVEREST_SEVERITY": 0.0006921883905306458,
    "WEIGHTED_RESOURCE_SCORE": 0.005411929916590452,
    "SMOL_MEDICAL_SOUNDNESS": 0.0009807248134166002,
    "INFORMATION_GAINED": 0.0043381862342357635,
    "treatment": 0.02449900284409523,
    "category": 0.005595371127128601
}