{
    "intent": 0.21642597019672394,
    "directness_of_causality": 0.1208333745598793,
    "aid_available": 0.13761983811855316,
    "treating": 0.26288649439811707,
    "AVERAGE_TIME_USED": 0.04044124484062195,
    "SUPPLIES_USED": 0.22179308533668518
}