{
    "questioning": 0.5502975583076477,
    "leaving": 0.2688971161842346,
    "treatment": 0.18080537021160126
}