{
    "tagged": 0.014193178154528141,
    "questioning": 0.3319920599460602,
    "assessing": 0.3561605215072632,
    "tagging": 0.05925661325454712,
    "leaving": 0.19482208788394928,
    "One-Bounce Priority": 0.01684221811592579,
    "INFORMATION_GAINED": 0.007103202398866415,
    "treatment": 0.019630109891295433
}