{
    "age": 0.026190007105469704,
    "tagged": 0.03258512169122696,
    "visited": 0.0025223346892744303,
    "breathing": 0.017260778695344925,
    "avpu": 0.0033950190991163254,
    "injured_count": 0.10397829860448837,
    "environment_type": 0.04541159048676491,
    "questioning": 0.15977738797664642,
    "assessing": 0.1718580424785614,
    "tagging": 0.21628090739250183,
    "category": 0.015841901302337646,
    "HRA Strategy.time-resources.take-the-best": 0.00557099562138319,
    "HRA Strategy.time-system.exhaustive": 0.013869890943169594,
    "HRA Strategy.resources-system.take-the-best": 0.0006900331936776638,
    "Satisfactory Priority": 0.012503587640821934,
    "pDeath": 0.006217570509761572,
    "pPain": 0.004870548378676176,
    "pBrainInjury": 0.002479656832292676,
    "pAirwayBlocked": 0.014955577440559864,
    "entropy": 0.013999693095684052,
    "entropyDeath": 0.0008717775926925242,
    "SEVERITY": 0.018729068338871002,
    "SUPPLIES_REMAINING": 0.0013604833511635661,
    "AVERAGE_TIME_USED": 0.02126999944448471,
    "DAMAGE_PER_SECOND": 0.002946613822132349,
    "MEDSIM_P_DEATH": 0.018749868497252464,
    "WEIGHTED_RESOURCE_SCORE": 0.019209396094083786,
    "SMOL_MEDICAL_SOUNDNESS": 0.008385286666452885,
    "INFORMATION_GAINED": 0.01492841076105833,
    "treatment": 0.023290231823921204
}