{
    "age": 0.006471423897892237,
    "tagged": 0.03435354679822922,
    "visited": 0.0018475059187039733,
    "conscious": 0.00186625006608665,
    "breathing": 0.007418555207550526,
    "hrpmin": 0.001292412169277668,
    "avpu": 0.0028308513574302197,
    "unvisited_count": 0.012524193152785301,
    "injured_count": 0.011341170407831669,
    "environment_type": 0.0010447663953527808,
    "questioning": 0.18555374443531036,
    "assessing": 0.14843031764030457,
    "treating": 0.000682287325616926,
    "tagging": 0.22107701003551483,
    "leaving": 0.18994686007499695,
    "HRA Strategy.time-resources.take-the-best": 0.0020886219572275877,
    "HRA Strategy.time-system.exhaustive": 0.0007880009361542761,
    "HRA Strategy.time-system.one-bounce": 0.0020790179260075092,
    "HRA Strategy.resources-risk_reward_ratio.take-the-best": 0.00014218078285921365,
    "HRA Strategy.resources-system.take-the-best": 0.0007367025827988982,
    "HRA Strategy.resources-system.exhaustive": 0.000667096464894712,
    "Take-The-Best Priority": 0.00021373572235461324,
    "Satisfactory Priority": 0.0020949789322912693,
    "One-Bounce Priority": 0.019594896584749222,
    "pDeath": 0.0028518466278910637,
    "pPain": 0.004448212683200836,
    "pBrainInjury": 0.00488370331004262,
    "pAirwayBlocked": 0.004327809438109398,
    "pInternalBleeding": 0.0073885987512767315,
    "pExternalBleeding": 0.019849443808197975,
    "entropy": 0.009373700246214867,
    "entropyDeath": 0.007410970516502857,
    "SEVERITY": 0.0024281281512230635,
    "SUPPLIES_REMAINING": 0.000732033047825098,
    "AVERAGE_TIME_USED": 0.0032300488092005253,
    "DAMAGE_PER_SECOND": 0.0005010722670704126,
    "MEDSIM_P_DEATH": 0.013821295462548733,
    "MEDSIM_P_DEATH_ONE_MIN_LATER": 0.002497405046597123,
    "SEVERITY_CHANGE": 0.0011522808345034719,
    "SEVEREST_SEVERITY": 0.005445526912808418,
    "SEVEREST_SEVERITY_CHANGE": 0.0004037377948407084,
    "WEIGHTED_RESOURCE_SCORE": 0.002070003654807806,
    "INFORMATION_GAINED": 0.007089768070727587,
    "treatment": 0.03720904141664505,
    "category": 0.007799296174198389
}