{
    "intent": 0.024264032021164894,
    "directness_of_causality": 0.2010560929775238,
    "aid_available": 0.16171012818813324,
    "treating": 0.2924560308456421,
    "HRA Strategy.time-resources.take-the-best": 0.009244252927601337,
    "HRA Strategy.resources-system.take-the-best": 0.02397935837507248,
    "HRA Strategy.risk_reward_ratio-system.one-bounce": 0.001555243507027626,
    "HRA Strategy.time-resources-system.one-bounce": 0.000701895565725863,
    "HRA Strategy.resources-risk_reward_ratio-system.one-bounce": 0.0010372863616794348,
    "HRA Strategy.time-resources-risk_reward_ratio-system.one-bounce": 0.00029735933640040457,
    "Take-The-Best Priority": 0.0004555252380669117,
    "Satisfactory Priority": 0.0012433015508577228,
    "pDeath": 0.08483286201953888,
    "pAirwayBlocked": 0.00027088611386716366,
    "entropy": 0.00025474163703620434,
    "entropyDeath": 0.0001692104124231264,
    "SEVERITY": 0.013884386979043484,
    "SUPPLIES_REMAINING": 0.01556321606040001,
    "AVERAGE_TIME_USED": 0.002264883602038026,
    "SUPPLIES_USED": 0.16407401859760284,
    "SMOL_MEDICAL_SOUNDNESS": 0.00028282744460739195,
    "treatment": 0.0004023805959150195
}