{
    "age": 0.004859806504100561,
    "tagged": 0.024613864719867706,
    "visited": 0.008289456367492676,
    "breathing": 0.010777761228382587,
    "hrpmin": 0.001970411278307438,
    "unvisited_count": 0.021774236112833023,
    "injured_count": 0.020075976848602295,
    "questioning": 0.1321319192647934,
    "assessing": 0.1744677722454071,
    "tagging": 0.2044239044189453,
    "leaving": 0.20056387782096863,
    "HRA Strategy.time-resources.take-the-best": 0.004789063706994057,
    "Satisfactory Priority": 0.0061157094314694405,
    "One-Bounce Priority": 0.02684803307056427,
    "pDeath": 0.0023203054443001747,
    "pPain": 0.005272876005619764,
    "pBrainInjury": 0.004342611413449049,
    "pAirwayBlocked": 0.00603614654392004,
    "pInternalBleeding": 0.00780097022652626,
    "pExternalBleeding": 0.008021596819162369,
    "entropy": 0.0073644728399813175,
    "entropyDeath": 0.014656315557658672,
    "SEVERITY": 0.00452865706756711,
    "AVERAGE_TIME_USED": 0.009167416021227837,
    "MEDSIM_P_DEATH": 0.015434879809617996,
    "WEIGHTED_RESOURCE_SCORE": 0.012719213031232357,
    "SMOL_MEDICAL_SOUNDNESS": 0.003052721731364727,
    "INFORMATION_GAINED": 0.00852756667882204,
    "treatment": 0.04016699641942978,
    "category": 0.008885464631021023
}