{
    "tagged": 0.01025991328060627,
    "mental_status": 0.007825796492397785,
    "breathing": 0.013068575412034988,
    "intent": 0.05909183621406555,
    "directness_of_causality": 0.09483363479375839,
    "aid_available": 0.0494660958647728,
    "treating": 0.1592434197664261,
    "HRA Strategy.time-resources.take-the-best": 0.013254879973828793,
    "HRA Strategy.time-system.tallying": 0.0009015354444272816,
    "HRA Strategy.resources-system.take-the-best": 0.06820635497570038,
    "HRA Strategy.risk_reward_ratio-system.one-bounce": 0.0009561117622070014,
    "HRA Strategy.resources-risk_reward_ratio-system.one-bounce": 0.0010706490138545632,
    "Take-The-Best Priority": 0.0005782992811873555,
    "pPain": 0.0073082479648292065,
    "pBrainInjury": 0.0003088488301727921,
    "pInternalBleeding": 0.0008343932568095624,
    "pExternalBleeding": 0.0005188732757233083,
    "SEVERITY": 0.079290971159935,
    "AVERAGE_TIME_USED": 0.0205230750143528,
    "DAMAGE_PER_SECOND": 0.07281351089477539,
    "SEVERITY_CHANGE": 0.0011014578631147742,
    "SUPPLIES_USED": 0.16402395069599152,
    "SEVEREST_SEVERITY": 0.00020090886391699314,
    "WEIGHTED_RESOURCE_SCORE": 0.00040578271728008986,
    "SMOL_MEDICAL_SOUNDNESS": 0.09888183325529099,
    "treatment": 0.07503104209899902
}