{
    "tagged": 0.07527437061071396,
    "conscious": 0.08625683188438416,
    "category": 0.13641536235809326,
    "pBrainInjury": 0.2999805212020874,
    "SEVERITY": 0.05968732759356499,
    "AVERAGE_TIME_USED": 0.13326124846935272,
    "DAMAGE_PER_SECOND": 0.18400360643863678,
    "MEDSIM_P_DEATH_ONE_MIN_LATER": 0.02512066438794136
}