{
    "age": 0.03169451653957367,
    "tagged": 0.26572495698928833,
    "breathing": 0.0015136419096961617,
    "hrpmin": 0.08437186479568481,
    "injured_count": 0.049270447343587875,
    "environment_type": 0.020945243537425995,
    "category": 0.02192879281938076,
    "HRA Strategy.time-resources.take-the-best": 0.014622489921748638,
    "One-Bounce Priority": 0.040768783539533615,
    "pDeath": 0.01407444104552269,
    "pPain": 0.006425974890589714,
    "pAirwayBlocked": 0.005879572592675686,
    "pInternalBleeding": 0.021139197051525116,
    "pExternalBleeding": 0.03671795874834061,
    "entropy": 0.03986014425754547,
    "entropyDeath": 0.015827901661396027,
    "SEVERITY": 0.015428762882947922,
    "AVERAGE_TIME_USED": 0.1300252377986908,
    "DAMAGE_PER_SECOND": 0.007115631364285946,
    "MEDSIM_P_DEATH": 0.004732677713036537,
    "MEDSIM_P_DEATH_ONE_MIN_LATER": 0.013992606662213802,
    "SEVEREST_SEVERITY": 0.011545148678123951,
    "SMOL_MEDICAL_SOUNDNESS": 0.040471214801073074,
    "treatment": 0.10592278838157654
}