{
    "age": 0.04901844635605812,
    "tagged": 0.16229170560836792,
    "visited": 0.0056259892880916595,
    "breathing": 0.03357842192053795,
    "unvisited_count": 0.0008714573341421783,
    "environment_type": 0.06046579033136368,
    "questioning": 0.12379391491413116,
    "treating": 0.0012063015019521117,
    "tagging": 0.06458474695682526,
    "leaving": 0.11318767815828323,
    "category": 0.030371608212590218,
    "HRA Strategy.time-resources.take-the-best": 0.009578743949532509,
    "HRA Strategy.time-risk_reward_ratio.take-the-best": 0.0005381320370361209,
    "One-Bounce Priority": 0.00046654700418002903,
    "pDeath": 0.00011492203339003026,
    "SEVERITY": 0.04665060713887215,
    "SUPPLIES_REMAINING": 0.0007520453655160964,
    "AVERAGE_TIME_USED": 0.05634671822190285,
    "DAMAGE_PER_SECOND": 0.12503114342689514,
    "MEDSIM_P_DEATH_ONE_MIN_LATER": 0.006644903682172298,
    "WEIGHTED_RESOURCE_SCORE": 0.01418109331279993,
    "treatment": 0.09469910711050034
}