{
    "tagged": 0.02275591716170311,
    "questioning": 0.3248082101345062,
    "assessing": 0.35119518637657166,
    "tagging": 0.06438808888196945,
    "leaving": 0.20626702904701233,
    "treatment": 0.030585546046495438
}