{
    "age": 0.00835359375923872,
    "tagged": 0.018469858914613724,
    "breathing": 0.00821999367326498,
    "unvisited_count": 0.01090135145932436,
    "injured_count": 0.020208973437547684,
    "questioning": 0.2110881805419922,
    "assessing": 0.2091841995716095,
    "tagging": 0.12792065739631653,
    "leaving": 0.22932939231395721,
    "treatment": 0.026152780279517174,
    "Satisfactory Priority": 0.005090441554784775,
    "One-Bounce Priority": 0.03509581834077835,
    "pPain": 0.004728241357952356,
    "pInternalBleeding": 0.0038506502751260996,
    "pExternalBleeding": 0.009707782417535782,
    "entropy": 0.00861245859414339,
    "entropyDeath": 0.00734920846298337,
    "MEDSIM_P_DEATH": 0.0072082774713635445,
    "INFORMATION_GAINED": 0.038414545357227325,
    "category": 0.010113785043358803
}