{
    "age": 0.010679968632757664,
    "tagged": 0.019874384626746178,
    "avpu": 0.005995857063680887,
    "injured_count": 0.011195223778486252,
    "environment_type": 0.013375245034694672,
    "questioning": 0.1816750317811966,
    "assessing": 0.1347062736749649,
    "tagging": 0.10319502651691437,
    "leaving": 0.41649967432022095,
    "category": 0.004891820251941681,
    "Satisfactory Priority": 0.006328169256448746,
    "One-Bounce Priority": 0.00635609170421958,
    "pDeath": 0.01070681493729353,
    "pPain": 0.006293167360126972,
    "pBrainInjury": 0.003451679367572069,
    "pInternalBleeding": 0.00876777246594429,
    "SUPPLIES_REMAINING": 0.005360028240829706,
    "AVERAGE_TIME_USED": 0.011231713928282261,
    "MEDSIM_P_DEATH_ONE_MIN_LATER": 0.0035509720910340548,
    "INFORMATION_GAINED": 0.006462816148996353,
    "treatment": 0.02940218895673752
}