{
    "aid_available": 0.0121525339782238,
    "treating": 0.5341334939002991,
    "Take-The-Best Priority": 0.3767749071121216,
    "Satisfactory Priority": 0.008824448101222515,
    "AVERAGE_TIME_USED": 0.02392861805856228,
    "HRA Strategy.time-system.satisfactory": 0.029501359909772873,
    "tagged": 0.01468456070870161
}