{
    "age": 0.0355217270553112,
    "assessing": 0.4978390634059906,
    "tagging": 0.16580672562122345,
    "treatment": 0.1099204570055008,
    "Satisfactory Priority": 0.042138487100601196,
    "AVERAGE_TIME_USED": 0.14877356588840485
}