{
    "tagged": 0.000935911200940609,
    "mental_status": 0.00011065779108321294,
    "intent": 0.05981816351413727,
    "directness_of_causality": 0.18309243023395538,
    "treating": 0.3438868820667267,
    "HRA Strategy.time-resources.take-the-best": 0.3695206046104431,
    "HRA Strategy.time-risk_reward_ratio.one-bounce": 0.0032606800086796284,
    "Satisfactory Priority": 0.0017251352546736598,
    "pDeath": 0.0001669059129199013,
    "pBrainInjury": 0.017352581024169922,
    "entropy": 3.977685594236391e-07,
    "SEVERITY": 0.0009161736234091222,
    "AVERAGE_TIME_USED": 0.0016719611594453454,
    "DAMAGE_PER_SECOND": 0.006825018674135208,
    "SEVERITY_CHANGE": 7.750443182885647e-05,
    "SEVEREST_SEVERITY": 5.853477705386467e-05,
    "SEVEREST_SEVERITY_CHANGE": 0.002790191676467657,
    "WEIGHTED_RESOURCE_SCORE": 0.001029541832394898,
    "treatment": 0.006760686635971069
}