{
    "intent": 0.023583585396409035,
    "directness_of_causality": 0.21204093098640442,
    "aid_available": 0.19788525998592377,
    "treating": 0.29171043634414673,
    "SUPPLIES_REMAINING": 0.001049991580657661,
    "AVERAGE_TIME_USED": 0.006330323405563831,
    "SUPPLIES_USED": 0.26739951968193054
}