{
    "aid_available": 0.19080772995948792,
    "treating": 0.5935468077659607,
    "SUPPLIES_USED": 0.16686411201953888,
    "SMOL_MEDICAL_SOUNDNESS": 0.048781316727399826
}