{
    "questioning": 0.3766958713531494,
    "assessing": 0.4508781135082245,
    "tagging": 0.08700817078351974,
    "One-Bounce Priority": 0.03973798826336861,
    "treatment": 0.04567982628941536
}