{
    "questioning": 0.34299370646476746,
    "assessing": 0.3568926155567169,
    "tagging": 0.06489843875169754,
    "leaving": 0.1664368063211441,
    "INFORMATION_GAINED": 0.025537369772791862,
    "treatment": 0.02129889652132988,
    "category": 0.02194216102361679
}