{
    "tagged": 0.006859488785266876,
    "directness_of_causality": 0.22959020733833313,
    "treating": 0.42279088497161865,
    "treatment": 0.0018488102359697223,
    "HRA Strategy.time-resources.take-the-best": 0.3056345283985138,
    "HRA Strategy.time-resources-system.one-bounce": 0.009574251249432564,
    "Satisfactory Priority": 0.001731537631712854,
    "pDeath": 1.93961318473157e-06,
    "pBrainInjury": 0.01669563353061676,
    "entropyDeath": 1.6309455475038703e-07,
    "SEVERITY": 0.00014989037299528718,
    "AVERAGE_TIME_USED": 0.0008892468176782131,
    "DAMAGE_PER_SECOND": 0.0009459516732022166,
    "SEVERITY_CHANGE": 0.0001422710920451209,
    "SEVEREST_SEVERITY": 2.2198841179488227e-05,
    "WEIGHTED_RESOURCE_SCORE": 0.0031230966560542583
}