{
    "tagged": 0.004589584656059742,
    "breathing": 0.001288841012865305,
    "intent": 0.004317643120884895,
    "directness_of_causality": 0.11148286610841751,
    "injured_count": 0.001172909396700561,
    "aid_available": 0.17006659507751465,
    "treating": 0.3402804136276245,
    "HRA Strategy.risk_reward_ratio-system.one-bounce": 0.0017232268583029509,
    "SEVERITY": 0.008034616708755493,
    "SUPPLIES_REMAINING": 0.0010107237612828612,
    "AVERAGE_TIME_USED": 0.005944949109107256,
    "SUPPLIES_USED": 0.2434595227241516,
    "SMOL_MEDICAL_SOUNDNESS": 0.07710619270801544,
    "treatment": 0.029521888121962547
}