{
    "age": 0.006311474833637476,
    "tagged": 0.033201418817043304,
    "visited": 0.001981850014999509,
    "breathing": 0.0066503663547337055,
    "hrpmin": 0.0030370838940143585,
    "avpu": 0.0017630060901865363,
    "unvisited_count": 0.012102004140615463,
    "injured_count": 0.010537751019001007,
    "environment_type": 0.0011006150161847472,
    "questioning": 0.12981659173965454,
    "assessing": 0.17605356872081757,
    "tagging": 0.17911331355571747,
    "leaving": 0.29196637868881226,
    "HRA Strategy.time-resources.take-the-best": 0.0020910094026476145,
    "HRA Strategy.time-system.one-bounce": 0.00040954622090794146,
    "Satisfactory Priority": 0.0029180257115513086,
    "One-Bounce Priority": 0.021792151033878326,
    "pDeath": 0.004130028188228607,
    "pPain": 0.004197679925709963,
    "pBrainInjury": 0.002503961091861129,
    "pAirwayBlocked": 0.0032148873433470726,
    "pInternalBleeding": 0.005688122473657131,
    "pExternalBleeding": 0.008779294788837433,
    "entropy": 0.007197478786110878,
    "entropyDeath": 0.007996519096195698,
    "SEVERITY": 0.0021934916730970144,
    "AVERAGE_TIME_USED": 0.0035280969459563494,
    "MEDSIM_P_DEATH": 0.009515229612588882,
    "MEDSIM_P_DEATH_ONE_MIN_LATER": 0.0021665128879249096,
    "WEIGHTED_RESOURCE_SCORE": 0.0030934151727706194,
    "SMOL_MEDICAL_SOUNDNESS": 0.001186853856779635,
    "INFORMATION_GAINED": 0.01446693018078804,
    "treatment": 0.0326836034655571,
    "category": 0.006611647084355354
}