{
    "tagged": 0.019507519900798798,
    "questioning": 0.30727171897888184,
    "assessing": 0.39796870946884155,
    "tagging": 0.05575781315565109,
    "leaving": 0.1750514954328537,
    "One-Bounce Priority": 0.01772492565214634,
    "treatment": 0.02671775221824646
}