{
    "age": 0.10022518038749695,
    "visited": 0.009046764113008976,
    "breathing": 0.019192028790712357,
    "environment_type": 0.017310911789536476,
    "assessing": 0.10148242861032486,
    "treating": 0.029581986367702484,
    "category": 0.050026752054691315,
    "HRA Strategy.time-resources.take-the-best": 0.01961975358426571,
    "pDeath": 0.08690799027681351,
    "pAirwayBlocked": 0.0053256903775036335,
    "pExternalBleeding": 0.008130118250846863,
    "SEVERITY": 0.00942409597337246,
    "SUPPLIES_REMAINING": 0.014419123530387878,
    "AVERAGE_TIME_USED": 0.021703792735934258,
    "DAMAGE_PER_SECOND": 0.03889385238289833,
    "MEDSIM_P_DEATH": 0.004801935516297817,
    "MEDSIM_P_DEATH_ONE_MIN_LATER": 0.30052560567855835,
    "SEVEREST_SEVERITY": 0.011930447071790695,
    "WEIGHTED_RESOURCE_SCORE": 0.08806099742650986,
    "SMOL_MEDICAL_SOUNDNESS": 0.0053789024241268635,
    "treatment": 0.05801163241267204
}