{
    "tagged": 0.2301037609577179,
    "assessing": 0.19130782783031464,
    "tagging": 0.2891322374343872,
    "HRA Strategy.time-resources.take-the-best": 0.05232686176896095,
    "HRA Strategy.time-system.tallying": 0.04858075827360153,
    "DAMAGE_PER_SECOND": 0.18854844570159912
}