{
    "age": 0.019010277464985847,
    "tagged": 0.033109456300735474,
    "visited": 0.015356193296611309,
    "injured_count": 0.11057109385728836,
    "environment_type": 0.020547663792967796,
    "questioning": 0.20640140771865845,
    "assessing": 0.3098631501197815,
    "tagging": 0.06137342005968094,
    "category": 0.014760852791368961,
    "One-Bounce Priority": 0.027650324627757072,
    "pInternalBleeding": 0.013766088522970676,
    "AVERAGE_TIME_USED": 0.020122582092881203,
    "INFORMATION_GAINED": 0.09762056171894073,
    "treatment": 0.0498470664024353
}