{
    "tagged": 0.02568019926548004,
    "avpu": 0.021378299221396446,
    "assessing": 0.18248870968818665,
    "tagging": 0.6018370389938354,
    "HRA Strategy.time-resources.take-the-best": 0.03008338063955307,
    "HRA Strategy.time-system.tallying": 0.05575039982795715,
    "AVERAGE_TIME_USED": 0.03522629663348198,
    "treatment": 0.047555699944496155
}