{
    "directness_of_causality": 0.13989406824111938,
    "aid_available": 0.1908499002456665,
    "treating": 0.4850984513759613,
    "SUPPLIES_USED": 0.18415763974189758
}