{
    "age": 0.00904847402125597,
    "tagged": 0.0179273784160614,
    "breathing": 0.007112547289580107,
    "unvisited_count": 0.012401106767356396,
    "injured_count": 0.018729446455836296,
    "questioning": 0.23672667145729065,
    "assessing": 0.24851645529270172,
    "tagging": 0.16467349231243134,
    "leaving": 0.1510191708803177,
    "One-Bounce Priority": 0.040160853415727615,
    "entropy": 0.006500435993075371,
    "INFORMATION_GAINED": 0.044201575219631195,
    "treatment": 0.03165517374873161,
    "category": 0.011327186599373817
}