{
    "directness_of_causality": 0.12794187664985657,
    "treating": 0.3403237760066986,
    "SEVERITY": 0.005837614182382822,
    "DAMAGE_PER_SECOND": 0.0028595873154699802,
    "SEVEREST_SEVERITY_CHANGE": 0.5230371952056885
}