{
    "tagged": 0.08572200685739517,
    "questioning": 0.3775351047515869,
    "assessing": 0.39742371439933777,
    "pDeath": 0.041990503668785095,
    "treatment": 0.09732866287231445
}