{
    "age": 0.06088338419795036,
    "conscious": 0.005640363320708275,
    "injured_count": 0.02348092943429947,
    "environment_type": 0.07817328721284866,
    "questioning": 0.19686993956565857,
    "tagging": 0.1471365988254547,
    "leaving": 0.1603085696697235,
    "category": 0.03386279195547104,
    "HRA Strategy.time-resources.take-the-best": 0.0272914357483387,
    "pDeath": 0.009437428787350655,
    "pPain": 0.009902209043502808,
    "pBrainInjury": 0.007570459507405758,
    "pInternalBleeding": 0.009187204763293266,
    "SEVERITY": 0.0344870500266552,
    "AVERAGE_TIME_USED": 0.0048574781976640224,
    "DAMAGE_PER_SECOND": 0.038751062005758286,
    "WEIGHTED_RESOURCE_SCORE": 0.008425711654126644,
    "INFORMATION_GAINED": 0.0033502199221402407,
    "treatment": 0.140383780002594
}