intent,directness_of_causality,aid_available,treating,HRA Strategy.time-risk_reward_ratio.one-bounce,HRA Strategy.risk_reward_ratio-system.one-bounce,Take-The-Best Priority,entropyDeath,SUPPLIES_REMAINING,AVERAGE_TIME_USED,SUPPLIES_USED
0.029298564419150352,0.17817774415016174,0.18086087703704834,0.2948719263076782,0.0005653901607729495,0.0016846617218106985,0.0005711663397960365,0.0006804756703786552,0.11300560086965561,0.005472146440297365,0.19481147825717926
