{
    "conscious": 0.00046608102275058627,
    "breathing": 0.05947006493806839,
    "intent": 0.04424256086349487,
    "directness_of_causality": 0.18640579283237457,
    "aid_available": 0.1593402922153473,
    "treating": 0.2728758752346039,
    "HRA Strategy.time-resources.take-the-best": 0.005715872626751661,
    "HRA Strategy.resources-risk_reward_ratio.one-bounce": 0.029345406219363213,
    "HRA Strategy.resources-system.take-the-best": 0.026343783363699913,
    "HRA Strategy.risk_reward_ratio-system.one-bounce": 0.0011562121799215674,
    "HRA Strategy.resources-risk_reward_ratio-system.one-bounce": 0.0012237693881615996,
    "HRA Strategy.time-resources-risk_reward_ratio-system.one-bounce": 0.000699091237038374,
    "Satisfactory Priority": 0.0009187243413180113,
    "One-Bounce Priority": 0.0006180889322422445,
    "pBrainInjury": 0.0006157290190458298,
    "pAirwayBlocked": 0.0003981881309300661,
    "pInternalBleeding": 0.0001635262306081131,
    "entropyDeath": 0.0008639448205940425,
    "SEVERITY": 0.0012836982496082783,
    "SUPPLIES_REMAINING": 0.0014479865785688162,
    "AVERAGE_TIME_USED": 0.013987774960696697,
    "DAMAGE_PER_SECOND": 0.0007341760210692883,
    "MEDSIM_P_DEATH": 0.00036833013291470706,
    "SEVERITY_CHANGE": 0.00021255246247164905,
    "SUPPLIES_USED": 0.1887235790491104,
    "SEVEREST_SEVERITY_CHANGE": 0.0005356458714231849,
    "WEIGHTED_RESOURCE_SCORE": 0.0015263083623722196,
    "treatment": 0.0003169582923874259
}