{
    "age": 0.06030355393886566,
    "tagged": 0.024277444928884506,
    "visited": 0.005296823102980852,
    "breathing": 0.026757530868053436,
    "assessing": 0.245263934135437,
    "tagging": 0.23804806172847748,
    "HRA Strategy.time-resources.take-the-best": 0.03293028473854065,
    "HRA Strategy.time-resources.one-bounce": 0.008433651179075241,
    "HRA Strategy.time-system.tallying": 0.02158079668879509,
    "Satisfactory Priority": 0.08899711072444916,
    "pAirwayBlocked": 0.030840860679745674,
    "SEVERITY": 0.007218724116683006,
    "SUPPLIES_REMAINING": 0.0007809948292560875,
    "AVERAGE_TIME_USED": 0.0036902446299791336,
    "MEDSIM_P_DEATH_ONE_MIN_LATER": 0.0029769649263471365,
    "SEVEREST_SEVERITY": 0.04178357869386673,
    "WEIGHTED_RESOURCE_SCORE": 0.08873450756072998,
    "treatment": 0.072084940969944
}