{
    "tagged": 0.09746041893959045,
    "breathing": 0.05621224269270897,
    "hrpmin": 0.06691806018352509,
    "assessing": 0.21408036351203918,
    "tagging": 0.3690102696418762,
    "category": 0.04040856659412384,
    "entropyDeath": 0.06371110677719116,
    "treatment": 0.09219896793365479
}