{
    "tagged": 0.008927559480071068,
    "conscious": 0.0011020100209861994,
    "mental_status": 0.010452019982039928,
    "breathing": 0.0011853206669911742,
    "intent": 0.008222045376896858,
    "directness_of_causality": 0.06438300758600235,
    "others_tagged_or_uninjured": 0.08711003512144089,
    "aid_available": 0.10465499013662338,
    "treating": 0.10009896010160446,
    "HRA Strategy.time-risk_reward_ratio.one-bounce": 0.023519795387983322,
    "HRA Strategy.time-system.one-bounce": 0.0004906801623292267,
    "HRA Strategy.resources-system.take-the-best": 0.01675701141357422,
    "HRA Strategy.risk_reward_ratio-system.one-bounce": 0.0008654918055981398,
    "HRA Strategy.time-resources-system.one-bounce": 0.00029624876333400607,
    "HRA Strategy.resources-risk_reward_ratio-system.one-bounce": 0.0004810414102394134,
    "Take-The-Best Priority": 0.003700142027810216,
    "Satisfactory Priority": 0.0007848914247006178,
    "pDeath": 0.004706135485321283,
    "pPain": 0.006307696457952261,
    "pInternalBleeding": 0.030774980783462524,
    "SEVERITY": 0.0031274049542844296,
    "SUPPLIES_REMAINING": 0.0006912533426657319,
    "AVERAGE_TIME_USED": 0.005385221913456917,
    "DAMAGE_PER_SECOND": 0.027635203674435616,
    "MEDSIM_P_DEATH": 0.1256331205368042,
    "SUPPLIES_USED": 0.18089039623737335,
    "SEVEREST_SEVERITY_CHANGE": 0.0006950472015887499,
    "WEIGHTED_RESOURCE_SCORE": 0.006732645444571972,
    "SMOL_MEDICAL_SOUNDNESS": 0.16544130444526672,
    "treatment": 0.00894847884774208
}