{
    "age": 0.03424810990691185,
    "tagged": 0.04354654997587204,
    "visited": 0.010288563556969166,
    "breathing": 0.01931646093726158,
    "hrpmin": 0.024274753406643867,
    "avpu": 0.01064447220414877,
    "injured_count": 0.02462659403681755,
    "environment_type": 0.01121923141181469,
    "questioning": 0.20661894977092743,
    "assessing": 0.205193892121315,
    "tagging": 0.0943589136004448,
    "One-Bounce Priority": 0.0654769018292427,
    "pDeath": 0.008885077200829983,
    "pPain": 0.019053921103477478,
    "pAirwayBlocked": 0.007423473987728357,
    "pInternalBleeding": 0.018480554223060608,
    "pExternalBleeding": 0.01703394018113613,
    "entropy": 0.013933313079178333,
    "entropyDeath": 0.01852256990969181,
    "AVERAGE_TIME_USED": 0.02382073923945427,
    "MEDSIM_P_DEATH_ONE_MIN_LATER": 0.009312264621257782,
    "WEIGHTED_RESOURCE_SCORE": 0.018118349835276604,
    "INFORMATION_GAINED": 0.04160270839929581,
    "treatment": 0.03805053234100342,
    "category": 0.01594913937151432
}