{
    "conscious": 0.0007034995942376554,
    "intent": 0.026098566129803658,
    "directness_of_causality": 0.2291691154241562,
    "aid_available": 0.20017006993293762,
    "treating": 0.30284348130226135,
    "HRA Strategy.time-risk_reward_ratio.one-bounce": 0.00044773879926651716,
    "HRA Strategy.resources-risk_reward_ratio-system.one-bounce": 0.0005260473699308932,
    "Take-The-Best Priority": 0.0005396942142397165,
    "Satisfactory Priority": 0.0007679594564251602,
    "pBrainInjury": 0.00045038791722618043,
    "SUPPLIES_REMAINING": 0.0007284770836122334,
    "SUPPLIES_USED": 0.23706534504890442,
    "treatment": 0.0004895512829534709
}