{
    "tagged": 0.015628671273589134,
    "hrpmin": 0.003303461242467165,
    "injured_count": 0.024142684414982796,
    "questioning": 0.2863669693470001,
    "assessing": 0.2771753966808319,
    "tagging": 0.11531628668308258,
    "leaving": 0.17046023905277252,
    "category": 0.0104210264980793,
    "One-Bounce Priority": 0.02162577584385872,
    "MEDSIM_P_DEATH": 0.005554308649152517,
    "WEIGHTED_RESOURCE_SCORE": 0.011076616123318672,
    "INFORMATION_GAINED": 0.03151374310255051,
    "treatment": 0.02741486020386219
}