{
    "tagged": 0.02459658868610859,
    "breathing": 0.010737122967839241,
    "hrpmin": 0.012037491425871849,
    "injured_count": 0.019830428063869476,
    "questioning": 0.17174698412418365,
    "assessing": 0.2546772062778473,
    "tagging": 0.2223774492740631,
    "leaving": 0.15671415627002716,
    "One-Bounce Priority": 0.03922111168503761,
    "pExternalBleeding": 0.009810070507228374,
    "entropy": 0.008812345564365387,
    "INFORMATION_GAINED": 0.02548409067094326,
    "treatment": 0.03084317222237587,
    "category": 0.01311168447136879
}