{
    "intent": 0.1923438012599945,
    "treating": 0.8076561689376831
}