{
    "avpu": 0.00015237837214954197,
    "intent": 0.03603924810886383,
    "directness_of_causality": 0.21480268239974976,
    "aid_available": 0.18988189101219177,
    "treating": 0.28338950872421265,
    "HRA Strategy.risk_reward_ratio-system.one-bounce": 0.0016500615747645497,
    "HRA Strategy.time-resources-risk_reward_ratio-system.one-bounce": 0.0005703764618374407,
    "Take-The-Best Priority": 0.00023123757273424417,
    "Satisfactory Priority": 0.0008012488251551986,
    "pBrainInjury": 0.0029386524111032486,
    "pAirwayBlocked": 0.00018087326316162944,
    "pInternalBleeding": 0.0007920523639768362,
    "entropyDeath": 0.0003636422043200582,
    "SEVERITY": 0.00047427453682757914,
    "SUPPLIES_REMAINING": 0.0025669224560260773,
    "AVERAGE_TIME_USED": 0.011581259779632092,
    "SEVERITY_CHANGE": 0.0001286514598177746,
    "SUPPLIES_USED": 0.2524423897266388,
    "WEIGHTED_RESOURCE_SCORE": 0.00046183812082745135,
    "treatment": 0.0005507051828317344
}