{
    "tagged": 0.01630292274057865,
    "unvisited_count": 0.007772630080580711,
    "injured_count": 0.01687552221119404,
    "questioning": 0.2697972059249878,
    "assessing": 0.3089492619037628,
    "tagging": 0.13829593360424042,
    "leaving": 0.12522326409816742,
    "One-Bounce Priority": 0.028166044503450394,
    "INFORMATION_GAINED": 0.05314071848988533,
    "treatment": 0.02026531659066677,
    "category": 0.015211105346679688
}