{
    "tagged": 0.015589713118970394,
    "intent": 0.01241843868046999,
    "directness_of_causality": 0.10194171965122223,
    "aid_available": 0.07964951545000076,
    "treating": 0.1351737678050995,
    "HRA Strategy.time-resources.take-the-best": 0.0025152501184493303,
    "HRA Strategy.time-system.tallying": 0.07579828798770905,
    "HRA Strategy.risk_reward_ratio-system.one-bounce": 0.001653589541092515,
    "Take-The-Best Priority": 0.0022051013074815273,
    "Satisfactory Priority": 0.0020483264233917,
    "pInternalBleeding": 0.011197705753147602,
    "entropyDeath": 0.01830913871526718,
    "SEVERITY": 0.009410724975168705,
    "SUPPLIES_REMAINING": 0.0018330297898501158,
    "AVERAGE_TIME_USED": 0.027780070900917053,
    "DAMAGE_PER_SECOND": 0.08509949594736099,
    "SUPPLIES_USED": 0.15403172373771667,
    "SMOL_MEDICAL_SOUNDNESS": 0.25998654961586,
    "treatment": 0.0033578050788491964
}