{
    "breathing": 0.0073818243108689785,
    "intent": 0.10164199769496918,
    "directness_of_causality": 0.13830189406871796,
    "aid_available": 0.10865877568721771,
    "treating": 0.3426467478275299,
    "AVERAGE_TIME_USED": 0.012351145967841148,
    "SUPPLIES_USED": 0.25850313901901245,
    "SMOL_MEDICAL_SOUNDNESS": 0.030514417216181755
}