age,tagged,relationship,breathing,injured_count,questioning,assessing,tagging,leaving,pPain,pAirwayBlocked,pExternalBleeding,entropy,entropyDeath,SUPPLIES_REMAINING,treatment,category
0.1458505243062973,0.06453130394220352,0.11227857321500778,0.013796789571642876,0.027895407751202583,0.11221504211425781,0.23002628982067108,0.06329993903636932,0.12719862163066864,0.009382328949868679,0.008626836352050304,0.011029327288269997,0.01041756197810173,0.008174210786819458,0.008640250191092491,0.03289158642292023,0.0137454429641366
