{
    "age": 0.024768970906734467,
    "tagged": 0.057169705629348755,
    "visited": 0.02496442385017872,
    "breathing": 0.007288969121873379,
    "injured_count": 0.10266941785812378,
    "environment_type": 0.025523291900753975,
    "questioning": 0.1665814369916916,
    "assessing": 0.2697731554508209,
    "tagging": 0.08119083940982819,
    "category": 0.013138553127646446,
    "One-Bounce Priority": 0.017311546951532364,
    "pDeath": 0.00472980597987771,
    "pInternalBleeding": 0.019748441874980927,
    "pExternalBleeding": 0.01010117121040821,
    "entropy": 0.010850259102880955,
    "AVERAGE_TIME_USED": 0.026489177718758583,
    "MEDSIM_P_DEATH": 0.009478707797825336,
    "INFORMATION_GAINED": 0.08601795881986618,
    "treatment": 0.04220418632030487
}