{
    "questioning": 0.3740195333957672,
    "assessing": 0.3662281930446625,
    "leaving": 0.2597523331642151
}