{
    "age": 0.011283853091299534,
    "tagged": 0.037355292588472366,
    "visited": 0.007350411266088486,
    "conscious": 0.00071625568671152,
    "breathing": 0.00696110213175416,
    "hrpmin": 0.02093389257788658,
    "avpu": 0.008081529289484024,
    "unvisited_count": 0.001887724851258099,
    "injured_count": 0.023628950119018555,
    "others_tagged_or_uninjured": 0.006523821037262678,
    "environment_type": 0.001829619286581874,
    "questioning": 0.12881915271282196,
    "assessing": 0.18486447632312775,
    "treating": 0.00021319581719581038,
    "tagging": 0.19585908949375153,
    "leaving": 0.11919642239809036,
    "HRA Strategy.time-resources.take-the-best": 0.004782055504620075,
    "HRA Strategy.time-system.exhaustive": 0.0007986256387084723,
    "HRA Strategy.time-system.tallying": 0.00041989964665845037,
    "HRA Strategy.resources-system.take-the-best": 0.0008802653173916042,
    "HRA Strategy.resources-system.exhaustive": 0.0034742068964987993,
    "Satisfactory Priority": 0.005060321651399136,
    "One-Bounce Priority": 0.041911400854587555,
    "pDeath": 0.01287065539509058,
    "pPain": 0.005433592479676008,
    "pBrainInjury": 0.0009153110440820456,
    "pAirwayBlocked": 0.0023102855775505304,
    "pInternalBleeding": 0.006252022925764322,
    "pExternalBleeding": 0.004536094609647989,
    "entropy": 0.012029691599309444,
    "entropyDeath": 0.0050699179992079735,
    "SEVERITY": 0.0037430287338793278,
    "SUPPLIES_REMAINING": 0.0005025696591474116,
    "AVERAGE_TIME_USED": 0.0025751821231096983,
    "DAMAGE_PER_SECOND": 0.0015582034830003977,
    "MEDSIM_P_DEATH": 0.015076297335326672,
    "MEDSIM_P_DEATH_ONE_MIN_LATER": 0.000745179655496031,
    "SEVERITY_CHANGE": 0.00022617436479777098,
    "SEVEREST_SEVERITY": 0.0008772066212259233,
    "SEVEREST_SEVERITY_CHANGE": 0.00038078645593486726,
    "WEIGHTED_RESOURCE_SCORE": 0.019956188276410103,
    "SMOL_MEDICAL_SOUNDNESS": 0.0006321478285826743,
    "INFORMATION_GAINED": 0.0391666442155838,
    "treatment": 0.04421601817011833,
    "category": 0.00809516105800867
}