{
    "age": 0.02535751648247242,
    "tagged": 0.07188154757022858,
    "conscious": 0.007758102845400572,
    "breathing": 0.010139049030840397,
    "hrpmin": 0.010464456863701344,
    "avpu": 0.009509366005659103,
    "environment_type": 0.0173206590116024,
    "questioning": 0.18092606961727142,
    "assessing": 0.10670715570449829,
    "leaving": 0.08589711785316467,
    "category": 0.028098497539758682,
    "pDeath": 0.00759411696344614,
    "pBrainInjury": 0.09307382255792618,
    "pInternalBleeding": 0.005864068400114775,
    "entropy": 0.012812422588467598,
    "entropyDeath": 0.051464859396219254,
    "SEVERITY": 0.008797451853752136,
    "SUPPLIES_REMAINING": 0.005074174143373966,
    "AVERAGE_TIME_USED": 0.01404783595353365,
    "DAMAGE_PER_SECOND": 0.008369669318199158,
    "MEDSIM_P_DEATH_ONE_MIN_LATER": 0.009473588317632675,
    "SEVEREST_SEVERITY_CHANGE": 0.16512539982795715,
    "INFORMATION_GAINED": 0.03999869152903557,
    "treatment": 0.024244360625743866
}