{
    "conscious": 0.021619249135255814,
    "breathing": 0.019347619265317917,
    "intent": 0.02029287815093994,
    "directness_of_causality": 0.1764286607503891,
    "aid_available": 0.1789189726114273,
    "treating": 0.25786352157592773,
    "HRA Strategy.resources-risk_reward_ratio.one-bounce": 0.013018862344324589,
    "entropyDeath": 0.0024621831253170967,
    "SEVERITY": 0.048668716102838516,
    "SUPPLIES_REMAINING": 0.0010261655552312732,
    "AVERAGE_TIME_USED": 0.007767110131680965,
    "SUPPLIES_USED": 0.2011396288871765,
    "SEVEREST_SEVERITY": 0.05144643783569336
}