{
    "questioning": 0.3039911389350891,
    "assessing": 0.40799206495285034,
    "tagging": 0.06539515405893326,
    "leaving": 0.19313320517539978,
    "treatment": 0.029488427564501762
}