{
    "age": 0.013225545175373554,
    "tagged": 0.023607440292835236,
    "conscious": 0.020625120028853416,
    "breathing": 0.04933204874396324,
    "injured_count": 0.07736128568649292,
    "environment_type": 0.015446343459188938,
    "questioning": 0.17051152884960175,
    "assessing": 0.1305868774652481,
    "treating": 0.0010535878827795386,
    "tagging": 0.10040029883384705,
    "leaving": 0.09699743986129761,
    "HRA Strategy.time-resources.take-the-best": 0.006813236977905035,
    "HRA Strategy.time-system.exhaustive": 0.0012448119232431054,
    "Satisfactory Priority": 0.0014778001932427287,
    "One-Bounce Priority": 0.001245587831363082,
    "pDeath": 0.04442386329174042,
    "pPain": 0.021514413878321648,
    "pBrainInjury": 0.002069795271381736,
    "pAirwayBlocked": 0.0016548322746530175,
    "pInternalBleeding": 0.012079732492566109,
    "pExternalBleeding": 0.0011733812279999256,
    "entropy": 0.0020545406732708216,
    "entropyDeath": 0.0057661146856844425,
    "SEVERITY": 0.0020043407566845417,
    "SUPPLIES_REMAINING": 0.005612959153950214,
    "AVERAGE_TIME_USED": 0.007959766313433647,
    "DAMAGE_PER_SECOND": 0.0019026667578145862,
    "MEDSIM_P_DEATH": 0.002063669031485915,
    "INFORMATION_GAINED": 0.07173687219619751,
    "treatment": 0.09028209745883942,
    "category": 0.017772048711776733
}