{
    "tagged": 0.030945414677262306,
    "questioning": 0.2835206091403961,
    "assessing": 0.5442496538162231,
    "treatment": 0.04878711700439453,
    "INFORMATION_GAINED": 0.09249719232320786
}