{
    "visited": 0.00013413495616987348,
    "mental_status": 0.07519005984067917,
    "breathing": 0.22071057558059692,
    "directness_of_causality": 0.1956537365913391,
    "aid_available": 0.03078204207122326,
    "treating": 0.3200986385345459,
    "HRA Strategy.risk_reward_ratio-system.one-bounce": 0.0042663984932005405,
    "HRA Strategy.resources-risk_reward_ratio-system.one-bounce": 0.0032796987798064947,
    "pPain": 9.831920760916546e-05,
    "pAirwayBlocked": 0.00021540233865380287,
    "entropy": 0.00026075865025632083,
    "entropyDeath": 5.5381915444741026e-05,
    "SEVERITY": 0.017491502687335014,
    "AVERAGE_TIME_USED": 0.021939817816019058,
    "SEVERITY_CHANGE": 0.0001590888568898663,
    "SUPPLIES_USED": 0.07392620295286179,
    "SEVEREST_SEVERITY": 0.03445825353264809,
    "SEVEREST_SEVERITY_CHANGE": 0.00013662043784279376,
    "WEIGHTED_RESOURCE_SCORE": 6.83156686136499e-05,
    "treatment": 0.0010751084191724658
}