{
    "mental_status": 0.04327479004859924,
    "breathing": 0.1559053361415863,
    "directness_of_causality": 0.24942494928836823,
    "aid_available": 0.03411218523979187,
    "treating": 0.40528029203414917,
    "SEVERITY": 0.018883412703871727,
    "SUPPLIES_USED": 0.07939893007278442,
    "SEVEREST_SEVERITY": 0.013720100745558739
}