{
    "aid_available": 0.12121683359146118,
    "treating": 0.23403948545455933,
    "AVERAGE_TIME_USED": 0.12649103999137878,
    "SMOL_MEDICAL_SOUNDNESS": 0.2140822410583496,
    "intent": 0.13885977864265442,
    "directness_of_causality": 0.16531063616275787
}