{
    "tagged": 0.02465461753308773,
    "hrpmin": 0.006775622721761465,
    "injured_count": 0.014691141434013844,
    "questioning": 0.22010943293571472,
    "assessing": 0.32179057598114014,
    "tagging": 0.13070794939994812,
    "leaving": 0.16165007650852203,
    "One-Bounce Priority": 0.03455531597137451,
    "INFORMATION_GAINED": 0.03402366861701012,
    "treatment": 0.039637088775634766,
    "category": 0.011404543183743954
}