{
    "age": 0.0036964917089790106,
    "tagged": 0.042989328503608704,
    "conscious": 0.006713037379086018,
    "breathing": 0.007749616634100676,
    "hrpmin": 0.014628361910581589,
    "unvisited_count": 0.012609969824552536,
    "injured_count": 0.013790810480713844,
    "environment_type": 0.0011572749353945255,
    "questioning": 0.0855148509144783,
    "assessing": 0.14192579686641693,
    "treating": 0.0019708306062966585,
    "tagging": 0.14562208950519562,
    "leaving": 0.3743627369403839,
    "HRA Strategy.time-resources.take-the-best": 0.0053065624088048935,
    "Satisfactory Priority": 0.0005192268872633576,
    "One-Bounce Priority": 0.0194311011582613,
    "pDeath": 0.0036416943185031414,
    "pPain": 0.008768869563937187,
    "pBrainInjury": 0.0018864081939682364,
    "pAirwayBlocked": 0.0030163172632455826,
    "pInternalBleeding": 0.0011749186087399721,
    "pExternalBleeding": 0.006354114040732384,
    "entropy": 0.019373087212443352,
    "entropyDeath": 0.0008150542853400111,
    "SEVERITY": 0.0022882309276610613,
    "SUPPLIES_REMAINING": 0.0011447930010035634,
    "AVERAGE_TIME_USED": 0.0017310726689174771,
    "MEDSIM_P_DEATH_ONE_MIN_LATER": 0.001015170244500041,
    "SEVEREST_SEVERITY": 0.0008011906174942851,
    "WEIGHTED_RESOURCE_SCORE": 0.007986480370163918,
    "SMOL_MEDICAL_SOUNDNESS": 0.001135211088694632,
    "INFORMATION_GAINED": 0.0041963797993958,
    "treatment": 0.049794699996709824,
    "category": 0.006888227071613073
}