{
    "questioning": 0.24141043424606323,
    "assessing": 0.28957322239875793,
    "tagging": 0.05259368196129799,
    "leaving": 0.27327099442481995,
    "Satisfactory Priority": 0.029558250680565834,
    "One-Bounce Priority": 0.0312911719083786,
    "INFORMATION_GAINED": 0.05085641145706177,
    "treatment": 0.03144586458802223
}