{
    "tagged": 0.00018573999113868922,
    "mental_status": 0.0019134811591356993,
    "intent": 0.0005259267636574805,
    "directness_of_causality": 0.20375487208366394,
    "treating": 0.13746647536754608,
    "treatment": 0.0013450265396386385,
    "HRA Strategy.time-resources-system.one-bounce": 0.004271900746971369,
    "Take-The-Best Priority": 0.00018566598009783775,
    "pBrainInjury": 0.00014492172340396792,
    "entropyDeath": 0.00012472215166781098,
    "SEVERITY": 0.07513320446014404,
    "SUPPLIES_REMAINING": 0.001104523311369121,
    "AVERAGE_TIME_USED": 0.0005174888065084815,
    "DAMAGE_PER_SECOND": 0.001425542519427836,
    "SEVERITY_CHANGE": 0.3515303134918213,
    "SUPPLIES_USED": 0.000672980910167098,
    "WEIGHTED_RESOURCE_SCORE": 0.0007881819037720561,
    "SMOL_MEDICAL_SOUNDNESS": 0.21890895068645477
}