{
    "age": 0.007565283216536045,
    "tagged": 0.019847461953759193,
    "visited": 0.004406462889164686,
    "breathing": 0.00586366793140769,
    "hrpmin": 0.004447451792657375,
    "unvisited_count": 0.013148291036486626,
    "injured_count": 0.017273006960749626,
    "questioning": 0.23653800785541534,
    "assessing": 0.18733711540699005,
    "tagging": 0.12485464662313461,
    "leaving": 0.22252140939235687,
    "Satisfactory Priority": 0.002866278635337949,
    "One-Bounce Priority": 0.03229774907231331,
    "pPain": 0.006486880127340555,
    "pAirwayBlocked": 0.0036039077676832676,
    "pInternalBleeding": 0.006185833364725113,
    "pExternalBleeding": 0.011031229980289936,
    "entropy": 0.010029745288193226,
    "entropyDeath": 0.003808739595115185,
    "AVERAGE_TIME_USED": 0.005668527912348509,
    "MEDSIM_P_DEATH": 0.007365023251622915,
    "SMOL_MEDICAL_SOUNDNESS": 0.0016619941452518106,
    "INFORMATION_GAINED": 0.024467559531331062,
    "treatment": 0.03150756284594536,
    "category": 0.00921611674129963
}