{
    "age": 0.01926315948367119,
    "tagged": 0.03999527171254158,
    "unvisited_count": 0.01586765982210636,
    "environment_type": 0.010657002218067646,
    "questioning": 0.1911127269268036,
    "assessing": 0.3130379319190979,
    "tagging": 0.07099340856075287,
    "category": 0.02626906707882881,
    "One-Bounce Priority": 0.09359689056873322,
    "WEIGHTED_RESOURCE_SCORE": 0.051847752183675766,
    "INFORMATION_GAINED": 0.10361019521951675,
    "treatment": 0.06374897807836533
}