{
    "tagged": 0.18176347017288208,
    "breathing": 0.017745137214660645,
    "questioning": 0.3793371021747589,
    "assessing": 0.3559085428714752,
    "INFORMATION_GAINED": 0.024585379287600517,
    "treatment": 0.04066044092178345
}