{
    "tagged": 0.022420383989810944,
    "conscious": 0.025464564561843872,
    "breathing": 0.01794537901878357,
    "hrpmin": 0.0017452997853979468,
    "intent": 0.3001382052898407,
    "directness_of_causality": 0.058612823486328125,
    "aid_available": 0.0018988767405971885,
    "questioning": 0.008547412231564522,
    "treating": 0.09379079192876816,
    "HRA Strategy.time-resources.take-the-best": 0.022999387234449387,
    "HRA Strategy.time-risk_reward_ratio.one-bounce": 0.0013791953679174185,
    "HRA Strategy.resources-system.take-the-best": 0.03332078456878662,
    "HRA Strategy.risk_reward_ratio-system.one-bounce": 0.0021607738453894854,
    "HRA Strategy.time-resources-system.exhaustive": 0.00432363897562027,
    "Take-The-Best Priority": 0.002360319485887885,
    "Satisfactory Priority": 0.0014101096894592047,
    "pInternalBleeding": 0.0014798322226852179,
    "entropyDeath": 0.004154352471232414,
    "SEVERITY": 0.04032166302204132,
    "AVERAGE_TIME_USED": 0.028683384880423546,
    "SEVERITY_CHANGE": 0.008408940397202969,
    "SUPPLIES_USED": 0.0815189853310585,
    "WEIGHTED_RESOURCE_SCORE": 0.0019714690279215574,
    "SMOL_MEDICAL_SOUNDNESS": 0.12350191920995712,
    "treatment": 0.10927044600248337,
    "category": 0.0021709641441702843
}