{
    "intent": 0.2209872007369995,
    "treating": 0.6170482635498047,
    "AVERAGE_TIME_USED": 0.1619645655155182
}