{
    "age": 0.012604480609297752,
    "tagged": 0.030809417366981506,
    "visited": 0.011094161309301853,
    "conscious": 0.006048615090548992,
    "breathing": 0.009450904093682766,
    "avpu": 0.0012166340602561831,
    "unvisited_count": 0.09003323316574097,
    "environment_type": 0.0202570091933012,
    "questioning": 0.07287962734699249,
    "assessing": 0.09015224874019623,
    "tagging": 0.10797309875488281,
    "leaving": 0.2587006986141205,
    "HRA Strategy.time-resources.take-the-best": 0.0010321440640836954,
    "Satisfactory Priority": 0.02547120861709118,
    "One-Bounce Priority": 0.040719401091337204,
    "pDeath": 0.0025592718739062548,
    "pPain": 0.010700712911784649,
    "pBrainInjury": 0.002549412427470088,
    "pAirwayBlocked": 0.0013424813514575362,
    "pInternalBleeding": 0.012605847790837288,
    "pExternalBleeding": 0.01624695397913456,
    "entropy": 0.012326865456998348,
    "entropyDeath": 0.0007708403863944113,
    "SEVERITY": 0.002272771205753088,
    "SUPPLIES_REMAINING": 0.0007267746259458363,
    "AVERAGE_TIME_USED": 0.008365683257579803,
    "DAMAGE_PER_SECOND": 0.0020565250888466835,
    "MEDSIM_P_DEATH": 0.003790108719840646,
    "MEDSIM_P_DEATH_ONE_MIN_LATER": 0.001261092140339315,
    "SEVEREST_SEVERITY_CHANGE": 0.07280052453279495,
    "WEIGHTED_RESOURCE_SCORE": 0.0012938287109136581,
    "SMOL_MEDICAL_SOUNDNESS": 0.0030918994452804327,
    "INFORMATION_GAINED": 0.02342667058110237,
    "treatment": 0.03046501986682415,
    "category": 0.012903958559036255
}