{
    "conscious": 0.12444119900465012,
    "mental_status": 0.02819341979920864,
    "breathing": 7.688597543165088e-05,
    "intent": 0.08358076214790344,
    "directness_of_causality": 0.13789360225200653,
    "aid_available": 0.016780853271484375,
    "treating": 0.22413049638271332,
    "HRA Strategy.time-resources.take-the-best": 0.003888868959620595,
    "HRA Strategy.time-resources.one-bounce": 0.02221958339214325,
    "HRA Strategy.resources-risk_reward_ratio.one-bounce": 0.04371269419789314,
    "HRA Strategy.resources-system.take-the-best": 0.024174798280000687,
    "HRA Strategy.risk_reward_ratio-system.one-bounce": 0.001045572804287076,
    "HRA Strategy.resources-risk_reward_ratio-system.one-bounce": 0.0010435087606310844,
    "Take-The-Best Priority": 0.00168099335860461,
    "pDeath": 0.12024320662021637,
    "pBrainInjury": 0.00015255571634043008,
    "pInternalBleeding": 0.0005730417906306684,
    "entropyDeath": 0.02297280915081501,
    "SEVERITY": 0.010230131447315216,
    "AVERAGE_TIME_USED": 0.0005941770505160093,
    "SUPPLIES_USED": 0.03751292824745178,
    "SEVEREST_SEVERITY": 0.0049594067968428135,
    "SEVEREST_SEVERITY_CHANGE": 0.0004366094362922013,
    "WEIGHTED_RESOURCE_SCORE": 0.0001500263751950115,
    "treatment": 0.08931191265583038
}