age,tagged,visited,relationship,conscious,breathing,hrpmin,avpu,unvisited_count,injured_count,environment_type,questioning,assessing,tagging,leaving,HRA Strategy.time-resources.take-the-best,HRA Strategy.time-risk_reward_ratio.take-the-best,HRA Strategy.time-system.exhaustive,HRA Strategy.time-system.one-bounce,HRA Strategy.resources-risk_reward_ratio.take-the-best,HRA Strategy.resources-system.take-the-best,HRA Strategy.resources-system.exhaustive,HRA Strategy.risk_reward_ratio-system.exhaustive,HRA Strategy.time-risk_reward_ratio-system.one-bounce,HRA Strategy.resources-risk_reward_ratio-system.exhaustive,One-Bounce Priority,pDeath,pPain,pBrainInjury,pAirwayBlocked,pInternalBleeding,pExternalBleeding,entropy,entropyDeath,SEVERITY,SUPPLIES_REMAINING,AVERAGE_TIME_USED,DAMAGE_PER_SECOND,MEDSIM_P_DEATH,MEDSIM_P_DEATH_ONE_MIN_LATER,SEVERITY_CHANGE,SEVEREST_SEVERITY,SEVEREST_SEVERITY_CHANGE,WEIGHTED_RESOURCE_SCORE,SMOL_MEDICAL_SOUNDNESS,INFORMATION_GAINED,treatment,category
0.13828757405281067,0.06113656982779503,0.0041934652253985405,0.08508038520812988,0.0010442148195579648,0.01817273162305355,0.0021912569645792246,0.005797890014946461,0.003782553132623434,0.02738008089363575,0.004015868995338678,0.09099561721086502,0.17890572547912598,0.067350834608078,0.11711014062166214,0.002304564695805311,0.0016872487030923367,0.0015491589438170195,0.001615845481865108,0.00019088694534730166,0.0008952682837843895,0.004315549973398447,0.0001354358537355438,0.0013577125500887632,0.00019266162416897714,0.0018214890733361244,0.008952487260103226,0.013985609635710716,0.005583841819316149,0.010200790129601955,0.005598903633654118,0.011758745647966862,0.013127218931913376,0.008717614226043224,0.002872918965294957,0.01775418594479561,0.004112141206860542,0.0011657661525532603,0.009028257802128792,0.003052058396860957,0.001226665684953332,0.0011441109236329794,0.0015829335898160934,0.000917227880563587,0.0018864612793549895,0.0008632608805783093,0.040618911385536194,0.014339177869260311
