{
    "age": 0.07315437495708466,
    "assessing": 0.7165031433105469,
    "treating": 0.04697411507368088,
    "category": 0.1633683741092682
}