{
    "conscious": 0.0016930027632042766,
    "mental_status": 0.0004721909062936902,
    "intent": 0.058431077748537064,
    "directness_of_causality": 0.2172595113515854,
    "aid_available": 0.17880266904830933,
    "treating": 0.276222288608551,
    "HRA Strategy.time-risk_reward_ratio.one-bounce": 0.0007664471631869674,
    "HRA Strategy.risk_reward_ratio-system.one-bounce": 0.0012896177358925343,
    "HRA Strategy.resources-risk_reward_ratio-system.one-bounce": 0.0010079347994178534,
    "HRA Strategy.time-resources-risk_reward_ratio-system.one-bounce": 0.0003471235395409167,
    "Take-The-Best Priority": 0.0007128414581529796,
    "Satisfactory Priority": 0.0007126278942450881,
    "pDeath": 4.8851961764739826e-05,
    "pBrainInjury": 0.0002781770599540323,
    "pAirwayBlocked": 0.00021649284462910146,
    "pInternalBleeding": 0.00015063741011545062,
    "entropyDeath": 0.0005004512495361269,
    "SEVERITY": 0.00034025582135654986,
    "SUPPLIES_REMAINING": 0.0011106689926236868,
    "AVERAGE_TIME_USED": 0.00016523180238436908,
    "SUPPLIES_USED": 0.25789859890937805,
    "WEIGHTED_RESOURCE_SCORE": 0.0007296212716028094,
    "treatment": 0.0008436070056632161
}