{
    "injured_count": 0.017745323479175568,
    "questioning": 0.29493603110313416,
    "assessing": 0.328927606344223,
    "tagging": 0.09548753499984741,
    "leaving": 0.1204104870557785,
    "One-Bounce Priority": 0.020435357466340065,
    "INFORMATION_GAINED": 0.07250771671533585,
    "treatment": 0.028086591511964798,
    "category": 0.02146337926387787
}