{
    "age": 0.010634633712470531,
    "tagged": 0.03083205223083496,
    "visited": 0.0033786750864237547,
    "conscious": 0.0010253286454826593,
    "breathing": 0.0068398271687328815,
    "hrpmin": 0.0016027938108891249,
    "avpu": 0.0021011412609368563,
    "unvisited_count": 0.005885873921215534,
    "injured_count": 0.0138364527374506,
    "environment_type": 0.001625298522412777,
    "questioning": 0.1787918359041214,
    "assessing": 0.16419795155525208,
    "treating": 0.0013261400163173676,
    "tagging": 0.2070063352584839,
    "leaving": 0.1620466411113739,
    "HRA Strategy.time-resources.take-the-best": 0.0035940322559326887,
    "HRA Strategy.time-resources.one-bounce": 0.00014134323282632977,
    "HRA Strategy.time-system.exhaustive": 0.022917043417692184,
    "HRA Strategy.resources-risk_reward_ratio.take-the-best": 0.00024414301151409745,
    "HRA Strategy.resources-system.take-the-best": 0.0005109257763251662,
    "HRA Strategy.resources-system.exhaustive": 0.0008925206493586302,
    "Satisfactory Priority": 0.002182220807299018,
    "One-Bounce Priority": 0.02463754080235958,
    "pDeath": 0.004344724118709564,
    "pPain": 0.00528922863304615,
    "pBrainInjury": 0.005484907887876034,
    "pAirwayBlocked": 0.0047891209833323956,
    "pInternalBleeding": 0.007917101494967937,
    "pExternalBleeding": 0.008691723458468914,
    "entropy": 0.010329296812415123,
    "entropyDeath": 0.008898894302546978,
    "SEVERITY": 0.0041281962767243385,
    "SUPPLIES_REMAINING": 0.0007082303636707366,
    "AVERAGE_TIME_USED": 0.006381846033036709,
    "DAMAGE_PER_SECOND": 0.001253616763278842,
    "MEDSIM_P_DEATH": 0.011981433257460594,
    "MEDSIM_P_DEATH_ONE_MIN_LATER": 0.003562888829037547,
    "SEVERITY_CHANGE": 0.0009175842860713601,
    "SEVEREST_SEVERITY": 0.0004287516057956964,
    "SEVEREST_SEVERITY_CHANGE": 0.0009741732501424849,
    "WEIGHTED_RESOURCE_SCORE": 0.0014658881118521094,
    "SMOL_MEDICAL_SOUNDNESS": 0.0010460696648806334,
    "INFORMATION_GAINED": 0.023434177041053772,
    "treatment": 0.03435696288943291,
    "category": 0.00736435828730464
}