{
    "age": 0.01578923501074314,
    "tagged": 0.06118086352944374,
    "visited": 0.0009840470738708973,
    "conscious": 0.007352908607572317,
    "breathing": 0.0072614885866642,
    "hrpmin": 0.0009007568587549031,
    "avpu": 0.000950185174588114,
    "unvisited_count": 0.008782080374658108,
    "others_tagged_or_uninjured": 0.0021185881923884153,
    "environment_type": 0.002879611449316144,
    "questioning": 0.22483830153942108,
    "assessing": 0.1847650557756424,
    "treating": 0.00020971479534637183,
    "tagging": 0.26444414258003235,
    "category": 0.007512678857892752,
    "HRA Strategy.time-resources.take-the-best": 0.002456970512866974,
    "HRA Strategy.time-risk_reward_ratio.take-the-best": 0.0023646170739084482,
    "HRA Strategy.time-system.tallying": 0.0102746756747365,
    "HRA Strategy.resources-system.take-the-best": 0.0007755511905997992,
    "Take-The-Best Priority": 0.0003407688345760107,
    "One-Bounce Priority": 0.020856713876128197,
    "pDeath": 0.0163774024695158,
    "pPain": 0.02409179136157036,
    "pBrainInjury": 0.0015353512717410922,
    "pAirwayBlocked": 0.006595313083380461,
    "pInternalBleeding": 0.0077447108924388885,
    "pExternalBleeding": 0.008601400069892406,
    "entropy": 0.017645031213760376,
    "entropyDeath": 0.0004488950944505632,
    "SEVERITY": 0.0017009669682011008,
    "SUPPLIES_REMAINING": 0.0005083547439426184,
    "AVERAGE_TIME_USED": 0.029606660827994347,
    "DAMAGE_PER_SECOND": 0.0017716644797474146,
    "MEDSIM_P_DEATH": 0.0010821555042639375,
    "MEDSIM_P_DEATH_ONE_MIN_LATER": 0.0006246374687179923,
    "SEVEREST_SEVERITY": 0.0002553067170083523,
    "WEIGHTED_RESOURCE_SCORE": 0.005496792029589415,
    "SMOL_MEDICAL_SOUNDNESS": 0.010407431982457638,
    "INFORMATION_GAINED": 0.004817758221179247,
    "treatment": 0.03364952653646469
}