{
    "conscious": 0.01523879449814558,
    "breathing": 0.00013815046986564994,
    "hrpmin": 0.0029573864303529263,
    "intent": 0.19227416813373566,
    "directness_of_causality": 0.16591069102287292,
    "aid_available": 0.12165612727403641,
    "treating": 0.20732218027114868,
    "HRA Strategy.risk_reward_ratio-system.one-bounce": 0.0013158997753635049,
    "HRA Strategy.time-resources-system.one-bounce": 0.00045488911564461887,
    "HRA Strategy.resources-risk_reward_ratio-system.one-bounce": 0.0010566189885139465,
    "HRA Strategy.time-resources-risk_reward_ratio-system.one-bounce": 0.0003798709949478507,
    "pPain": 2.0993380530853756e-05,
    "pBrainInjury": 2.7963422326138243e-05,
    "pAirwayBlocked": 0.00016033892461564392,
    "pExternalBleeding": 0.00048351052100770175,
    "SEVERITY": 0.005445510149002075,
    "SUPPLIES_REMAINING": 0.0008553389925509691,
    "AVERAGE_TIME_USED": 0.017711253836750984,
    "DAMAGE_PER_SECOND": 0.00014846732665318996,
    "SEVERITY_CHANGE": 0.00035270198713988066,
    "SUPPLIES_USED": 0.1861373335123062,
    "SEVEREST_SEVERITY": 5.154454993316904e-05,
    "WEIGHTED_RESOURCE_SCORE": 0.00034189055440947413,
    "SMOL_MEDICAL_SOUNDNESS": 0.07851188629865646,
    "treatment": 0.001046541496179998
}