{
    "mental_status": 0.010495955124497414,
    "intent": 0.004764524754136801,
    "directness_of_causality": 0.09236986190080643,
    "others_tagged_or_uninjured": 0.13664408028125763,
    "aid_available": 0.18800754845142365,
    "treating": 0.18544934689998627,
    "Take-The-Best Priority": 0.007839878089725971,
    "pInternalBleeding": 0.01723954826593399,
    "DAMAGE_PER_SECOND": 0.025563495233654976,
    "MEDSIM_P_DEATH": 0.0628899410367012,
    "SUPPLIES_USED": 0.2130737155675888,
    "WEIGHTED_RESOURCE_SCORE": 0.00975276343524456,
    "SMOL_MEDICAL_SOUNDNESS": 0.045909348875284195
}