{
    "intent": 0.1619597226381302,
    "aid_available": 0.1413116157054901,
    "treating": 0.6967286467552185
}