{
    "tagged": 0.028637101873755455,
    "conscious": 0.0038456672336906195,
    "breathing": 0.044707924127578735,
    "intent": 0.19005948305130005,
    "directness_of_causality": 0.12781541049480438,
    "aid_available": 0.021822942420840263,
    "treating": 0.2837890684604645,
    "HRA Strategy.time-resources.take-the-best": 0.00496253976598382,
    "HRA Strategy.time-resources.one-bounce": 0.014607502147555351,
    "HRA Strategy.time-risk_reward_ratio.one-bounce": 0.004032089840620756,
    "HRA Strategy.time-system.one-bounce": 0.00012060236622346565,
    "HRA Strategy.resources-risk_reward_ratio.one-bounce": 0.04601889103651047,
    "HRA Strategy.resources-system.take-the-best": 0.025888288393616676,
    "HRA Strategy.risk_reward_ratio-system.one-bounce": 0.0009095953428186476,
    "HRA Strategy.resources-risk_reward_ratio-system.one-bounce": 0.0008318131440319121,
    "Satisfactory Priority": 0.0005781633662991226,
    "pDeath": 0.11297774314880371,
    "pBrainInjury": 0.00021250659483484924,
    "pExternalBleeding": 0.03087969496846199,
    "entropyDeath": 0.009695331566035748,
    "SEVERITY": 0.003907568287104368,
    "SUPPLIES_REMAINING": 0.00199100817553699,
    "AVERAGE_TIME_USED": 0.004081836435943842,
    "SUPPLIES_USED": 0.03715212643146515,
    "WEIGHTED_RESOURCE_SCORE": 0.0003531792317517102,
    "treatment": 0.00012189726840006188
}