{
    "conscious": 0.05115417763590813,
    "breathing": 0.046235546469688416,
    "intent": 0.17446115612983704,
    "treating": 0.7281491160392761
}