{
    "tagged": 0.007785039022564888,
    "mental_status": 0.0017466555582359433,
    "breathing": 0.02014642395079136,
    "intent": 0.10202807188034058,
    "directness_of_causality": 0.09496497362852097,
    "aid_available": 0.029924724251031876,
    "treating": 0.1857815533876419,
    "HRA Strategy.time-resources.take-the-best": 0.005140447523444891,
    "HRA Strategy.time-risk_reward_ratio.one-bounce": 0.015551842749118805,
    "HRA Strategy.resources-system.take-the-best": 0.053767379373311996,
    "HRA Strategy.risk_reward_ratio-system.one-bounce": 0.002297324361279607,
    "HRA Strategy.resources-risk_reward_ratio-system.one-bounce": 0.0014252995606511831,
    "pInternalBleeding": 0.037436969578266144,
    "SEVERITY": 0.05790453404188156,
    "AVERAGE_TIME_USED": 0.036340389400720596,
    "SUPPLIES_USED": 0.12671546638011932,
    "SMOL_MEDICAL_SOUNDNESS": 0.22104281187057495
}