{
    "tagged": 0.5268409252166748,
    "unvisited_count": 0.0889134481549263,
    "category": 0.034670501947402954,
    "HRA Strategy.time-resources.take-the-best": 0.02997812069952488,
    "pInternalBleeding": 0.0786866843700409,
    "AVERAGE_TIME_USED": 0.09659342467784882,
    "DAMAGE_PER_SECOND": 0.013140960596501827,
    "WEIGHTED_RESOURCE_SCORE": 0.03389914706349373,
    "treatment": 0.09727678447961807
}