{
    "tagged": 0.01718488149344921,
    "injured_count": 0.018591199070215225,
    "questioning": 0.31261003017425537,
    "assessing": 0.30430057644844055,
    "tagging": 0.10189484804868698,
    "leaving": 0.12724947929382324,
    "One-Bounce Priority": 0.027263322845101357,
    "INFORMATION_GAINED": 0.048927780240774155,
    "treatment": 0.024915708228945732,
    "category": 0.017062140628695488
}