{
    "age": 0.0016391694080084562,
    "tagged": 0.03283616900444031,
    "conscious": 0.0012293109903112054,
    "breathing": 0.003860068740323186,
    "hrpmin": 0.0037718380335718393,
    "unvisited_count": 0.004651062190532684,
    "injured_count": 0.008272522129118443,
    "environment_type": 0.002920569619163871,
    "questioning": 0.16201528906822205,
    "assessing": 0.1535755842924118,
    "treating": 0.0005993548547849059,
    "tagging": 0.1823783963918686,
    "leaving": 0.30397894978523254,
    "HRA Strategy.time-resources.take-the-best": 0.002447547623887658,
    "HRA Strategy.resources-system.take-the-best": 0.0006689871661365032,
    "Satisfactory Priority": 0.002632599789649248,
    "One-Bounce Priority": 0.01744518242776394,
    "pDeath": 0.0022187037393450737,
    "pPain": 0.006072774063795805,
    "pBrainInjury": 0.0007188641466200352,
    "pAirwayBlocked": 0.0014983870787546039,
    "pInternalBleeding": 0.005246095824986696,
    "pExternalBleeding": 0.015619630925357342,
    "entropy": 0.013491145335137844,
    "SEVERITY": 0.0012021089205518365,
    "SUPPLIES_REMAINING": 0.0003893486864399165,
    "AVERAGE_TIME_USED": 0.0069358935579657555,
    "MEDSIM_P_DEATH": 0.004864303395152092,
    "MEDSIM_P_DEATH_ONE_MIN_LATER": 0.0034560991916805506,
    "WEIGHTED_RESOURCE_SCORE": 0.001182087929919362,
    "SMOL_MEDICAL_SOUNDNESS": 0.0013251819182187319,
    "INFORMATION_GAINED": 0.007540915161371231,
    "treatment": 0.036728907376527786,
    "category": 0.006586972624063492
}