{
    "conscious": 0.0021959657315164804,
    "mental_status": 0.004238325171172619,
    "intent": 0.010984266176819801,
    "directness_of_causality": 0.17556793987751007,
    "aid_available": 0.18644499778747559,
    "treating": 0.24087509512901306,
    "SEVERITY": 0.003067593090236187,
    "AVERAGE_TIME_USED": 0.008055496960878372,
    "SUPPLIES_USED": 0.2560183107852936,
    "SMOL_MEDICAL_SOUNDNESS": 0.11106209456920624,
    "treatment": 0.0014899774687364697
}