{
    "tagged": 0.013068425469100475,
    "conscious": 0.010968349874019623,
    "intent": 0.19219407439231873,
    "directness_of_causality": 0.17799347639083862,
    "injured_count": 0.2169201374053955,
    "treating": 0.3058182895183563,
    "HRA Strategy.time-resources.take-the-best": 0.009306639432907104,
    "HRA Strategy.resources-system.take-the-best": 0.01965321972966194,
    "AVERAGE_TIME_USED": 0.0030184548813849688,
    "SUPPLIES_USED": 0.000336944533046335,
    "WEIGHTED_RESOURCE_SCORE": 0.0016325891483575106,
    "treatment": 0.04908934235572815
}