{
    "questioning": 0.3675037622451782,
    "assessing": 0.3776148557662964,
    "tagging": 0.05504737049341202,
    "leaving": 0.1593295931816101,
    "treatment": 0.040504295378923416
}