{
    "tagged": 0.015466420911252499,
    "breathing": 0.0014003453543409705,
    "intent": 0.01316556241363287,
    "directness_of_causality": 0.10554596781730652,
    "aid_available": 0.09446672350168228,
    "treating": 0.14343570172786713,
    "HRA Strategy.time-resources.take-the-best": 0.0030611844267696142,
    "HRA Strategy.time-system.tallying": 0.08045826852321625,
    "HRA Strategy.risk_reward_ratio-system.one-bounce": 0.0015255287289619446,
    "HRA Strategy.resources-risk_reward_ratio-system.one-bounce": 0.0007234999793581665,
    "HRA Strategy.time-resources-risk_reward_ratio-system.one-bounce": 0.0007789948722347617,
    "Take-The-Best Priority": 0.002323735738173127,
    "Satisfactory Priority": 0.0020685128401964903,
    "pAirwayBlocked": 0.0004809838137589395,
    "pInternalBleeding": 0.012177938595414162,
    "entropyDeath": 0.02415042743086815,
    "SEVERITY": 0.008249396458268166,
    "SUPPLIES_REMAINING": 0.002250103512778878,
    "AVERAGE_TIME_USED": 0.03553100302815437,
    "DAMAGE_PER_SECOND": 0.07244168221950531,
    "SUPPLIES_USED": 0.1694641262292862,
    "SEVEREST_SEVERITY": 0.0004058831254951656,
    "SMOL_MEDICAL_SOUNDNESS": 0.20724493265151978,
    "treatment": 0.003183095483109355
}