{
    "age": 0.004423568025231361,
    "tagged": 0.02661188878118992,
    "visited": 0.0029588984325528145,
    "breathing": 0.005316402763128281,
    "hrpmin": 0.001411730539985001,
    "unvisited_count": 0.012771204113960266,
    "injured_count": 0.01158745028078556,
    "questioning": 0.17296259105205536,
    "assessing": 0.15868456661701202,
    "tagging": 0.2013850212097168,
    "leaving": 0.24371802806854248,
    "HRA Strategy.time-resources.take-the-best": 0.0016483759973198175,
    "Satisfactory Priority": 0.006330620497465134,
    "One-Bounce Priority": 0.019031686708331108,
    "pDeath": 0.0025578478816896677,
    "pPain": 0.0035027735866606236,
    "pBrainInjury": 0.00568758649751544,
    "pAirwayBlocked": 0.001900819013826549,
    "pInternalBleeding": 0.006396462209522724,
    "pExternalBleeding": 0.006064140237867832,
    "entropy": 0.010200957767665386,
    "entropyDeath": 0.01115779485553503,
    "SEVERITY": 0.00247215642593801,
    "AVERAGE_TIME_USED": 0.004025370813906193,
    "MEDSIM_P_DEATH": 0.006353903096169233,
    "SEVEREST_SEVERITY": 0.0025920665357261896,
    "WEIGHTED_RESOURCE_SCORE": 0.0011644162004813552,
    "SMOL_MEDICAL_SOUNDNESS": 0.004282575100660324,
    "INFORMATION_GAINED": 0.023167671635746956,
    "treatment": 0.03362999111413956,
    "category": 0.006001391913741827
}