{
    "intent": 0.2528233230113983,
    "treating": 0.31496328115463257,
    "pBrainInjury": 0.08869369328022003,
    "AVERAGE_TIME_USED": 0.0820159763097763,
    "SUPPLIES_USED": 0.12315621972084045,
    "treatment": 0.13834752142429352
}