{
    "intent": 0.07710009068250656,
    "directness_of_causality": 0.2079925388097763,
    "treating": 0.38462507724761963,
    "HRA Strategy.time-resources.take-the-best": 0.31685131788253784,
    "HRA Strategy.time-risk_reward_ratio.one-bounce": 0.004658311139792204,
    "Satisfactory Priority": 0.0019749111961573362,
    "pBrainInjury": 0.004903034307062626,
    "treatment": 0.0018946618074551225
}