{
    "age": 0.0034385223407298326,
    "tagged": 0.04142105206847191,
    "visited": 0.0013276453828439116,
    "conscious": 0.008082110434770584,
    "breathing": 0.007357771508395672,
    "hrpmin": 0.011536529287695885,
    "unvisited_count": 0.011676774360239506,
    "injured_count": 0.014301750808954239,
    "environment_type": 0.0011069473112002015,
    "questioning": 0.07524959743022919,
    "assessing": 0.1421729326248169,
    "treating": 0.0004557164793368429,
    "tagging": 0.17225846648216248,
    "leaving": 0.3496904671192169,
    "HRA Strategy.time-resources.take-the-best": 0.006710921414196491,
    "HRA Strategy.resources-risk_reward_ratio.one-bounce": 0.0006668898859061301,
    "HRA Strategy.resources-system.take-the-best": 0.0001532141031930223,
    "Satisfactory Priority": 0.0009719714289531112,
    "One-Bounce Priority": 0.0178702212870121,
    "pDeath": 0.0037597508635371923,
    "pPain": 0.006683750078082085,
    "pBrainInjury": 0.0015204971423372626,
    "pAirwayBlocked": 0.0031954036094248295,
    "pInternalBleeding": 0.0015433109365403652,
    "pExternalBleeding": 0.0055963750928640366,
    "entropy": 0.01770278997719288,
    "entropyDeath": 0.0008427636930719018,
    "SEVERITY": 0.0020654327236115932,
    "SUPPLIES_REMAINING": 0.0010730045614764094,
    "AVERAGE_TIME_USED": 0.0018713620956987143,
    "DAMAGE_PER_SECOND": 0.0005568410269916058,
    "MEDSIM_P_DEATH_ONE_MIN_LATER": 0.0018115310231223702,
    "SEVEREST_SEVERITY": 0.0012010601349174976,
    "SEVEREST_SEVERITY_CHANGE": 0.0003281829704064876,
    "WEIGHTED_RESOURCE_SCORE": 0.021432355046272278,
    "SMOL_MEDICAL_SOUNDNESS": 0.0013870088150724769,
    "INFORMATION_GAINED": 0.004515496082603931,
    "treatment": 0.04984669014811516,
    "category": 0.006616936530917883
}