{
    "age": 0.009597234427928925,
    "tagged": 0.048549164086580276,
    "visited": 0.0021089816000312567,
    "conscious": 0.0007521245861425996,
    "breathing": 0.00553173990920186,
    "hrpmin": 0.00822008028626442,
    "avpu": 0.00510694133117795,
    "unvisited_count": 0.008014331571757793,
    "injured_count": 0.012851824052631855,
    "environment_type": 0.0015558716841042042,
    "questioning": 0.20487475395202637,
    "assessing": 0.16377469897270203,
    "tagging": 0.21362890303134918,
    "leaving": 0.13929924368858337,
    "HRA Strategy.time-resources.take-the-best": 0.0023266631178557873,
    "HRA Strategy.time-resources.one-bounce": 0.00043000190635211766,
    "HRA Strategy.time-system.exhaustive": 0.0019672950729727745,
    "HRA Strategy.time-system.one-bounce": 0.0031791541259735823,
    "HRA Strategy.resources-system.take-the-best": 0.0010742676677182317,
    "HRA Strategy.resources-system.exhaustive": 0.002734413370490074,
    "Satisfactory Priority": 0.003336194436997175,
    "One-Bounce Priority": 0.023475199937820435,
    "pDeath": 0.00403724005445838,
    "pPain": 0.007364263758063316,
    "pBrainInjury": 0.0013066662941128016,
    "pAirwayBlocked": 0.006424943916499615,
    "pInternalBleeding": 0.006037857849150896,
    "pExternalBleeding": 0.01050194725394249,
    "entropy": 0.008709845133125782,
    "entropyDeath": 0.0023814470041543245,
    "SEVERITY": 0.002506799763068557,
    "SUPPLIES_REMAINING": 0.0005425497074611485,
    "AVERAGE_TIME_USED": 0.004693140275776386,
    "MEDSIM_P_DEATH": 0.005568653345108032,
    "MEDSIM_P_DEATH_ONE_MIN_LATER": 0.001636215136386454,
    "SEVEREST_SEVERITY": 0.0015573286218568683,
    "WEIGHTED_RESOURCE_SCORE": 0.0013733783271163702,
    "SMOL_MEDICAL_SOUNDNESS": 0.0018937307177111506,
    "INFORMATION_GAINED": 0.024308942258358,
    "treatment": 0.03725101426243782,
    "category": 0.009515020996332169
}