{
    "age": 0.04520925134420395,
    "tagged": 0.04967930167913437,
    "visited": 0.003517377423122525,
    "conscious": 0.025296706706285477,
    "breathing": 0.046784818172454834,
    "unvisited_count": 0.008746173232793808,
    "injured_count": 0.0582120344042778,
    "environment_type": 0.005842194426804781,
    "questioning": 0.17808058857917786,
    "tagging": 0.0024673938751220703,
    "category": 0.061760153621435165,
    "HRA Strategy.time-resources.take-the-best": 0.028547344729304314,
    "HRA Strategy.time-system.tallying": 0.000739114941097796,
    "HRA Strategy.resources-risk_reward_ratio.one-bounce": 0.006635698489844799,
    "Satisfactory Priority": 0.014259809628129005,
    "pDeath": 0.0044003864750266075,
    "pPain": 0.0008124730084091425,
    "pBrainInjury": 0.005585570819675922,
    "pAirwayBlocked": 0.009705974720418453,
    "pInternalBleeding": 0.14120465517044067,
    "pExternalBleeding": 0.029017072170972824,
    "entropy": 0.043624091893434525,
    "entropyDeath": 0.026008540764451027,
    "SEVERITY": 0.00715919304639101,
    "SUPPLIES_REMAINING": 0.01754157803952694,
    "AVERAGE_TIME_USED": 0.004360234830528498,
    "DAMAGE_PER_SECOND": 0.015966804698109627,
    "MEDSIM_P_DEATH": 0.00882802065461874,
    "MEDSIM_P_DEATH_ONE_MIN_LATER": 0.027814654633402824,
    "SMOL_MEDICAL_SOUNDNESS": 0.09020328521728516,
    "treatment": 0.03198947012424469
}