{
    "age": 0.011323153972625732,
    "tagged": 0.049580447375774384,
    "visited": 0.0067926435731351376,
    "conscious": 0.0008842956740409136,
    "breathing": 0.0070935883559286594,
    "hrpmin": 0.017298629507422447,
    "avpu": 0.0031488339882344007,
    "unvisited_count": 0.0068779331631958485,
    "injured_count": 0.005267697386443615,
    "environment_type": 0.004995892755687237,
    "questioning": 0.23133312165737152,
    "assessing": 0.1971479207277298,
    "tagging": 0.22126826643943787,
    "leaving": 0.006263094954192638,
    "HRA Strategy.time-resources.take-the-best": 0.004309684969484806,
    "HRA Strategy.time-system.tallying": 0.015568316914141178,
    "HRA Strategy.resources-risk_reward_ratio.take-the-best": 0.0008399477228522301,
    "HRA Strategy.resources-system.take-the-best": 0.0006681953673250973,
    "Satisfactory Priority": 0.0031013458501547575,
    "One-Bounce Priority": 0.016709623858332634,
    "pDeath": 0.0035851551219820976,
    "pPain": 0.004556805826723576,
    "pBrainInjury": 0.00694457208737731,
    "pAirwayBlocked": 0.005073764361441135,
    "pInternalBleeding": 0.0080967852845788,
    "pExternalBleeding": 0.005737056490033865,
    "entropy": 0.009355268441140652,
    "entropyDeath": 0.021835695952177048,
    "SEVERITY": 0.007443705573678017,
    "SUPPLIES_REMAINING": 0.0006504385964944959,
    "AVERAGE_TIME_USED": 0.008940142579376698,
    "DAMAGE_PER_SECOND": 0.0015667163534089923,
    "MEDSIM_P_DEATH": 0.0064225937239825726,
    "SEVERITY_CHANGE": 0.0032083457335829735,
    "SEVEREST_SEVERITY": 0.0011551077477633953,
    "WEIGHTED_RESOURCE_SCORE": 0.0024782437831163406,
    "SMOL_MEDICAL_SOUNDNESS": 0.006795620080083609,
    "INFORMATION_GAINED": 0.051913488656282425,
    "treatment": 0.025271356105804443,
    "category": 0.00849652849137783
}