{
    "age": 0.005439291708171368,
    "tagged": 0.03719494864344597,
    "visited": 0.0032197199761867523,
    "conscious": 0.0012805793667212129,
    "breathing": 0.005368617828935385,
    "hrpmin": 0.007771708536893129,
    "avpu": 0.0006907693459652364,
    "unvisited_count": 0.010799837298691273,
    "injured_count": 0.01418626680970192,
    "environment_type": 0.0008890025201253593,
    "questioning": 0.20635810494422913,
    "assessing": 0.1851675808429718,
    "tagging": 0.19983449578285217,
    "leaving": 0.1369399130344391,
    "HRA Strategy.time-resources.take-the-best": 0.0017862266395241022,
    "HRA Strategy.time-system.exhaustive": 0.0007325534825213253,
    "HRA Strategy.time-system.one-bounce": 0.0006256142514757812,
    "HRA Strategy.resources-system.take-the-best": 0.0008153094677254558,
    "Satisfactory Priority": 0.006140922196209431,
    "One-Bounce Priority": 0.022932207211852074,
    "pDeath": 0.0028457678854465485,
    "pPain": 0.004784006159752607,
    "pBrainInjury": 0.002157808281481266,
    "pAirwayBlocked": 0.010711807757616043,
    "pInternalBleeding": 0.006178481969982386,
    "pExternalBleeding": 0.014801916666328907,
    "entropy": 0.008702347986400127,
    "entropyDeath": 0.0019025941146537662,
    "SEVERITY": 0.002180107869207859,
    "AVERAGE_TIME_USED": 0.003458710853010416,
    "DAMAGE_PER_SECOND": 0.0008700938196852803,
    "MEDSIM_P_DEATH": 0.004775032866746187,
    "MEDSIM_P_DEATH_ONE_MIN_LATER": 0.003736708080396056,
    "SEVERITY_CHANGE": 0.000873363867867738,
    "SEVEREST_SEVERITY": 0.0040186611004173756,
    "WEIGHTED_RESOURCE_SCORE": 0.00264743878506124,
    "SMOL_MEDICAL_SOUNDNESS": 0.0031387251801788807,
    "INFORMATION_GAINED": 0.03682706132531166,
    "treatment": 0.0300627239048481,
    "category": 0.007153007201850414
}