conscious,intent,directness_of_causality,aid_available,treating,HRA Strategy.time-risk_reward_ratio.one-bounce,HRA Strategy.risk_reward_ratio-system.one-bounce,HRA Strategy.time-resources-risk_reward_ratio-system.one-bounce,Take-The-Best Priority,Satisfactory Priority,One-Bounce Priority,pBrainInjury,pInternalBleeding,entropyDeath,SEVERITY,SUPPLIES_REMAINING,AVERAGE_TIME_USED,DAMAGE_PER_SECOND,MEDSIM_P_DEATH,SUPPLIES_USED,SEVEREST_SEVERITY_CHANGE,SMOL_MEDICAL_SOUNDNESS,treatment
0.00105055863969028,0.04742245003581047,0.1876930296421051,0.17304198443889618,0.28015607595443726,0.0008329830598086119,0.001549227861687541,0.00041503316606394947,0.0004741752927657217,0.0004889058182016015,0.0002771008585114032,0.000272727629635483,0.00023901922395452857,0.0004971472080796957,0.00027430005138739944,0.10042288154363632,0.006648797541856766,0.000385800696676597,0.00033436561352573335,0.19644597172737122,0.00014339026529341936,0.0003253936010878533,0.000608692760579288
