{
    "questioning": 0.3522985279560089,
    "assessing": 0.343465656042099,
    "tagging": 0.08889332413673401,
    "leaving": 0.14409127831459045,
    "INFORMATION_GAINED": 0.026596620678901672,
    "treatment": 0.02702377922832966,
    "category": 0.01763083040714264
}