{
    "questioning": 0.3293986916542053,
    "assessing": 0.34017372131347656,
    "tagging": 0.0943935289978981,
    "leaving": 0.2360340803861618
}