{
    "age": 0.007528842426836491,
    "tagged": 0.03327411040663719,
    "conscious": 0.0018334556370973587,
    "breathing": 0.01629156805574894,
    "hrpmin": 0.011205990798771381,
    "avpu": 0.0020329230464994907,
    "injured_count": 0.020878028124570847,
    "environment_type": 0.004431922920048237,
    "questioning": 0.12240968644618988,
    "assessing": 0.15006063878536224,
    "tagging": 0.1451784372329712,
    "leaving": 0.34250667691230774,
    "HRA Strategy.time-resources.take-the-best": 0.003954882733523846,
    "Satisfactory Priority": 0.0031044255010783672,
    "One-Bounce Priority": 0.028737198561429977,
    "pDeath": 0.0029388759285211563,
    "pPain": 0.006057864986360073,
    "pBrainInjury": 0.0018658762564882636,
    "pAirwayBlocked": 0.005235468503087759,
    "pInternalBleeding": 0.003079581307247281,
    "pExternalBleeding": 0.0022536232136189938,
    "entropy": 0.006402693223208189,
    "entropyDeath": 0.005426386371254921,
    "SEVERITY": 0.00503540737554431,
    "AVERAGE_TIME_USED": 0.002430108841508627,
    "DAMAGE_PER_SECOND": 0.0019224321004003286,
    "MEDSIM_P_DEATH": 0.010472618043422699,
    "MEDSIM_P_DEATH_ONE_MIN_LATER": 0.0035779853351414204,
    "SEVERITY_CHANGE": 0.0025165677070617676,
    "SMOL_MEDICAL_SOUNDNESS": 0.006468447390943766,
    "INFORMATION_GAINED": 0.0034090070985257626,
    "treatment": 0.029491957277059555,
    "category": 0.007986338809132576
}