{
    "tagged": 0.033205412328243256,
    "breathing": 0.004051707684993744,
    "hrpmin": 0.0038768835365772247,
    "avpu": 0.003003567922860384,
    "unvisited_count": 0.0024220296181738377,
    "injured_count": 0.007382986135780811,
    "questioning": 0.2046872228384018,
    "assessing": 0.18363356590270996,
    "tagging": 0.12705938518047333,
    "leaving": 0.3239547312259674,
    "One-Bounce Priority": 0.013073989190161228,
    "pDeath": 0.002497982233762741,
    "pPain": 0.003927949350327253,
    "pBrainInjury": 0.007388572208583355,
    "pAirwayBlocked": 0.003442155895754695,
    "pInternalBleeding": 0.009085603058338165,
    "entropy": 0.009978245012462139,
    "entropyDeath": 0.0032667878549546003,
    "MEDSIM_P_DEATH": 0.002853027544915676,
    "WEIGHTED_RESOURCE_SCORE": 0.004902391228824854,
    "INFORMATION_GAINED": 0.013512556441128254,
    "treatment": 0.027089150622487068,
    "category": 0.005703975446522236
}