{
    "age": 0.007909931242465973,
    "tagged": 0.02493823878467083,
    "breathing": 0.02264852449297905,
    "hrpmin": 0.010180003941059113,
    "environment_type": 0.010157330892980099,
    "questioning": 0.15967988967895508,
    "assessing": 0.2429962456226349,
    "tagging": 0.1769147366285324,
    "leaving": 0.24388885498046875,
    "treatment": 0.020982252433896065,
    "pDeath": 0.003741769352927804,
    "pInternalBleeding": 0.00800901185721159,
    "entropyDeath": 0.010306380689144135,
    "INFORMATION_GAINED": 0.04443470761179924,
    "category": 0.013212253339588642
}