{
    "tagged": 0.013901066035032272,
    "unvisited_count": 0.006022553890943527,
    "injured_count": 0.01574600487947464,
    "questioning": 0.28781235218048096,
    "assessing": 0.2960301637649536,
    "tagging": 0.13473905622959137,
    "leaving": 0.1484961360692978,
    "One-Bounce Priority": 0.0257173590362072,
    "MEDSIM_P_DEATH": 0.004916402976959944,
    "INFORMATION_GAINED": 0.03146426007151604,
    "treatment": 0.023681635037064552,
    "category": 0.011472966521978378
}