{
    "age": 0.00997487735003233,
    "tagged": 0.014811637811362743,
    "conscious": 0.006758121773600578,
    "breathing": 0.01108101662248373,
    "hrpmin": 0.033317092806100845,
    "unvisited_count": 0.007776821032166481,
    "environment_type": 0.0037466511130332947,
    "questioning": 0.17918463051319122,
    "assessing": 0.24799862504005432,
    "treating": 0.01764068379998207,
    "tagging": 0.19015710055828094,
    "HRA Strategy.time-resources.take-the-best": 0.003490220755338669,
    "Satisfactory Priority": 0.0065560732036828995,
    "One-Bounce Priority": 0.044607579708099365,
    "pPain": 0.014744885265827179,
    "pExternalBleeding": 0.009744452312588692,
    "entropy": 0.015556767582893372,
    "entropyDeath": 0.007800002116709948,
    "SEVERITY": 0.004490489140152931,
    "AVERAGE_TIME_USED": 0.027969999238848686,
    "MEDSIM_P_DEATH": 0.017967604100704193,
    "INFORMATION_GAINED": 0.050289105623960495,
    "treatment": 0.061458319425582886,
    "category": 0.012877212837338448
}