{
    "breathing": 0.06808029115200043,
    "intent": 0.03099202737212181,
    "directness_of_causality": 0.22045515477657318,
    "aid_available": 0.17193622887134552,
    "treating": 0.3501947820186615,
    "pDeath": 0.018987035378813744,
    "SUPPLIES_REMAINING": 0.011179118417203426,
    "SUPPLIES_USED": 0.12817534804344177
}