{
    "directness_of_causality": 0.060751594603061676,
    "treating": 0.5575171709060669,
    "SUPPLIES_USED": 0.11039099097251892,
    "SMOL_MEDICAL_SOUNDNESS": 0.2713402211666107
}