{
    "age": 0.01091083511710167,
    "tagged": 0.028590425848960876,
    "visited": 0.0070177712477743626,
    "conscious": 0.0007506371475756168,
    "breathing": 0.0070935883559286594,
    "hrpmin": 0.01415601372718811,
    "avpu": 0.013376549817621708,
    "unvisited_count": 0.002891149837523699,
    "injured_count": 0.017531102523207664,
    "environment_type": 0.0015885609900578856,
    "questioning": 0.1479421705007553,
    "assessing": 0.1860361397266388,
    "tagging": 0.1759534776210785,
    "leaving": 0.147699773311615,
    "HRA Strategy.time-resources.take-the-best": 0.003799372585490346,
    "HRA Strategy.time-system.exhaustive": 0.0010177759686484933,
    "HRA Strategy.resources-system.take-the-best": 0.0008506664307788014,
    "HRA Strategy.resources-system.exhaustive": 0.005231665913015604,
    "Satisfactory Priority": 0.005769203882664442,
    "One-Bounce Priority": 0.04176173731684685,
    "pDeath": 0.011605416424572468,
    "pPain": 0.004694229457527399,
    "pBrainInjury": 0.0012713214382529259,
    "pAirwayBlocked": 0.0016932225553318858,
    "pInternalBleeding": 0.00627778097987175,
    "pExternalBleeding": 0.0055879829451441765,
    "entropy": 0.009770053438842297,
    "entropyDeath": 0.0037336116656661034,
    "SEVERITY": 0.0032642909791320562,
    "AVERAGE_TIME_USED": 0.0026986259035766125,
    "DAMAGE_PER_SECOND": 0.0016019653994590044,
    "MEDSIM_P_DEATH": 0.010778752155601978,
    "MEDSIM_P_DEATH_ONE_MIN_LATER": 0.0005283537320792675,
    "SEVEREST_SEVERITY": 0.0006008479977026582,
    "WEIGHTED_RESOURCE_SCORE": 0.01355516817420721,
    "INFORMATION_GAINED": 0.05046611651778221,
    "treatment": 0.04433635249733925,
    "category": 0.007567245047539473
}