{
    "age": 0.011305601336061954,
    "tagged": 0.027864526957273483,
    "breathing": 0.00958792120218277,
    "hrpmin": 0.020206179469823837,
    "injured_count": 0.03743205592036247,
    "questioning": 0.14814399182796478,
    "assessing": 0.29338330030441284,
    "tagging": 0.13489259779453278,
    "leaving": 0.09282853454351425,
    "Satisfactory Priority": 0.012531251646578312,
    "One-Bounce Priority": 0.056514058262109756,
    "pPain": 0.009609499014914036,
    "pExternalBleeding": 0.006491538602858782,
    "entropyDeath": 0.011913333088159561,
    "INFORMATION_GAINED": 0.07445666939020157,
    "treatment": 0.037107404321432114,
    "category": 0.015731550753116608
}