{
    "age": 0.008393527008593082,
    "tagged": 0.03957034647464752,
    "breathing": 0.013132588937878609,
    "hrpmin": 0.012334472499787807,
    "injured_count": 0.024473825469613075,
    "environment_type": 0.005009936634451151,
    "questioning": 0.14420169591903687,
    "assessing": 0.20203621685504913,
    "tagging": 0.1947227567434311,
    "leaving": 0.2025015503168106,
    "HRA Strategy.time-resources.take-the-best": 0.003980548586696386,
    "Satisfactory Priority": 0.0035782072227448225,
    "One-Bounce Priority": 0.0331680066883564,
    "pDeath": 0.0030395493377000093,
    "pPain": 0.005553231108933687,
    "pAirwayBlocked": 0.005722771864384413,
    "pInternalBleeding": 0.004178152419626713,
    "entropy": 0.006295550148934126,
    "entropyDeath": 0.005232444033026695,
    "SEVERITY": 0.005694130901247263,
    "AVERAGE_TIME_USED": 0.002974934410303831,
    "MEDSIM_P_DEATH": 0.014505595900118351,
    "MEDSIM_P_DEATH_ONE_MIN_LATER": 0.004646859131753445,
    "SMOL_MEDICAL_SOUNDNESS": 0.004753192886710167,
    "INFORMATION_GAINED": 0.0075326403602957726,
    "treatment": 0.033309273421764374,
    "category": 0.009458020329475403
}