{
    "tagged": 0.05147482827305794,
    "breathing": 0.009647692553699017,
    "hrpmin": 0.024770881980657578,
    "questioning": 0.22665786743164062,
    "assessing": 0.29505109786987305,
    "tagging": 0.17249943315982819,
    "One-Bounce Priority": 0.05564123019576073,
    "pExternalBleeding": 0.01091467309743166,
    "AVERAGE_TIME_USED": 0.02386300265789032,
    "INFORMATION_GAINED": 0.059026088565588,
    "treatment": 0.05422143638134003,
    "category": 0.016231762245297432
}