{
    "age": 0.006478044204413891,
    "tagged": 0.028832877054810524,
    "visited": 0.0017290802206844091,
    "conscious": 0.0005729842814616859,
    "breathing": 0.008142425678670406,
    "hrpmin": 0.003796433797106147,
    "avpu": 0.0032734526321291924,
    "unvisited_count": 0.013321668840944767,
    "injured_count": 0.016124805435538292,
    "environment_type": 0.0014100116677582264,
    "questioning": 0.14761900901794434,
    "assessing": 0.17635829746723175,
    "tagging": 0.2325526922941208,
    "leaving": 0.17732562124729156,
    "HRA Strategy.time-resources.take-the-best": 0.003300486598163843,
    "HRA Strategy.time-resources.one-bounce": 0.00022443337365984917,
    "HRA Strategy.time-system.exhaustive": 0.0008900903048925102,
    "HRA Strategy.time-system.tallying": 0.00022613996407017112,
    "HRA Strategy.time-system.one-bounce": 0.0021924746688455343,
    "HRA Strategy.resources-system.take-the-best": 0.0009582890779711306,
    "HRA Strategy.resources-system.exhaustive": 0.0002842964022420347,
    "Satisfactory Priority": 0.0027347926516085863,
    "One-Bounce Priority": 0.02049051597714424,
    "pDeath": 0.004878174513578415,
    "pPain": 0.00535605987533927,
    "pBrainInjury": 0.0019447094528004527,
    "pAirwayBlocked": 0.004387373104691505,
    "pInternalBleeding": 0.006067104171961546,
    "pExternalBleeding": 0.007591395638883114,
    "entropy": 0.010208684019744396,
    "entropyDeath": 0.008852745406329632,
    "SEVERITY": 0.0025758210103958845,
    "SUPPLIES_REMAINING": 0.0007189589086920023,
    "AVERAGE_TIME_USED": 0.003963084891438484,
    "DAMAGE_PER_SECOND": 0.0011540806153789163,
    "MEDSIM_P_DEATH": 0.015146962366998196,
    "MEDSIM_P_DEATH_ONE_MIN_LATER": 0.005150984972715378,
    "SEVERITY_CHANGE": 0.0008306258241645992,
    "SEVEREST_SEVERITY": 0.0005728905089199543,
    "SEVEREST_SEVERITY_CHANGE": 0.00016127726121339947,
    "WEIGHTED_RESOURCE_SCORE": 0.003942118491977453,
    "SMOL_MEDICAL_SOUNDNESS": 0.0013857203302904963,
    "INFORMATION_GAINED": 0.017971305176615715,
    "treatment": 0.03935587406158447,
    "category": 0.008945118635892868
}