{
    "treating": 0.7021441459655762,
    "directness_of_causality": 0.2978558838367462
}