{
    "age": 0.016589928418397903,
    "tagged": 0.0198662132024765,
    "conscious": 0.03530198335647583,
    "breathing": 0.02444152534008026,
    "injured_count": 0.08478590101003647,
    "environment_type": 0.010297277942299843,
    "questioning": 0.22721795737743378,
    "assessing": 0.1755678653717041,
    "tagging": 0.15694327652454376,
    "leaving": 0.12906739115715027,
    "pDeath": 0.02412370592355728,
    "pInternalBleeding": 0.011697343550622463,
    "treatment": 0.06379268318414688,
    "category": 0.02030699886381626
}