{
    "age": 0.0342487171292305,
    "tagged": 0.07633446156978607,
    "visited": 0.002047833288088441,
    "conscious": 0.010207262821495533,
    "breathing": 0.00963680911809206,
    "hrpmin": 0.008388419635593891,
    "avpu": 0.01037275604903698,
    "unvisited_count": 0.017674222588539124,
    "environment_type": 0.017126301303505898,
    "questioning": 0.16134870052337646,
    "assessing": 0.09670128673315048,
    "treating": 0.007415723986923695,
    "leaving": 0.07921489328145981,
    "category": 0.02581222914159298,
    "HRA Strategy.time-resources.take-the-best": 0.0020397305488586426,
    "pDeath": 0.009211908094584942,
    "pPain": 0.0038943164981901646,
    "pBrainInjury": 0.08539295941591263,
    "pInternalBleeding": 0.011878911405801773,
    "entropy": 0.009912659414112568,
    "entropyDeath": 0.05401696637272835,
    "SEVERITY": 0.007491433061659336,
    "SUPPLIES_REMAINING": 0.004245992284268141,
    "AVERAGE_TIME_USED": 0.014167914167046547,
    "DAMAGE_PER_SECOND": 0.007855663076043129,
    "MEDSIM_P_DEATH_ONE_MIN_LATER": 0.009734160266816616,
    "SEVEREST_SEVERITY_CHANGE": 0.15106628835201263,
    "WEIGHTED_RESOURCE_SCORE": 0.004034698009490967,
    "INFORMATION_GAINED": 0.04552657529711723,
    "treatment": 0.023000149056315422
}