{
    "age": 0.04672759026288986,
    "tagged": 0.01169463712722063,
    "visited": 0.015142880380153656,
    "conscious": 0.008302007801830769,
    "breathing": 0.011830073781311512,
    "injured_count": 0.0365762785077095,
    "environment_type": 0.007637600414454937,
    "questioning": 0.21315065026283264,
    "assessing": 0.35879629850387573,
    "tagging": 0.07124791294336319,
    "category": 0.05384279415011406,
    "Satisfactory Priority": 0.0014269484672695398,
    "pInternalBleeding": 0.004856595769524574,
    "entropy": 0.01742003671824932,
    "DAMAGE_PER_SECOND": 0.019864000380039215,
    "MEDSIM_P_DEATH": 0.013889448717236519,
    "SEVEREST_SEVERITY_CHANGE": 0.02620810829102993,
    "SMOL_MEDICAL_SOUNDNESS": 0.027432359755039215,
    "INFORMATION_GAINED": 0.026824288070201874,
    "treatment": 0.027129529044032097
}