{
    "others_tagged_or_uninjured": 0.15188659727573395,
    "aid_available": 0.0880431979894638,
    "treating": 0.09441032260656357,
    "Take-The-Best Priority": 0.02930268459022045,
    "Satisfactory Priority": 0.000813170219771564,
    "SEVERITY": 0.019365251064300537,
    "SUPPLIES_REMAINING": 0.0038636198733001947,
    "AVERAGE_TIME_USED": 0.06844739615917206,
    "MEDSIM_P_DEATH": 0.0010215190704911947,
    "SUPPLIES_USED": 0.0056664771400392056,
    "SEVEREST_SEVERITY": 0.004849129822105169,
    "WEIGHTED_RESOURCE_SCORE": 0.004237459972500801,
    "SMOL_MEDICAL_SOUNDNESS": 0.05983588099479675,
    "HRA Strategy.time-system.satisfactory": 0.00831164326518774,
    "HRA Strategy.time-resources-risk_reward_ratio.one-bounce": 0.12279713898897171,
    "HRA Strategy.resources-system.one-bounce": 0.003200540319085121,
    "mental_status": 0.001697735395282507,
    "HRA Strategy.resources-system.exhaustive": 0.004726713988929987,
    "HRA Strategy.time-resources-system.one-bounce": 0.019866790622472763,
    "pExternalBleeding": 0.014001026749610901,
    "pDeath": 0.008020894601941109,
    "HRA Strategy.risk_reward_ratio-system.one-bounce": 0.004294610116630793,
    "HRA Strategy.time-resources-risk_reward_ratio-system.one-bounce": 0.0010464541846886277,
    "tagged": 0.0004669052723329514,
    "pInternalBleeding": 0.0013553205644711852,
    "breathing": 0.0006183303194120526,
    "entropyDeath": 0.00043987430399283767,
    "directness_of_causality": 0.11544527858495712,
    "hrpmin": 0.00035892368759959936,
    "treatment": 0.16160912811756134
}