{
    "tagged": 0.007453282363712788,
    "conscious": 0.11125652492046356,
    "mental_status": 0.0003903666802216321,
    "breathing": 0.005934589076787233,
    "intent": 0.023334437981247902,
    "directness_of_causality": 0.053680527955293655,
    "unvisited_count": 0.0005862295511178672,
    "aid_available": 0.022885341197252274,
    "treating": 0.0637054592370987,
    "HRA Strategy.resources-system.take-the-best": 0.0009857467375695705,
    "HRA Strategy.risk_reward_ratio-system.one-bounce": 0.06776048243045807,
    "HRA Strategy.resources-risk_reward_ratio-system.one-bounce": 0.0006846656324341893,
    "Take-The-Best Priority": 0.0008191567612811923,
    "pDeath": 0.00045393520849756896,
    "pInternalBleeding": 0.014202880673110485,
    "SEVERITY": 0.01232200674712658,
    "SUPPLIES_REMAINING": 0.0009385853772982955,
    "AVERAGE_TIME_USED": 0.031096866354346275,
    "DAMAGE_PER_SECOND": 0.00027919819694943726,
    "MEDSIM_P_DEATH_ONE_MIN_LATER": 0.18141470849514008,
    "SUPPLIES_USED": 0.043849579989910126,
    "SEVEREST_SEVERITY": 0.002978085307404399,
    "SEVEREST_SEVERITY_CHANGE": 0.25858116149902344,
    "WEIGHTED_RESOURCE_SCORE": 0.0004952851450070739,
    "SMOL_MEDICAL_SOUNDNESS": 0.09329506009817123,
    "treatment": 0.0006158429896458983
}