{
    "AVERAGE_TIME_USED": 0.3687715530395508,
    "DAMAGE_PER_SECOND": 0.3990758955478668,
    "treatment": 0.23215249180793762
}