{
    "tagged": 3.144232323393226e-05,
    "conscious": 2.9890472433180548e-05,
    "mental_status": 4.0415499825030565e-05,
    "avpu": 1.8265500330016948e-05,
    "intent": 0.046330828219652176,
    "directness_of_causality": 0.1897781789302826,
    "aid_available": 0.15751755237579346,
    "treating": 0.2540619969367981,
    "HRA Strategy.time-risk_reward_ratio.one-bounce": 0.0005307763931341469,
    "HRA Strategy.risk_reward_ratio-system.one-bounce": 0.001817047013901174,
    "HRA Strategy.resources-risk_reward_ratio-system.one-bounce": 0.000770728918723762,
    "HRA Strategy.time-resources-risk_reward_ratio-system.one-bounce": 0.0003600511699914932,
    "Take-The-Best Priority": 0.00032553818891756237,
    "Satisfactory Priority": 0.0005947206518612802,
    "One-Bounce Priority": 0.00022619252558797598,
    "pDeath": 5.77650498598814e-05,
    "pBrainInjury": 0.0008848612778820097,
    "pInternalBleeding": 0.00048028602031990886,
    "entropyDeath": 0.00019956575124524534,
    "SEVERITY": 0.0024299034848809242,
    "SUPPLIES_REMAINING": 0.0005812360323034227,
    "AVERAGE_TIME_USED": 0.024982916191220284,
    "DAMAGE_PER_SECOND": 0.0001262705191038549,
    "SEVERITY_CHANGE": 0.00023492421314585954,
    "SUPPLIES_USED": 0.19346323609352112,
    "SEVEREST_SEVERITY": 4.5227188820717856e-05,
    "WEIGHTED_RESOURCE_SCORE": 0.0011198788415640593,
    "SMOL_MEDICAL_SOUNDNESS": 0.08995241671800613,
    "treatment": 0.03300780430436134
}