{
    "mental_status": 0.00224434956908226,
    "intent": 0.02459031529724598,
    "directness_of_causality": 0.17819243669509888,
    "aid_available": 0.18161706626415253,
    "treating": 0.2811901867389679,
    "SUPPLIES_REMAINING": 0.001281965640373528,
    "AVERAGE_TIME_USED": 0.002947357716038823,
    "SUPPLIES_USED": 0.2281438112258911,
    "SMOL_MEDICAL_SOUNDNESS": 0.0997924953699112
}