{
    "questioning": 0.30833858251571655,
    "assessing": 0.5859003663063049,
    "INFORMATION_GAINED": 0.1057610735297203
}