{
    "tagged": 0.01566658355295658,
    "injured_count": 0.015387809835374355,
    "questioning": 0.3136906027793884,
    "assessing": 0.3295024633407593,
    "tagging": 0.09013047814369202,
    "leaving": 0.14028708636760712,
    "One-Bounce Priority": 0.023015553131699562,
    "INFORMATION_GAINED": 0.0341360904276371,
    "treatment": 0.02184789814054966,
    "category": 0.01633547805249691
}