{
    "conscious": 0.009462561458349228,
    "breathing": 0.01357883121818304,
    "intent": 0.005229646805673838,
    "directness_of_causality": 0.18625740706920624,
    "aid_available": 0.1654660999774933,
    "treating": 0.25904810428619385,
    "Take-The-Best Priority": 0.0051072463393211365,
    "SEVERITY": 0.037585772573947906,
    "AVERAGE_TIME_USED": 0.016765980049967766,
    "DAMAGE_PER_SECOND": 0.0011441906681284308,
    "SEVERITY_CHANGE": 0.04834344983100891,
    "SUPPLIES_USED": 0.20630772411823273,
    "SEVEREST_SEVERITY": 0.045702967792749405
}