{
    "age": 0.005749610718339682,
    "tagged": 0.04220293462276459,
    "visited": 0.0025082977954298258,
    "conscious": 0.0006790184997953475,
    "breathing": 0.007181587629020214,
    "hrpmin": 0.002890056697651744,
    "avpu": 0.0018900647992268205,
    "unvisited_count": 0.010329452343285084,
    "injured_count": 0.011131135746836662,
    "environment_type": 0.001474102959036827,
    "questioning": 0.1687862128019333,
    "assessing": 0.14453203976154327,
    "treating": 0.0004046997637487948,
    "tagging": 0.19277231395244598,
    "leaving": 0.22849999368190765,
    "HRA Strategy.time-resources.take-the-best": 0.0015389297623187304,
    "HRA Strategy.time-system.exhaustive": 0.0004482080112211406,
    "HRA Strategy.time-system.tallying": 0.0005249542882665992,
    "HRA Strategy.time-system.one-bounce": 0.0005499341059476137,
    "HRA Strategy.resources-system.take-the-best": 0.0011158150155097246,
    "HRA Strategy.resources-system.exhaustive": 0.0003307909646537155,
    "Take-The-Best Priority": 0.009229245595633984,
    "Satisfactory Priority": 0.006361391395330429,
    "One-Bounce Priority": 0.019036825746297836,
    "pDeath": 0.002736615715548396,
    "pPain": 0.006552431732416153,
    "pBrainInjury": 0.0019141585798934102,
    "pAirwayBlocked": 0.005223739426583052,
    "pInternalBleeding": 0.005335104186087847,
    "pExternalBleeding": 0.006439547520130873,
    "entropy": 0.006891241297125816,
    "entropyDeath": 0.007218142505735159,
    "SEVERITY": 0.0022920684423297644,
    "SUPPLIES_REMAINING": 0.0006062808679416776,
    "AVERAGE_TIME_USED": 0.0035301747266203165,
    "DAMAGE_PER_SECOND": 0.0006757134688086808,
    "MEDSIM_P_DEATH": 0.005424735136330128,
    "MEDSIM_P_DEATH_ONE_MIN_LATER": 0.000678873504512012,
    "SEVERITY_CHANGE": 0.0007091435836628079,
    "SEVEREST_SEVERITY": 0.0024356471840292215,
    "WEIGHTED_RESOURCE_SCORE": 0.001862983568571508,
    "SMOL_MEDICAL_SOUNDNESS": 0.0022386161144822836,
    "INFORMATION_GAINED": 0.0320846363902092,
    "treatment": 0.03626495227217674,
    "category": 0.008717630058526993
}