{
    "intent": 0.01952727697789669,
    "directness_of_causality": 0.22032374143600464,
    "aid_available": 0.20210924744606018,
    "treating": 0.3141272962093353,
    "SUPPLIES_USED": 0.243912473320961
}