{
    "conscious": 0.004559708759188652,
    "breathing": 0.024912459775805473,
    "intent": 0.14311890304088593,
    "directness_of_causality": 0.09247925877571106,
    "aid_available": 0.10880633443593979,
    "treating": 0.19901056587696075,
    "HRA Strategy.time-resources.take-the-best": 0.002142456127330661,
    "HRA Strategy.resources-risk_reward_ratio.one-bounce": 0.008694403804838657,
    "HRA Strategy.resources-system.take-the-best": 0.015296131372451782,
    "HRA Strategy.risk_reward_ratio-system.one-bounce": 0.0011140212882310152,
    "HRA Strategy.time-resources-system.one-bounce": 0.0004131757013965398,
    "HRA Strategy.resources-risk_reward_ratio-system.one-bounce": 0.0016612804029136896,
    "HRA Strategy.time-resources-risk_reward_ratio-system.one-bounce": 0.0002589284849818796,
    "Take-The-Best Priority": 0.0010163330007344484,
    "pPain": 0.0004137709329370409,
    "pInternalBleeding": 0.0031324850860983133,
    "entropyDeath": 0.0004158298543188721,
    "SEVERITY": 0.011253675445914268,
    "SUPPLIES_REMAINING": 0.0006716217030771077,
    "AVERAGE_TIME_USED": 0.012093039229512215,
    "SUPPLIES_USED": 0.1682250201702118,
    "WEIGHTED_RESOURCE_SCORE": 0.00024359610688406974,
    "SMOL_MEDICAL_SOUNDNESS": 0.19820384681224823,
    "treatment": 0.001863042707554996
}