{
    "age": 0.018107298761606216,
    "tagged": 0.05129650980234146,
    "breathing": 0.005598152056336403,
    "unvisited_count": 0.019551677629351616,
    "injured_count": 0.03320171311497688,
    "environment_type": 0.022034425288438797,
    "questioning": 0.1311042755842209,
    "assessing": 0.22608253359794617,
    "tagging": 0.16025400161743164,
    "category": 0.017857125028967857,
    "HRA Strategy.resources-system.exhaustive": 0.0054384153336286545,
    "Satisfactory Priority": 0.002282529603689909,
    "One-Bounce Priority": 0.08285712450742722,
    "pDeath": 0.014662581495940685,
    "pPain": 0.009761751629412174,
    "pAirwayBlocked": 0.01853220723569393,
    "entropy": 0.003067099256440997,
    "SEVERITY": 0.0035228696651756763,
    "AVERAGE_TIME_USED": 0.01086901780217886,
    "WEIGHTED_RESOURCE_SCORE": 0.04111028090119362,
    "INFORMATION_GAINED": 0.06729423254728317,
    "treatment": 0.055514220148324966
}