{
    "intent": 0.542415201663971,
    "treating": 0.4522855579853058,
    "treatment": 0.0015588885871693492,
    "DAMAGE_PER_SECOND": 0.002478249603882432,
    "SEVERITY_CHANGE": 0.0012621417408809066
}