{
    "tagged": 0.037809427827596664,
    "assessing": 0.18918314576148987,
    "tagging": 0.6519950032234192,
    "HRA Strategy.time-resources.take-the-best": 0.042966730892658234,
    "HRA Strategy.time-system.tallying": 0.0012111932737752795,
    "AVERAGE_TIME_USED": 0.03946186229586601,
    "treatment": 0.037372637540102005
}