{
    "tagged": 0.06070822849869728,
    "injured_count": 0.03326672688126564,
    "questioning": 0.3515048921108246,
    "assessing": 0.3855738639831543,
    "treatment": 0.04587901383638382,
    "One-Bounce Priority": 0.030739791691303253,
    "MEDSIM_P_DEATH_ONE_MIN_LATER": 0.03279481455683708,
    "SEVEREST_SEVERITY": 0.015869086608290672,
    "INFORMATION_GAINED": 0.025499623268842697,
    "category": 0.01816401071846485
}