{
    "age": 0.00438431091606617,
    "tagged": 0.017732851207256317,
    "injured_count": 0.0164913609623909,
    "questioning": 0.2505793273448944,
    "assessing": 0.2933182716369629,
    "tagging": 0.08715570718050003,
    "leaving": 0.20045675337314606,
    "One-Bounce Priority": 0.03780769184231758,
    "AVERAGE_TIME_USED": 0.004753875080496073,
    "INFORMATION_GAINED": 0.04032279551029205,
    "treatment": 0.037273380905389786,
    "category": 0.00972365215420723
}