{
    "tagged": 5.8398774854140356e-05,
    "mental_status": 6.941230094525963e-05,
    "avpu": 0.0001454485609428957,
    "intent": 0.05925796180963516,
    "directness_of_causality": 0.19961094856262207,
    "aid_available": 0.19122414290905,
    "treating": 0.2766433358192444,
    "HRA Strategy.resources-system.take-the-best": 0.0010193539783358574,
    "HRA Strategy.risk_reward_ratio-system.one-bounce": 0.0016088866395875812,
    "HRA Strategy.time-resources-risk_reward_ratio-system.one-bounce": 0.0005122805014252663,
    "Take-The-Best Priority": 0.0004189400060568005,
    "Satisfactory Priority": 0.0007845635991543531,
    "One-Bounce Priority": 0.0005575247341766953,
    "pDeath": 8.37896004668437e-05,
    "pPain": 0.00012006454926449805,
    "pBrainInjury": 0.0032059396617114544,
    "pAirwayBlocked": 0.0001848210085881874,
    "pInternalBleeding": 0.000759101880248636,
    "entropyDeath": 0.001100179273635149,
    "SEVERITY": 0.0010286978213116527,
    "SUPPLIES_REMAINING": 0.0025323741137981415,
    "AVERAGE_TIME_USED": 0.010848966427147388,
    "SEVERITY_CHANGE": 0.00013770934310741723,
    "SUPPLIES_USED": 0.24643442034721375,
    "SEVEREST_SEVERITY": 7.455057493643835e-05,
    "WEIGHTED_RESOURCE_SCORE": 0.0006800855044275522,
    "treatment": 0.0008981608552858233
}