{
    "conscious": 0.0023011546581983566,
    "avpu": 0.0010597661603242159,
    "intent": 0.03907928243279457,
    "directness_of_causality": 0.19961842894554138,
    "aid_available": 0.1844005137681961,
    "treating": 0.28174257278442383,
    "HRA Strategy.time-resources.take-the-best": 0.0001304080942645669,
    "HRA Strategy.time-risk_reward_ratio.take-the-best": 0.0006239261711016297,
    "HRA Strategy.time-risk_reward_ratio.one-bounce": 0.0006319814128801227,
    "HRA Strategy.resources-system.take-the-best": 0.00019520235946401954,
    "HRA Strategy.risk_reward_ratio-system.one-bounce": 0.000844910682644695,
    "HRA Strategy.time-resources-system.tallying": 0.0013659438118338585,
    "HRA Strategy.time-resources-system.one-bounce": 0.00022228003945201635,
    "HRA Strategy.resources-risk_reward_ratio-system.one-bounce": 0.0009629750275053084,
    "HRA Strategy.time-resources-risk_reward_ratio-system.one-bounce": 0.00056040333583951,
    "Take-The-Best Priority": 0.0005907597369514406,
    "Satisfactory Priority": 0.0012130349641665816,
    "pDeath": 9.45288993534632e-05,
    "pBrainInjury": 0.0003107023367192596,
    "pAirwayBlocked": 8.62304586917162e-05,
    "pInternalBleeding": 0.00043859350262209773,
    "entropyDeath": 0.00045840494567528367,
    "SEVERITY": 0.00500069186091423,
    "SUPPLIES_REMAINING": 0.0006560437614098191,
    "AVERAGE_TIME_USED": 0.00033564557088539004,
    "MEDSIM_P_DEATH": 8.99441001820378e-05,
    "SEVERITY_CHANGE": 9.322593541583046e-05,
    "SUPPLIES_USED": 0.2754480540752411,
    "SEVEREST_SEVERITY": 0.0001000348711386323,
    "SEVEREST_SEVERITY_CHANGE": 0.0002749815466813743,
    "WEIGHTED_RESOURCE_SCORE": 0.00045941269490867853,
    "treatment": 0.0006099604652263224
}