{
    "age": 0.025086643174290657,
    "tagged": 0.034564558416604996,
    "visited": 0.002914757700636983,
    "breathing": 0.016970062628388405,
    "avpu": 0.003408141667023301,
    "injured_count": 0.10886833071708679,
    "environment_type": 0.04490136355161667,
    "questioning": 0.16220319271087646,
    "assessing": 0.1744672805070877,
    "tagging": 0.20047463476657867,
    "category": 0.016757477074861526,
    "HRA Strategy.time-resources.take-the-best": 0.00672941654920578,
    "HRA Strategy.time-system.exhaustive": 0.022423038259148598,
    "HRA Strategy.resources-system.take-the-best": 0.0008993037627078593,
    "HRA Strategy.resources-system.exhaustive": 0.0006879075081087649,
    "Take-The-Best Priority": 0.0022968780249357224,
    "Satisfactory Priority": 0.002665531588718295,
    "pDeath": 0.006296422332525253,
    "pPain": 0.0075056469067931175,
    "pBrainInjury": 0.0025173041503876448,
    "pAirwayBlocked": 0.012726020067930222,
    "pExternalBleeding": 0.0010306437034159899,
    "entropy": 0.01512011606246233,
    "entropyDeath": 0.0008841470698826015,
    "SEVERITY": 0.017417415976524353,
    "SUPPLIES_REMAINING": 0.001367726013995707,
    "AVERAGE_TIME_USED": 0.021595632657408714,
    "DAMAGE_PER_SECOND": 0.0037176741752773523,
    "MEDSIM_P_DEATH": 0.01903453655540943,
    "WEIGHTED_RESOURCE_SCORE": 0.015444964170455933,
    "SMOL_MEDICAL_SOUNDNESS": 0.01011208351701498,
    "INFORMATION_GAINED": 0.015155061148107052,
    "treatment": 0.023756036534905434
}