{
    "age": 0.005931803956627846,
    "tagged": 0.025809695944190025,
    "breathing": 0.006853942293673754,
    "unvisited_count": 0.01608758047223091,
    "injured_count": 0.01265773642808199,
    "questioning": 0.17455215752124786,
    "assessing": 0.17027555406093597,
    "tagging": 0.15548746287822723,
    "leaving": 0.2786799371242523,
    "HRA Strategy.time-resources.take-the-best": 0.0021215633023530245,
    "One-Bounce Priority": 0.02516712062060833,
    "pDeath": 0.0019936119206249714,
    "pPain": 0.003709744894877076,
    "pBrainInjury": 0.005824842490255833,
    "pAirwayBlocked": 0.0048552099615335464,
    "pInternalBleeding": 0.006356428377330303,
    "pExternalBleeding": 0.011369061656296253,
    "entropy": 0.008324172347784042,
    "entropyDeath": 0.015087723731994629,
    "SEVERITY": 0.0027243560180068016,
    "AVERAGE_TIME_USED": 0.0038127140142023563,
    "MEDSIM_P_DEATH": 0.008536301553249359,
    "SEVEREST_SEVERITY": 0.002363060135394335,
    "INFORMATION_GAINED": 0.009984872303903103,
    "treatment": 0.034215837717056274,
    "category": 0.007217452395707369
}