{
    "age": 0.052855320274829865,
    "tagged": 0.010774345137178898,
    "visited": 0.02147756516933441,
    "assessing": 0.20231352746486664,
    "tagging": 0.3684508800506592,
    "treatment": 0.08619818836450577,
    "HRA Strategy.time-resources.take-the-best": 0.0031844195909798145,
    "HRA Strategy.time-system.tallying": 0.0030747491400688887,
    "Satisfactory Priority": 0.05421607941389084,
    "One-Bounce Priority": 0.041539814323186874,
    "pAirwayBlocked": 0.01166576612740755,
    "entropy": 0.0028861756436526775,
    "SEVERITY": 0.004887585993856192,
    "SUPPLIES_REMAINING": 0.021092254668474197,
    "AVERAGE_TIME_USED": 0.06444170325994492,
    "MEDSIM_P_DEATH_ONE_MIN_LATER": 0.022881172597408295,
    "WEIGHTED_RESOURCE_SCORE": 0.0025110002607107162,
    "category": 0.025549430400133133
}