{
    "intent": 0.04627087339758873,
    "directness_of_causality": 0.1949799358844757,
    "aid_available": 0.19116264581680298,
    "treating": 0.28965890407562256,
    "HRA Strategy.risk_reward_ratio-system.one-bounce": 0.0014641796005889773,
    "HRA Strategy.time-resources-risk_reward_ratio-system.one-bounce": 0.0005252208793535829,
    "Satisfactory Priority": 0.0008427764987573028,
    "pBrainInjury": 0.002093048533424735,
    "pInternalBleeding": 0.0005157638224773109,
    "SEVERITY": 0.00041488793794997036,
    "SUPPLIES_REMAINING": 0.002649029716849327,
    "AVERAGE_TIME_USED": 0.010753490962088108,
    "SUPPLIES_USED": 0.25805795192718506,
    "WEIGHTED_RESOURCE_SCORE": 0.0003349976905155927,
    "treatment": 0.0002762936637736857
}