{
    "tagged": 6.306062277872115e-05,
    "conscious": 0.004390538204461336,
    "mental_status": 2.6612919100443833e-05,
    "breathing": 0.03187524527311325,
    "intent": 0.16708976030349731,
    "directness_of_causality": 0.10194656997919083,
    "aid_available": 0.10252872854471207,
    "treating": 0.1837792843580246,
    "HRA Strategy.time-resources.take-the-best": 0.002000845270231366,
    "HRA Strategy.time-risk_reward_ratio.one-bounce": 0.0005224975757300854,
    "HRA Strategy.resources-risk_reward_ratio.one-bounce": 0.008119725622236729,
    "HRA Strategy.resources-system.take-the-best": 0.01428509596735239,
    "HRA Strategy.risk_reward_ratio-system.one-bounce": 0.0010354947298765182,
    "HRA Strategy.time-resources-system.one-bounce": 0.000388032611226663,
    "HRA Strategy.resources-risk_reward_ratio-system.one-bounce": 0.0015300988452509046,
    "HRA Strategy.time-resources-risk_reward_ratio-system.one-bounce": 0.0002316502941539511,
    "Take-The-Best Priority": 0.000950209388975054,
    "Satisfactory Priority": 0.0006051709642633796,
    "pDeath": 2.793108615151141e-05,
    "pPain": 0.00035396823659539223,
    "pBrainInjury": 0.0002621385792735964,
    "pAirwayBlocked": 0.00021585497597698122,
    "pInternalBleeding": 0.0063038053922355175,
    "pExternalBleeding": 7.054567686282098e-05,
    "entropyDeath": 0.0005331956199370325,
    "SEVERITY": 0.01045130379498005,
    "SUPPLIES_REMAINING": 0.0006188486004248261,
    "AVERAGE_TIME_USED": 0.014463270083069801,
    "DAMAGE_PER_SECOND": 1.5451425497303717e-05,
    "SUPPLIES_USED": 0.1571091115474701,
    "SEVEREST_SEVERITY": 0.00015817208623047918,
    "WEIGHTED_RESOURCE_SCORE": 0.0003299092350061983,
    "SMOL_MEDICAL_SOUNDNESS": 0.18510307371616364,
    "treatment": 0.002614811761304736
}