{
    "age": 0.021658217534422874,
    "tagged": 0.0032250783406198025,
    "visited": 0.08088289201259613,
    "conscious": 0.021740879863500595,
    "breathing": 0.015736855566501617,
    "hrpmin": 0.00654499651864171,
    "avpu": 0.0073680211789906025,
    "unvisited_count": 0.021985813975334167,
    "injured_count": 0.03371308371424675,
    "environment_type": 0.008177671581506729,
    "questioning": 0.07595272362232208,
    "assessing": 0.10984548181295395,
    "tagging": 0.30185365676879883,
    "HRA Strategy.time-resources.take-the-best": 0.07920737564563751,
    "HRA Strategy.time-resources.one-bounce": 0.0006340991822071373,
    "HRA Strategy.resources-risk_reward_ratio.take-the-best": 0.0016209495952352881,
    "HRA Strategy.resources-risk_reward_ratio.one-bounce": 0.0010454102884978056,
    "Satisfactory Priority": 0.0037723155692219734,
    "One-Bounce Priority": 0.014178053475916386,
    "pDeath": 0.014193975366652012,
    "pPain": 0.02124905399978161,
    "pBrainInjury": 0.0049578165635466576,
    "pAirwayBlocked": 0.0011434357147663832,
    "pInternalBleeding": 0.01220280397683382,
    "pExternalBleeding": 0.015348460525274277,
    "entropy": 0.015862682834267616,
    "entropyDeath": 0.0005248278030194342,
    "SEVERITY": 0.008606608025729656,
    "SUPPLIES_REMAINING": 0.0065320637077093124,
    "AVERAGE_TIME_USED": 0.01041461993008852,
    "DAMAGE_PER_SECOND": 0.0005059848190285265,
    "MEDSIM_P_DEATH": 0.010045805014669895,
    "WEIGHTED_RESOURCE_SCORE": 0.0016099626664072275,
    "SMOL_MEDICAL_SOUNDNESS": 0.0014857032801955938,
    "treatment": 0.055841296911239624,
    "category": 0.010331288911402225
}