{
    "age": 0.006351479794830084,
    "tagged": 0.047528110444545746,
    "visited": 0.0005366152618080378,
    "conscious": 0.0008157264674082398,
    "breathing": 0.005866540130227804,
    "hrpmin": 0.00547494413331151,
    "avpu": 0.0006918598082847893,
    "unvisited_count": 0.006131801288574934,
    "injured_count": 0.01515535544604063,
    "environment_type": 0.0011436271015554667,
    "questioning": 0.18382109701633453,
    "assessing": 0.15721958875656128,
    "treating": 8.49475763970986e-05,
    "tagging": 0.22186976671218872,
    "leaving": 0.15929777920246124,
    "HRA Strategy.time-resources.take-the-best": 0.003454153425991535,
    "HRA Strategy.time-resources.one-bounce": 0.0003914750413969159,
    "HRA Strategy.time-system.exhaustive": 0.002758641028776765,
    "HRA Strategy.time-system.tallying": 9.645018144510686e-05,
    "HRA Strategy.resources-system.take-the-best": 0.0010579515947028995,
    "HRA Strategy.resources-system.exhaustive": 0.00030778773361817,
    "Take-The-Best Priority": 0.0003203186788596213,
    "Satisfactory Priority": 0.006478440947830677,
    "One-Bounce Priority": 0.023750752210617065,
    "pDeath": 0.004752263426780701,
    "pPain": 0.006851659156382084,
    "pBrainInjury": 0.001057637738995254,
    "pAirwayBlocked": 0.0034069756511598825,
    "pInternalBleeding": 0.005518388003110886,
    "pExternalBleeding": 0.009068950079381466,
    "entropy": 0.009919309988617897,
    "entropyDeath": 0.008120788261294365,
    "SEVERITY": 0.001525845960713923,
    "SUPPLIES_REMAINING": 0.0005160205182619393,
    "AVERAGE_TIME_USED": 0.007483553607016802,
    "DAMAGE_PER_SECOND": 0.0007977243512868881,
    "MEDSIM_P_DEATH": 0.0053157019428908825,
    "MEDSIM_P_DEATH_ONE_MIN_LATER": 0.0003825800376944244,
    "SEVEREST_SEVERITY": 0.005954882595688105,
    "SEVEREST_SEVERITY_CHANGE": 7.601171091664582e-05,
    "WEIGHTED_RESOURCE_SCORE": 0.0020434509497135878,
    "SMOL_MEDICAL_SOUNDNESS": 0.0026752660050988197,
    "INFORMATION_GAINED": 0.025616878643631935,
    "treatment": 0.03944173827767372,
    "category": 0.008869190700352192
}