{
    "conscious": 0.006179292686283588,
    "mental_status": 0.0009744116105139256,
    "breathing": 0.00031943933572620153,
    "intent": 0.1063951626420021,
    "directness_of_causality": 0.06289815902709961,
    "aid_available": 0.06308762729167938,
    "treating": 0.10763207077980042,
    "HRA Strategy.time-resources.take-the-best": 7.278510747710243e-05,
    "HRA Strategy.time-risk_reward_ratio.take-the-best": 0.00030926289036870003,
    "HRA Strategy.resources-system.take-the-best": 0.00010957819904433563,
    "HRA Strategy.risk_reward_ratio-system.one-bounce": 0.0010367579525336623,
    "HRA Strategy.resources-risk_reward_ratio-system.one-bounce": 0.0006198344053700566,
    "HRA Strategy.time-resources-risk_reward_ratio-system.one-bounce": 0.00014207599451765418,
    "Take-The-Best Priority": 0.0006303787231445312,
    "pAirwayBlocked": 0.000162904936587438,
    "SEVERITY": 0.01304358709603548,
    "SUPPLIES_REMAINING": 0.0004406982916407287,
    "AVERAGE_TIME_USED": 0.012188844382762909,
    "DAMAGE_PER_SECOND": 0.000961360230576247,
    "MEDSIM_P_DEATH_ONE_MIN_LATER": 0.38719165325164795,
    "SEVERITY_CHANGE": 6.500695599243045e-05,
    "SUPPLIES_USED": 0.11655493080615997,
    "SEVEREST_SEVERITY_CHANGE": 0.00041930825682356954,
    "SMOL_MEDICAL_SOUNDNESS": 0.11677367985248566,
    "treatment": 0.0017912160838022828
}