{
    "age": 0.009816858917474747,
    "tagged": 0.018220219761133194,
    "avpu": 0.006184033118188381,
    "injured_count": 0.006443600635975599,
    "environment_type": 0.01414585206657648,
    "questioning": 0.1581672728061676,
    "assessing": 0.14865759015083313,
    "tagging": 0.08124195039272308,
    "leaving": 0.4623165428638458,
    "category": 0.005086724180728197,
    "Satisfactory Priority": 0.006046564783900976,
    "One-Bounce Priority": 0.007639442104846239,
    "pDeath": 0.011178405955433846,
    "pPain": 0.005546760279685259,
    "pInternalBleeding": 0.0063178641721606255,
    "AVERAGE_TIME_USED": 0.011417040601372719,
    "INFORMATION_GAINED": 0.009316504001617432,
    "treatment": 0.032256871461868286
}