{
    "age": 0.011147515848279,
    "tagged": 0.022924793884158134,
    "visited": 0.0006285347044467926,
    "conscious": 0.025070887058973312,
    "breathing": 0.05628714710474014,
    "injured_count": 0.06888413429260254,
    "environment_type": 0.01639176718890667,
    "questioning": 0.16217394173145294,
    "assessing": 0.13208946585655212,
    "treating": 0.0012428357731550932,
    "tagging": 0.12600068747997284,
    "leaving": 0.0922510027885437,
    "HRA Strategy.time-resources.take-the-best": 0.006000021938234568,
    "HRA Strategy.time-system.exhaustive": 0.001101178233511746,
    "HRA Strategy.resources-system.take-the-best": 0.0007958290516398847,
    "Satisfactory Priority": 0.0013850659597665071,
    "One-Bounce Priority": 0.0009952302789315581,
    "pDeath": 0.02695961482822895,
    "pPain": 0.0242316797375679,
    "pBrainInjury": 0.0018512276001274586,
    "pAirwayBlocked": 0.0023512165062129498,
    "pInternalBleeding": 0.011909712105989456,
    "pExternalBleeding": 0.0009770195465534925,
    "entropy": 0.008626540191471577,
    "entropyDeath": 0.005286695901304483,
    "SEVERITY": 0.002912235213443637,
    "SUPPLIES_REMAINING": 0.005278535652905703,
    "AVERAGE_TIME_USED": 0.008778768591582775,
    "DAMAGE_PER_SECOND": 0.0027283625677227974,
    "MEDSIM_P_DEATH": 0.0010388849768787622,
    "MEDSIM_P_DEATH_ONE_MIN_LATER": 0.0009316454525105655,
    "SEVERITY_CHANGE": 0.0009254900505766273,
    "SEVEREST_SEVERITY": 0.0009908106876537204,
    "INFORMATION_GAINED": 0.06828221678733826,
    "treatment": 0.08440522104501724,
    "category": 0.016164161264896393
}