age,tagged,visited,relationship,breathing,hrpmin,avpu,unvisited_count,injured_count,environment_type,questioning,assessing,tagging,leaving,HRA Strategy.time-resources.take-the-best,HRA Strategy.time-risk_reward_ratio.take-the-best,HRA Strategy.time-system.exhaustive,HRA Strategy.time-system.one-bounce,HRA Strategy.resources-system.exhaustive,One-Bounce Priority,pDeath,pPain,pBrainInjury,pAirwayBlocked,pInternalBleeding,pExternalBleeding,entropy,entropyDeath,SEVERITY,SUPPLIES_REMAINING,AVERAGE_TIME_USED,DAMAGE_PER_SECOND,MEDSIM_P_DEATH,MEDSIM_P_DEATH_ONE_MIN_LATER,SEVERITY_CHANGE,SEVEREST_SEVERITY,SEVEREST_SEVERITY_CHANGE,SMOL_MEDICAL_SOUNDNESS,treatment,category
0.13493788242340088,0.05692083016037941,0.005332309287041426,0.08654096722602844,0.021619869396090508,0.004638258367776871,0.006393469404429197,0.0037716797087341547,0.026088522747159004,0.003916695713996887,0.1027715876698494,0.16891531646251678,0.06990345567464828,0.11914142966270447,0.002227791352197528,0.001703197369351983,0.001104610855691135,0.0006628948613069952,0.001173457014374435,0.0015074423281475902,0.008912165649235249,0.012386566959321499,0.005159791558980942,0.009704665280878544,0.005868364125490189,0.012254872359335423,0.013323619961738586,0.009377975948154926,0.002574917860329151,0.017853323370218277,0.004061949905008078,0.001364989671856165,0.012379772961139679,0.002632403513416648,0.0015678436029702425,0.0010682111606001854,0.0028152759186923504,0.0011267075315117836,0.04146666079759598,0.014828300103545189
