{
    "age": 0.139274463057518,
    "environment_type": 0.028464920818805695,
    "assessing": 0.16638027131557465,
    "treating": 0.01890706829726696,
    "category": 0.07297420501708984,
    "HRA Strategy.time-resources.take-the-best": 0.03733053058385849,
    "pDeath": 0.08520092815160751,
    "SUPPLIES_REMAINING": 0.020778411999344826,
    "AVERAGE_TIME_USED": 0.03209877759218216,
    "MEDSIM_P_DEATH_ONE_MIN_LATER": 0.1693897247314453,
    "WEIGHTED_RESOURCE_SCORE": 0.1482815146446228,
    "treatment": 0.08091913908720016
}