{
    "intent": 0.04817568510770798,
    "directness_of_causality": 0.142475888133049,
    "aid_available": 0.1989624798297882,
    "treating": 0.3781265318393707,
    "SUPPLIES_USED": 0.2322593480348587
}