{
    "age": 0.09369806200265884,
    "relationship": 0.18242858350276947,
    "questioning": 0.05533205345273018,
    "assessing": 0.13385137915611267,
    "leaving": 0.5346899032592773
}