age,relationship,questioning,assessing,leaving
0.09369806200265884,0.18242858350276947,0.05533205345273018,0.13385137915611267,0.5346899032592773
