{
    "tagged": 0.05604352802038193,
    "unvisited_count": 0.08402158319950104,
    "questioning": 0.3318255841732025,
    "assessing": 0.3784172832965851,
    "SEVERITY": 0.044632215052843094,
    "treatment": 0.10505983233451843
}