{
    "age": 0.009990532882511616,
    "tagged": 0.024309031665325165,
    "unvisited_count": 0.027960769832134247,
    "environment_type": 0.010816280730068684,
    "questioning": 0.09984926879405975,
    "assessing": 0.11081689596176147,
    "tagging": 0.10551498085260391,
    "leaving": 0.4376363754272461,
    "category": 0.014239959418773651,
    "One-Bounce Priority": 0.056381236761808395,
    "pDeath": 0.01728876680135727,
    "pInternalBleeding": 0.01251998357474804,
    "pExternalBleeding": 0.007982118986546993,
    "SUPPLIES_REMAINING": 0.006954981945455074,
    "AVERAGE_TIME_USED": 0.006405272055417299,
    "SEVEREST_SEVERITY_CHANGE": 0.013241817243397236,
    "INFORMATION_GAINED": 0.0087198531255126,
    "treatment": 0.029371878132224083
}