{
    "tagged": 0.018055805936455727,
    "injured_count": 0.009758959524333477,
    "questioning": 0.31403449177742004,
    "assessing": 0.3559589087963104,
    "tagging": 0.057935431599617004,
    "leaving": 0.1867048293352127,
    "One-Bounce Priority": 0.02339138276875019,
    "INFORMATION_GAINED": 0.012503881007432938,
    "treatment": 0.02165626920759678
}