{
    "tagged": 0.00015793093189131469,
    "conscious": 0.0938783809542656,
    "mental_status": 0.015449676662683487,
    "breathing": 0.00011015074414899573,
    "hrpmin": 6.05292443651706e-05,
    "intent": 0.08126983791589737,
    "directness_of_causality": 0.14068782329559326,
    "aid_available": 0.15224605798721313,
    "treating": 0.22823062539100647,
    "HRA Strategy.risk_reward_ratio-system.one-bounce": 0.0017340860795229673,
    "HRA Strategy.time-resources-system.one-bounce": 0.0004887636750936508,
    "HRA Strategy.resources-risk_reward_ratio-system.one-bounce": 0.0012529146624729037,
    "HRA Strategy.time-resources-risk_reward_ratio-system.one-bounce": 0.0011246904032304883,
    "Take-The-Best Priority": 0.011010437272489071,
    "Satisfactory Priority": 0.0019166290294378996,
    "One-Bounce Priority": 0.0006933984695933759,
    "pDeath": 0.002734201727434993,
    "pPain": 0.0015992324333637953,
    "pBrainInjury": 0.002000476699322462,
    "pInternalBleeding": 0.0006147476960904896,
    "SEVERITY": 0.024231838062405586,
    "SUPPLIES_REMAINING": 0.0010725581087172031,
    "AVERAGE_TIME_USED": 0.0071878936141729355,
    "DAMAGE_PER_SECOND": 0.0015938339056447148,
    "MEDSIM_P_DEATH": 0.013499115593731403,
    "SEVERITY_CHANGE": 0.00020161694556009024,
    "SUPPLIES_USED": 0.2124183177947998,
    "WEIGHTED_RESOURCE_SCORE": 0.0010685084853321314,
    "treatment": 0.0014656572602689266
}