{
    "age": 0.008099517785012722,
    "tagged": 0.04606601595878601,
    "visited": 0.005538218654692173,
    "conscious": 0.0021780207753181458,
    "breathing": 0.0077616749331355095,
    "hrpmin": 0.015203914605081081,
    "avpu": 0.003963389899581671,
    "unvisited_count": 0.007260096725076437,
    "injured_count": 0.0066908118315041065,
    "environment_type": 0.00510496785864234,
    "questioning": 0.23938117921352386,
    "assessing": 0.22169864177703857,
    "tagging": 0.20740267634391785,
    "leaving": 0.017211703583598137,
    "HRA Strategy.time-resources.take-the-best": 0.003768719034269452,
    "HRA Strategy.time-system.tallying": 0.0020666089840233326,
    "HRA Strategy.resources-system.take-the-best": 0.000821789086330682,
    "Satisfactory Priority": 0.002708886517211795,
    "One-Bounce Priority": 0.01885666511952877,
    "pDeath": 0.004189539235085249,
    "pPain": 0.004868543241173029,
    "pBrainInjury": 0.006088685244321823,
    "pAirwayBlocked": 0.005152550060302019,
    "pInternalBleeding": 0.008790764026343822,
    "pExternalBleeding": 0.0060900128446519375,
    "entropy": 0.008624857291579247,
    "entropyDeath": 0.022894248366355896,
    "SEVERITY": 0.009311911650002003,
    "AVERAGE_TIME_USED": 0.008899308741092682,
    "DAMAGE_PER_SECOND": 0.0018845942104235291,
    "MEDSIM_P_DEATH": 0.009159259498119354,
    "SEVERITY_CHANGE": 0.0031345849856734276,
    "SEVEREST_SEVERITY": 0.0009673967724665999,
    "WEIGHTED_RESOURCE_SCORE": 0.0028204151894897223,
    "SMOL_MEDICAL_SOUNDNESS": 0.006048443261533976,
    "INFORMATION_GAINED": 0.031564150005578995,
    "treatment": 0.0292817372828722,
    "category": 0.008445554412901402
}