{
    "age": 0.07623831927776337,
    "tagged": 0.6285072565078735,
    "environment_type": 0.014945942908525467,
    "SEVERITY": 0.01497082319110632,
    "AVERAGE_TIME_USED": 0.07781589031219482,
    "MEDSIM_P_DEATH_ONE_MIN_LATER": 0.02836100198328495,
    "WEIGHTED_RESOURCE_SCORE": 0.07347500324249268,
    "treatment": 0.08568581193685532
}