{
    "treating": 0.6827811598777771,
    "SMOL_MEDICAL_SOUNDNESS": 0.3172188103199005
}