{
    "intent": 0.2498912513256073,
    "treating": 0.5319933295249939,
    "SMOL_MEDICAL_SOUNDNESS": 0.2181154042482376
}