tagged,conscious,mental_status,avpu,intent,directness_of_causality,aid_available,treating,HRA Strategy.time-risk_reward_ratio.one-bounce,HRA Strategy.resources-system.take-the-best,HRA Strategy.risk_reward_ratio-system.one-bounce,HRA Strategy.time-resources-risk_reward_ratio-system.one-bounce,Take-The-Best Priority,Satisfactory Priority,One-Bounce Priority,pDeath,pPain,pBrainInjury,pAirwayBlocked,pInternalBleeding,entropy,entropyDeath,SEVERITY,SUPPLIES_REMAINING,AVERAGE_TIME_USED,DAMAGE_PER_SECOND,MEDSIM_P_DEATH,SEVERITY_CHANGE,SUPPLIES_USED,SEVEREST_SEVERITY,SEVEREST_SEVERITY_CHANGE,WEIGHTED_RESOURCE_SCORE,SMOL_MEDICAL_SOUNDNESS,treatment
2.5842384275165386e-05,0.0010303003946319222,0.0006669556605629623,0.0001053893065545708,0.0556052103638649,0.18105058372020721,0.17583811283111572,0.27214109897613525,0.0008800847572274506,0.0009158023167401552,0.0015189156401902437,0.0002574831014499068,0.0004376913420855999,0.0004659118421841413,0.00025120002101175487,6.971085531404242e-05,0.0001288319908780977,0.0003884083707816899,0.00028041511541232467,0.0004025671223644167,2.6887420972343534e-05,0.0006099168676882982,0.0009407644392922521,0.1023770123720169,0.007414859253913164,0.0006248740828596056,0.0003278185904491693,4.124209226574749e-05,0.19260157644748688,3.904165714629926e-05,0.0009721308597363532,0.0005913175991736352,0.0003190258576069027,0.0006530073005706072
