{
    "tagged": 2.5842384275165386e-05,
    "conscious": 0.0010303003946319222,
    "mental_status": 0.0006669556605629623,
    "avpu": 0.0001053893065545708,
    "intent": 0.0556052103638649,
    "directness_of_causality": 0.18105058372020721,
    "aid_available": 0.17583811283111572,
    "treating": 0.27214109897613525,
    "HRA Strategy.time-risk_reward_ratio.one-bounce": 0.0008800847572274506,
    "HRA Strategy.resources-system.take-the-best": 0.0009158023167401552,
    "HRA Strategy.risk_reward_ratio-system.one-bounce": 0.0015189156401902437,
    "HRA Strategy.time-resources-risk_reward_ratio-system.one-bounce": 0.0002574831014499068,
    "Take-The-Best Priority": 0.0004376913420855999,
    "Satisfactory Priority": 0.0004659118421841413,
    "One-Bounce Priority": 0.00025120002101175487,
    "pDeath": 6.971085531404242e-05,
    "pPain": 0.0001288319908780977,
    "pBrainInjury": 0.0003884083707816899,
    "pAirwayBlocked": 0.00028041511541232467,
    "pInternalBleeding": 0.0004025671223644167,
    "entropy": 2.6887420972343534e-05,
    "entropyDeath": 0.0006099168676882982,
    "SEVERITY": 0.0009407644392922521,
    "SUPPLIES_REMAINING": 0.1023770123720169,
    "AVERAGE_TIME_USED": 0.007414859253913164,
    "DAMAGE_PER_SECOND": 0.0006248740828596056,
    "MEDSIM_P_DEATH": 0.0003278185904491693,
    "SEVERITY_CHANGE": 4.124209226574749e-05,
    "SUPPLIES_USED": 0.19260157644748688,
    "SEVEREST_SEVERITY": 3.904165714629926e-05,
    "SEVEREST_SEVERITY_CHANGE": 0.0009721308597363532,
    "WEIGHTED_RESOURCE_SCORE": 0.0005913175991736352,
    "SMOL_MEDICAL_SOUNDNESS": 0.0003190258576069027,
    "treatment": 0.0006530073005706072
}