{
    "age": 0.0034076273441314697,
    "tagged": 0.0471244640648365,
    "visited": 0.0013232261408120394,
    "conscious": 0.007611756678670645,
    "breathing": 0.007325204089283943,
    "hrpmin": 0.011300009675323963,
    "unvisited_count": 0.011625301092863083,
    "injured_count": 0.014238705858588219,
    "environment_type": 0.0011131034698337317,
    "questioning": 0.07491788268089294,
    "assessing": 0.14154621958732605,
    "treating": 0.0004537076165433973,
    "tagging": 0.1714990884065628,
    "leaving": 0.34814897179603577,
    "HRA Strategy.time-resources.take-the-best": 0.006594130769371986,
    "HRA Strategy.time-system.exhaustive": 7.821971666999161e-05,
    "HRA Strategy.resources-risk_reward_ratio.one-bounce": 0.0006639501079916954,
    "HRA Strategy.resources-system.take-the-best": 0.00018156570149585605,
    "Take-The-Best Priority": 0.00010999583173543215,
    "Satisfactory Priority": 0.0009676867630332708,
    "One-Bounce Priority": 0.017791446298360825,
    "pDeath": 0.0036538569256663322,
    "pPain": 0.006351213436573744,
    "pBrainInjury": 0.0016439551254734397,
    "pAirwayBlocked": 0.003182437038049102,
    "pInternalBleeding": 0.0016075087478384376,
    "pExternalBleeding": 0.005457242019474506,
    "entropy": 0.01762482151389122,
    "entropyDeath": 0.000826809904538095,
    "SEVERITY": 0.0021185134537518024,
    "SUPPLIES_REMAINING": 0.0010721614817157388,
    "AVERAGE_TIME_USED": 0.0018673695158213377,
    "DAMAGE_PER_SECOND": 0.0005739505286328495,
    "MEDSIM_P_DEATH_ONE_MIN_LATER": 0.001985750161111355,
    "SEVEREST_SEVERITY": 0.0011328018736094236,
    "SEVEREST_SEVERITY_CHANGE": 0.000390479777706787,
    "WEIGHTED_RESOURCE_SCORE": 0.021337877959012985,
    "SMOL_MEDICAL_SOUNDNESS": 0.0013808946823701262,
    "INFORMATION_GAINED": 0.004495590925216675,
    "treatment": 0.0487513467669487,
    "category": 0.006523231044411659
}