{
    "tagged": 0.016306674107909203,
    "injured_count": 0.018736673519015312,
    "questioning": 0.34241652488708496,
    "assessing": 0.3212210536003113,
    "tagging": 0.05574626103043556,
    "leaving": 0.20225228369235992,
    "treatment": 0.01930065080523491,
    "One-Bounce Priority": 0.024019859731197357
}