{
    "age": 0.030475502833724022,
    "tagged": 0.01408376358449459,
    "visited": 0.009181054309010506,
    "conscious": 0.0077639673836529255,
    "breathing": 0.010460886172950268,
    "avpu": 0.0023977116215974092,
    "injured_count": 0.07355918735265732,
    "environment_type": 0.006040169391781092,
    "questioning": 0.13959164917469025,
    "assessing": 0.2553306519985199,
    "tagging": 0.0647534504532814,
    "category": 0.04259049892425537,
    "Satisfactory Priority": 0.01950979046523571,
    "pDeath": 0.0021393075585365295,
    "pPain": 0.0028234568890184164,
    "pInternalBleeding": 0.0032942018005996943,
    "pExternalBleeding": 0.019958317279815674,
    "entropy": 0.03400785103440285,
    "SEVERITY": 0.003441647859290242,
    "AVERAGE_TIME_USED": 0.004677182529121637,
    "DAMAGE_PER_SECOND": 0.04464113339781761,
    "MEDSIM_P_DEATH": 0.00775183504447341,
    "MEDSIM_P_DEATH_ONE_MIN_LATER": 0.007501539774239063,
    "SEVEREST_SEVERITY": 0.0020289341919124126,
    "SEVEREST_SEVERITY_CHANGE": 0.11343783140182495,
    "WEIGHTED_RESOURCE_SCORE": 0.003858821699395776,
    "SMOL_MEDICAL_SOUNDNESS": 0.03024706430733204,
    "INFORMATION_GAINED": 0.017918221652507782,
    "treatment": 0.026534486562013626
}