{
    "intent": 0.1076083555817604,
    "treating": 0.8923916220664978
}