conscious,intent,directness_of_causality,aid_available,treating,HRA Strategy.time-risk_reward_ratio.one-bounce,HRA Strategy.risk_reward_ratio-system.one-bounce,HRA Strategy.time-resources-risk_reward_ratio-system.one-bounce,Take-The-Best Priority,Satisfactory Priority,One-Bounce Priority,pBrainInjury,pInternalBleeding,entropyDeath,SEVERITY,SUPPLIES_REMAINING,AVERAGE_TIME_USED,DAMAGE_PER_SECOND,MEDSIM_P_DEATH,SUPPLIES_USED,SMOL_MEDICAL_SOUNDNESS,treatment
0.0011734864674508572,0.047900907695293427,0.1793656051158905,0.17611266672611237,0.28046008944511414,0.0007826124783605337,0.0011923917336389422,0.00024629977997392416,0.000463204545667395,0.0004612942866515368,0.0002588423667475581,0.000288789247861132,0.00023074459750205278,0.0004343102336861193,0.0003650077269412577,0.10550988465547562,0.006808909121900797,0.00033622136106714606,0.0003378672990947962,0.19629521667957306,0.0003287996514700353,0.0006469006184488535
