{
    "age": 0.004443161655217409,
    "tagged": 0.020688097923994064,
    "breathing": 0.005365591496229172,
    "unvisited_count": 0.007362022530287504,
    "injured_count": 0.01747036539018154,
    "questioning": 0.25118565559387207,
    "assessing": 0.2844238877296448,
    "tagging": 0.12276900559663773,
    "leaving": 0.17862437665462494,
    "One-Bounce Priority": 0.029487522318959236,
    "MEDSIM_P_DEATH": 0.005339839495718479,
    "INFORMATION_GAINED": 0.029036790132522583,
    "treatment": 0.034896548837423325,
    "category": 0.008907096460461617
}