{
    "age": 0.12347173690795898,
    "tagged": 0.007657784968614578,
    "category": 0.18671154975891113,
    "DAMAGE_PER_SECOND": 0.4099697768688202,
    "treatment": 0.272189199924469
}