{
    "age": 0.027464263141155243,
    "tagged": 0.06682051718235016,
    "visited": 0.0316728875041008,
    "breathing": 0.025728827342391014,
    "unvisited_count": 0.01348499022424221,
    "questioning": 0.19042396545410156,
    "assessing": 0.22888736426830292,
    "treating": 0.00466790609061718,
    "tagging": 0.02881750464439392,
    "HRA Strategy.resources-system.take-the-best": 0.0038862747605890036,
    "One-Bounce Priority": 0.0036613652482628822,
    "pDeath": 0.00274179270491004,
    "pExternalBleeding": 0.012433384545147419,
    "entropyDeath": 0.0030296831391751766,
    "SEVERITY": 0.14722353219985962,
    "AVERAGE_TIME_USED": 0.0016221320256590843,
    "DAMAGE_PER_SECOND": 0.020600728690624237,
    "MEDSIM_P_DEATH_ONE_MIN_LATER": 0.05379655212163925,
    "INFORMATION_GAINED": 0.011138996109366417,
    "treatment": 0.10578999668359756,
    "category": 0.01610732451081276
}