{
    "intent": 0.4494127035140991,
    "aid_available": 0.021532921120524406,
    "treating": 0.452197790145874,
    "HRA Strategy.resources-system.take-the-best": 0.0044578369706869125,
    "pPain": 0.07239880412817001
}