{
    "age": 0.008830462582409382,
    "tagged": 0.02747778780758381,
    "breathing": 0.009014170616865158,
    "hrpmin": 0.015935448929667473,
    "injured_count": 0.03237762302160263,
    "questioning": 0.19918057322502136,
    "assessing": 0.2454758733510971,
    "tagging": 0.1459844708442688,
    "leaving": 0.18906795978546143,
    "HRA Strategy.time-resources.take-the-best": 0.005526840221136808,
    "One-Bounce Priority": 0.04378123581409454,
    "pPain": 0.006028360687196255,
    "MEDSIM_P_DEATH": 0.00958153698593378,
    "INFORMATION_GAINED": 0.022039875388145447,
    "treatment": 0.028207262977957726,
    "category": 0.01149049587547779
}