{
    "assessing": 0.8568070530891418,
    "category": 0.14319290220737457
}