{
    "tagged": 0.055350154638290405,
    "conscious": 0.013161666691303253,
    "mental_status": 0.051582254469394684,
    "breathing": 0.014307474717497826,
    "intent": 0.07292776554822922,
    "directness_of_causality": 0.06577480584383011,
    "aid_available": 0.013318933546543121,
    "treating": 0.06931754946708679,
    "HRA Strategy.time-resources.take-the-best": 0.01400948129594326,
    "HRA Strategy.time-system.tallying": 0.0021572206169366837,
    "HRA Strategy.time-system.one-bounce": 0.0010992212919518352,
    "HRA Strategy.resources-system.take-the-best": 0.00427034217864275,
    "HRA Strategy.risk_reward_ratio-system.one-bounce": 0.016602743417024612,
    "HRA Strategy.time-resources-risk_reward_ratio-system.one-bounce": 0.0006583512877114117,
    "Take-The-Best Priority": 0.018228182569146156,
    "Satisfactory Priority": 0.006778572220355272,
    "pPain": 0.0071288044564425945,
    "pBrainInjury": 0.001974260900169611,
    "pInternalBleeding": 0.0344722643494606,
    "entropy": 0.0007623944547958672,
    "SEVERITY": 0.113385409116745,
    "SUPPLIES_REMAINING": 0.0019243003334850073,
    "AVERAGE_TIME_USED": 0.1120859682559967,
    "MEDSIM_P_DEATH": 0.0015267407288774848,
    "SUPPLIES_USED": 0.01191672496497631,
    "SEVEREST_SEVERITY": 0.0009417941910214722,
    "WEIGHTED_RESOURCE_SCORE": 0.0158586036413908,
    "SMOL_MEDICAL_SOUNDNESS": 0.23968608677387238,
    "category": 0.002931702183559537,
    "treatment": 0.03586013242602348
}