{
    "age": 0.020036933943629265,
    "tagged": 0.04930944740772247,
    "unvisited_count": 0.035263776779174805,
    "environment_type": 0.01128288172185421,
    "questioning": 0.16117118299007416,
    "assessing": 0.20408613979816437,
    "treating": 0.0110459104180336,
    "tagging": 0.15086977183818817,
    "category": 0.014025799930095673,
    "One-Bounce Priority": 0.06458267569541931,
    "pPain": 0.011525802314281464,
    "pAirwayBlocked": 0.020406629890203476,
    "pExternalBleeding": 0.00761934882029891,
    "entropyDeath": 0.008665039204061031,
    "SEVERITY": 0.007493455428630114,
    "AVERAGE_TIME_USED": 0.014675072394311428,
    "DAMAGE_PER_SECOND": 0.009502086788415909,
    "SEVEREST_SEVERITY_CHANGE": 0.048235934227705,
    "WEIGHTED_RESOURCE_SCORE": 0.023251507431268692,
    "INFORMATION_GAINED": 0.07876954972743988,
    "treatment": 0.04818112030625343
}