{
    "intent": 0.08073112368583679,
    "directness_of_causality": 0.2177806794643402,
    "treating": 0.40925854444503784,
    "HRA Strategy.time-resources.take-the-best": 0.26589587330818176,
    "HRA Strategy.time-risk_reward_ratio.one-bounce": 0.0038818183820694685,
    "Satisfactory Priority": 0.0018610506085678935,
    "pBrainInjury": 0.009300494566559792,
    "AVERAGE_TIME_USED": 0.0007160187815316021,
    "DAMAGE_PER_SECOND": 0.000955464958678931,
    "SEVEREST_SEVERITY_CHANGE": 0.0014399692881852388,
    "WEIGHTED_RESOURCE_SCORE": 0.0009486994822509587,
    "treatment": 0.007230317685753107
}