{
    "age": 0.13400328159332275,
    "tagged": 0.061074674129486084,
    "visited": 0.003854239359498024,
    "relationship": 0.086583711206913,
    "breathing": 0.019310850650072098,
    "hrpmin": 0.0046027591452002525,
    "avpu": 0.006189760752022266,
    "unvisited_count": 0.003533734241500497,
    "injured_count": 0.028763631358742714,
    "environment_type": 0.004008511546999216,
    "questioning": 0.08833153545856476,
    "assessing": 0.1818636655807495,
    "tagging": 0.07448608428239822,
    "leaving": 0.11918715387582779,
    "HRA Strategy.time-resources.take-the-best": 0.002469831146299839,
    "HRA Strategy.time-risk_reward_ratio.take-the-best": 0.001957476371899247,
    "HRA Strategy.time-system.exhaustive": 0.0012472765520215034,
    "HRA Strategy.resources-system.exhaustive": 0.0009975024731829762,
    "One-Bounce Priority": 0.0018139636376872659,
    "pDeath": 0.009034681133925915,
    "pPain": 0.011986728757619858,
    "pBrainInjury": 0.005465936381369829,
    "pAirwayBlocked": 0.00997473020106554,
    "pInternalBleeding": 0.005859561264514923,
    "pExternalBleeding": 0.010837530717253685,
    "entropy": 0.011934777721762657,
    "entropyDeath": 0.00931925792247057,
    "SEVERITY": 0.0021061121951788664,
    "SUPPLIES_REMAINING": 0.01913650520145893,
    "AVERAGE_TIME_USED": 0.0038505170959979296,
    "DAMAGE_PER_SECOND": 0.0016299112467095256,
    "MEDSIM_P_DEATH": 0.010802666656672955,
    "MEDSIM_P_DEATH_ONE_MIN_LATER": 0.0028173590544611216,
    "SEVERITY_CHANGE": 0.0013376780552789569,
    "SEVEREST_SEVERITY_CHANGE": 0.0019555806647986174,
    "SMOL_MEDICAL_SOUNDNESS": 0.002982653910294175,
    "treatment": 0.040079835802316666,
    "category": 0.014608355239033699
}