{
    "age": 0.015616439282894135,
    "tagged": 0.030641615390777588,
    "unvisited_count": 0.012082764878869057,
    "questioning": 0.1918543577194214,
    "assessing": 0.39431312680244446,
    "tagging": 0.09382353723049164,
    "category": 0.017118491232395172,
    "One-Bounce Priority": 0.09538117051124573,
    "pAirwayBlocked": 0.016860663890838623,
    "SEVEREST_SEVERITY_CHANGE": 0.012655012309551239,
    "WEIGHTED_RESOURCE_SCORE": 0.006483118981122971,
    "INFORMATION_GAINED": 0.06543535739183426,
    "treatment": 0.04773430898785591
}