{
    "tagged": 0.0021960376761853695,
    "breathing": 0.01373554952442646,
    "avpu": 0.0003189167473465204,
    "intent": 0.027225961908698082,
    "directness_of_causality": 0.16116195917129517,
    "aid_available": 0.1555737555027008,
    "treating": 0.37569186091423035,
    "HRA Strategy.risk_reward_ratio-system.one-bounce": 0.0024823255371302366,
    "HRA Strategy.time-resources-risk_reward_ratio-system.one-bounce": 0.0005225060158409178,
    "Take-The-Best Priority": 0.0002145114412996918,
    "Satisfactory Priority": 0.002336253644898534,
    "pPain": 0.00016884852084331214,
    "SEVERITY": 0.00028490889235399663,
    "SUPPLIES_REMAINING": 0.03303602337837219,
    "AVERAGE_TIME_USED": 0.005011469591408968,
    "DAMAGE_PER_SECOND": 0.0002406484418315813,
    "SEVERITY_CHANGE": 0.0003527287917677313,
    "SUPPLIES_USED": 0.2090279906988144,
    "SEVEREST_SEVERITY_CHANGE": 0.0008319061598740518,
    "WEIGHTED_RESOURCE_SCORE": 0.0012439462589100003,
    "treatment": 0.008341853506863117
}