{
    "age": 0.15209607779979706,
    "tagged": 0.058990735560655594,
    "relationship": 0.10084273666143417,
    "breathing": 0.017814962193369865,
    "avpu": 0.004447595681995153,
    "injured_count": 0.027361836284399033,
    "questioning": 0.10527293384075165,
    "assessing": 0.23262034356594086,
    "tagging": 0.05809281766414642,
    "leaving": 0.12513227760791779,
    "pPain": 0.011509640142321587,
    "pBrainInjury": 0.005145201925188303,
    "pAirwayBlocked": 0.00807394739240408,
    "pInternalBleeding": 0.005163953173905611,
    "pExternalBleeding": 0.013300659134984016,
    "entropy": 0.012443870306015015,
    "entropyDeath": 0.009900277480483055,
    "SUPPLIES_REMAINING": 0.008012289181351662,
    "treatment": 0.030679065734148026,
    "category": 0.013098734430968761
}