age,tagged,relationship,breathing,avpu,injured_count,questioning,assessing,tagging,leaving,pPain,pBrainInjury,pAirwayBlocked,pInternalBleeding,pExternalBleeding,entropy,entropyDeath,SUPPLIES_REMAINING,treatment,category
0.15209607779979706,0.058990735560655594,0.10084273666143417,0.017814962193369865,0.004447595681995153,0.027361836284399033,0.10527293384075165,0.23262034356594086,0.05809281766414642,0.12513227760791779,0.011509640142321587,0.005145201925188303,0.00807394739240408,0.005163953173905611,0.013300659134984016,0.012443870306015015,0.009900277480483055,0.008012289181351662,0.030679065734148026,0.013098734430968761
