{
    "conscious": 0.00899302214384079,
    "breathing": 0.013469619676470757,
    "directness_of_causality": 0.14710839092731476,
    "aid_available": 0.17222394049167633,
    "treating": 0.3006509244441986,
    "Take-The-Best Priority": 0.006545744836330414,
    "SEVERITY": 0.02485818788409233,
    "AVERAGE_TIME_USED": 0.017061391845345497,
    "SEVERITY_CHANGE": 0.03001716174185276,
    "SUPPLIES_USED": 0.2146325409412384,
    "SEVEREST_SEVERITY": 0.06443915516138077
}