{
    "tagged": 0.006109745241701603,
    "mental_status": 0.011237100698053837,
    "intent": 0.0075797103345394135,
    "directness_of_causality": 0.06356702744960785,
    "others_tagged_or_uninjured": 0.09308522939682007,
    "aid_available": 0.10949473828077316,
    "treating": 0.10583984106779099,
    "HRA Strategy.time-risk_reward_ratio.one-bounce": 0.0085306940600276,
    "HRA Strategy.resources-system.take-the-best": 0.03438999876379967,
    "Take-The-Best Priority": 0.004075584467500448,
    "pDeath": 0.003685994306579232,
    "pPain": 0.006268778815865517,
    "pInternalBleeding": 0.02438640221953392,
    "SEVERITY": 0.003764685709029436,
    "AVERAGE_TIME_USED": 0.005827098619192839,
    "DAMAGE_PER_SECOND": 0.01855517365038395,
    "MEDSIM_P_DEATH": 0.17210149765014648,
    "SUPPLIES_USED": 0.1895240843296051,
    "WEIGHTED_RESOURCE_SCORE": 0.00754073541611433,
    "SMOL_MEDICAL_SOUNDNESS": 0.11788193881511688,
    "treatment": 0.006553883198648691
}