{
    "age": 0.005214972887188196,
    "tagged": 0.02941691316664219,
    "breathing": 0.007530094124376774,
    "hrpmin": 0.013433733023703098,
    "injured_count": 0.017632389441132545,
    "questioning": 0.15183322131633759,
    "assessing": 0.18894362449645996,
    "tagging": 0.29778820276260376,
    "leaving": 0.15268802642822266,
    "HRA Strategy.time-resources.take-the-best": 0.0035592266358435154,
    "One-Bounce Priority": 0.03211651369929314,
    "pPain": 0.004392058588564396,
    "pExternalBleeding": 0.006941239815205336,
    "entropy": 0.012240822426974773,
    "INFORMATION_GAINED": 0.026452628895640373,
    "treatment": 0.0367855466902256,
    "category": 0.01303071714937687
}