{
    "age": 0.02981194108724594,
    "tagged": 0.045816853642463684,
    "visited": 0.0014305493095889688,
    "conscious": 0.0007924363599158823,
    "breathing": 0.005261955317109823,
    "hrpmin": 0.004376326221972704,
    "avpu": 0.0018268501153215766,
    "unvisited_count": 0.027420686557888985,
    "injured_count": 0.03586100414395332,
    "environment_type": 0.021197574213147163,
    "questioning": 0.0853995680809021,
    "assessing": 0.19126443564891815,
    "treating": 0.0014533682260662317,
    "tagging": 0.17289650440216064,
    "category": 0.013863283209502697,
    "HRA Strategy.time-resources.take-the-best": 0.0019290694035589695,
    "HRA Strategy.time-system.exhaustive": 0.0007288623601198196,
    "HRA Strategy.time-system.tallying": 0.017253894358873367,
    "HRA Strategy.resources-system.take-the-best": 0.0007563740946352482,
    "HRA Strategy.resources-system.exhaustive": 0.011775512248277664,
    "Satisfactory Priority": 0.0030916042160242796,
    "One-Bounce Priority": 0.0637260228395462,
    "pDeath": 0.015429436229169369,
    "pPain": 0.00894281454384327,
    "pBrainInjury": 0.0032712065149098635,
    "pAirwayBlocked": 0.028517907485365868,
    "entropy": 0.0024266731925308704,
    "entropyDeath": 0.0021934215910732746,
    "SEVERITY": 0.004697317257523537,
    "SUPPLIES_REMAINING": 0.0012809238396584988,
    "AVERAGE_TIME_USED": 0.010331486351788044,
    "DAMAGE_PER_SECOND": 0.0015406969469040632,
    "MEDSIM_P_DEATH_ONE_MIN_LATER": 0.002479411428794265,
    "SEVERITY_CHANGE": 0.004449464380741119,
    "SEVEREST_SEVERITY": 0.0010201639961451292,
    "WEIGHTED_RESOURCE_SCORE": 0.05643829330801964,
    "INFORMATION_GAINED": 0.07024620473384857,
    "treatment": 0.048799779266119
}