{
    "age": 0.012234225869178772,
    "tagged": 0.043178945779800415,
    "visited": 0.005286578554660082,
    "conscious": 0.015464124269783497,
    "breathing": 0.012376097962260246,
    "hrpmin": 0.00987231358885765,
    "avpu": 0.001459893537685275,
    "unvisited_count": 0.010054163634777069,
    "injured_count": 0.010104021988809109,
    "environment_type": 0.005090516991913319,
    "questioning": 0.10579486936330795,
    "assessing": 0.143724724650383,
    "tagging": 0.2652460038661957,
    "leaving": 0.10625576972961426,
    "category": 0.007379143964499235,
    "HRA Strategy.time-resources.take-the-best": 0.005861154291778803,
    "HRA Strategy.time-resources.one-bounce": 0.00029902829555794597,
    "HRA Strategy.time-system.exhaustive": 0.0014072767226025462,
    "HRA Strategy.time-system.one-bounce": 0.00046162528451532125,
    "HRA Strategy.resources-system.take-the-best": 0.00021889881463721395,
    "HRA Strategy.resources-system.exhaustive": 0.0066767786629498005,
    "HRA Strategy.risk_reward_ratio-system.exhaustive": 0.00025422629551030695,
    "Satisfactory Priority": 0.0035531450994312763,
    "One-Bounce Priority": 0.010719913057982922,
    "pDeath": 0.012247234582901001,
    "pPain": 0.003526406828314066,
    "pBrainInjury": 0.008420422673225403,
    "pAirwayBlocked": 0.00271768681704998,
    "pInternalBleeding": 0.0193405132740736,
    "pExternalBleeding": 0.00787655171006918,
    "entropy": 0.006577051244676113,
    "entropyDeath": 0.019076941534876823,
    "SEVERITY": 0.004649341106414795,
    "SUPPLIES_REMAINING": 0.001526206498965621,
    "AVERAGE_TIME_USED": 0.0036966162733733654,
    "DAMAGE_PER_SECOND": 0.0016117000486701727,
    "MEDSIM_P_DEATH": 0.025194184854626656,
    "MEDSIM_P_DEATH_ONE_MIN_LATER": 0.010772796347737312,
    "SEVERITY_CHANGE": 0.0003964444622397423,
    "SEVEREST_SEVERITY": 0.0009139770409092307,
    "WEIGHTED_RESOURCE_SCORE": 0.010127188637852669,
    "SMOL_MEDICAL_SOUNDNESS": 0.0038657402619719505,
    "INFORMATION_GAINED": 0.035250045359134674,
    "treatment": 0.039239611476659775
}