{
    "others_tagged_or_uninjured": 0.15365779399871826,
    "aid_available": 0.09097160398960114,
    "treating": 0.09551126509904861,
    "Take-The-Best Priority": 0.02964439056813717,
    "Satisfactory Priority": 0.000822652829810977,
    "SEVERITY": 0.020650358870625496,
    "SUPPLIES_REMAINING": 0.00369787635281682,
    "AVERAGE_TIME_USED": 0.06722389906644821,
    "MEDSIM_P_DEATH": 0.0011439492227509618,
    "SUPPLIES_USED": 0.005261547863483429,
    "SEVEREST_SEVERITY": 0.0014766750391572714,
    "WEIGHTED_RESOURCE_SCORE": 0.004286874085664749,
    "SMOL_MEDICAL_SOUNDNESS": 0.057354558259248734,
    "HRA Strategy.time-system.satisfactory": 0.008408567868173122,
    "HRA Strategy.time-resources-risk_reward_ratio.one-bounce": 0.12422910332679749,
    "HRA Strategy.resources-system.one-bounce": 0.003237862605601549,
    "mental_status": 0.002285175723955035,
    "HRA Strategy.resources-system.exhaustive": 0.0047818333841860294,
    "HRA Strategy.time-resources-system.one-bounce": 0.020098460838198662,
    "pExternalBleeding": 0.007279704324901104,
    "pDeath": 0.005053181666880846,
    "HRA Strategy.risk_reward_ratio-system.one-bounce": 0.004344690591096878,
    "HRA Strategy.time-resources-risk_reward_ratio-system.one-bounce": 0.0010261607822030783,
    "tagged": 0.0005032620974816382,
    "pInternalBleeding": 0.0013711252249777317,
    "breathing": 0.0011142862495034933,
    "entropyDeath": 0.00047604835708625615,
    "directness_of_causality": 0.1167915090918541,
    "treatment": 0.16729560494422913
}