{
    "age": 0.018461858853697777,
    "tagged": 0.05593131482601166,
    "visited": 0.006170724518597126,
    "breathing": 0.014514411799609661,
    "hrpmin": 0.029029419645667076,
    "unvisited_count": 0.023158343508839607,
    "environment_type": 0.00940000917762518,
    "questioning": 0.19010336697101593,
    "assessing": 0.21066178381443024,
    "treating": 0.021145259961485863,
    "tagging": 0.16537991166114807,
    "HRA Strategy.time-system.exhaustive": 0.0027926494367420673,
    "One-Bounce Priority": 0.04182228446006775,
    "pDeath": 0.006849739234894514,
    "pPain": 0.015622829087078571,
    "pBrainInjury": 0.005863117519766092,
    "pAirwayBlocked": 0.026030637323856354,
    "pInternalBleeding": 0.015744779258966446,
    "pExternalBleeding": 0.016765553504228592,
    "entropy": 0.009087781421840191,
    "entropyDeath": 0.004770363215357065,
    "SEVERITY": 0.00810293573886156,
    "AVERAGE_TIME_USED": 0.012468170374631882,
    "MEDSIM_P_DEATH": 0.005805762019008398,
    "SEVEREST_SEVERITY": 0.00299929641187191,
    "WEIGHTED_RESOURCE_SCORE": 0.008639350533485413,
    "SMOL_MEDICAL_SOUNDNESS": 0.01008568238466978,
    "treatment": 0.04851102828979492,
    "category": 0.014081676490604877
}