{
    "age": 0.011608041822910309,
    "tagged": 0.014527007937431335,
    "visited": 0.0037699490785598755,
    "conscious": 0.006145388353615999,
    "breathing": 0.019315121695399284,
    "hrpmin": 0.02044348232448101,
    "avpu": 0.030218617990612984,
    "unvisited_count": 0.039099451154470444,
    "injured_count": 0.035575270652770996,
    "environment_type": 0.007311044726520777,
    "questioning": 0.2637927532196045,
    "assessing": 0.21124693751335144,
    "tagging": 0.19366221129894257,
    "category": 0.007337398827075958,
    "One-Bounce Priority": 0.02579689398407936,
    "pDeath": 0.006564094219356775,
    "pPain": 0.008741202764213085,
    "entropy": 0.01509301457554102,
    "AVERAGE_TIME_USED": 0.02396477572619915,
    "MEDSIM_P_DEATH": 0.005395363550633192,
    "treatment": 0.050391945987939835
}