{
    "conscious": 0.0015536166029050946,
    "intent": 0.03979438543319702,
    "directness_of_causality": 0.20100735127925873,
    "aid_available": 0.19071808457374573,
    "treating": 0.28860607743263245,
    "HRA Strategy.time-risk_reward_ratio.one-bounce": 0.001075311447493732,
    "HRA Strategy.resources-system.take-the-best": 0.0011464351555332541,
    "HRA Strategy.risk_reward_ratio-system.one-bounce": 0.00169723154976964,
    "HRA Strategy.time-resources-risk_reward_ratio-system.one-bounce": 0.00032319745514541864,
    "Satisfactory Priority": 0.0004975018673576415,
    "pInternalBleeding": 0.00021855531667824835,
    "entropyDeath": 0.0004566485877148807,
    "SUPPLIES_REMAINING": 0.0011021326063200831,
    "AVERAGE_TIME_USED": 0.007912397384643555,
    "SUPPLIES_USED": 0.26274535059928894,
    "WEIGHTED_RESOURCE_SCORE": 0.0007403746712952852,
    "treatment": 0.00040529953548684716
}