{
    "age": 0.012753133662045002,
    "tagged": 0.03187105432152748,
    "conscious": 0.0063319336622953415,
    "hrpmin": 0.005445809103548527,
    "questioning": 0.24344536662101746,
    "assessing": 0.24958887696266174,
    "tagging": 0.15781308710575104,
    "leaving": 0.11939678341150284,
    "One-Bounce Priority": 0.05936690419912338,
    "pExternalBleeding": 0.008846794255077839,
    "entropy": 0.005848555359989405,
    "AVERAGE_TIME_USED": 0.009216999635100365,
    "INFORMATION_GAINED": 0.040642086416482925,
    "treatment": 0.03748849779367447,
    "category": 0.011944085359573364
}