{
    "age": 0.012932476587593555,
    "tagged": 0.10621535032987595,
    "conscious": 0.02856609597802162,
    "environment_type": 0.13159117102622986,
    "category": 0.03421203792095184,
    "One-Bounce Priority": 0.11512656509876251,
    "SEVERITY": 0.12921011447906494,
    "DAMAGE_PER_SECOND": 0.34348583221435547,
    "WEIGHTED_RESOURCE_SCORE": 0.0320240780711174,
    "treatment": 0.06663636863231659
}