{
    "conscious": 0.12982885539531708,
    "environment_type": 0.20208489894866943,
    "assessing": 0.388448029756546,
    "tagging": 0.14636731147766113,
    "AVERAGE_TIME_USED": 0.10327176004648209,
    "WEIGHTED_RESOURCE_SCORE": 0.029999034479260445
}