{
    "injured_count": 0.010717643424868584,
    "questioning": 0.3147244155406952,
    "assessing": 0.3584841787815094,
    "tagging": 0.07304054498672485,
    "leaving": 0.14511708915233612,
    "One-Bounce Priority": 0.01630055159330368,
    "INFORMATION_GAINED": 0.04409835860133171,
    "treatment": 0.019977623596787453,
    "category": 0.01753961853682995
}