{
    "tagged": 0.0015931231901049614,
    "conscious": 0.00027146609500050545,
    "breathing": 0.001718103070743382,
    "avpu": 0.00019234567298553884,
    "intent": 0.04490780457854271,
    "directness_of_causality": 0.02119395323097706,
    "injured_count": 0.5671453475952148,
    "aid_available": 0.03558699041604996,
    "treating": 0.06532519310712814,
    "HRA Strategy.time-resources.take-the-best": 0.002653455128893256,
    "HRA Strategy.time-risk_reward_ratio.one-bounce": 0.00188703672029078,
    "HRA Strategy.resources-risk_reward_ratio.one-bounce": 0.005062022712081671,
    "HRA Strategy.resources-system.take-the-best": 0.004067486152052879,
    "HRA Strategy.risk_reward_ratio-system.one-bounce": 0.0006971799884922802,
    "HRA Strategy.time-resources-system.one-bounce": 0.00028601885423995554,
    "HRA Strategy.resources-risk_reward_ratio-system.one-bounce": 0.0004967616405338049,
    "HRA Strategy.time-resources-risk_reward_ratio-system.one-bounce": 0.00017781688075046986,
    "Take-The-Best Priority": 0.0002114608505507931,
    "Satisfactory Priority": 0.0004376746655907482,
    "pPain": 0.0004477449110709131,
    "pBrainInjury": 3.525875217746943e-05,
    "pAirwayBlocked": 0.0001635777298361063,
    "pInternalBleeding": 0.00015810779586900026,
    "entropy": 0.0004654380609281361,
    "SEVERITY": 0.013841758482158184,
    "SUPPLIES_REMAINING": 0.0025092822033911943,
    "AVERAGE_TIME_USED": 0.01091708429157734,
    "DAMAGE_PER_SECOND": 0.006410486996173859,
    "SUPPLIES_USED": 0.058870162814855576,
    "SEVEREST_SEVERITY": 0.016463156789541245,
    "SEVEREST_SEVERITY_CHANGE": 0.02518598921597004,
    "WEIGHTED_RESOURCE_SCORE": 0.0006672646850347519,
    "SMOL_MEDICAL_SOUNDNESS": 0.1097550094127655,
    "treatment": 0.0001984693226404488
}