{
    "tagged": 5.688873352482915e-05,
    "conscious": 0.00040383567102253437,
    "mental_status": 2.44188940996537e-05,
    "breathing": 7.378254667855799e-05,
    "hrpmin": 3.81060836218694e-08,
    "avpu": 1.0519938768993597e-05,
    "intent": 0.03126305341720581,
    "directness_of_causality": 0.21607834100723267,
    "aid_available": 0.15827447175979614,
    "treating": 0.2770179510116577,
    "HRA Strategy.time-resources.take-the-best": 0.008756216615438461,
    "HRA Strategy.resources-system.take-the-best": 0.022707005962729454,
    "HRA Strategy.risk_reward_ratio-system.one-bounce": 0.0014744909713044763,
    "HRA Strategy.time-resources-system.one-bounce": 0.0006648283451795578,
    "HRA Strategy.resources-risk_reward_ratio-system.one-bounce": 0.00098336988594383,
    "HRA Strategy.time-resources-risk_reward_ratio-system.one-bounce": 0.00031678497907705605,
    "Take-The-Best Priority": 0.0004924615495838225,
    "Satisfactory Priority": 0.0011799579951912165,
    "pDeath": 0.08505349606275558,
    "pPain": 2.2241945771384053e-05,
    "pBrainInjury": 5.905325451749377e-06,
    "pAirwayBlocked": 0.00032386567909270525,
    "entropy": 0.00020405744726303965,
    "entropyDeath": 0.00014722379273734987,
    "SEVERITY": 0.01970488205552101,
    "SUPPLIES_REMAINING": 0.014737890101969242,
    "AVERAGE_TIME_USED": 0.003275208408012986,
    "DAMAGE_PER_SECOND": 8.854293264448643e-05,
    "SEVERITY_CHANGE": 8.732340211281553e-05,
    "SUPPLIES_USED": 0.15540927648544312,
    "SEVEREST_SEVERITY": 3.297979128547013e-05,
    "SEVEREST_SEVERITY_CHANGE": 1.2044409231748432e-05,
    "WEIGHTED_RESOURCE_SCORE": 5.667029836331494e-05,
    "SMOL_MEDICAL_SOUNDNESS": 0.0003502606996335089,
    "treatment": 0.0007097245543263853
}