{
    "age": 0.003482530126348138,
    "tagged": 0.01893625222146511,
    "visited": 0.0005466668517328799,
    "conscious": 0.0007799551822245121,
    "breathing": 0.004739304073154926,
    "hrpmin": 0.002587818307802081,
    "avpu": 0.0014520596014335752,
    "unvisited_count": 0.003884812816977501,
    "injured_count": 0.008447553031146526,
    "environment_type": 0.0017456874484196305,
    "questioning": 0.0931970477104187,
    "assessing": 0.11670677363872528,
    "treating": 0.001973648089915514,
    "tagging": 0.1484491527080536,
    "leaving": 0.4905799627304077,
    "HRA Strategy.time-resources.take-the-best": 0.0016201970865949988,
    "HRA Strategy.time-risk_reward_ratio.take-the-best": 0.002473193686455488,
    "HRA Strategy.time-system.exhaustive": 0.001657844171859324,
    "HRA Strategy.risk_reward_ratio-system.exhaustive": 0.00019107952539343387,
    "HRA Strategy.time-resources-system.exhaustive": 0.0010507163824513555,
    "Satisfactory Priority": 0.002707635285332799,
    "One-Bounce Priority": 0.010149583220481873,
    "pDeath": 0.0008474354399368167,
    "pPain": 0.006111329887062311,
    "pBrainInjury": 0.002132752677425742,
    "pAirwayBlocked": 0.005972481332719326,
    "pInternalBleeding": 0.0037758268881589174,
    "pExternalBleeding": 0.004643537569791079,
    "entropy": 0.01023726537823677,
    "entropyDeath": 0.001598047325387597,
    "SEVERITY": 0.0018962915055453777,
    "SUPPLIES_REMAINING": 0.00047640519915148616,
    "AVERAGE_TIME_USED": 0.005560071207582951,
    "MEDSIM_P_DEATH": 0.0014002679381519556,
    "SEVEREST_SEVERITY": 0.0011287425877526402,
    "WEIGHTED_RESOURCE_SCORE": 0.0011670959647744894,
    "INFORMATION_GAINED": 0.0030832006596028805,
    "treatment": 0.027535172179341316,
    "category": 0.005074681714177132
}