{
    "questioning": 0.3320207893848419,
    "assessing": 0.5429582595825195,
    "One-Bounce Priority": 0.028618939220905304,
    "INFORMATION_GAINED": 0.09640198945999146
}