age,tagged,visited,relationship,breathing,hrpmin,avpu,unvisited_count,injured_count,environment_type,questioning,assessing,tagging,leaving,HRA Strategy.time-resources.take-the-best,HRA Strategy.time-risk_reward_ratio.take-the-best,pDeath,pPain,pBrainInjury,pAirwayBlocked,pInternalBleeding,pExternalBleeding,entropy,entropyDeath,SEVERITY,SUPPLIES_REMAINING,AVERAGE_TIME_USED,DAMAGE_PER_SECOND,MEDSIM_P_DEATH,MEDSIM_P_DEATH_ONE_MIN_LATER,SEVEREST_SEVERITY_CHANGE,treatment,category
0.14040322601795197,0.059419479221105576,0.004225894808769226,0.08844175189733505,0.016964325681328773,0.0025351184885948896,0.006204988807439804,0.003914572764188051,0.027840236201882362,0.004009820055216551,0.08641915768384933,0.1861007660627365,0.0729915127158165,0.12179863452911377,0.0018864950397983193,0.0015094596892595291,0.008313259109854698,0.01256565097719431,0.005605305545032024,0.01039158459752798,0.005551876965910196,0.013255160301923752,0.01383410394191742,0.00920590665191412,0.0021610548719763756,0.018068019300699234,0.00397523632273078,0.0012585544027388096,0.009655270725488663,0.0024544864427298307,0.0029007045086473227,0.04077611491084099,0.01536224689334631
