{
    "age": 0.0053954762406647205,
    "tagged": 0.045680105686187744,
    "visited": 0.0014710610266774893,
    "conscious": 0.0016307801706716418,
    "unvisited_count": 0.0006339015671983361,
    "questioning": 0.16069898009300232,
    "assessing": 0.1412574052810669,
    "tagging": 0.27663901448249817,
    "leaving": 0.23487162590026855,
    "HRA Strategy.time-resources.take-the-best": 0.0016261105192825198,
    "HRA Strategy.time-resources.one-bounce": 7.229304173961282e-05,
    "HRA Strategy.resources-system.take-the-best": 0.0056273420341312885,
    "Take-The-Best Priority": 0.0012679481878876686,
    "pPain": 0.002388482680544257,
    "pAirwayBlocked": 0.00030563052860088646,
    "entropy": 0.002562994137406349,
    "SEVERITY": 0.00017118723189923912,
    "SUPPLIES_REMAINING": 0.0001507254783064127,
    "AVERAGE_TIME_USED": 0.007689849007874727,
    "DAMAGE_PER_SECOND": 0.00825654435902834,
    "MEDSIM_P_DEATH": 0.0006904499023221433,
    "WEIGHTED_RESOURCE_SCORE": 0.00858538318425417,
    "SMOL_MEDICAL_SOUNDNESS": 0.03316064551472664,
    "treatment": 0.05916598439216614
}