{
    "age": 0.007815205492079258,
    "tagged": 0.03150024265050888,
    "conscious": 0.013315525837242603,
    "breathing": 0.0501873604953289,
    "hrpmin": 0.0097309285774827,
    "avpu": 0.00424893107265234,
    "unvisited_count": 0.011938187293708324,
    "environment_type": 0.01133549865335226,
    "questioning": 0.23629549145698547,
    "assessing": 0.2160194218158722,
    "tagging": 0.22964626550674438,
    "category": 0.009528834372758865,
    "HRA Strategy.time-system.tallying": 0.005661584436893463,
    "Satisfactory Priority": 0.009146644733846188,
    "pDeath": 0.02971908636391163,
    "pPain": 0.0040741777047514915,
    "pBrainInjury": 0.010835433378815651,
    "pInternalBleeding": 0.006685986183583736,
    "pExternalBleeding": 0.012274202890694141,
    "entropyDeath": 0.018612315878272057,
    "AVERAGE_TIME_USED": 0.01756906881928444,
    "MEDSIM_P_DEATH_ONE_MIN_LATER": 0.0032865286339074373,
    "WEIGHTED_RESOURCE_SCORE": 0.006246143486350775,
    "treatment": 0.04432697594165802
}