{
    "tagged": 0.15963959693908691,
    "breathing": 0.020211007446050644,
    "intent": 0.06262710690498352,
    "directness_of_causality": 0.3379034996032715,
    "treating": 0.016717640683054924,
    "HRA Strategy.resources-system.take-the-best": 0.027555348351597786,
    "SMOL_MEDICAL_SOUNDNESS": 0.3570762276649475,
    "category": 0.018269553780555725
}