{
    "age": 0.2852141857147217,
    "tagged": 0.43734434247016907,
    "SEVERITY": 0.07236381620168686,
    "WEIGHTED_RESOURCE_SCORE": 0.2050776332616806
}