{
    "age": 0.013853898271918297,
    "tagged": 0.03402205556631088,
    "visited": 0.0025693560019135475,
    "conscious": 0.0009538590675219893,
    "breathing": 0.01597912795841694,
    "avpu": 0.0005723558133468032,
    "unvisited_count": 0.014954409562051296,
    "environment_type": 0.011772026307880878,
    "questioning": 0.10971815139055252,
    "assessing": 0.252391517162323,
    "tagging": 0.14965319633483887,
    "HRA Strategy.time-resources.take-the-best": 0.004628755617886782,
    "Satisfactory Priority": 0.05503829941153526,
    "One-Bounce Priority": 0.042138028889894485,
    "pDeath": 0.011654462665319443,
    "pPain": 0.021421682089567184,
    "pBrainInjury": 0.0068109286949038506,
    "pAirwayBlocked": 0.000661727914121002,
    "pInternalBleeding": 0.013077368959784508,
    "entropy": 0.005943004507571459,
    "entropyDeath": 0.0009703877149149776,
    "SEVERITY": 0.014524281956255436,
    "SUPPLIES_REMAINING": 0.0010739958379417658,
    "AVERAGE_TIME_USED": 0.004894586745649576,
    "DAMAGE_PER_SECOND": 0.0015628215624019504,
    "MEDSIM_P_DEATH": 0.032656535506248474,
    "SEVERITY_CHANGE": 0.0009837471880018711,
    "SEVEREST_SEVERITY": 0.001249512191861868,
    "WEIGHTED_RESOURCE_SCORE": 0.015320130623877048,
    "SMOL_MEDICAL_SOUNDNESS": 0.006314685568213463,
    "INFORMATION_GAINED": 0.07244771718978882,
    "treatment": 0.06817740947008133,
    "category": 0.01200991403311491
}