age,tagged,visited,relationship,breathing,hrpmin,avpu,unvisited_count,injured_count,environment_type,questioning,assessing,tagging,leaving,HRA Strategy.time-resources.take-the-best,HRA Strategy.time-risk_reward_ratio.take-the-best,One-Bounce Priority,pDeath,pPain,pBrainInjury,pAirwayBlocked,pInternalBleeding,pExternalBleeding,entropy,entropyDeath,SEVERITY,SUPPLIES_REMAINING,AVERAGE_TIME_USED,DAMAGE_PER_SECOND,MEDSIM_P_DEATH,MEDSIM_P_DEATH_ONE_MIN_LATER,SEVEREST_SEVERITY_CHANGE,treatment,category
0.14354625344276428,0.06264133006334305,0.0038059644866734743,0.08898242563009262,0.019894331693649292,0.003847847692668438,0.005465097259730101,0.003613868495449424,0.028370698913931847,0.004178543109446764,0.08693742007017136,0.1738457977771759,0.07337407022714615,0.12248411774635315,0.0018628754187375307,0.0014605438336730003,0.0013530750293284655,0.008242091163992882,0.012436793185770512,0.006058262661099434,0.010211089625954628,0.006736724637448788,0.010363908484578133,0.013260024599730968,0.009698228910565376,0.0021665352396667004,0.018851425498723984,0.00435275724157691,0.0013570889132097363,0.009583819657564163,0.002481567207723856,0.0017480170354247093,0.04137781634926796,0.015409613028168678
