{
    "age": 0.14354625344276428,
    "tagged": 0.06264133006334305,
    "visited": 0.0038059644866734743,
    "relationship": 0.08898242563009262,
    "breathing": 0.019894331693649292,
    "hrpmin": 0.003847847692668438,
    "avpu": 0.005465097259730101,
    "unvisited_count": 0.003613868495449424,
    "injured_count": 0.028370698913931847,
    "environment_type": 0.004178543109446764,
    "questioning": 0.08693742007017136,
    "assessing": 0.1738457977771759,
    "tagging": 0.07337407022714615,
    "leaving": 0.12248411774635315,
    "HRA Strategy.time-resources.take-the-best": 0.0018628754187375307,
    "HRA Strategy.time-risk_reward_ratio.take-the-best": 0.0014605438336730003,
    "One-Bounce Priority": 0.0013530750293284655,
    "pDeath": 0.008242091163992882,
    "pPain": 0.012436793185770512,
    "pBrainInjury": 0.006058262661099434,
    "pAirwayBlocked": 0.010211089625954628,
    "pInternalBleeding": 0.006736724637448788,
    "pExternalBleeding": 0.010363908484578133,
    "entropy": 0.013260024599730968,
    "entropyDeath": 0.009698228910565376,
    "SEVERITY": 0.0021665352396667004,
    "SUPPLIES_REMAINING": 0.018851425498723984,
    "AVERAGE_TIME_USED": 0.00435275724157691,
    "DAMAGE_PER_SECOND": 0.0013570889132097363,
    "MEDSIM_P_DEATH": 0.009583819657564163,
    "MEDSIM_P_DEATH_ONE_MIN_LATER": 0.002481567207723856,
    "SEVEREST_SEVERITY_CHANGE": 0.0017480170354247093,
    "treatment": 0.04137781634926796,
    "category": 0.015409613028168678
}