{
    "age": 0.1704093962907791,
    "assessing": 0.34734898805618286,
    "category": 0.12879274785518646,
    "pDeath": 0.09562622755765915,
    "MEDSIM_P_DEATH_ONE_MIN_LATER": 0.1190398633480072,
    "treatment": 0.1387827843427658
}