{
    "conscious": 0.001413018093444407,
    "mental_status": 8.027221338124946e-05,
    "avpu": 3.811617716564797e-05,
    "intent": 0.033708300441503525,
    "directness_of_causality": 0.20777873694896698,
    "aid_available": 0.18834619224071503,
    "treating": 0.28368839621543884,
    "HRA Strategy.time-risk_reward_ratio.one-bounce": 0.0008258732268586755,
    "HRA Strategy.resources-system.take-the-best": 0.0009423085721209645,
    "HRA Strategy.risk_reward_ratio-system.one-bounce": 0.0015413765795528889,
    "HRA Strategy.time-resources-system.one-bounce": 0.000249603355769068,
    "HRA Strategy.time-resources-risk_reward_ratio-system.one-bounce": 0.0003143824287690222,
    "Take-The-Best Priority": 0.0005045331199653447,
    "Satisfactory Priority": 0.0007688325713388622,
    "pDeath": 0.0001485917455283925,
    "pPain": 4.772457396029495e-05,
    "pBrainInjury": 0.0002792805607896298,
    "pAirwayBlocked": 0.00019620526290964335,
    "pInternalBleeding": 0.000445433339336887,
    "entropyDeath": 0.0005100707639940083,
    "SEVERITY": 0.00031656556529924273,
    "SUPPLIES_REMAINING": 0.0011910002212971449,
    "AVERAGE_TIME_USED": 0.009538535960018635,
    "DAMAGE_PER_SECOND": 0.0003645399119704962,
    "MEDSIM_P_DEATH": 8.359921048395336e-05,
    "SEVERITY_CHANGE": 4.518624336924404e-05,
    "SUPPLIES_USED": 0.2657598555088043,
    "WEIGHTED_RESOURCE_SCORE": 0.00021213061700109392,
    "treatment": 0.0006612773286178708
}