{
    "age": 0.04538074508309364,
    "tagged": 0.05388030782341957,
    "conscious": 0.037060897797346115,
    "breathing": 0.04712768644094467,
    "injured_count": 0.0631345883011818,
    "environment_type": 0.005747401155531406,
    "questioning": 0.19313952326774597,
    "category": 0.06950294971466064,
    "HRA Strategy.time-resources.take-the-best": 0.029598679393529892,
    "HRA Strategy.resources-risk_reward_ratio.one-bounce": 0.007196829654276371,
    "Satisfactory Priority": 0.01546565443277359,
    "pBrainInjury": 0.005684661213308573,
    "pAirwayBlocked": 0.010567143559455872,
    "pInternalBleeding": 0.14803829789161682,
    "pExternalBleeding": 0.022615494206547737,
    "entropy": 0.005464903544634581,
    "entropyDeath": 0.030692359432578087,
    "SEVERITY": 0.007897754199802876,
    "SUPPLIES_REMAINING": 0.013414368033409119,
    "AVERAGE_TIME_USED": 0.004881562199443579,
    "DAMAGE_PER_SECOND": 0.013848998583853245,
    "MEDSIM_P_DEATH": 0.008866893127560616,
    "MEDSIM_P_DEATH_ONE_MIN_LATER": 0.028211403638124466,
    "SMOL_MEDICAL_SOUNDNESS": 0.09788622707128525,
    "treatment": 0.03469458222389221
}