{
    "age": 0.00837074313312769,
    "tagged": 0.018054336309432983,
    "breathing": 0.008629724383354187,
    "unvisited_count": 0.0047351592220366,
    "injured_count": 0.01998678781092167,
    "questioning": 0.20529721677303314,
    "assessing": 0.2623457908630371,
    "tagging": 0.14996370673179626,
    "leaving": 0.20252659916877747,
    "Satisfactory Priority": 0.005509777460247278,
    "One-Bounce Priority": 0.03770054876804352,
    "entropy": 0.006361980922520161,
    "INFORMATION_GAINED": 0.03419281914830208,
    "treatment": 0.027264980599284172,
    "category": 0.009059805423021317
}