{
    "tagged": 0.021964360028505325,
    "visited": 0.002910930197685957,
    "conscious": 0.05663730204105377,
    "breathing": 0.015963582322001457,
    "avpu": 0.004795933607965708,
    "unvisited_count": 0.0007453159778378904,
    "environment_type": 0.030982760712504387,
    "questioning": 0.12824083864688873,
    "assessing": 0.11438144743442535,
    "treating": 0.006670073140412569,
    "tagging": 0.23194417357444763,
    "leaving": 0.1376085877418518,
    "category": 0.014644848182797432,
    "HRA Strategy.time-resources.take-the-best": 0.009449206292629242,
    "HRA Strategy.resources-risk_reward_ratio.one-bounce": 0.03816685453057289,
    "One-Bounce Priority": 0.0006284912233240902,
    "pAirwayBlocked": 0.0059676989912986755,
    "pInternalBleeding": 0.010879531502723694,
    "pExternalBleeding": 0.0005331055726855993,
    "entropy": 0.0018373936181887984,
    "entropyDeath": 0.0063885836862027645,
    "SEVERITY": 0.017815815284848213,
    "SUPPLIES_REMAINING": 0.03477194160223007,
    "AVERAGE_TIME_USED": 0.014329659752547741,
    "DAMAGE_PER_SECOND": 0.003548759501427412,
    "MEDSIM_P_DEATH": 0.031016794964671135,
    "SMOL_MEDICAL_SOUNDNESS": 0.00820979755371809,
    "INFORMATION_GAINED": 0.008397473953664303,
    "treatment": 0.04056885093450546
}