{
    "avpu": 0.019260909408330917,
    "unvisited_count": 0.034084539860486984,
    "injured_count": 0.024385202676057816,
    "questioning": 0.33884918689727783,
    "assessing": 0.35419175028800964,
    "tagging": 0.11789469420909882,
    "One-Bounce Priority": 0.02485942281782627,
    "entropy": 0.011361049488186836,
    "AVERAGE_TIME_USED": 0.020746884867548943,
    "treatment": 0.054366335272789
}