age,tagged,visited,relationship,breathing,hrpmin,avpu,unvisited_count,injured_count,environment_type,questioning,assessing,tagging,leaving,pDeath,pPain,pBrainInjury,pAirwayBlocked,pInternalBleeding,pExternalBleeding,entropy,entropyDeath,SUPPLIES_REMAINING,AVERAGE_TIME_USED,MEDSIM_P_DEATH,MEDSIM_P_DEATH_ONE_MIN_LATER,SEVEREST_SEVERITY_CHANGE,treatment,category
0.14514249563217163,0.060807034373283386,0.003827062202617526,0.10259794443845749,0.019360706210136414,0.0021789956372231245,0.00658243615180254,0.004054745193570852,0.026783902198076248,0.003624746110290289,0.10410783439874649,0.17730411887168884,0.05017620325088501,0.12821978330612183,0.008548466488718987,0.013119607232511044,0.007603091187775135,0.009404714219272137,0.0065384493209421635,0.016091182827949524,0.011709175072610378,0.010140947066247463,0.018562903627753258,0.004349228926002979,0.0019439436728134751,0.0016770337242633104,0.00320603814907372,0.035946350544691086,0.01639086939394474
