{
    "age": 0.006664298940449953,
    "tagged": 0.019175289198756218,
    "breathing": 0.004717871081084013,
    "hrpmin": 0.014559558592736721,
    "injured_count": 0.0271687600761652,
    "questioning": 0.1381441354751587,
    "assessing": 0.20257718861103058,
    "tagging": 0.10702686756849289,
    "leaving": 0.31609994173049927,
    "Satisfactory Priority": 0.003985273651778698,
    "One-Bounce Priority": 0.044136855751276016,
    "pDeath": 0.007741002831608057,
    "pPain": 0.005337284412235022,
    "pInternalBleeding": 0.004742135759443045,
    "pExternalBleeding": 0.004611577372997999,
    "entropy": 0.006974608171731234,
    "AVERAGE_TIME_USED": 0.004696100950241089,
    "INFORMATION_GAINED": 0.03496898338198662,
    "treatment": 0.03698891028761864,
    "category": 0.009683342650532722
}