{
    "tagged": 0.2086893767118454,
    "conscious": 0.09337371587753296,
    "SEVERITY": 0.1447647213935852,
    "AVERAGE_TIME_USED": 0.1811935007572174,
    "DAMAGE_PER_SECOND": 0.2084205448627472,
    "treatment": 0.16355818510055542
}