{
    "aid_available": 0.010647444985806942,
    "treating": 0.566657304763794,
    "Take-The-Best Priority": 0.36064261198043823,
    "AVERAGE_TIME_USED": 0.01847381517291069,
    "HRA Strategy.time-system.satisfactory": 0.028916271403431892,
    "tagged": 0.014662528410553932
}