age,tagged,relationship,breathing,injured_count,questioning,assessing,tagging,leaving,pPain,pAirwayBlocked,pExternalBleeding,entropy,SUPPLIES_REMAINING,treatment,category
0.14205944538116455,0.048826273530721664,0.10804842412471771,0.013226209208369255,0.023520879447460175,0.1072862297296524,0.24451151490211487,0.06914455443620682,0.1467413604259491,0.011652618646621704,0.008775422349572182,0.009211099706590176,0.00908262375742197,0.009462891146540642,0.03415561467409134,0.014294784516096115
