{
    "age": 0.14205944538116455,
    "tagged": 0.048826273530721664,
    "relationship": 0.10804842412471771,
    "breathing": 0.013226209208369255,
    "injured_count": 0.023520879447460175,
    "questioning": 0.1072862297296524,
    "assessing": 0.24451151490211487,
    "tagging": 0.06914455443620682,
    "leaving": 0.1467413604259491,
    "pPain": 0.011652618646621704,
    "pAirwayBlocked": 0.008775422349572182,
    "pExternalBleeding": 0.009211099706590176,
    "entropy": 0.00908262375742197,
    "SUPPLIES_REMAINING": 0.009462891146540642,
    "treatment": 0.03415561467409134,
    "category": 0.014294784516096115
}