{
    "tagged": 0.024458501487970352,
    "hrpmin": 0.025440437719225883,
    "questioning": 0.25186288356781006,
    "assessing": 0.30305036902427673,
    "tagging": 0.1587778776884079,
    "One-Bounce Priority": 0.045583296567201614,
    "INFORMATION_GAINED": 0.13078412413597107,
    "treatment": 0.04067422077059746,
    "category": 0.019368262961506844
}