{
    "questioning": 0.2484167367219925,
    "assessing": 0.22957774996757507,
    "tagging": 0.03462211415171623,
    "leaving": 0.25048932433128357,
    "One-Bounce Priority": 0.1699366718530655,
    "treatment": 0.03386111184954643,
    "category": 0.03309625759720802
}