{
    "conscious": 0.09608937799930573,
    "mental_status": 0.011178447864949703,
    "intent": 0.0311973225325346,
    "directness_of_causality": 0.1689688116312027,
    "aid_available": 0.1529829204082489,
    "treating": 0.2572035789489746,
    "HRA Strategy.time-resources.take-the-best": 0.00518076540902257,
    "HRA Strategy.resources-risk_reward_ratio.one-bounce": 0.019871938973665237,
    "HRA Strategy.resources-system.take-the-best": 0.019212041050195694,
    "HRA Strategy.risk_reward_ratio-system.one-bounce": 0.0017832935554906726,
    "HRA Strategy.resources-risk_reward_ratio-system.one-bounce": 0.0013848143862560391,
    "Take-The-Best Priority": 0.0020094774663448334,
    "Satisfactory Priority": 0.0012784093851223588,
    "pDeath": 0.000888464564923197,
    "pBrainInjury": 0.0007100041257217526,
    "pAirwayBlocked": 0.0006027930648997426,
    "entropyDeath": 0.005678915418684483,
    "SEVERITY": 0.0018104251939803362,
    "SUPPLIES_REMAINING": 0.001300435746088624,
    "AVERAGE_TIME_USED": 0.0008499979157932103,
    "SUPPLIES_USED": 0.21911759674549103,
    "treatment": 0.0007001339690759778
}