{
    "age": 0.011126627214252949,
    "tagged": 0.029309231787919998,
    "breathing": 0.009543566964566708,
    "hrpmin": 0.020506510511040688,
    "injured_count": 0.03732869401574135,
    "questioning": 0.14773492515087128,
    "assessing": 0.2925731837749481,
    "treating": 0.0058616530150175095,
    "tagging": 0.1277347207069397,
    "leaving": 0.09257220476865768,
    "Satisfactory Priority": 0.013290010392665863,
    "One-Bounce Priority": 0.05635800585150719,
    "pPain": 0.009244968183338642,
    "pExternalBleeding": 0.006763142999261618,
    "entropyDeath": 0.011900940909981728,
    "INFORMATION_GAINED": 0.07425107061862946,
    "treatment": 0.03796025365591049,
    "category": 0.0159403495490551
}