{
    "age": 0.02243034355342388,
    "tagged": 0.06359745562076569,
    "visited": 0.04076676443219185,
    "unvisited_count": 0.010939192026853561,
    "questioning": 0.25215694308280945,
    "assessing": 0.2667904198169708,
    "tagging": 0.00837369542568922,
    "pExternalBleeding": 0.012773348949849606,
    "SEVERITY": 0.13911335170269012,
    "MEDSIM_P_DEATH_ONE_MIN_LATER": 0.06499195843935013,
    "treatment": 0.09748316556215286,
    "category": 0.020583312958478928
}