{
    "age": 0.14853982627391815,
    "tagged": 0.0653509572148323,
    "visited": 0.035201478749513626,
    "assessing": 0.25344446301460266,
    "treating": 0.008397369645535946,
    "tagging": 0.2541521489620209,
    "treatment": 0.0119745172560215,
    "HRA Strategy.time-resources.take-the-best": 0.008146998472511768,
    "Take-The-Best Priority": 0.0036731669679284096,
    "SEVERITY": 0.01307911891490221,
    "AVERAGE_TIME_USED": 0.09987501800060272,
    "DAMAGE_PER_SECOND": 0.030303601175546646,
    "WEIGHTED_RESOURCE_SCORE": 0.06786144524812698
}