{
    "intent": 0.15017680823802948,
    "directness_of_causality": 0.08804468810558319,
    "aid_available": 0.12656599283218384,
    "treating": 0.237211212515831,
    "treatment": 0.09923642873764038,
    "HRA Strategy.time-resources.take-the-best": 0.00752526568248868,
    "SEVERITY": 0.027248486876487732,
    "AVERAGE_TIME_USED": 0.023054786026477814,
    "SUPPLIES_USED": 0.22354497015476227,
    "SEVEREST_SEVERITY": 0.017391404137015343
}