{
    "age": 0.01863669976592064,
    "tagged": 0.02001332677900791,
    "visited": 0.0012269046856090426,
    "breathing": 1.6067053365986794e-05,
    "environment_type": 0.007141326554119587,
    "assessing": 0.36981484293937683,
    "tagging": 0.21005113422870636,
    "treatment": 0.04083237424492836,
    "HRA Strategy.time-resources.take-the-best": 0.0037219978403300047,
    "HRA Strategy.time-system.tallying": 0.04352584853768349,
    "Satisfactory Priority": 0.024793293327093124,
    "pDeath": 0.0009154835715889931,
    "pPain": 0.06767001748085022,
    "pInternalBleeding": 0.00012382249406073242,
    "entropyDeath": 0.0015315698692575097,
    "SEVERITY": 0.00485881045460701,
    "SUPPLIES_REMAINING": 0.002718408592045307,
    "AVERAGE_TIME_USED": 0.05959334596991539,
    "DAMAGE_PER_SECOND": 0.007244928739964962,
    "MEDSIM_P_DEATH": 0.02754858508706093,
    "SEVEREST_SEVERITY": 0.04290248826146126,
    "WEIGHTED_RESOURCE_SCORE": 0.001824559411033988,
    "SMOL_MEDICAL_SOUNDNESS": 0.04329415038228035
}