{
    "age": 0.00965702161192894,
    "tagged": 0.023387949913740158,
    "breathing": 0.00849633477628231,
    "unvisited_count": 0.007011237554252148,
    "injured_count": 0.02206904999911785,
    "questioning": 0.25190210342407227,
    "assessing": 0.21852552890777588,
    "tagging": 0.12646064162254333,
    "leaving": 0.20021843910217285,
    "Satisfactory Priority": 0.006555865053087473,
    "One-Bounce Priority": 0.03863558918237686,
    "entropy": 0.006568928249180317,
    "MEDSIM_P_DEATH": 0.0063230376690626144,
    "INFORMATION_GAINED": 0.03589553385972977,
    "treatment": 0.028688820078969002,
    "category": 0.009603922255337238
}