{
    "age": 0.026280568912625313,
    "tagged": 0.010822341777384281,
    "visited": 0.007104761432856321,
    "conscious": 0.00679912231862545,
    "breathing": 0.009602329693734646,
    "avpu": 0.0022471840493381023,
    "injured_count": 0.056030530482530594,
    "environment_type": 0.005978635046631098,
    "questioning": 0.1145726889371872,
    "assessing": 0.2071388065814972,
    "tagging": 0.10427064448595047,
    "category": 0.03167073428630829,
    "HRA Strategy.time-resources.take-the-best": 0.0005718016182072461,
    "HRA Strategy.time-system.one-bounce": 0.011437870562076569,
    "HRA Strategy.resources-system.take-the-best": 0.0010533698368817568,
    "Satisfactory Priority": 0.012772983871400356,
    "pDeath": 0.0031898340675979853,
    "pPain": 0.002508351346477866,
    "pAirwayBlocked": 0.0015020970022305846,
    "pInternalBleeding": 0.0050670551136136055,
    "pExternalBleeding": 0.014863289892673492,
    "entropy": 0.03314810246229172,
    "entropyDeath": 0.0006917463033460081,
    "SEVERITY": 0.0032532522454857826,
    "SUPPLIES_REMAINING": 0.0004789958766195923,
    "AVERAGE_TIME_USED": 0.003056124085560441,
    "DAMAGE_PER_SECOND": 0.038231607526540756,
    "MEDSIM_P_DEATH": 0.007311392109841108,
    "MEDSIM_P_DEATH_ONE_MIN_LATER": 0.004789052065461874,
    "SEVERITY_CHANGE": 0.000994272530078888,
    "SEVEREST_SEVERITY": 0.0025922758504748344,
    "SEVEREST_SEVERITY_CHANGE": 0.1938042938709259,
    "WEIGHTED_RESOURCE_SCORE": 0.0038968271110206842,
    "SMOL_MEDICAL_SOUNDNESS": 0.03456442430615425,
    "INFORMATION_GAINED": 0.01377949584275484,
    "treatment": 0.02392308972775936
}