{
    "age": 0.045537594705820084,
    "tagged": 0.009450625628232956,
    "visited": 0.016078416258096695,
    "conscious": 0.011781876906752586,
    "breathing": 0.01298854872584343,
    "injured_count": 0.026730259880423546,
    "environment_type": 0.0069595701061189175,
    "questioning": 0.1939542293548584,
    "assessing": 0.3544422686100006,
    "tagging": 0.07035613805055618,
    "category": 0.05250534787774086,
    "Satisfactory Priority": 0.011722161434590816,
    "pInternalBleeding": 0.004159640520811081,
    "entropy": 0.021715762093663216,
    "DAMAGE_PER_SECOND": 0.021562928333878517,
    "MEDSIM_P_DEATH": 0.021924199536442757,
    "SEVEREST_SEVERITY_CHANGE": 0.03035743534564972,
    "WEIGHTED_RESOURCE_SCORE": 0.0030491393990814686,
    "SMOL_MEDICAL_SOUNDNESS": 0.022008417174220085,
    "INFORMATION_GAINED": 0.03002842888236046,
    "treatment": 0.03268701210618019
}