{
    "tagged": 0.3160419464111328,
    "hrpmin": 0.09054982662200928,
    "injured_count": 0.10446275770664215,
    "environment_type": 0.01941363699734211,
    "category": 0.037190768867731094,
    "One-Bounce Priority": 0.08115234971046448,
    "pExternalBleeding": 0.05435849726200104,
    "AVERAGE_TIME_USED": 0.13556255400180817,
    "treatment": 0.16126765310764313
}