{
    "age": 0.015117179602384567,
    "tagged": 0.07876528799533844,
    "visited": 0.207467719912529,
    "conscious": 0.0027992373798042536,
    "breathing": 0.0032135890796780586,
    "avpu": 0.0013485956005752087,
    "unvisited_count": 0.03381264582276344,
    "injured_count": 0.02563815377652645,
    "environment_type": 0.008513303473591805,
    "assessing": 0.18370607495307922,
    "treating": 0.0006516192806884646,
    "tagging": 0.19805100560188293,
    "category": 0.010120129212737083,
    "HRA Strategy.time-resources.take-the-best": 0.004400237929075956,
    "HRA Strategy.time-resources.one-bounce": 0.0005379132926464081,
    "HRA Strategy.time-system.tallying": 0.002976241521537304,
    "Satisfactory Priority": 0.0012767805019393563,
    "One-Bounce Priority": 0.02851487696170807,
    "pDeath": 0.014408030547201633,
    "pPain": 0.03303162753582001,
    "pAirwayBlocked": 0.006110708694905043,
    "pInternalBleeding": 0.024948332458734512,
    "pExternalBleeding": 0.009338010102510452,
    "entropy": 0.0035010629799216986,
    "entropyDeath": 0.002259457716718316,
    "SEVERITY": 0.0066350242123007774,
    "AVERAGE_TIME_USED": 0.006430863868445158,
    "DAMAGE_PER_SECOND": 0.00755648035556078,
    "MEDSIM_P_DEATH": 0.004053367767482996,
    "MEDSIM_P_DEATH_ONE_MIN_LATER": 0.0027809233870357275,
    "SEVEREST_SEVERITY": 0.0004719089774880558,
    "treatment": 0.07156359404325485
}