{
    "directness_of_causality": 0.13336515426635742,
    "aid_available": 0.22831889986991882,
    "treating": 0.42606300115585327,
    "SUPPLIES_USED": 0.21225301921367645
}