{
    "age": 0.005230733193457127,
    "tagged": 0.03698273003101349,
    "conscious": 0.003713330253958702,
    "breathing": 0.008994031697511673,
    "hrpmin": 0.016364188864827156,
    "injured_count": 0.017842810600996017,
    "questioning": 0.14375095069408417,
    "assessing": 0.22482626140117645,
    "tagging": 0.22482924163341522,
    "leaving": 0.1655854880809784,
    "HRA Strategy.time-resources.take-the-best": 0.004403742961585522,
    "One-Bounce Priority": 0.03517483174800873,
    "pPain": 0.006559273228049278,
    "pExternalBleeding": 0.007899468764662743,
    "entropy": 0.012715799733996391,
    "INFORMATION_GAINED": 0.03140469640493393,
    "treatment": 0.0402720607817173,
    "category": 0.013450336642563343
}