{
    "age": 0.013745943084359169,
    "tagged": 0.02479592151939869,
    "avpu": 0.006064972840249538,
    "unvisited_count": 0.02805986814200878,
    "environment_type": 0.010535962879657745,
    "questioning": 0.09556134790182114,
    "assessing": 0.11280790716409683,
    "tagging": 0.09446646273136139,
    "leaving": 0.4200025796890259,
    "category": 0.015120306052267551,
    "One-Bounce Priority": 0.0482398122549057,
    "pDeath": 0.017492195591330528,
    "pInternalBleeding": 0.01226588524878025,
    "pExternalBleeding": 0.01382850669324398,
    "SUPPLIES_REMAINING": 0.006328842602670193,
    "AVERAGE_TIME_USED": 0.006497647613286972,
    "DAMAGE_PER_SECOND": 0.005733885802328587,
    "SEVEREST_SEVERITY_CHANGE": 0.020698385313153267,
    "INFORMATION_GAINED": 0.014566079713404179,
    "treatment": 0.033187538385391235
}