{
    "age": 0.09187550842761993,
    "tagged": 0.016268974170088768,
    "injured_count": 0.03584570065140724,
    "questioning": 0.1384502500295639,
    "tagging": 0.48837947845458984,
    "HRA Strategy.time-resources.take-the-best": 0.019755175337195396,
    "SEVERITY": 0.0076455650851130486,
    "AVERAGE_TIME_USED": 0.08128634840250015,
    "DAMAGE_PER_SECOND": 0.042077600955963135,
    "treatment": 0.06351341307163239,
    "category": 0.014902077615261078
}