{
    "tagged": 0.06153934448957443,
    "visited": 0.007208616938441992,
    "unvisited_count": 0.001808123430237174,
    "injured_count": 0.029831698164343834,
    "questioning": 0.32702502608299255,
    "assessing": 0.39653366804122925,
    "tagging": 0.01119161769747734,
    "treatment": 0.0480191595852375,
    "One-Bounce Priority": 0.029485251754522324,
    "MEDSIM_P_DEATH_ONE_MIN_LATER": 0.03057039901614189,
    "SEVEREST_SEVERITY": 0.014757520519196987,
    "INFORMATION_GAINED": 0.02267819456756115,
    "category": 0.019351361319422722
}