{
    "intent": 0.3402588665485382,
    "treating": 0.4611022174358368,
    "AVERAGE_TIME_USED": 0.19863887131214142
}