{
    "tagged": 0.06381678581237793,
    "conscious": 0.01609540730714798,
    "mental_status": 0.06259818375110626,
    "breathing": 0.011416230350732803,
    "intent": 0.08472413569688797,
    "directness_of_causality": 0.0807310938835144,
    "aid_available": 0.014311508275568485,
    "treating": 0.08212403208017349,
    "HRA Strategy.time-resources.take-the-best": 0.017037283629179,
    "HRA Strategy.risk_reward_ratio-system.one-bounce": 0.011370386928319931,
    "Take-The-Best Priority": 0.020956313237547874,
    "Satisfactory Priority": 0.01055607758462429,
    "pInternalBleeding": 0.045387107878923416,
    "SEVERITY": 0.12509745359420776,
    "AVERAGE_TIME_USED": 0.13626526296138763,
    "SUPPLIES_USED": 0.014707240276038647,
    "WEIGHTED_RESOURCE_SCORE": 0.017474094405770302,
    "SMOL_MEDICAL_SOUNDNESS": 0.146602600812912,
    "treatment": 0.038728803396224976
}