{
    "conscious": 0.006093105301260948,
    "mental_status": 0.0009610233246348798,
    "breathing": 0.0011440430535003543,
    "intent": 0.10650091618299484,
    "directness_of_causality": 0.06456960737705231,
    "aid_available": 0.06328970193862915,
    "treating": 0.10613099485635757,
    "HRA Strategy.time-resources.take-the-best": 7.176991493906826e-05,
    "HRA Strategy.time-risk_reward_ratio.take-the-best": 0.00030494938255287707,
    "HRA Strategy.resources-system.take-the-best": 0.0001080498332157731,
    "HRA Strategy.risk_reward_ratio-system.one-bounce": 0.0010222975397482514,
    "HRA Strategy.resources-risk_reward_ratio-system.one-bounce": 0.0006108091911301017,
    "HRA Strategy.time-resources-risk_reward_ratio-system.one-bounce": 0.00015029803034849465,
    "Take-The-Best Priority": 0.000621681334450841,
    "pDeath": 2.5826722776400857e-05,
    "pAirwayBlocked": 0.00013011305418331176,
    "pExternalBleeding": 5.421780588221736e-05,
    "SEVERITY": 0.019860491156578064,
    "SUPPLIES_REMAINING": 0.0004361198516562581,
    "AVERAGE_TIME_USED": 0.012167276814579964,
    "DAMAGE_PER_SECOND": 0.0009479704895056784,
    "MEDSIM_P_DEATH_ONE_MIN_LATER": 0.38179120421409607,
    "SEVERITY_CHANGE": 6.635161844315007e-05,
    "SUPPLIES_USED": 0.11492925882339478,
    "SEVEREST_SEVERITY": 2.4113145627779886e-05,
    "SEVEREST_SEVERITY_CHANGE": 0.000412413093727082,
    "WEIGHTED_RESOURCE_SCORE": 3.9014452340779826e-05,
    "SMOL_MEDICAL_SOUNDNESS": 0.11514495313167572,
    "treatment": 0.0023913823533803225
}