{
    "tagged": 0.020204301923513412,
    "breathing": 0.006475434172898531,
    "hrpmin": 0.01997772604227066,
    "unvisited_count": 0.007800748106092215,
    "injured_count": 0.016817031428217888,
    "questioning": 0.1751745343208313,
    "assessing": 0.24253469705581665,
    "tagging": 0.1938381791114807,
    "leaving": 0.19432030618190765,
    "category": 0.009858210571110249,
    "One-Bounce Priority": 0.016529975458979607,
    "entropy": 0.005964347627013922,
    "entropyDeath": 0.010452824644744396,
    "MEDSIM_P_DEATH": 0.008424973115324974,
    "WEIGHTED_RESOURCE_SCORE": 0.007750327233225107,
    "INFORMATION_GAINED": 0.03440634906291962,
    "treatment": 0.029470045119524002
}