{
    "age": 0.13820698857307434,
    "tagged": 0.06169300153851509,
    "visited": 0.0032997895032167435,
    "relationship": 0.09287989884614944,
    "breathing": 0.018629353493452072,
    "hrpmin": 0.005056566558778286,
    "avpu": 0.0059292991645634174,
    "unvisited_count": 0.004094380885362625,
    "injured_count": 0.02689306065440178,
    "environment_type": 0.004157423973083496,
    "questioning": 0.08947678655385971,
    "assessing": 0.1710997223854065,
    "tagging": 0.07379239052534103,
    "leaving": 0.12061873078346252,
    "HRA Strategy.time-resources.take-the-best": 0.001804947154596448,
    "HRA Strategy.time-risk_reward_ratio.take-the-best": 0.001616248395293951,
    "HRA Strategy.time-system.exhaustive": 0.0014023308176547289,
    "One-Bounce Priority": 0.0019448078237473965,
    "pDeath": 0.008475990034639835,
    "pPain": 0.012207699008286,
    "pBrainInjury": 0.005941023118793964,
    "pAirwayBlocked": 0.009438957087695599,
    "pInternalBleeding": 0.00622133631259203,
    "pExternalBleeding": 0.01461043767631054,
    "entropy": 0.011884447187185287,
    "entropyDeath": 0.009704035706818104,
    "SEVERITY": 0.0022824753541499376,
    "SUPPLIES_REMAINING": 0.018461287021636963,
    "AVERAGE_TIME_USED": 0.004318227060139179,
    "DAMAGE_PER_SECOND": 0.0017995458329096437,
    "MEDSIM_P_DEATH": 0.008601116947829723,
    "MEDSIM_P_DEATH_ONE_MIN_LATER": 0.0029870891012251377,
    "SEVERITY_CHANGE": 0.0008298624306917191,
    "SEVEREST_SEVERITY_CHANGE": 0.0016495828749611974,
    "SMOL_MEDICAL_SOUNDNESS": 0.0013201351976022124,
    "treatment": 0.04184521734714508,
    "category": 0.014825747348368168
}