{
    "intent": 0.22448588907718658,
    "treating": 0.7755141258239746
}