{
    "age": 0.003625902347266674,
    "tagged": 0.014288543723523617,
    "visited": 0.004374138545244932,
    "breathing": 0.006256154738366604,
    "unvisited_count": 0.00921629834920168,
    "injured_count": 0.012800319120287895,
    "questioning": 0.08433923870325089,
    "assessing": 0.13524915277957916,
    "tagging": 0.1174931526184082,
    "leaving": 0.5030718445777893,
    "HRA Strategy.time-resources.take-the-best": 0.0034518486354500055,
    "Satisfactory Priority": 0.0040884180925786495,
    "One-Bounce Priority": 0.01681102253496647,
    "pPain": 0.003370684338733554,
    "pAirwayBlocked": 0.0027606955263763666,
    "pInternalBleeding": 0.003885875456035137,
    "pExternalBleeding": 0.005491355899721384,
    "entropy": 0.003810509806498885,
    "entropyDeath": 0.00550378393381834,
    "SEVERITY": 0.002934315474703908,
    "AVERAGE_TIME_USED": 0.005259335972368717,
    "MEDSIM_P_DEATH": 0.007982456125319004,
    "WEIGHTED_RESOURCE_SCORE": 0.006414707284420729,
    "INFORMATION_GAINED": 0.005972841288894415,
    "treatment": 0.025745760649442673,
    "category": 0.0058016530238091946
}