{
    "age": 0.0840001031756401,
    "tagged": 0.22811605036258698,
    "visited": 0.033957209438085556,
    "conscious": 0.041703853756189346,
    "questioning": 0.2220126986503601,
    "tagging": 0.05159222334623337,
    "category": 0.13353146612644196,
    "entropy": 0.02406337670981884,
    "SEVERITY": 0.04606464132666588,
    "SUPPLIES_REMAINING": 0.014383343048393726,
    "DAMAGE_PER_SECOND": 0.0615980327129364,
    "SMOL_MEDICAL_SOUNDNESS": 0.018450310453772545,
    "treatment": 0.040526799857616425
}