{
    "tagged": 0.07678179442882538,
    "visited": 0.061625026166439056,
    "injured_count": 0.03592396900057793,
    "assessing": 0.47819390892982483,
    "tagging": 0.1719970554113388,
    "category": 0.02167852595448494,
    "One-Bounce Priority": 0.05225129798054695,
    "treatment": 0.1015484631061554
}