{
    "age": 0.004560577217489481,
    "tagged": 0.01579832285642624,
    "visited": 0.007099039386957884,
    "breathing": 0.0063452632166445255,
    "unvisited_count": 0.0057433429174125195,
    "injured_count": 0.01188061386346817,
    "questioning": 0.09092234820127487,
    "assessing": 0.12036823481321335,
    "tagging": 0.10583866387605667,
    "leaving": 0.5465336441993713,
    "HRA Strategy.time-resources.take-the-best": 0.0035080325324088335,
    "Satisfactory Priority": 0.0034707209561020136,
    "One-Bounce Priority": 0.01691400818526745,
    "pPain": 0.0034747954923659563,
    "pExternalBleeding": 0.003279256634414196,
    "entropyDeath": 0.0030792236793786287,
    "SEVERITY": 0.004222240298986435,
    "MEDSIM_P_DEATH": 0.0046985214576125145,
    "WEIGHTED_RESOURCE_SCORE": 0.006738907191902399,
    "INFORMATION_GAINED": 0.006422007922083139,
    "treatment": 0.023249918594956398,
    "category": 0.005852418020367622
}