{
    "tagged": 0.016578057780861855,
    "breathing": 0.0007062228978611529,
    "intent": 0.013202754780650139,
    "directness_of_causality": 0.10862448066473007,
    "aid_available": 0.0931803360581398,
    "treating": 0.14384089410305023,
    "HRA Strategy.time-resources.take-the-best": 0.0030698322225362062,
    "HRA Strategy.time-system.tallying": 0.0806855633854866,
    "HRA Strategy.risk_reward_ratio-system.one-bounce": 0.0015299504157155752,
    "HRA Strategy.resources-risk_reward_ratio-system.one-bounce": 0.0008165359613485634,
    "HRA Strategy.time-resources-risk_reward_ratio-system.one-bounce": 0.0007486911490559578,
    "Take-The-Best Priority": 0.0023303001653403044,
    "Satisfactory Priority": 0.0020743561908602715,
    "pBrainInjury": 0.00031999070779420435,
    "pAirwayBlocked": 0.0005675204447470605,
    "pInternalBleeding": 0.012521540746092796,
    "entropyDeath": 0.02421865053474903,
    "SEVERITY": 0.009574582800269127,
    "SUPPLIES_REMAINING": 0.002256459789350629,
    "AVERAGE_TIME_USED": 0.03562874719500542,
    "DAMAGE_PER_SECOND": 0.0660431832075119,
    "SUPPLIES_USED": 0.16994285583496094,
    "SEVEREST_SEVERITY": 0.00044570540194399655,
    "SMOL_MEDICAL_SOUNDNESS": 0.20783038437366486,
    "treatment": 0.003262303536757827
}