{
    "age": 0.01693676970899105,
    "tagged": 0.08866871893405914,
    "visited": 0.2274051457643509,
    "conscious": 0.0023807918187230825,
    "breathing": 0.0033538788557052612,
    "avpu": 0.0015909605426713824,
    "unvisited_count": 0.03090132772922516,
    "injured_count": 0.021961070597171783,
    "environment_type": 0.008765945211052895,
    "assessing": 0.15305311977863312,
    "treating": 0.004138856660574675,
    "tagging": 0.19209423661231995,
    "category": 0.009109321981668472,
    "HRA Strategy.time-resources.take-the-best": 0.00499759241938591,
    "HRA Strategy.time-resources.one-bounce": 0.0007056223112158477,
    "HRA Strategy.time-system.tallying": 0.00286501576192677,
    "Take-The-Best Priority": 0.0017745584482327104,
    "Satisfactory Priority": 0.0010905051603913307,
    "One-Bounce Priority": 0.024803750216960907,
    "pDeath": 0.02018153667449951,
    "pPain": 0.030757589265704155,
    "pAirwayBlocked": 0.01672632433474064,
    "pInternalBleeding": 0.022927815094590187,
    "pExternalBleeding": 0.0101352259516716,
    "entropy": 0.0041458336636424065,
    "entropyDeath": 0.003021019510924816,
    "SEVERITY": 0.007079026196151972,
    "SUPPLIES_REMAINING": 0.0005336480680853128,
    "AVERAGE_TIME_USED": 0.005572300869971514,
    "DAMAGE_PER_SECOND": 0.0071263387799263,
    "MEDSIM_P_DEATH": 0.003984764218330383,
    "MEDSIM_P_DEATH_ONE_MIN_LATER": 0.0012038493296131492,
    "SEVEREST_SEVERITY": 0.0006202093209140003,
    "treatment": 0.06938736140727997
}