{
    "age": 0.08979467302560806,
    "tagging": 0.5284199714660645,
    "SMOL_MEDICAL_SOUNDNESS": 0.1109044998884201,
    "treatment": 0.2708808481693268
}