age,tagged,relationship,breathing,injured_count,questioning,assessing,tagging,leaving,pPain,pExternalBleeding,entropy,SUPPLIES_REMAINING,treatment,category
0.13979226350784302,0.0504203662276268,0.120998315513134,0.012652444653213024,0.030727583914995193,0.10894943028688431,0.24444369971752167,0.0602765791118145,0.14317598938941956,0.011060399934649467,0.011093506589531898,0.00890949834138155,0.009613996371626854,0.0325237512588501,0.01536224689334631
