{
    "questioning": 0.43803006410598755,
    "assessing": 0.41359931230545044,
    "tagging": 0.08402333408594131,
    "One-Bounce Priority": 0.0188908688724041,
    "treatment": 0.04545634984970093
}