{
    "treating": 0.852130115032196,
    "SUPPLIES_USED": 0.14786989986896515
}