{
    "age": 0.007145416457206011,
    "tagged": 0.042468320578336716,
    "visited": 0.004218971822410822,
    "conscious": 0.003985620569437742,
    "breathing": 0.004866510163992643,
    "hrpmin": 0.009217659011483192,
    "unvisited_count": 0.007149272598326206,
    "environment_type": 0.0018226312240585685,
    "questioning": 0.15675179660320282,
    "assessing": 0.15584085881710052,
    "treating": 0.0016924586379900575,
    "tagging": 0.1203867569565773,
    "leaving": 0.2733229696750641,
    "HRA Strategy.time-resources.take-the-best": 0.006341055501252413,
    "HRA Strategy.time-system.exhaustive": 0.005139238201081753,
    "HRA Strategy.resources-system.take-the-best": 0.0008793631568551064,
    "HRA Strategy.resources-system.exhaustive": 0.003281310200691223,
    "One-Bounce Priority": 0.03151766210794449,
    "pDeath": 0.0021334877237677574,
    "pPain": 0.005361935123801231,
    "pBrainInjury": 0.0016614166088402271,
    "pAirwayBlocked": 0.020583996549248695,
    "pInternalBleeding": 0.0012944838963449001,
    "pExternalBleeding": 0.014285554178059101,
    "entropy": 0.009043065831065178,
    "entropyDeath": 0.005843799095600843,
    "SEVERITY": 0.002902157139033079,
    "AVERAGE_TIME_USED": 0.006251189392060041,
    "MEDSIM_P_DEATH": 0.0039930869825184345,
    "MEDSIM_P_DEATH_ONE_MIN_LATER": 0.0038081833627074957,
    "WEIGHTED_RESOURCE_SCORE": 0.022603711113333702,
    "INFORMATION_GAINED": 0.020861489698290825,
    "treatment": 0.03293096646666527,
    "category": 0.010413635522127151
}