{
    "age": 0.0032009428832679987,
    "tagged": 0.052106767892837524,
    "visited": 0.0021583889611065388,
    "conscious": 0.0015117110451683402,
    "breathing": 0.01085665263235569,
    "hrpmin": 0.001268120831809938,
    "avpu": 0.002276228042319417,
    "unvisited_count": 0.010645225644111633,
    "environment_type": 0.00214563705958426,
    "questioning": 0.2058708667755127,
    "assessing": 0.22647987306118011,
    "tagging": 0.2973564565181732,
    "leaving": 0.0012735574273392558,
    "HRA Strategy.time-resources.take-the-best": 0.0013758541317656636,
    "HRA Strategy.time-resources.one-bounce": 0.0006775018991902471,
    "HRA Strategy.resources-risk_reward_ratio.one-bounce": 0.00016611508908681571,
    "HRA Strategy.resources-system.take-the-best": 0.0001424096553819254,
    "Satisfactory Priority": 0.000693426700308919,
    "One-Bounce Priority": 0.011706367135047913,
    "pDeath": 0.010225976817309856,
    "pPain": 0.005960513837635517,
    "pBrainInjury": 0.00626849802210927,
    "pAirwayBlocked": 0.0028619770891964436,
    "pInternalBleeding": 0.016136175021529198,
    "pExternalBleeding": 0.00551176629960537,
    "entropy": 0.01293555274605751,
    "entropyDeath": 0.0032987860031425953,
    "SEVERITY": 0.001793151837773621,
    "SUPPLIES_REMAINING": 0.0007755812257528305,
    "AVERAGE_TIME_USED": 0.025224346667528152,
    "MEDSIM_P_DEATH": 0.009503578767180443,
    "MEDSIM_P_DEATH_ONE_MIN_LATER": 0.0005035219946876168,
    "SEVEREST_SEVERITY": 0.00027496740221977234,
    "WEIGHTED_RESOURCE_SCORE": 0.003493758849799633,
    "SMOL_MEDICAL_SOUNDNESS": 0.0017077004304155707,
    "INFORMATION_GAINED": 0.015866173431277275,
    "treatment": 0.04042614996433258,
    "category": 0.005319659598171711
}