{
    "age": 0.013952631503343582,
    "tagged": 0.045070089399814606,
    "visited": 0.008578385226428509,
    "conscious": 0.0011875227792188525,
    "breathing": 0.005558354314416647,
    "unvisited_count": 0.03141019865870476,
    "environment_type": 0.020675115287303925,
    "questioning": 0.0837448239326477,
    "assessing": 0.10759644955396652,
    "tagging": 0.13069526851177216,
    "leaving": 0.30295270681381226,
    "Satisfactory Priority": 0.04561132192611694,
    "One-Bounce Priority": 0.04258851334452629,
    "pDeath": 0.002544952556490898,
    "pPain": 0.010921122506260872,
    "pBrainInjury": 0.0025255694054067135,
    "pInternalBleeding": 0.00897306390106678,
    "pExternalBleeding": 0.03834279254078865,
    "entropy": 0.009407377801835537,
    "AVERAGE_TIME_USED": 0.006008530966937542,
    "DAMAGE_PER_SECOND": 0.002472986001521349,
    "SEVEREST_SEVERITY_CHANGE": 0.002725161612033844,
    "SMOL_MEDICAL_SOUNDNESS": 0.002981187542900443,
    "INFORMATION_GAINED": 0.030014554038643837,
    "treatment": 0.030586477369070053,
    "category": 0.012874814681708813
}