{
    "age": 0.009587571956217289,
    "tagged": 0.01861688308417797,
    "breathing": 0.006863494403660297,
    "unvisited_count": 0.011572347953915596,
    "injured_count": 0.019383186474442482,
    "questioning": 0.20827223360538483,
    "assessing": 0.2042839080095291,
    "tagging": 0.11315848678350449,
    "leaving": 0.25544342398643494,
    "Satisfactory Priority": 0.008729149587452412,
    "One-Bounce Priority": 0.032756466418504715,
    "pPain": 0.004848850890994072,
    "pExternalBleeding": 0.006044220644980669,
    "entropy": 0.005692674312740564,
    "entropyDeath": 0.0048359716311097145,
    "AVERAGE_TIME_USED": 0.004557610023766756,
    "MEDSIM_P_DEATH": 0.006530463229864836,
    "INFORMATION_GAINED": 0.03864666074514389,
    "treatment": 0.0313207246363163,
    "category": 0.008855627849698067
}