intent,directness_of_causality,aid_available,treating,HRA Strategy.risk_reward_ratio-system.one-bounce,entropyDeath,SUPPLIES_REMAINING,AVERAGE_TIME_USED,SUPPLIES_USED
0.02477959729731083,0.18247884511947632,0.18758746981620789,0.2932678461074829,0.0016756093828007579,0.00074837013380602,0.11239653825759888,0.005264561623334885,0.19180116057395935
