{
    "tagged": 6.249891157494858e-05,
    "conscious": 0.0022824511397629976,
    "mental_status": 2.3845415853429586e-05,
    "breathing": 1.300012445426546e-05,
    "avpu": 0.0012535471469163895,
    "intent": 0.038069743663072586,
    "directness_of_causality": 0.20320601761341095,
    "aid_available": 0.18467554450035095,
    "treating": 0.2794525623321533,
    "HRA Strategy.time-resources.take-the-best": 0.00012934814731124789,
    "HRA Strategy.time-risk_reward_ratio.take-the-best": 0.0006188549450598657,
    "HRA Strategy.time-risk_reward_ratio.one-bounce": 0.0006268447614274919,
    "HRA Strategy.resources-system.take-the-best": 0.00019361577869858593,
    "HRA Strategy.risk_reward_ratio-system.one-bounce": 0.0008402689127251506,
    "HRA Strategy.time-resources-system.tallying": 0.0013548416318371892,
    "HRA Strategy.time-resources-system.one-bounce": 0.00022047337552066892,
    "HRA Strategy.resources-risk_reward_ratio-system.one-bounce": 0.0009551480761729181,
    "HRA Strategy.time-resources-risk_reward_ratio-system.one-bounce": 0.0005567847983911633,
    "Take-The-Best Priority": 0.0005868672160431743,
    "Satisfactory Priority": 0.0012020508293062449,
    "pDeath": 9.769945609150454e-05,
    "pPain": 6.121168553363532e-05,
    "pBrainInjury": 0.0003467749338597059,
    "pAirwayBlocked": 9.619441698305309e-05,
    "pInternalBleeding": 0.0004350286617409438,
    "entropy": 4.7904479288263246e-05,
    "entropyDeath": 0.0004546791024040431,
    "SEVERITY": 0.006183010526001453,
    "SUPPLIES_REMAINING": 0.0006488100625574589,
    "AVERAGE_TIME_USED": 0.0003487451758701354,
    "MEDSIM_P_DEATH": 8.921304834075272e-05,
    "SEVERITY_CHANGE": 9.359644900541753e-05,
    "SUPPLIES_USED": 0.27320924401283264,
    "SEVEREST_SEVERITY": 0.00016196300566662103,
    "SEVEREST_SEVERITY_CHANGE": 0.0002703196369111538,
    "WEIGHTED_RESOURCE_SCORE": 0.0004612529301084578,
    "treatment": 0.0006699808873236179
}