{
    "conscious": 0.002082875929772854,
    "mental_status": 0.001190254813991487,
    "breathing": 0.02073839120566845,
    "intent": 0.04161011427640915,
    "directness_of_causality": 0.2033737152814865,
    "aid_available": 0.17508411407470703,
    "treating": 0.26577648520469666,
    "HRA Strategy.time-risk_reward_ratio.one-bounce": 0.0011343482183292508,
    "HRA Strategy.resources-system.take-the-best": 0.0010427712695673108,
    "HRA Strategy.risk_reward_ratio-system.one-bounce": 0.0016056407475844026,
    "HRA Strategy.time-resources-risk_reward_ratio-system.one-bounce": 0.0003966009826399386,
    "Take-The-Best Priority": 0.0007477010367438197,
    "Satisfactory Priority": 0.0006743004778400064,
    "pBrainInjury": 0.00027204942307434976,
    "pInternalBleeding": 0.00039746708353050053,
    "entropyDeath": 0.0003892937966156751,
    "SEVERITY": 0.0016594550106674433,
    "SUPPLIES_REMAINING": 0.0008535152883268893,
    "AVERAGE_TIME_USED": 0.009371037594974041,
    "DAMAGE_PER_SECOND": 0.00037618904025293887,
    "SUPPLIES_USED": 0.24307705461978912,
    "SEVEREST_SEVERITY": 0.00015356074436567724,
    "SEVEREST_SEVERITY_CHANGE": 0.025926554575562477,
    "WEIGHTED_RESOURCE_SCORE": 0.0009285577107220888,
    "SMOL_MEDICAL_SOUNDNESS": 0.0005272077396512032,
    "treatment": 0.0006108082015998662
}