{
    "age": 0.008343559689819813,
    "tagged": 0.03043218143284321,
    "visited": 0.0003632460720837116,
    "conscious": 0.0026245880872011185,
    "breathing": 0.015030259266495705,
    "hrpmin": 0.01237207930535078,
    "avpu": 0.0015703513054177165,
    "unvisited_count": 0.0013815041165798903,
    "injured_count": 0.01638396829366684,
    "environment_type": 0.0036620129831135273,
    "questioning": 0.105368971824646,
    "assessing": 0.18665146827697754,
    "treating": 0.005098562687635422,
    "tagging": 0.14582613110542297,
    "leaving": 0.29468482732772827,
    "HRA Strategy.time-resources.take-the-best": 0.009010575711727142,
    "HRA Strategy.time-resources.one-bounce": 0.00021917789126746356,
    "HRA Strategy.time-system.exhaustive": 0.0005509427865035832,
    "HRA Strategy.time-system.one-bounce": 9.643165685702115e-05,
    "HRA Strategy.resources-risk_reward_ratio.take-the-best": 0.0003618613991420716,
    "HRA Strategy.resources-system.take-the-best": 0.0003103720082435757,
    "HRA Strategy.resources-system.exhaustive": 0.004965135361999273,
    "Take-The-Best Priority": 0.00044734220136888325,
    "Satisfactory Priority": 0.0016750867944210768,
    "One-Bounce Priority": 0.02355853095650673,
    "pDeath": 0.0023825981188565493,
    "pPain": 0.00794233288615942,
    "pBrainInjury": 0.001168687711469829,
    "pAirwayBlocked": 0.007300328928977251,
    "pInternalBleeding": 0.003111042082309723,
    "pExternalBleeding": 0.0033838381059467793,
    "entropy": 0.011935422196984291,
    "entropyDeath": 0.005700431764125824,
    "SEVERITY": 0.0042829434387385845,
    "SUPPLIES_REMAINING": 0.0007098060450516641,
    "AVERAGE_TIME_USED": 0.0019343544263392687,
    "DAMAGE_PER_SECOND": 0.003542994149029255,
    "MEDSIM_P_DEATH": 0.016607781872153282,
    "MEDSIM_P_DEATH_ONE_MIN_LATER": 0.002407848136499524,
    "SEVERITY_CHANGE": 0.003832799382507801,
    "SEVEREST_SEVERITY": 0.0004211904888506979,
    "SEVEREST_SEVERITY_CHANGE": 0.003857515985146165,
    "WEIGHTED_RESOURCE_SCORE": 0.0019252863712608814,
    "SMOL_MEDICAL_SOUNDNESS": 0.004445558413863182,
    "INFORMATION_GAINED": 0.005613180808722973,
    "treatment": 0.030223067849874496,
    "category": 0.0062818932346999645
}