{
    "age": 0.14132876694202423,
    "tagged": 0.06471140682697296,
    "visited": 0.002907500136643648,
    "relationship": 0.08965706080198288,
    "breathing": 0.019748136401176453,
    "hrpmin": 0.003505073254927993,
    "avpu": 0.006180329713970423,
    "unvisited_count": 0.003362513380125165,
    "injured_count": 0.02786239981651306,
    "environment_type": 0.004249972756952047,
    "questioning": 0.09155711531639099,
    "assessing": 0.17516280710697174,
    "tagging": 0.06351442635059357,
    "leaving": 0.12341167032718658,
    "HRA Strategy.time-resources.take-the-best": 0.001834562630392611,
    "HRA Strategy.time-risk_reward_ratio.take-the-best": 0.0016559113282710314,
    "One-Bounce Priority": 0.0013946871040388942,
    "pDeath": 0.008460218086838722,
    "pPain": 0.013114877976477146,
    "pBrainInjury": 0.006130936089903116,
    "pAirwayBlocked": 0.010444427840411663,
    "pInternalBleeding": 0.006505235098302364,
    "pExternalBleeding": 0.012708528898656368,
    "entropy": 0.014104909263551235,
    "entropyDeath": 0.00945061445236206,
    "SEVERITY": 0.002337371464818716,
    "SUPPLIES_REMAINING": 0.019102759659290314,
    "AVERAGE_TIME_USED": 0.00406193733215332,
    "DAMAGE_PER_SECOND": 0.0015099836746230721,
    "MEDSIM_P_DEATH": 0.009147956036031246,
    "MEDSIM_P_DEATH_ONE_MIN_LATER": 0.0023502244148403406,
    "SEVEREST_SEVERITY_CHANGE": 0.0013026047963649035,
    "SMOL_MEDICAL_SOUNDNESS": 0.0009541372419334948,
    "treatment": 0.04035491496324539,
    "category": 0.015914103016257286
}