{
    "age": 0.01621483638882637,
    "tagged": 0.07795491069555283,
    "visited": 0.034259676933288574,
    "unvisited_count": 0.017448315396904945,
    "questioning": 0.24641357362270355,
    "assessing": 0.2775396704673767,
    "pExternalBleeding": 0.011692335829138756,
    "SEVERITY": 0.1329144537448883,
    "MEDSIM_P_DEATH_ONE_MIN_LATER": 0.06707780063152313,
    "treatment": 0.09662915021181107,
    "category": 0.021855352446436882
}