age,tagged,relationship,injured_count,questioning,assessing,tagging,leaving,treatment,category
0.05164350941777229,0.03109910897910595,0.0941871777176857,0.02345978654921055,0.039812806993722916,0.3151280879974365,0.07669483870267868,0.31308168172836304,0.038620900362730026,0.0162721648812294
