{
    "tagged": 0.44850534200668335,
    "AVERAGE_TIME_USED": 0.24397903680801392,
    "treatment": 0.30751562118530273
}