{
    "mental_status": 0.0033599920570850372,
    "intent": 0.12842342257499695,
    "directness_of_causality": 0.1084115281701088,
    "aid_available": 0.15713506937026978,
    "treating": 0.28397488594055176,
    "SEVERITY": 0.006936403922736645,
    "AVERAGE_TIME_USED": 0.00758311478421092,
    "SUPPLIES_USED": 0.20660842955112457,
    "SMOL_MEDICAL_SOUNDNESS": 0.09649139642715454,
    "treatment": 0.001075762789696455
}