{
    "age": 0.003851243294775486,
    "tagged": 0.012941849417984486,
    "visited": 0.008099615573883057,
    "breathing": 0.0058196596801280975,
    "unvisited_count": 0.009001081809401512,
    "injured_count": 0.01223695557564497,
    "questioning": 0.08181706815958023,
    "assessing": 0.12576371431350708,
    "tagging": 0.11110053956508636,
    "leaving": 0.5194559693336487,
    "HRA Strategy.time-resources.take-the-best": 0.003514405805617571,
    "Satisfactory Priority": 0.004166748374700546,
    "One-Bounce Priority": 0.017424872145056725,
    "pPain": 0.003168066032230854,
    "pInternalBleeding": 0.0025592190213501453,
    "pExternalBleeding": 0.006836233660578728,
    "entropy": 0.004753904417157173,
    "entropyDeath": 0.004788233432918787,
    "SEVERITY": 0.0034059053286910057,
    "AVERAGE_TIME_USED": 0.0028534068260341883,
    "MEDSIM_P_DEATH": 0.00885382853448391,
    "WEIGHTED_RESOURCE_SCORE": 0.007807698100805283,
    "INFORMATION_GAINED": 0.006926499307155609,
    "treatment": 0.0270824134349823,
    "category": 0.0057709491811692715
}