{
    "age": 0.01821339875459671,
    "tagged": 0.03477536141872406,
    "breathing": 0.0065529728308320045,
    "hrpmin": 0.017524488270282745,
    "injured_count": 0.028474338352680206,
    "environment_type": 0.0032771392725408077,
    "questioning": 0.14510348439216614,
    "assessing": 0.2212221622467041,
    "treating": 0.01804228127002716,
    "tagging": 0.13159136474132538,
    "leaving": 0.1088373214006424,
    "Satisfactory Priority": 0.00911659561097622,
    "One-Bounce Priority": 0.04796982184052467,
    "pPain": 0.009536406956613064,
    "pAirwayBlocked": 0.00444875517860055,
    "pInternalBleeding": 0.005605813581496477,
    "pExternalBleeding": 0.012819232419133186,
    "entropy": 0.013658399693667889,
    "entropyDeath": 0.020144818350672722,
    "SEVERITY": 0.003253792878240347,
    "AVERAGE_TIME_USED": 0.004705550614744425,
    "MEDSIM_P_DEATH": 0.016448838636279106,
    "SMOL_MEDICAL_SOUNDNESS": 0.0036904695443809032,
    "INFORMATION_GAINED": 0.06007819622755051,
    "treatment": 0.041565489023923874,
    "category": 0.013343550264835358
}