{
    "assessing": 0.510322093963623,
    "category": 0.1252218633890152,
    "HRA Strategy.time-resources.take-the-best": 0.03017103672027588,
    "DAMAGE_PER_SECOND": 0.046506449580192566,
    "treatment": 0.2877785861492157
}