{
    "age": 0.09872312098741531,
    "tagged": 0.0036532471422106028,
    "visited": 0.008744616061449051,
    "breathing": 0.01877129264175892,
    "environment_type": 0.015487303957343102,
    "assessing": 0.09547398239374161,
    "treating": 0.032197970896959305,
    "tagging": 0.0004473997396416962,
    "category": 0.04597199335694313,
    "HRA Strategy.time-resources.take-the-best": 0.021463114768266678,
    "HRA Strategy.time-system.tallying": 0.002661957172676921,
    "Satisfactory Priority": 0.0029883352108299732,
    "pDeath": 0.08770982176065445,
    "pAirwayBlocked": 0.005269672721624374,
    "pExternalBleeding": 0.009770525619387627,
    "SEVERITY": 0.008252955973148346,
    "SUPPLIES_REMAINING": 0.014922935515642166,
    "AVERAGE_TIME_USED": 0.02977866306900978,
    "DAMAGE_PER_SECOND": 0.03731856122612953,
    "MEDSIM_P_DEATH": 0.009785271249711514,
    "MEDSIM_P_DEATH_ONE_MIN_LATER": 0.30361759662628174,
    "SEVERITY_CHANGE": 0.001971447840332985,
    "SEVEREST_SEVERITY": 0.009033272042870522,
    "WEIGHTED_RESOURCE_SCORE": 0.07523410767316818,
    "SMOL_MEDICAL_SOUNDNESS": 0.005597674287855625,
    "treatment": 0.055153168737888336
}