{
    "avpu": 0.00013331238005775958,
    "intent": 0.041243307292461395,
    "directness_of_causality": 0.20472140610218048,
    "aid_available": 0.19158047437667847,
    "treating": 0.2837063670158386,
    "HRA Strategy.resources-system.take-the-best": 0.0012020997237414122,
    "HRA Strategy.risk_reward_ratio-system.one-bounce": 0.0016518783522769809,
    "HRA Strategy.time-resources-risk_reward_ratio-system.one-bounce": 0.0005699653411284089,
    "Take-The-Best Priority": 0.00047031595022417605,
    "Satisfactory Priority": 0.0008705518557690084,
    "pBrainInjury": 0.0030253310687839985,
    "pAirwayBlocked": 0.0001544178812764585,
    "pInternalBleeding": 0.0007935593603178859,
    "entropyDeath": 0.0003979238972533494,
    "SEVERITY": 0.0005604641046375036,
    "SUPPLIES_REMAINING": 0.002582850866019726,
    "AVERAGE_TIME_USED": 0.012456034310162067,
    "SEVERITY_CHANGE": 0.00015104268095456064,
    "SUPPLIES_USED": 0.25273895263671875,
    "SEVEREST_SEVERITY": 0.00010749520879471675,
    "WEIGHTED_RESOURCE_SCORE": 0.0003824169107247144,
    "treatment": 0.0004999346565455198
}