{
    "age": 0.00931189302355051,
    "tagged": 0.013382474891841412,
    "visited": 0.005258380435407162,
    "conscious": 0.0026772236451506615,
    "breathing": 0.006787545047700405,
    "hrpmin": 0.00439953850582242,
    "unvisited_count": 0.014663017354905605,
    "injured_count": 0.0040970914997160435,
    "environment_type": 0.0028434961568564177,
    "questioning": 0.14159077405929565,
    "assessing": 0.10512199252843857,
    "treating": 0.0010883506620302796,
    "tagging": 0.15163779258728027,
    "leaving": 0.4312334656715393,
    "treatment": 0.020054025575518608,
    "HRA Strategy.time-resources.take-the-best": 0.0014544830191880465,
    "HRA Strategy.time-system.exhaustive": 0.0033575252164155245,
    "HRA Strategy.resources-system.exhaustive": 0.0003622901567723602,
    "Satisfactory Priority": 0.0017553470097482204,
    "One-Bounce Priority": 0.01617646962404251,
    "pDeath": 0.0011985599994659424,
    "pPain": 0.005867299623787403,
    "pBrainInjury": 0.009517812170088291,
    "pAirwayBlocked": 0.0019338089041411877,
    "pInternalBleeding": 0.0039025302976369858,
    "pExternalBleeding": 0.002746222075074911,
    "entropy": 0.009694432839751244,
    "entropyDeath": 0.0014501250116154552,
    "SEVERITY": 0.0015872758813202381,
    "AVERAGE_TIME_USED": 0.006229001563042402,
    "MEDSIM_P_DEATH": 0.006640683393925428,
    "MEDSIM_P_DEATH_ONE_MIN_LATER": 0.0003896408306900412,
    "SEVEREST_SEVERITY": 0.00040956801967695355,
    "SEVEREST_SEVERITY_CHANGE": 0.0005972835351713002,
    "WEIGHTED_RESOURCE_SCORE": 0.001627454999834299,
    "INFORMATION_GAINED": 0.0038269346114248037,
    "category": 0.00512821925804019
}