{
    "conscious": 0.00013831710384692997,
    "breathing": 0.01039926428347826,
    "intent": 0.06633015722036362,
    "directness_of_causality": 0.1458618938922882,
    "aid_available": 0.06493876129388809,
    "treating": 0.23721446096897125,
    "HRA Strategy.risk_reward_ratio-system.one-bounce": 0.0024465478491038084,
    "HRA Strategy.time-resources-system.one-bounce": 0.001074320520274341,
    "HRA Strategy.resources-risk_reward_ratio-system.one-bounce": 0.002132014138624072,
    "HRA Strategy.time-resources-risk_reward_ratio-system.one-bounce": 0.0005459534004330635,
    "Take-The-Best Priority": 0.002700509037822485,
    "One-Bounce Priority": 0.0008844696567393839,
    "pDeath": 0.0011749041732400656,
    "pPain": 0.0001238082186318934,
    "pExternalBleeding": 0.00030340204830281436,
    "entropy": 0.00015130761312320828,
    "SEVERITY": 0.0003747076843865216,
    "SUPPLIES_REMAINING": 0.0031093047000467777,
    "AVERAGE_TIME_USED": 0.009773879311978817,
    "SUPPLIES_USED": 0.17178216576576233,
    "SEVEREST_SEVERITY": 8.519296534359455e-05,
    "WEIGHTED_RESOURCE_SCORE": 0.00038747748476453125,
    "SMOL_MEDICAL_SOUNDNESS": 0.2772723138332367,
    "treatment": 0.0007948355632834136
}