{
    "age": 0.026804741472005844,
    "tagged": 0.3827979266643524,
    "breathing": 0.011600635945796967,
    "avpu": 0.0030504653695970774,
    "unvisited_count": 0.04451597109436989,
    "environment_type": 0.024118460714817047,
    "category": 0.016270138323307037,
    "HRA Strategy.time-resources.take-the-best": 0.018967418000102043,
    "One-Bounce Priority": 0.019251162186264992,
    "pPain": 0.007047230843454599,
    "pInternalBleeding": 0.0843321904540062,
    "entropy": 0.011187709867954254,
    "SEVERITY": 0.011974654160439968,
    "SUPPLIES_REMAINING": 0.0033058912958949804,
    "AVERAGE_TIME_USED": 0.16336533427238464,
    "DAMAGE_PER_SECOND": 0.037050727754831314,
    "MEDSIM_P_DEATH": 0.002543735783547163,
    "MEDSIM_P_DEATH_ONE_MIN_LATER": 0.009201406501233578,
    "WEIGHTED_RESOURCE_SCORE": 0.050809673964977264,
    "SMOL_MEDICAL_SOUNDNESS": 0.01659543626010418,
    "treatment": 0.055209070444107056
}