{
    "tagged": 0.04199432581663132,
    "questioning": 0.3656812012195587,
    "assessing": 0.35318800806999207,
    "treating": 0.023123446851968765,
    "tagging": 0.10010123997926712,
    "One-Bounce Priority": 0.060642194002866745,
    "treatment": 0.05526958778500557
}