{
    "questioning": 0.35652682185173035,
    "assessing": 0.2783958315849304,
    "leaving": 0.2259303778409958,
    "One-Bounce Priority": 0.1391470581293106
}