{
    "treating": 0.6546807885169983,
    "HRA Strategy.time-resources.take-the-best": 0.030784327536821365,
    "HRA Strategy.resources-system.take-the-best": 0.07342006266117096,
    "Take-The-Best Priority": 0.2250906527042389,
    "Satisfactory Priority": 0.014267193153500557,
    "AVERAGE_TIME_USED": 0.0017570113996043801
}