age,tagged,visited,relationship,conscious,breathing,hrpmin,avpu,unvisited_count,injured_count,environment_type,questioning,assessing,tagging,leaving,HRA Strategy.time-resources.take-the-best,HRA Strategy.time-risk_reward_ratio.take-the-best,HRA Strategy.time-system.exhaustive,HRA Strategy.time-system.one-bounce,HRA Strategy.resources-system.take-the-best,HRA Strategy.resources-system.exhaustive,HRA Strategy.time-risk_reward_ratio-system.one-bounce,HRA Strategy.resources-risk_reward_ratio-system.exhaustive,One-Bounce Priority,pDeath,pPain,pBrainInjury,pAirwayBlocked,pInternalBleeding,pExternalBleeding,entropy,entropyDeath,SEVERITY,SUPPLIES_REMAINING,AVERAGE_TIME_USED,DAMAGE_PER_SECOND,MEDSIM_P_DEATH,MEDSIM_P_DEATH_ONE_MIN_LATER,SEVERITY_CHANGE,SEVEREST_SEVERITY,SEVEREST_SEVERITY_CHANGE,WEIGHTED_RESOURCE_SCORE,SMOL_MEDICAL_SOUNDNESS,INFORMATION_GAINED,treatment,category
0.13708072900772095,0.0640290156006813,0.005786104127764702,0.08466897904872894,0.0010391655378043652,0.0188920721411705,0.0027132052928209305,0.006071065086871386,0.003856727620586753,0.027247684076428413,0.003994781989604235,0.09055560827255249,0.17804062366485596,0.06981934607028961,0.11654385924339294,0.0024029577616602182,0.0017308879178017378,0.0013706529280170798,0.0009854193776845932,0.0009128404199145734,0.002413660753518343,0.0007753936224617064,0.0001938287023222074,0.0018126812065020204,0.00934288464486599,0.013015653938055038,0.005677420645952225,0.010255856439471245,0.00498038437217474,0.011704660020768642,0.01259643118828535,0.009070245549082756,0.002525460673496127,0.01800306886434555,0.004150914028286934,0.0014007552526891232,0.008984601125121117,0.002895565703511238,0.0011300576152279973,0.0011245193891227245,0.0015752792824059725,0.0008630855591036379,0.0018773393239825964,0.0008590865763835609,0.04083837941288948,0.01419098675251007
