{
    "age": 0.13708072900772095,
    "tagged": 0.0640290156006813,
    "visited": 0.005786104127764702,
    "relationship": 0.08466897904872894,
    "conscious": 0.0010391655378043652,
    "breathing": 0.0188920721411705,
    "hrpmin": 0.0027132052928209305,
    "avpu": 0.006071065086871386,
    "unvisited_count": 0.003856727620586753,
    "injured_count": 0.027247684076428413,
    "environment_type": 0.003994781989604235,
    "questioning": 0.09055560827255249,
    "assessing": 0.17804062366485596,
    "tagging": 0.06981934607028961,
    "leaving": 0.11654385924339294,
    "HRA Strategy.time-resources.take-the-best": 0.0024029577616602182,
    "HRA Strategy.time-risk_reward_ratio.take-the-best": 0.0017308879178017378,
    "HRA Strategy.time-system.exhaustive": 0.0013706529280170798,
    "HRA Strategy.time-system.one-bounce": 0.0009854193776845932,
    "HRA Strategy.resources-system.take-the-best": 0.0009128404199145734,
    "HRA Strategy.resources-system.exhaustive": 0.002413660753518343,
    "HRA Strategy.time-risk_reward_ratio-system.one-bounce": 0.0007753936224617064,
    "HRA Strategy.resources-risk_reward_ratio-system.exhaustive": 0.0001938287023222074,
    "One-Bounce Priority": 0.0018126812065020204,
    "pDeath": 0.00934288464486599,
    "pPain": 0.013015653938055038,
    "pBrainInjury": 0.005677420645952225,
    "pAirwayBlocked": 0.010255856439471245,
    "pInternalBleeding": 0.00498038437217474,
    "pExternalBleeding": 0.011704660020768642,
    "entropy": 0.01259643118828535,
    "entropyDeath": 0.009070245549082756,
    "SEVERITY": 0.002525460673496127,
    "SUPPLIES_REMAINING": 0.01800306886434555,
    "AVERAGE_TIME_USED": 0.004150914028286934,
    "DAMAGE_PER_SECOND": 0.0014007552526891232,
    "MEDSIM_P_DEATH": 0.008984601125121117,
    "MEDSIM_P_DEATH_ONE_MIN_LATER": 0.002895565703511238,
    "SEVERITY_CHANGE": 0.0011300576152279973,
    "SEVEREST_SEVERITY": 0.0011245193891227245,
    "SEVEREST_SEVERITY_CHANGE": 0.0015752792824059725,
    "WEIGHTED_RESOURCE_SCORE": 0.0008630855591036379,
    "SMOL_MEDICAL_SOUNDNESS": 0.0018773393239825964,
    "INFORMATION_GAINED": 0.0008590865763835609,
    "treatment": 0.04083837941288948,
    "category": 0.01419098675251007
}