{
    "intent": 0.5419762134552002,
    "treating": 0.4519195258617401,
    "treatment": 0.0015762313269078732,
    "SEVERITY": 0.0008900671964511275,
    "DAMAGE_PER_SECOND": 0.002359621459618211,
    "SEVERITY_CHANGE": 0.0012783458223566413
}