{
    "tagged": 0.006859601009637117,
    "directness_of_causality": 0.22959397733211517,
    "treating": 0.4227977991104126,
    "treatment": 0.001848840620368719,
    "HRA Strategy.time-resources.take-the-best": 0.3056395351886749,
    "HRA Strategy.time-resources-system.one-bounce": 0.009574408642947674,
    "Satisfactory Priority": 0.0017315660370513797,
    "pBrainInjury": 0.016695905476808548,
    "SEVERITY": 0.00014989283226896077,
    "AVERAGE_TIME_USED": 0.0008892613695934415,
    "DAMAGE_PER_SECOND": 0.0009459672146476805,
    "SEVERITY_CHANGE": 0.00014227342035155743,
    "SEVEREST_SEVERITY": 7.762260793242604e-06,
    "WEIGHTED_RESOURCE_SCORE": 0.0031231476459652185
}