{
    "age": 0.09485351294279099,
    "tagged": 0.04145745933055878,
    "questioning": 0.4265173375606537,
    "tagging": 0.19414587318897247,
    "category": 0.2158992737531662,
    "DAMAGE_PER_SECOND": 0.027126645669341087
}