{
    "intent": 0.423488050699234,
    "treating": 0.4548300504684448,
    "SMOL_MEDICAL_SOUNDNESS": 0.12168185412883759
}