{
    "age": 0.012325158342719078,
    "conscious": 0.06165815517306328,
    "breathing": 0.02130703814327717,
    "avpu": 0.011269229464232922,
    "environment_type": 0.11856736987829208,
    "assessing": 0.22708548605442047,
    "tagging": 0.20992912352085114,
    "category": 0.028653956949710846,
    "Satisfactory Priority": 0.015346028842031956,
    "pPain": 0.02917078696191311,
    "pInternalBleeding": 0.02155502699315548,
    "entropy": 0.02983611635863781,
    "entropyDeath": 0.024107299745082855,
    "SEVERITY": 0.02317495085299015,
    "AVERAGE_TIME_USED": 0.048913098871707916,
    "DAMAGE_PER_SECOND": 0.004214765504002571,
    "MEDSIM_P_DEATH": 0.050289034843444824,
    "WEIGHTED_RESOURCE_SCORE": 0.03145964816212654,
    "treatment": 0.031137723475694656
}