{
    "age": 0.003801503451541066,
    "tagged": 0.014089120551943779,
    "visited": 0.005536120384931564,
    "breathing": 0.005963826552033424,
    "unvisited_count": 0.0058959596790373325,
    "injured_count": 0.013218843378126621,
    "questioning": 0.09462382644414902,
    "assessing": 0.1173705905675888,
    "tagging": 0.1093737781047821,
    "leaving": 0.5327808260917664,
    "HRA Strategy.time-resources.take-the-best": 0.0035917875356972218,
    "Satisfactory Priority": 0.003315939335152507,
    "One-Bounce Priority": 0.017693309113383293,
    "pPain": 0.003507660236209631,
    "pExternalBleeding": 0.007394150830805302,
    "entropy": 0.002640694612637162,
    "entropyDeath": 0.003974058199673891,
    "SEVERITY": 0.003926828037947416,
    "MEDSIM_P_DEATH": 0.008727253414690495,
    "WEIGHTED_RESOURCE_SCORE": 0.006085806991904974,
    "INFORMATION_GAINED": 0.007437103893607855,
    "treatment": 0.02308608591556549,
    "category": 0.005964930169284344
}