{
    "age": 0.005492806900292635,
    "tagged": 0.019404252991080284,
    "breathing": 0.003570147790014744,
    "hrpmin": 0.004137429408729076,
    "unvisited_count": 0.010439957492053509,
    "injured_count": 0.014340750873088837,
    "questioning": 0.16051220893859863,
    "assessing": 0.148706316947937,
    "tagging": 0.17340995371341705,
    "leaving": 0.3302661180496216,
    "HRA Strategy.time-resources.take-the-best": 0.002084131585434079,
    "Satisfactory Priority": 0.004391157068312168,
    "One-Bounce Priority": 0.02283763326704502,
    "pDeath": 0.001788661815226078,
    "pPain": 0.0037122268695384264,
    "pBrainInjury": 0.0027571425307542086,
    "pAirwayBlocked": 0.014634947292506695,
    "pInternalBleeding": 0.007209375035017729,
    "pExternalBleeding": 0.007809372153133154,
    "entropy": 0.006752279587090015,
    "entropyDeath": 0.0025741977151483297,
    "AVERAGE_TIME_USED": 0.006674306932836771,
    "MEDSIM_P_DEATH": 0.00502610020339489,
    "SMOL_MEDICAL_SOUNDNESS": 0.0035997536033391953,
    "INFORMATION_GAINED": 0.004125647712498903,
    "treatment": 0.025979332625865936,
    "category": 0.007763880304992199
}