{
    "tagged": 0.029580971226096153,
    "hrpmin": 0.0075938282534480095,
    "unvisited_count": 0.006962409242987633,
    "environment_type": 0.004186009988188744,
    "questioning": 0.2326701283454895,
    "assessing": 0.2021414190530777,
    "tagging": 0.13813067972660065,
    "leaving": 0.26217830181121826,
    "One-Bounce Priority": 0.029512006789445877,
    "pPain": 0.0041658272966742516,
    "pExternalBleeding": 0.010266557335853577,
    "entropy": 0.004050000105053186,
    "AVERAGE_TIME_USED": 0.01297155860811472,
    "MEDSIM_P_DEATH": 0.0053608897142112255,
    "treatment": 0.04066866636276245,
    "category": 0.009560760110616684
}