{
    "tagged": 0.0015842352295294404,
    "breathing": 0.0137764448300004,
    "avpu": 0.00032295737764798105,
    "intent": 0.027304887771606445,
    "directness_of_causality": 0.1642698049545288,
    "aid_available": 0.1514071375131607,
    "treating": 0.3768092691898346,
    "HRA Strategy.risk_reward_ratio-system.one-bounce": 0.002489685546606779,
    "HRA Strategy.time-resources-risk_reward_ratio-system.one-bounce": 0.000525916286278516,
    "Take-The-Best Priority": 0.0002151501103071496,
    "Satisfactory Priority": 0.0023450113367289305,
    "SEVERITY": 0.0002950853086076677,
    "SUPPLIES_REMAINING": 0.03313480317592621,
    "AVERAGE_TIME_USED": 0.004741317592561245,
    "DAMAGE_PER_SECOND": 0.0001921518996823579,
    "SEVERITY_CHANGE": 0.0003557649324648082,
    "SUPPLIES_USED": 0.20965033769607544,
    "SEVEREST_SEVERITY_CHANGE": 0.0008344615926034749,
    "WEIGHTED_RESOURCE_SCORE": 0.0013811459066346288,
    "treatment": 0.00836440920829773
}