{
    "tagged": 0.026816759258508682,
    "unvisited_count": 0.013781692832708359,
    "questioning": 0.17783944308757782,
    "assessing": 0.25226888060569763,
    "tagging": 0.15992394089698792,
    "leaving": 0.16829869151115417,
    "treatment": 0.04664743319153786,
    "One-Bounce Priority": 0.07638513296842575,
    "pPain": 0.011378571391105652,
    "INFORMATION_GAINED": 0.044418949633836746,
    "category": 0.02224055491387844
}