{
    "tagged": 0.1291174441576004,
    "category": 0.04600601643323898,
    "pBrainInjury": 0.10929901152849197,
    "SEVERITY": 0.054344065487384796,
    "AVERAGE_TIME_USED": 0.19508178532123566,
    "DAMAGE_PER_SECOND": 0.27621206641197205,
    "MEDSIM_P_DEATH_ONE_MIN_LATER": 0.1341577023267746,
    "treatment": 0.05578192323446274
}