{
    "breathing": 0.03737833723425865,
    "intent": 0.22700753808021545,
    "directness_of_causality": 0.05704635754227638,
    "injured_count": 0.1624966263771057,
    "treating": 0.5160711407661438
}