{
    "tagged": 3.911972453352064e-05,
    "visited": 8.193394023692235e-06,
    "conscious": 0.0007753697573207319,
    "breathing": 0.016176054254174232,
    "intent": 0.0991775169968605,
    "directness_of_causality": 0.13797198235988617,
    "aid_available": 0.10119178891181946,
    "treating": 0.1996067762374878,
    "HRA Strategy.risk_reward_ratio-system.one-bounce": 0.0015984042547643185,
    "HRA Strategy.resources-risk_reward_ratio-system.one-bounce": 0.0012029745848849416,
    "HRA Strategy.time-resources-risk_reward_ratio-system.one-bounce": 0.0003189906128682196,
    "Take-The-Best Priority": 0.0011271286057308316,
    "pPain": 8.904341666493565e-05,
    "pBrainInjury": 3.161539643770084e-05,
    "pAirwayBlocked": 0.00023806201352272183,
    "entropy": 5.7908473536372185e-05,
    "entropyDeath": 3.51948692696169e-05,
    "SEVERITY": 0.01892669126391411,
    "SUPPLIES_REMAINING": 0.0017470663879066706,
    "AVERAGE_TIME_USED": 0.0676853135228157,
    "DAMAGE_PER_SECOND": 0.0003010611981153488,
    "MEDSIM_P_DEATH": 0.0008363023516722023,
    "SEVERITY_CHANGE": 0.0002100073324982077,
    "SUPPLIES_USED": 0.12401846051216125,
    "SEVEREST_SEVERITY": 0.00022961400100030005,
    "SEVEREST_SEVERITY_CHANGE": 0.038833048194646835,
    "WEIGHTED_RESOURCE_SCORE": 0.0002925443113781512,
    "SMOL_MEDICAL_SOUNDNESS": 0.11577445268630981,
    "treatment": 0.07149934023618698
}