{
    "mental_status": 0.0009150792611762881,
    "intent": 0.1308845430612564,
    "directness_of_causality": 0.12300796806812286,
    "aid_available": 0.12652939558029175,
    "treating": 0.21010982990264893,
    "HRA Strategy.resources-risk_reward_ratio-system.one-bounce": 0.00045735869207419455,
    "Take-The-Best Priority": 0.0010424229549244046,
    "pAirwayBlocked": 0.00048218455049209297,
    "SEVERITY": 0.029011253267526627,
    "SUPPLIES_REMAINING": 0.0007085136603564024,
    "AVERAGE_TIME_USED": 0.0043318867683410645,
    "DAMAGE_PER_SECOND": 0.006969017907977104,
    "SUPPLIES_USED": 0.21288493275642395,
    "SMOL_MEDICAL_SOUNDNESS": 0.15266558527946472
}