{
    "tagged": 0.009361477568745613,
    "mental_status": 0.011028116568922997,
    "breathing": 0.0013661826960742474,
    "intent": 0.0074306754395365715,
    "directness_of_causality": 0.06965089589357376,
    "others_tagged_or_uninjured": 0.09135402739048004,
    "aid_available": 0.10740777105093002,
    "treating": 0.10387592017650604,
    "HRA Strategy.time-risk_reward_ratio.one-bounce": 0.008368232287466526,
    "HRA Strategy.resources-system.take-the-best": 0.03375041112303734,
    "Take-The-Best Priority": 0.00391922052949667,
    "pDeath": 0.0036140524316579103,
    "pPain": 0.006641296204179525,
    "pInternalBleeding": 0.02394212782382965,
    "SEVERITY": 0.003427688265219331,
    "AVERAGE_TIME_USED": 0.005461566615849733,
    "DAMAGE_PER_SECOND": 0.022333264350891113,
    "MEDSIM_P_DEATH": 0.1689000278711319,
    "SUPPLIES_USED": 0.18601052463054657,
    "WEIGHTED_RESOURCE_SCORE": 0.00773009704425931,
    "SMOL_MEDICAL_SOUNDNESS": 0.11569036543369293,
    "treatment": 0.008736100047826767
}