{
    "tagged": 0.07630721479654312,
    "mental_status": 0.027235057204961777,
    "intent": 0.12144051492214203,
    "directness_of_causality": 0.09315616637468338,
    "treating": 0.1471492201089859,
    "pInternalBleeding": 0.026398269459605217,
    "SEVERITY": 0.06526196002960205,
    "AVERAGE_TIME_USED": 0.16844236850738525,
    "SMOL_MEDICAL_SOUNDNESS": 0.27460920810699463
}