{
    "questioning": 0.48569750785827637,
    "tagging": 0.5143024921417236
}