{
    "questioning": 0.3165764808654785,
    "assessing": 0.4783400893211365,
    "tagging": 0.05129724740982056,
    "One-Bounce Priority": 0.05431262031197548,
    "INFORMATION_GAINED": 0.05660846829414368,
    "treatment": 0.04286503419280052
}