{
    "tagged": 2.288735777256079e-05,
    "visited": 0.00015008581976871938,
    "mental_status": 0.07775656878948212,
    "breathing": 0.19020770490169525,
    "hrpmin": 2.5391782401129603e-05,
    "directness_of_causality": 0.20233210921287537,
    "aid_available": 0.030960025265812874,
    "treating": 0.33102479577064514,
    "HRA Strategy.risk_reward_ratio-system.one-bounce": 0.004412026144564152,
    "HRA Strategy.resources-risk_reward_ratio-system.one-bounce": 0.0033916467800736427,
    "pDeath": 7.894979353295639e-05,
    "pPain": 0.00010047180694527924,
    "pAirwayBlocked": 0.00033856253139674664,
    "entropy": 0.0002848764415830374,
    "entropyDeath": 0.0001227392494911328,
    "SEVERITY": 0.02539755590260029,
    "AVERAGE_TIME_USED": 0.02349533885717392,
    "DAMAGE_PER_SECOND": 2.4801907784421928e-05,
    "SEVERITY_CHANGE": 0.00014484596613328904,
    "SUPPLIES_USED": 0.08046642690896988,
    "SEVEREST_SEVERITY": 0.02815420553088188,
    "SEVEREST_SEVERITY_CHANGE": 0.00015092948160599917,
    "WEIGHTED_RESOURCE_SCORE": 8.250425889855251e-05,
    "treatment": 0.0008745393133722246
}