{
    "intent": 0.024637486785650253,
    "directness_of_causality": 0.22050327062606812,
    "aid_available": 0.19861024618148804,
    "treating": 0.30548739433288574,
    "Satisfactory Priority": 0.0002716496819630265,
    "pBrainInjury": 0.00042710406705737114,
    "SUPPLIES_REMAINING": 0.0009690509759820998,
    "SUPPLIES_USED": 0.24810409545898438,
    "WEIGHTED_RESOURCE_SCORE": 0.0009896662086248398
}