{
    "tagged": 0.02049310691654682,
    "intent": 0.11067309975624084,
    "directness_of_causality": 0.06333884596824646,
    "treating": 0.22112934291362762,
    "SEVERITY": 0.020872054621577263,
    "AVERAGE_TIME_USED": 0.04369249939918518,
    "SUPPLIES_USED": 0.14349694550037384,
    "SMOL_MEDICAL_SOUNDNESS": 0.2697763741016388,
    "treatment": 0.10652774572372437
}