{
    "tagged": 0.023177342489361763,
    "conscious": 0.026226898655295372,
    "breathing": 0.012149081565439701,
    "hrpmin": 0.0016912015853449702,
    "intent": 0.29116639494895935,
    "directness_of_causality": 0.0568922758102417,
    "aid_available": 0.0019492573337629437,
    "questioning": 0.008292607963085175,
    "treating": 0.0927128717303276,
    "HRA Strategy.time-resources.take-the-best": 0.022301293909549713,
    "HRA Strategy.time-resources.one-bounce": 0.00047277644625864923,
    "HRA Strategy.time-risk_reward_ratio.one-bounce": 0.0022073567379266024,
    "HRA Strategy.time-system.one-bounce": 0.0007861586636863649,
    "HRA Strategy.resources-system.take-the-best": 0.028534792363643646,
    "HRA Strategy.risk_reward_ratio-system.one-bounce": 0.0027885676827281713,
    "HRA Strategy.time-resources-system.exhaustive": 0.004195277113467455,
    "HRA Strategy.time-resources-system.one-bounce": 0.00209574936889112,
    "HRA Strategy.time-resources-risk_reward_ratio-system.one-bounce": 0.0005933259963057935,
    "Take-The-Best Priority": 0.0025763772428035736,
    "Satisfactory Priority": 0.0013699375558644533,
    "pDeath": 0.0004931365256197751,
    "pInternalBleeding": 0.001150921336375177,
    "entropyDeath": 0.004030507989227772,
    "SEVERITY": 0.03634214773774147,
    "AVERAGE_TIME_USED": 0.02941046841442585,
    "SEVERITY_CHANGE": 0.007383430376648903,
    "SUPPLIES_USED": 0.09301412105560303,
    "WEIGHTED_RESOURCE_SCORE": 0.0015973375411704183,
    "SMOL_MEDICAL_SOUNDNESS": 0.11981985718011856,
    "treatment": 0.12247220426797867,
    "category": 0.0021062418818473816
}