{
    "intent": 0.1336585134267807,
    "treating": 0.8663414716720581
}