{
    "age": 0.006446787156164646,
    "tagged": 0.02763686142861843,
    "breathing": 0.0066555216908454895,
    "hrpmin": 0.020831920206546783,
    "unvisited_count": 0.01031248178333044,
    "injured_count": 0.016832435503602028,
    "questioning": 0.1328185349702835,
    "assessing": 0.2132549285888672,
    "tagging": 0.13110539317131042,
    "leaving": 0.29609963297843933,
    "category": 0.009227101691067219,
    "One-Bounce Priority": 0.01780337654054165,
    "pInternalBleeding": 0.007731784600764513,
    "entropy": 0.006914348807185888,
    "entropyDeath": 0.010084392502903938,
    "MEDSIM_P_DEATH": 0.011610731482505798,
    "WEIGHTED_RESOURCE_SCORE": 0.013210766948759556,
    "INFORMATION_GAINED": 0.028676573187112808,
    "treatment": 0.032746415585279465
}