{
    "visited": 0.0003315723151899874,
    "intent": 0.26265937089920044,
    "directness_of_causality": 0.34706297516822815,
    "injured_count": 0.010669180192053318,
    "treating": 0.3471355736255646,
    "HRA Strategy.time-resources.one-bounce": 0.00024482698063366115,
    "HRA Strategy.resources-system.take-the-best": 0.0026889562141150236,
    "HRA Strategy.time-resources-system.one-bounce": 0.0016921608475968242,
    "Satisfactory Priority": 0.00012342300033196807,
    "pDeath": 0.0003269966982770711,
    "pBrainInjury": 0.01661617122590542,
    "pAirwayBlocked": 1.5175462067418266e-05,
    "entropyDeath": 5.320068885339424e-05,
    "SEVERITY": 0.0011038507800549269,
    "AVERAGE_TIME_USED": 0.0027899621054530144,
    "DAMAGE_PER_SECOND": 0.003497247351333499,
    "SEVERITY_CHANGE": 0.0004625490983016789,
    "SEVEREST_SEVERITY_CHANGE": 0.001214173506014049,
    "WEIGHTED_RESOURCE_SCORE": 0.0011060726828873158,
    "treatment": 0.00020658824359998107
}