{
    "others_tagged_or_uninjured": 0.15262477099895477,
    "aid_available": 0.08847109228372574,
    "treating": 0.09486915916204453,
    "Take-The-Best Priority": 0.029445096850395203,
    "Satisfactory Priority": 0.0008171222871169448,
    "SEVERITY": 0.019970836117863655,
    "SUPPLIES_REMAINING": 0.003883486380800605,
    "AVERAGE_TIME_USED": 0.0698210820555687,
    "MEDSIM_P_DEATH": 0.0010307012125849724,
    "SUPPLIES_USED": 0.0062607103027403355,
    "SEVEREST_SEVERITY": 0.0036558795254677534,
    "WEIGHTED_RESOURCE_SCORE": 0.004258054308593273,
    "SMOL_MEDICAL_SOUNDNESS": 0.05696461349725723,
    "HRA Strategy.time-system.satisfactory": 0.008352038450539112,
    "HRA Strategy.time-resources-risk_reward_ratio.one-bounce": 0.1233939379453659,
    "HRA Strategy.resources-system.one-bounce": 0.0032160950358957052,
    "mental_status": 0.0013677084352821112,
    "HRA Strategy.resources-system.exhaustive": 0.004749685991555452,
    "HRA Strategy.time-resources-system.one-bounce": 0.0199633426964283,
    "pExternalBleeding": 0.014069072902202606,
    "pDeath": 0.009128530509769917,
    "HRA Strategy.risk_reward_ratio-system.one-bounce": 0.0043154819868505,
    "HRA Strategy.time-resources-risk_reward_ratio-system.one-bounce": 0.0010450327536091208,
    "tagged": 0.0004841146874241531,
    "pPain": 0.000271523924311623,
    "pInternalBleeding": 0.001361907459795475,
    "breathing": 0.0005729417316615582,
    "entropyDeath": 0.0004616592777892947,
    "directness_of_causality": 0.11600634455680847,
    "hrpmin": 0.00038177098031155765,
    "treatment": 0.15878626704216003
}