{
    "conscious": 0.005910009611397982,
    "mental_status": 0.001002580625936389,
    "breathing": 0.0011096649104729295,
    "intent": 0.126252681016922,
    "directness_of_causality": 0.06531165540218353,
    "aid_available": 0.06536611914634705,
    "treating": 0.10294179618358612,
    "HRA Strategy.time-resources.take-the-best": 6.961325561860576e-05,
    "HRA Strategy.time-risk_reward_ratio.take-the-best": 0.0002957857504952699,
    "HRA Strategy.resources-system.take-the-best": 0.00010480296623427421,
    "HRA Strategy.risk_reward_ratio-system.one-bounce": 0.000991577748209238,
    "HRA Strategy.resources-risk_reward_ratio-system.one-bounce": 0.0005929484614171088,
    "HRA Strategy.time-resources-risk_reward_ratio-system.one-bounce": 0.0001393302227370441,
    "Take-The-Best Priority": 0.00060299999313429,
    "pDeath": 2.5551045837346464e-05,
    "pBrainInjury": 1.4833813111181371e-05,
    "pAirwayBlocked": 0.00016399603919126093,
    "pExternalBleeding": 4.882869325228967e-05,
    "SEVERITY": 0.017658432945609093,
    "SUPPLIES_REMAINING": 0.0004230146005284041,
    "AVERAGE_TIME_USED": 0.012917730025947094,
    "DAMAGE_PER_SECOND": 0.0009194843005388975,
    "MEDSIM_P_DEATH_ONE_MIN_LATER": 0.3703185021877289,
    "SEVERITY_CHANGE": 4.8686008085496724e-05,
    "SUPPLIES_USED": 0.11147567629814148,
    "SEVEREST_SEVERITY": 3.366343298694119e-05,
    "SEVEREST_SEVERITY_CHANGE": 0.0004000202170573175,
    "WEIGHTED_RESOURCE_SCORE": 5.5591794080100954e-05,
    "SMOL_MEDICAL_SOUNDNESS": 0.1116848811507225,
    "treatment": 0.0031195685733109713
}