{
    "intent": 0.023370157927274704,
    "directness_of_causality": 0.22091355919837952,
    "aid_available": 0.18935911357402802,
    "treating": 0.2975706458091736,
    "AVERAGE_TIME_USED": 0.006082269828766584,
    "SUPPLIES_USED": 0.2627042531967163
}