{
    "tagged": 0.018181346356868744,
    "breathing": 0.02108805626630783,
    "intent": 0.019066382199525833,
    "directness_of_causality": 0.06319421529769897,
    "injured_count": 0.2704635560512543,
    "aid_available": 0.07328592985868454,
    "treating": 0.1567281186580658,
    "HRA Strategy.time-risk_reward_ratio.one-bounce": 0.012372182682156563,
    "HRA Strategy.resources-risk_reward_ratio.one-bounce": 0.004372144117951393,
    "HRA Strategy.resources-system.take-the-best": 0.02873701974749565,
    "pPain": 0.0018752511823549867,
    "pAirwayBlocked": 0.0011310228146612644,
    "entropy": 0.017009275034070015,
    "SEVERITY": 0.04283057525753975,
    "SUPPLIES_REMAINING": 0.0027005444280803204,
    "AVERAGE_TIME_USED": 0.020013123750686646,
    "SUPPLIES_USED": 0.1269022673368454,
    "WEIGHTED_RESOURCE_SCORE": 0.007484255824238062,
    "SMOL_MEDICAL_SOUNDNESS": 0.11256473511457443
}