{
    "questioning": 0.47117868065834045,
    "assessing": 0.5288213491439819
}