intent,directness_of_causality,aid_available,treating,HRA Strategy.time-risk_reward_ratio.one-bounce,HRA Strategy.risk_reward_ratio-system.one-bounce,HRA Strategy.time-resources-risk_reward_ratio-system.one-bounce,Take-The-Best Priority,Satisfactory Priority,entropyDeath,SEVERITY,SUPPLIES_REMAINING,AVERAGE_TIME_USED,SUPPLIES_USED,SMOL_MEDICAL_SOUNDNESS,treatment
0.034425511956214905,0.18375813961029053,0.17781375348567963,0.2877557575702667,0.0006616667960770428,0.0012195641174912453,0.0004475716268643737,0.000504402385558933,0.0004287696210667491,0.0006784407887607813,0.00025644947891123593,0.1072898730635643,0.0067281960509717464,0.197350412607193,0.00033425859874114394,0.00034723104909062386
