{
    "intent": 0.034425511956214905,
    "directness_of_causality": 0.18375813961029053,
    "aid_available": 0.17781375348567963,
    "treating": 0.2877557575702667,
    "HRA Strategy.time-risk_reward_ratio.one-bounce": 0.0006616667960770428,
    "HRA Strategy.risk_reward_ratio-system.one-bounce": 0.0012195641174912453,
    "HRA Strategy.time-resources-risk_reward_ratio-system.one-bounce": 0.0004475716268643737,
    "Take-The-Best Priority": 0.000504402385558933,
    "Satisfactory Priority": 0.0004287696210667491,
    "entropyDeath": 0.0006784407887607813,
    "SEVERITY": 0.00025644947891123593,
    "SUPPLIES_REMAINING": 0.1072898730635643,
    "AVERAGE_TIME_USED": 0.0067281960509717464,
    "SUPPLIES_USED": 0.197350412607193,
    "SMOL_MEDICAL_SOUNDNESS": 0.00033425859874114394,
    "treatment": 0.00034723104909062386
}