{
    "tagged": 0.026107944548130035,
    "breathing": 0.02982579544186592,
    "intent": 0.15120983123779297,
    "directness_of_causality": 0.04244820401072502,
    "injured_count": 0.3275272846221924,
    "aid_available": 0.014171931892633438,
    "assessing": 0.012342198751866817,
    "treating": 0.22730883955955505,
    "pBrainInjury": 0.07934896647930145,
    "SEVERITY": 0.014881633222103119,
    "AVERAGE_TIME_USED": 0.011969312094151974,
    "SUPPLIES_USED": 0.06285803765058517
}