{
    "mental_status": 0.007091129664331675,
    "avpu": 8.182858437066898e-05,
    "intent": 0.03766847774386406,
    "directness_of_causality": 0.1926097869873047,
    "aid_available": 0.15126702189445496,
    "treating": 0.25353047251701355,
    "HRA Strategy.risk_reward_ratio-system.one-bounce": 0.0013363746693357825,
    "HRA Strategy.resources-risk_reward_ratio-system.one-bounce": 0.0012352035846561193,
    "HRA Strategy.time-resources-risk_reward_ratio-system.one-bounce": 0.0004132163885515183,
    "Take-The-Best Priority": 0.0016210344620049,
    "Satisfactory Priority": 0.0010128431022167206,
    "One-Bounce Priority": 0.0005485195433720946,
    "pDeath": 0.0003916450950782746,
    "pBrainInjury": 0.00021935910626780242,
    "pAirwayBlocked": 0.0003481987805571407,
    "pInternalBleeding": 0.00034833885729312897,
    "SEVERITY": 0.0019929097034037113,
    "SUPPLIES_REMAINING": 0.0014632968232035637,
    "AVERAGE_TIME_USED": 0.004221184179186821,
    "SUPPLIES_USED": 0.22064697742462158,
    "SEVEREST_SEVERITY_CHANGE": 0.00023677934950683266,
    "WEIGHTED_RESOURCE_SCORE": 0.0007048524566926062,
    "SMOL_MEDICAL_SOUNDNESS": 0.12015646696090698,
    "treatment": 0.0008541551069356501
}