{
    "questioning": 0.34189265966415405,
    "assessing": 0.3367985486984253,
    "tagging": 0.0964324027299881,
    "leaving": 0.13311082124710083,
    "One-Bounce Priority": 0.01620551384985447,
    "INFORMATION_GAINED": 0.03190714120864868,
    "treatment": 0.024439632892608643,
    "category": 0.019213290885090828
}