{
    "age": 0.0066385455429553986,
    "tagged": 0.03867596760392189,
    "visited": 0.002238520188257098,
    "breathing": 0.008269054815173149,
    "hrpmin": 0.0030243233777582645,
    "avpu": 0.0019276917446404696,
    "unvisited_count": 0.01039784587919712,
    "injured_count": 0.012789620086550713,
    "environment_type": 0.0012355628423392773,
    "questioning": 0.1443415731191635,
    "assessing": 0.18449510633945465,
    "tagging": 0.18496555089950562,
    "leaving": 0.21657991409301758,
    "HRA Strategy.time-resources.take-the-best": 0.0021339156664907932,
    "HRA Strategy.time-system.one-bounce": 0.0005970463389530778,
    "Satisfactory Priority": 0.005928895436227322,
    "One-Bounce Priority": 0.02415880747139454,
    "pDeath": 0.004787002690136433,
    "pPain": 0.004427600186318159,
    "pBrainInjury": 0.0029362444765865803,
    "pAirwayBlocked": 0.004699497018009424,
    "pInternalBleeding": 0.0057628876529634,
    "pExternalBleeding": 0.009398676455020905,
    "entropy": 0.009174718521535397,
    "entropyDeath": 0.007905982434749603,
    "SEVERITY": 0.002450199332088232,
    "AVERAGE_TIME_USED": 0.0031668092124164104,
    "DAMAGE_PER_SECOND": 0.0005959502886980772,
    "MEDSIM_P_DEATH": 0.027851849794387817,
    "MEDSIM_P_DEATH_ONE_MIN_LATER": 0.004022479988634586,
    "WEIGHTED_RESOURCE_SCORE": 0.0036698447074741125,
    "SMOL_MEDICAL_SOUNDNESS": 0.0012297090142965317,
    "INFORMATION_GAINED": 0.012658514082431793,
    "treatment": 0.039372075349092484,
    "category": 0.007492083590477705
}