{
    "directness_of_causality": 0.15739889442920685,
    "treating": 0.7614317536354065,
    "HRA Strategy.time-resources.take-the-best": 0.016641078516840935,
    "HRA Strategy.resources-system.take-the-best": 0.009725446812808514,
    "Take-The-Best Priority": 0.013488364405930042,
    "Satisfactory Priority": 0.041314370930194855
}