{
    "age": 0.07553315162658691,
    "tagged": 0.4579229950904846,
    "conscious": 0.2888629138469696,
    "pDeath": 0.09591622650623322,
    "treatment": 0.08176480233669281
}