{
    "age": 0.007483317516744137,
    "tagged": 0.01045797299593687,
    "conscious": 0.009692588821053505,
    "breathing": 0.015848694369196892,
    "hrpmin": 0.02153719775378704,
    "avpu": 0.019224988296628,
    "unvisited_count": 0.04138166457414627,
    "injured_count": 0.03248240798711777,
    "questioning": 0.3102956712245941,
    "assessing": 0.23514795303344727,
    "tagging": 0.17022249102592468,
    "category": 0.010066934861242771,
    "One-Bounce Priority": 0.03081507794559002,
    "entropy": 0.012484828941524029,
    "AVERAGE_TIME_USED": 0.021479375660419464,
    "treatment": 0.0513787642121315
}