{
    "age": 0.014491653069853783,
    "tagged": 0.05016324669122696,
    "breathing": 0.011960182338953018,
    "avpu": 0.009354859590530396,
    "unvisited_count": 0.008204543963074684,
    "injured_count": 0.01511039212346077,
    "environment_type": 0.006565414369106293,
    "questioning": 0.20031897723674774,
    "assessing": 0.23670394718647003,
    "treating": 0.021030202507972717,
    "tagging": 0.1523335725069046,
    "leaving": 0.14159783720970154,
    "Satisfactory Priority": 0.002485178876668215,
    "One-Bounce Priority": 0.01355899590998888,
    "pPain": 0.01012613344937563,
    "entropy": 0.00486605241894722,
    "entropyDeath": 0.011694842018187046,
    "AVERAGE_TIME_USED": 0.003800123231485486,
    "DAMAGE_PER_SECOND": 0.0048299222253263,
    "SEVEREST_SEVERITY": 0.010474713519215584,
    "treatment": 0.06143038347363472,
    "category": 0.008898789994418621
}