{
    "tagged": 0.02349737472832203,
    "injured_count": 0.027275938540697098,
    "questioning": 0.2233486771583557,
    "assessing": 0.3909826874732971,
    "tagging": 0.11951526999473572,
    "One-Bounce Priority": 0.06549522280693054,
    "pExternalBleeding": 0.011935655027627945,
    "AVERAGE_TIME_USED": 0.016012119129300117,
    "INFORMATION_GAINED": 0.05474703386425972,
    "treatment": 0.04206213355064392,
    "category": 0.025127852335572243
}