{
    "age": 0.01058091688901186,
    "tagged": 0.18717390298843384,
    "conscious": 0.052058421075344086,
    "breathing": 0.0315265990793705,
    "category": 0.10574545711278915,
    "One-Bounce Priority": 0.006914102006703615,
    "pBrainInjury": 0.2826199531555176,
    "entropyDeath": 0.012811782769858837,
    "SEVERITY": 0.023845424875617027,
    "AVERAGE_TIME_USED": 0.09100822359323502,
    "DAMAGE_PER_SECOND": 0.16031406819820404,
    "MEDSIM_P_DEATH_ONE_MIN_LATER": 0.017738869413733482,
    "treatment": 0.017662307247519493
}