{
    "mental_status": 7.147926226025447e-05,
    "avpu": 0.00014783743245061487,
    "intent": 0.04548836871981621,
    "directness_of_causality": 0.20654873549938202,
    "aid_available": 0.19312061369419098,
    "treating": 0.2793876826763153,
    "HRA Strategy.resources-system.take-the-best": 0.0010294661624357104,
    "HRA Strategy.risk_reward_ratio-system.one-bounce": 0.001624847063794732,
    "HRA Strategy.time-resources-risk_reward_ratio-system.one-bounce": 0.0005169652868062258,
    "Take-The-Best Priority": 0.00042309597483836114,
    "Satisfactory Priority": 0.0007923466037027538,
    "One-Bounce Priority": 0.0005630554514937103,
    "pPain": 8.51443110150285e-05,
    "pBrainInjury": 0.0031616738997399807,
    "pAirwayBlocked": 0.00018727270071394742,
    "pInternalBleeding": 0.0007666323217563331,
    "entropyDeath": 0.0005236314609646797,
    "SEVERITY": 0.0007564735715277493,
    "SUPPLIES_REMAINING": 0.0025574956089258194,
    "AVERAGE_TIME_USED": 0.011924955993890762,
    "SEVERITY_CHANGE": 0.00013846867659594864,
    "SUPPLIES_USED": 0.2488790899515152,
    "SEVEREST_SEVERITY": 7.473003643099219e-05,
    "WEIGHTED_RESOURCE_SCORE": 0.0005908726016059518,
    "treatment": 0.0006390400812961161
}