{
    "age": 0.005515707191079855,
    "tagged": 0.03043355420231819,
    "visited": 0.002386476844549179,
    "conscious": 0.0006459075957536697,
    "breathing": 0.006640112493187189,
    "hrpmin": 0.00207388773560524,
    "avpu": 0.002442054683342576,
    "unvisited_count": 0.013290079310536385,
    "injured_count": 0.014286980032920837,
    "environment_type": 0.0009199351770803332,
    "questioning": 0.17057682573795319,
    "assessing": 0.16495397686958313,
    "tagging": 0.20411358773708344,
    "leaving": 0.19414857029914856,
    "HRA Strategy.time-resources.take-the-best": 0.0024767874274402857,
    "HRA Strategy.time-system.one-bounce": 0.000982265337370336,
    "HRA Strategy.resources-system.take-the-best": 0.000778626068495214,
    "Satisfactory Priority": 0.005586141254752874,
    "One-Bounce Priority": 0.027717962861061096,
    "pDeath": 0.0029768464155495167,
    "pPain": 0.005116149317473173,
    "pBrainInjury": 0.0032578364480286837,
    "pAirwayBlocked": 0.004700102843344212,
    "pInternalBleeding": 0.004602855071425438,
    "pExternalBleeding": 0.00947287306189537,
    "entropy": 0.008456257171928883,
    "entropyDeath": 0.0068667130544781685,
    "SEVERITY": 0.00296797975897789,
    "AVERAGE_TIME_USED": 0.0044016530737280846,
    "DAMAGE_PER_SECOND": 0.0005532845971174538,
    "MEDSIM_P_DEATH": 0.007437577471137047,
    "MEDSIM_P_DEATH_ONE_MIN_LATER": 0.0022185135167092085,
    "SEVERITY_CHANGE": 0.0008421980892308056,
    "SEVEREST_SEVERITY": 0.003633011132478714,
    "WEIGHTED_RESOURCE_SCORE": 0.0020865972619503736,
    "INFORMATION_GAINED": 0.04225234314799309,
    "treatment": 0.03149430826306343,
    "category": 0.006693433504551649
}