{
    "tagged": 0.012245888821780682,
    "conscious": 0.0018435006495565176,
    "breathing": 0.028602801263332367,
    "intent": 0.1257430613040924,
    "directness_of_causality": 0.03062378242611885,
    "aid_available": 0.04026355594396591,
    "treating": 0.10561926662921906,
    "HRA Strategy.time-resources.take-the-best": 0.0005226253997534513,
    "HRA Strategy.resources-risk_reward_ratio.one-bounce": 0.0005330917774699628,
    "HRA Strategy.risk_reward_ratio-system.one-bounce": 0.000576069054659456,
    "HRA Strategy.resources-risk_reward_ratio-system.one-bounce": 0.0004898426122963428,
    "Take-The-Best Priority": 0.0007304946193471551,
    "pInternalBleeding": 0.013540320098400116,
    "pExternalBleeding": 0.008889569900929928,
    "entropyDeath": 0.002108115004375577,
    "SEVERITY": 0.009602602571249008,
    "SUPPLIES_REMAINING": 0.00640712957829237,
    "AVERAGE_TIME_USED": 0.01045235525816679,
    "MEDSIM_P_DEATH_ONE_MIN_LATER": 0.35570576786994934,
    "SUPPLIES_USED": 0.05552643910050392,
    "SEVEREST_SEVERITY": 0.001976231811568141,
    "SEVEREST_SEVERITY_CHANGE": 0.03961731120944023,
    "SMOL_MEDICAL_SOUNDNESS": 0.1478922814130783,
    "treatment": 0.00048787836567498744
}