{
    "conscious": 0.006554265972226858,
    "breathing": 0.026299284771084785,
    "intent": 0.015520813874900341,
    "directness_of_causality": 0.19654323160648346,
    "aid_available": 0.21586081385612488,
    "treating": 0.28829333186149597,
    "HRA Strategy.resources-risk_reward_ratio.one-bounce": 0.0050557381473481655,
    "SEVERITY": 0.026471300050616264,
    "SUPPLIES_USED": 0.19834540784358978,
    "SEVEREST_SEVERITY": 0.021055832505226135
}