{
    "intent": 0.12084031850099564,
    "directness_of_causality": 0.13391515612602234,
    "aid_available": 0.05578196048736572,
    "treating": 0.26856157183647156,
    "SUPPLIES_USED": 0.18742111325263977,
    "SMOL_MEDICAL_SOUNDNESS": 0.23347987234592438
}