conscious,intent,directness_of_causality,aid_available,treating,HRA Strategy.time-risk_reward_ratio.one-bounce,HRA Strategy.risk_reward_ratio-system.one-bounce,HRA Strategy.time-resources-risk_reward_ratio-system.one-bounce,Take-The-Best Priority,Satisfactory Priority,pBrainInjury,entropyDeath,SEVERITY,SUPPLIES_REMAINING,AVERAGE_TIME_USED,MEDSIM_P_DEATH,SUPPLIES_USED,SMOL_MEDICAL_SOUNDNESS,treatment
0.0012093795230612159,0.04396525025367737,0.18790453672409058,0.17719103395938873,0.28276658058166504,0.0006020960281603038,0.0011772861471399665,0.00044160481775179505,0.0005153423408046365,0.00045378043432720006,0.00022418871230911463,0.0005980575806461275,0.0003525023639667779,0.10135966539382935,0.0061329435557127,0.0003375168307684362,0.19389191269874573,0.0003284508129581809,0.0005478762905113399
