{
    "conscious": 0.0014349789125844836,
    "intent": 0.02950037457048893,
    "directness_of_causality": 0.2041969746351242,
    "aid_available": 0.1895921528339386,
    "treating": 0.2876470983028412,
    "HRA Strategy.time-risk_reward_ratio.one-bounce": 0.0008407233981415629,
    "HRA Strategy.resources-system.take-the-best": 0.0009558260207995772,
    "HRA Strategy.risk_reward_ratio-system.one-bounce": 0.0015629546251147985,
    "HRA Strategy.time-resources-system.one-bounce": 0.00025309310876764357,
    "HRA Strategy.time-resources-risk_reward_ratio-system.one-bounce": 0.00031961689819581807,
    "Take-The-Best Priority": 0.0005116665852256119,
    "Satisfactory Priority": 0.0007786707137711346,
    "pDeath": 0.00017095469229388982,
    "pBrainInjury": 0.0002516022068448365,
    "pAirwayBlocked": 0.00019908920512534678,
    "pInternalBleeding": 0.0004300474829506129,
    "entropyDeath": 0.0005222568288445473,
    "SEVERITY": 0.00026953520136885345,
    "SUPPLIES_REMAINING": 0.0012093436671420932,
    "AVERAGE_TIME_USED": 0.008844596333801746,
    "DAMAGE_PER_SECOND": 0.00018975921557284892,
    "MEDSIM_P_DEATH": 8.47607443574816e-05,
    "SUPPLIES_USED": 0.269468754529953,
    "WEIGHTED_RESOURCE_SCORE": 0.00018832302885130048,
    "treatment": 0.0005768561386503279
}