age,tagged,visited,relationship,conscious,breathing,hrpmin,avpu,unvisited_count,injured_count,environment_type,questioning,assessing,tagging,leaving,HRA Strategy.time-resources.take-the-best,HRA Strategy.time-risk_reward_ratio.take-the-best,HRA Strategy.time-risk_reward_ratio.one-bounce,HRA Strategy.time-system.exhaustive,HRA Strategy.time-system.tallying,HRA Strategy.time-system.one-bounce,HRA Strategy.resources-risk_reward_ratio.take-the-best,HRA Strategy.resources-system.take-the-best,HRA Strategy.resources-system.exhaustive,HRA Strategy.risk_reward_ratio-system.exhaustive,HRA Strategy.time-resources-system.exhaustive,HRA Strategy.time-risk_reward_ratio-system.one-bounce,HRA Strategy.resources-risk_reward_ratio-system.take-the-best,HRA Strategy.resources-risk_reward_ratio-system.exhaustive,HRA Strategy.resources-risk_reward_ratio-system.one-bounce,Satisfactory Priority,One-Bounce Priority,pDeath,pPain,pBrainInjury,pAirwayBlocked,pInternalBleeding,pExternalBleeding,entropy,entropyDeath,SEVERITY,SUPPLIES_REMAINING,AVERAGE_TIME_USED,DAMAGE_PER_SECOND,MEDSIM_P_DEATH,MEDSIM_P_DEATH_ONE_MIN_LATER,SEVERITY_CHANGE,SEVEREST_SEVERITY,SEVEREST_SEVERITY_CHANGE,WEIGHTED_RESOURCE_SCORE,SMOL_MEDICAL_SOUNDNESS,INFORMATION_GAINED,treatment,category
0.1372596025466919,0.06239696592092514,0.0041337162256240845,0.08244366198778152,0.0009635025635361671,0.020740561187267303,0.002020271960645914,0.005668078549206257,0.0037638272624462843,0.026525303721427917,0.0038051798474043608,0.08818498998880386,0.17339585721492767,0.0758209303021431,0.11348938196897507,0.002389288740232587,0.004183848854154348,0.00010927785478997976,0.0019256605301052332,0.0011959458934143186,0.0021764948032796383,0.0005313528818078339,0.0015766201540827751,0.004628512542694807,0.0002696485025808215,0.0003609638079069555,0.0017678218428045511,0.0005207849317230284,0.0003363985160831362,0.000139330280944705,0.00023341535415966064,0.0015060626901686192,0.009408433921635151,0.01423460990190506,0.005516467150300741,0.010287233628332615,0.005089572165161371,0.010614036582410336,0.012517917901277542,0.008441273123025894,0.0025094845332205296,0.017728295177221298,0.0037171845324337482,0.0014911399921402335,0.007349276915192604,0.0030563834588974714,0.0014782845973968506,0.001106891082599759,0.0015295364428311586,0.0012981041800230742,0.0013630089815706015,0.0008564361487515271,0.04233596473932266,0.013607188127934933
