{
    "intent": 0.024237215518951416,
    "directness_of_causality": 0.22222761809825897,
    "aid_available": 0.18949584662914276,
    "treating": 0.2897922396659851,
    "HRA Strategy.time-risk_reward_ratio.one-bounce": 0.0006837753462605178,
    "HRA Strategy.risk_reward_ratio-system.one-bounce": 0.0007751882658340037,
    "Satisfactory Priority": 0.0004840079345740378,
    "SUPPLIES_REMAINING": 0.0010141428792849183,
    "AVERAGE_TIME_USED": 0.006280580535531044,
    "SUPPLIES_USED": 0.2650093138217926
}