{
    "mental_status": 7.86769378464669e-05,
    "intent": 0.045725226402282715,
    "directness_of_causality": 0.1806907206773758,
    "aid_available": 0.16306768357753754,
    "treating": 0.22950580716133118,
    "HRA Strategy.time-risk_reward_ratio.one-bounce": 0.0011679005110636353,
    "HRA Strategy.risk_reward_ratio-system.one-bounce": 0.001059670583344996,
    "HRA Strategy.time-resources-risk_reward_ratio-system.one-bounce": 0.0004597421211656183,
    "Take-The-Best Priority": 0.00037376375985331833,
    "Satisfactory Priority": 0.0006328807212412357,
    "pBrainInjury": 0.000159399482072331,
    "pAirwayBlocked": 0.00019854420679621398,
    "pInternalBleeding": 0.00028749025659635663,
    "entropyDeath": 0.000340845639584586,
    "SEVERITY": 0.004671008326113224,
    "SUPPLIES_REMAINING": 0.0007780850282870233,
    "AVERAGE_TIME_USED": 0.011123471893370152,
    "DAMAGE_PER_SECOND": 0.0003150536213070154,
    "SEVERITY_CHANGE": 9.215699537890032e-05,
    "SUPPLIES_USED": 0.2057444453239441,
    "SEVEREST_SEVERITY_CHANGE": 0.00019791137310676277,
    "WEIGHTED_RESOURCE_SCORE": 0.0006722235702909529,
    "SMOL_MEDICAL_SOUNDNESS": 0.15229372680187225,
    "treatment": 0.00036359229125082493
}