{
    "intent": 0.0631011500954628,
    "directness_of_causality": 0.17428024113178253,
    "aid_available": 0.13629280030727386,
    "treating": 0.33542394638061523,
    "SUPPLIES_USED": 0.23064129054546356,
    "treatment": 0.060260508209466934
}