{
    "age": 0.006480409763753414,
    "tagged": 0.01821991242468357,
    "breathing": 0.006696681492030621,
    "unvisited_count": 0.014344957657158375,
    "injured_count": 0.015831949189305305,
    "questioning": 0.2289523482322693,
    "assessing": 0.23174235224723816,
    "tagging": 0.14564992487430573,
    "leaving": 0.21352143585681915,
    "One-Bounce Priority": 0.025780249387025833,
    "pInternalBleeding": 0.004268169403076172,
    "pExternalBleeding": 0.005268140230327845,
    "entropy": 0.010081428103148937,
    "entropyDeath": 0.006251920480281115,
    "MEDSIM_P_DEATH": 0.007256942335516214,
    "INFORMATION_GAINED": 0.02330273576080799,
    "treatment": 0.027868324890732765,
    "category": 0.00848211906850338
}