assessing,leaving
0.09519681334495544,0.9048031568527222
