{
    "tagged": 0.06213562190532684,
    "conscious": 0.013343391008675098,
    "mental_status": 0.06838353723287582,
    "breathing": 0.012563894502818584,
    "intent": 0.08543530851602554,
    "directness_of_causality": 0.07601944357156754,
    "aid_available": 0.014283008873462677,
    "treating": 0.07888812571763992,
    "HRA Strategy.time-resources.take-the-best": 0.016601068899035454,
    "HRA Strategy.time-system.tallying": 0.0025562806986272335,
    "HRA Strategy.resources-system.take-the-best": 0.005971899721771479,
    "HRA Strategy.risk_reward_ratio-system.one-bounce": 0.014384477399289608,
    "Take-The-Best Priority": 0.021670835092663765,
    "Satisfactory Priority": 0.009853917174041271,
    "pPain": 0.007369727827608585,
    "pInternalBleeding": 0.04432966932654381,
    "SEVERITY": 0.11812740564346313,
    "AVERAGE_TIME_USED": 0.13395263254642487,
    "SUPPLIES_USED": 0.015034128911793232,
    "WEIGHTED_RESOURCE_SCORE": 0.01709073968231678,
    "SMOL_MEDICAL_SOUNDNESS": 0.14284904301166534,
    "category": 0.0034740299452096224,
    "treatment": 0.03568175807595253
}