{
    "others_tagged_or_uninjured": 0.32961323857307434,
    "aid_available": 0.1179734393954277,
    "treating": 0.29195380210876465,
    "Take-The-Best Priority": 0.0672384575009346,
    "SMOL_MEDICAL_SOUNDNESS": 0.0670768991112709,
    "directness_of_causality": 0.12614412605762482
}