{
    "intent": 0.26699700951576233,
    "directness_of_causality": 0.3528749644756317,
    "injured_count": 0.010817397385835648,
    "treating": 0.3529519736766815,
    "HRA Strategy.resources-system.take-the-best": 0.00276013626717031,
    "HRA Strategy.time-resources-system.one-bounce": 0.0017323934007436037,
    "pBrainInjury": 0.0034679530654102564,
    "SEVERITY": 0.0003864471218548715,
    "AVERAGE_TIME_USED": 0.0028284427244216204,
    "DAMAGE_PER_SECOND": 0.002910398179665208,
    "SEVERITY_CHANGE": 0.0004650420742109418,
    "SEVEREST_SEVERITY_CHANGE": 0.00041616774979047477,
    "WEIGHTED_RESOURCE_SCORE": 0.0013916842872276902
}