{
    "age": 0.012940469197928905,
    "tagged": 0.042246151715517044,
    "visited": 0.003974046558141708,
    "conscious": 0.005557660944759846,
    "breathing": 0.030934825539588928,
    "hrpmin": 0.03945091366767883,
    "avpu": 0.007284575141966343,
    "environment_type": 0.0007019932963885367,
    "assessing": 0.17857946455478668,
    "tagging": 0.32674065232276917,
    "category": 0.014097253791987896,
    "HRA Strategy.time-resources.take-the-best": 0.009690931998193264,
    "HRA Strategy.time-system.tallying": 0.029596669599413872,
    "pPain": 0.0010554759064689279,
    "pBrainInjury": 0.026907511055469513,
    "pAirwayBlocked": 0.04034861922264099,
    "pInternalBleeding": 0.008753499016165733,
    "entropy": 0.0075162253342568874,
    "entropyDeath": 0.07169250398874283,
    "SEVERITY": 0.027782881632447243,
    "SUPPLIES_REMAINING": 0.001950548612512648,
    "AVERAGE_TIME_USED": 0.0033418028615415096,
    "DAMAGE_PER_SECOND": 0.0012203892692923546,
    "MEDSIM_P_DEATH": 0.013250038027763367,
    "MEDSIM_P_DEATH_ONE_MIN_LATER": 0.0013985615223646164,
    "SEVEREST_SEVERITY_CHANGE": 0.015680648386478424,
    "WEIGHTED_RESOURCE_SCORE": 0.007173565682023764,
    "SMOL_MEDICAL_SOUNDNESS": 0.012883760035037994,
    "treatment": 0.05724843218922615
}