{
    "age": 0.024845903739333153,
    "tagged": 0.0397118516266346,
    "visited": 0.019390219822525978,
    "breathing": 0.008557560853660107,
    "avpu": 0.004827964585274458,
    "injured_count": 0.10663343220949173,
    "environment_type": 0.023629164323210716,
    "questioning": 0.15108413994312286,
    "assessing": 0.24453333020210266,
    "tagging": 0.11501353979110718,
    "category": 0.013202517293393612,
    "HRA Strategy.time-system.tallying": 0.0045964415185153484,
    "Satisfactory Priority": 0.0039904434233903885,
    "One-Bounce Priority": 0.021805906668305397,
    "pDeath": 0.00581361772492528,
    "pBrainInjury": 0.0062429034151136875,
    "pAirwayBlocked": 0.006807337980717421,
    "pInternalBleeding": 0.0258075799793005,
    "pExternalBleeding": 0.010912877507507801,
    "entropy": 0.013084059581160545,
    "SEVERITY": 0.004077403340488672,
    "AVERAGE_TIME_USED": 0.02205389365553856,
    "MEDSIM_P_DEATH": 0.012152308598160744,
    "INFORMATION_GAINED": 0.0711991935968399,
    "treatment": 0.0400264747440815
}