{
    "age": 0.01651475951075554,
    "tagged": 0.037225063890218735,
    "breathing": 0.0068042161874473095,
    "hrpmin": 0.003941521048545837,
    "avpu": 0.0024238789919763803,
    "unvisited_count": 0.00800942163914442,
    "environment_type": 0.0025425394997000694,
    "questioning": 0.12581640481948853,
    "assessing": 0.18547610938549042,
    "treating": 0.0011573268566280603,
    "tagging": 0.19941015541553497,
    "leaving": 0.1609630435705185,
    "HRA Strategy.time-resources.take-the-best": 0.0029588965699076653,
    "HRA Strategy.time-system.exhaustive": 0.011060635559260845,
    "HRA Strategy.resources-system.take-the-best": 0.0011071243789047003,
    "HRA Strategy.resources-system.exhaustive": 0.003638516878709197,
    "Satisfactory Priority": 0.005916208494454622,
    "One-Bounce Priority": 0.035523880273103714,
    "pDeath": 0.005261939484626055,
    "pPain": 0.012129087932407856,
    "pBrainInjury": 0.00396929495036602,
    "pAirwayBlocked": 0.011646204628050327,
    "pInternalBleeding": 0.010522272437810898,
    "pExternalBleeding": 0.006201987154781818,
    "entropy": 0.00807496439665556,
    "entropyDeath": 0.007871042937040329,
    "SEVERITY": 0.003197395708411932,
    "AVERAGE_TIME_USED": 0.01146091241389513,
    "MEDSIM_P_DEATH": 0.012348750606179237,
    "MEDSIM_P_DEATH_ONE_MIN_LATER": 0.0018707895651459694,
    "WEIGHTED_RESOURCE_SCORE": 0.0039040634874254465,
    "SMOL_MEDICAL_SOUNDNESS": 0.0025464000646024942,
    "INFORMATION_GAINED": 0.035814907401800156,
    "treatment": 0.044375356286764145,
    "category": 0.008314890787005424
}