{
    "conscious": 0.00013756717089563608,
    "breathing": 0.014451608993113041,
    "avpu": 6.020312866894528e-05,
    "intent": 0.0659705251455307,
    "directness_of_causality": 0.14507116377353668,
    "aid_available": 0.06542981415987015,
    "treating": 0.23592828214168549,
    "HRA Strategy.risk_reward_ratio-system.one-bounce": 0.00243328302167356,
    "HRA Strategy.time-resources-system.one-bounce": 0.0010684956796467304,
    "HRA Strategy.resources-risk_reward_ratio-system.one-bounce": 0.0021204547956585884,
    "HRA Strategy.time-resources-risk_reward_ratio-system.one-bounce": 0.0005419702501967549,
    "Take-The-Best Priority": 0.0026858672499656677,
    "One-Bounce Priority": 0.0008796742185950279,
    "pDeath": 0.0011685340432450175,
    "pPain": 0.000119549578812439,
    "pAirwayBlocked": 0.00015227803669404238,
    "pExternalBleeding": 0.00030175704159773886,
    "entropy": 0.0002006086870096624,
    "SEVERITY": 0.0003936913562938571,
    "SUPPLIES_REMAINING": 0.0030924465972930193,
    "AVERAGE_TIME_USED": 0.009569481946527958,
    "SEVERITY_CHANGE": 7.30612882762216e-05,
    "SUPPLIES_USED": 0.17085079848766327,
    "SEVEREST_SEVERITY": 8.473106572637334e-05,
    "WEIGHTED_RESOURCE_SCORE": 0.0005568752530962229,
    "SMOL_MEDICAL_SOUNDNESS": 0.2757680416107178,
    "treatment": 0.000889226037543267
}