{
    "tagged": 0.024716578423976898,
    "assessing": 0.34993696212768555,
    "DAMAGE_PER_SECOND": 0.10036976635456085,
    "SEVEREST_SEVERITY_CHANGE": 0.5249766707420349
}