{
    "tagged": 0.3357663154602051,
    "hrpmin": 0.17409338057041168,
    "injured_count": 0.057070545852184296,
    "environment_type": 0.050430767238140106,
    "category": 0.03511911258101463,
    "One-Bounce Priority": 0.07209883630275726,
    "pExternalBleeding": 0.04230770841240883,
    "entropy": 0.011646520346403122,
    "AVERAGE_TIME_USED": 0.10191647708415985,
    "treatment": 0.11955038458108902
}