{
    "tagged": 0.48826345801353455,
    "DAMAGE_PER_SECOND": 0.5117365717887878
}