{
    "tagged": 0.04207781329751015,
    "breathing": 0.005684519186615944,
    "questioning": 0.2987739145755768,
    "assessing": 0.2963847815990448,
    "tagging": 0.21689563989639282,
    "One-Bounce Priority": 0.014587178826332092,
    "pDeath": 0.006669586058706045,
    "pBrainInjury": 0.003850100561976433,
    "pInternalBleeding": 0.016616785898804665,
    "pExternalBleeding": 0.0044476306065917015,
    "entropy": 0.008239181712269783,
    "entropyDeath": 0.007687825709581375,
    "AVERAGE_TIME_USED": 0.01582636684179306,
    "MEDSIM_P_DEATH": 0.0051030805334448814,
    "INFORMATION_GAINED": 0.020452864468097687,
    "treatment": 0.030292825773358345,
    "category": 0.006410016678273678
}