{
    "age": 0.0049128225073218346,
    "tagged": 0.034024182707071304,
    "visited": 0.0022986989933997393,
    "breathing": 0.0055038901045918465,
    "unvisited_count": 0.014535853639245033,
    "injured_count": 0.011908925138413906,
    "questioning": 0.1737545281648636,
    "assessing": 0.18691232800483704,
    "tagging": 0.18117840588092804,
    "leaving": 0.21701304614543915,
    "HRA Strategy.time-resources.take-the-best": 0.0018510385416448116,
    "Satisfactory Priority": 0.0038623756263405085,
    "One-Bounce Priority": 0.020224515348672867,
    "pDeath": 0.00286965467967093,
    "pPain": 0.003623134456574917,
    "pBrainInjury": 0.005122773349285126,
    "pAirwayBlocked": 0.001916597131639719,
    "pInternalBleeding": 0.0056563797406852245,
    "pExternalBleeding": 0.0075680650770664215,
    "entropy": 0.011100447736680508,
    "entropyDeath": 0.01233700942248106,
    "SEVERITY": 0.0027748895809054375,
    "AVERAGE_TIME_USED": 0.0038445154204964638,
    "MEDSIM_P_DEATH": 0.006632091011852026,
    "SEVEREST_SEVERITY": 0.002464555436745286,
    "SMOL_MEDICAL_SOUNDNESS": 0.004175684880465269,
    "INFORMATION_GAINED": 0.029934797435998917,
    "treatment": 0.035544052720069885,
    "category": 0.006454650778323412
}