{
    "tagged": 0.001985690789297223,
    "mental_status": 0.019667048007249832,
    "intent": 0.002183318603783846,
    "directness_of_causality": 0.0029515973292291164,
    "treating": 0.5737321972846985,
    "HRA Strategy.time-resources.take-the-best": 0.0419008769094944,
    "HRA Strategy.resources-system.take-the-best": 0.081842340528965,
    "HRA Strategy.risk_reward_ratio-system.one-bounce": 0.004964105319231749,
    "HRA Strategy.time-resources-system.exhaustive": 0.0031566410325467587,
    "HRA Strategy.time-resources-system.tallying": 0.008578121662139893,
    "Take-The-Best Priority": 0.19143050909042358,
    "Satisfactory Priority": 0.0034540914930403233,
    "SEVERITY": 0.0022311375942081213,
    "AVERAGE_TIME_USED": 0.006804570555686951,
    "SEVEREST_SEVERITY": 0.007561331614851952,
    "WEIGHTED_RESOURCE_SCORE": 0.004925411194562912,
    "treatment": 0.04263106733560562
}