{
    "mental_status": 0.013555674813687801,
    "avpu": 0.002651326823979616,
    "intent": 0.037243206053972244,
    "directness_of_causality": 0.1959998458623886,
    "aid_available": 0.13748504221439362,
    "treating": 0.22018957138061523,
    "HRA Strategy.time-resources.take-the-best": 0.006016720086336136,
    "HRA Strategy.time-resources.one-bounce": 0.0004233516228850931,
    "HRA Strategy.time-risk_reward_ratio.take-the-best": 0.0007734977407380939,
    "HRA Strategy.resources-system.take-the-best": 0.0002664231287781149,
    "HRA Strategy.risk_reward_ratio-system.one-bounce": 0.0011896089417859912,
    "HRA Strategy.time-resources-system.tallying": 0.001458883285522461,
    "HRA Strategy.time-resources-system.one-bounce": 0.0006731688627041876,
    "HRA Strategy.resources-risk_reward_ratio-system.one-bounce": 0.0011296399170532823,
    "HRA Strategy.time-resources-risk_reward_ratio-system.one-bounce": 0.0003202232182957232,
    "Take-The-Best Priority": 0.002023031236603856,
    "Satisfactory Priority": 0.0022587741259485483,
    "pPain": 0.0004157862567808479,
    "pBrainInjury": 0.0010292255319654942,
    "entropyDeath": 0.00022862809419166297,
    "SEVERITY": 0.010158969089388847,
    "SUPPLIES_REMAINING": 0.0017958454554900527,
    "AVERAGE_TIME_USED": 0.00888565182685852,
    "DAMAGE_PER_SECOND": 2.711401612032205e-05,
    "MEDSIM_P_DEATH": 0.00010946395923383534,
    "SUPPLIES_USED": 0.20487849414348602,
    "SEVEREST_SEVERITY": 7.212681521195918e-05,
    "WEIGHTED_RESOURCE_SCORE": 0.000432742468547076,
    "SMOL_MEDICAL_SOUNDNESS": 0.12790462374687195,
    "treatment": 0.02040340006351471
}