{
    "age": 0.004978951998054981,
    "tagged": 0.029026051983237267,
    "visited": 0.0012625050731003284,
    "conscious": 0.0011049960739910603,
    "breathing": 0.006481244694441557,
    "hrpmin": 0.0016730435891076922,
    "avpu": 0.0015990535030141473,
    "unvisited_count": 0.011134819127619267,
    "injured_count": 0.01044057309627533,
    "environment_type": 0.0007159056258387864,
    "questioning": 0.1304953545331955,
    "assessing": 0.14979523420333862,
    "tagging": 0.15820764005184174,
    "leaving": 0.36047279834747314,
    "HRA Strategy.time-resources.take-the-best": 0.0015041594160720706,
    "Satisfactory Priority": 0.0025912891142070293,
    "One-Bounce Priority": 0.019712258130311966,
    "pDeath": 0.002448056126013398,
    "pPain": 0.0039693256840109825,
    "pBrainInjury": 0.004040311090648174,
    "pAirwayBlocked": 0.005429886747151613,
    "pInternalBleeding": 0.005705698858946562,
    "pExternalBleeding": 0.007879326120018959,
    "entropy": 0.008265639655292034,
    "entropyDeath": 0.010454013012349606,
    "SEVERITY": 0.0032489115837961435,
    "AVERAGE_TIME_USED": 0.00332321273162961,
    "MEDSIM_P_DEATH": 0.008157407864928246,
    "MEDSIM_P_DEATH_ONE_MIN_LATER": 0.0008688793750479817,
    "SEVEREST_SEVERITY": 0.003765408881008625,
    "WEIGHTED_RESOURCE_SCORE": 0.0009913321118801832,
    "INFORMATION_GAINED": 0.00498367240652442,
    "treatment": 0.029444191604852676,
    "category": 0.005828822497278452
}