{
    "tagged": 0.03362299129366875,
    "mental_status": 0.004618074744939804,
    "breathing": 0.002279288601130247,
    "intent": 0.13863851130008698,
    "directness_of_causality": 0.11767054349184036,
    "treating": 0.11411838233470917,
    "SEVERITY": 0.02760188840329647,
    "SUPPLIES_REMAINING": 0.0021569523960351944,
    "SEVERITY_CHANGE": 0.31375938653945923,
    "SMOL_MEDICAL_SOUNDNESS": 0.15751193463802338,
    "treatment": 0.07880838960409164,
    "category": 0.009213683195412159
}