{
    "treating": 0.7782723903656006,
    "SMOL_MEDICAL_SOUNDNESS": 0.22172756493091583
}