{
    "questioning": 0.24846935272216797,
    "assessing": 0.3674701452255249,
    "tagging": 0.05528263747692108,
    "leaving": 0.2728000581264496,
    "treatment": 0.03299926221370697,
    "One-Bounce Priority": 0.02297849766910076
}