{
    "age": 0.0083219725638628,
    "tagged": 0.025548821315169334,
    "breathing": 0.009035611525177956,
    "unvisited_count": 0.010643722489476204,
    "injured_count": 0.01635703817009926,
    "questioning": 0.2340651899576187,
    "assessing": 0.24147281050682068,
    "tagging": 0.1280677616596222,
    "leaving": 0.1907123327255249,
    "One-Bounce Priority": 0.03140261769294739,
    "pPain": 0.00558192003518343,
    "pExternalBleeding": 0.006555957719683647,
    "entropy": 0.0072045596316456795,
    "entropyDeath": 0.008013869635760784,
    "MEDSIM_P_DEATH": 0.0072743818163871765,
    "INFORMATION_GAINED": 0.028370888903737068,
    "treatment": 0.03137602284550667,
    "category": 0.009994500316679478
}