{
    "intent": 0.03921644389629364,
    "treating": 0.9366888999938965,
    "HRA Strategy.resources-system.take-the-best": 0.005285304971039295,
    "Take-The-Best Priority": 0.01880938932299614
}