{
    "age": 0.058172471821308136,
    "tagged": 0.02009756676852703,
    "visited": 0.005716830957680941,
    "breathing": 0.022978520020842552,
    "assessing": 0.22703932225704193,
    "tagging": 0.23451288044452667,
    "HRA Strategy.time-resources.take-the-best": 0.027568060904741287,
    "HRA Strategy.time-resources.one-bounce": 0.006713697221130133,
    "HRA Strategy.time-system.tallying": 0.021021753549575806,
    "HRA Strategy.resources-risk_reward_ratio.take-the-best": 0.016615672037005424,
    "Satisfactory Priority": 0.08802013844251633,
    "pAirwayBlocked": 0.035835862159729004,
    "SEVERITY": 0.007823104038834572,
    "SUPPLIES_REMAINING": 0.006237332709133625,
    "AVERAGE_TIME_USED": 0.003272014670073986,
    "DAMAGE_PER_SECOND": 0.00017806868709158152,
    "MEDSIM_P_DEATH_ONE_MIN_LATER": 0.002773898420855403,
    "SEVERITY_CHANGE": 0.028098423033952713,
    "SEVEREST_SEVERITY": 0.030446453019976616,
    "WEIGHTED_RESOURCE_SCORE": 0.07939216494560242,
    "treatment": 0.07748576253652573
}