{
    "conscious": 0.02129003219306469,
    "mental_status": 0.004015677142888308,
    "breathing": 0.0018307369900867343,
    "intent": 0.029567670077085495,
    "directness_of_causality": 0.14687597751617432,
    "aid_available": 0.1145036369562149,
    "treating": 0.17869442701339722,
    "HRA Strategy.time-resources.take-the-best": 0.01224033534526825,
    "HRA Strategy.time-risk_reward_ratio.one-bounce": 0.0006941851461306214,
    "HRA Strategy.resources-system.take-the-best": 0.021431967616081238,
    "HRA Strategy.risk_reward_ratio-system.one-bounce": 0.0012919846922159195,
    "HRA Strategy.resources-risk_reward_ratio-system.one-bounce": 0.0009582826169207692,
    "HRA Strategy.time-resources-risk_reward_ratio-system.one-bounce": 0.0004041745560243726,
    "Take-The-Best Priority": 0.0004110620357096195,
    "Satisfactory Priority": 0.0010386209469288588,
    "pBrainInjury": 0.0004461423377506435,
    "pInternalBleeding": 0.0004901184001937509,
    "SEVERITY": 0.005151981487870216,
    "SUPPLIES_REMAINING": 0.01084053609520197,
    "AVERAGE_TIME_USED": 0.004503367934376001,
    "DAMAGE_PER_SECOND": 2.889785355364438e-05,
    "SUPPLIES_USED": 0.18505021929740906,
    "SEVEREST_SEVERITY_CHANGE": 0.16610956192016602,
    "WEIGHTED_RESOURCE_SCORE": 0.00044013303704559803,
    "SMOL_MEDICAL_SOUNDNESS": 0.08929797261953354,
    "treatment": 0.0023923038970679045
}