{
    "age": 0.027413368225097656,
    "tagged": 0.059118837118148804,
    "visited": 0.0024211956188082695,
    "conscious": 0.013203111477196217,
    "breathing": 0.008649943396449089,
    "hrpmin": 0.007954517379403114,
    "avpu": 0.007193845231086016,
    "unvisited_count": 0.016829147934913635,
    "environment_type": 0.016274159774184227,
    "questioning": 0.16789495944976807,
    "assessing": 0.09661294519901276,
    "treating": 0.00880500115454197,
    "leaving": 0.07501226663589478,
    "category": 0.022072890773415565,
    "HRA Strategy.time-resources.take-the-best": 0.005999187473207712,
    "HRA Strategy.resources-system.exhaustive": 0.0019507320830598474,
    "pDeath": 0.00905851274728775,
    "pPain": 0.005538806784898043,
    "pBrainInjury": 0.09558004885911942,
    "pInternalBleeding": 0.0271828081458807,
    "pExternalBleeding": 0.002267761854454875,
    "entropy": 0.011380637064576149,
    "entropyDeath": 0.05252538621425629,
    "SEVERITY": 0.006944647524505854,
    "SUPPLIES_REMAINING": 0.003927489742636681,
    "AVERAGE_TIME_USED": 0.009645598009228706,
    "DAMAGE_PER_SECOND": 0.007350437343120575,
    "MEDSIM_P_DEATH_ONE_MIN_LATER": 0.010278390720486641,
    "SEVEREST_SEVERITY_CHANGE": 0.14304909110069275,
    "WEIGHTED_RESOURCE_SCORE": 0.005085361190140247,
    "INFORMATION_GAINED": 0.04315585270524025,
    "treatment": 0.029623018577694893
}