{
    "tagged": 0.013633904047310352,
    "injured_count": 0.021087288856506348,
    "questioning": 0.3204699754714966,
    "assessing": 0.28823068737983704,
    "tagging": 0.09674319624900818,
    "leaving": 0.16514042019844055,
    "treatment": 0.017784081399440765,
    "One-Bounce Priority": 0.02321605011820793,
    "INFORMATION_GAINED": 0.04092031344771385,
    "category": 0.012774057686328888
}