{
    "age": 0.0340125598013401,
    "tagged": 0.03425654396414757,
    "visited": 0.02074206806719303,
    "conscious": 0.0048212013207376,
    "breathing": 0.009573438204824924,
    "hrpmin": 0.0039128391072154045,
    "avpu": 0.0016829478554427624,
    "unvisited_count": 0.009226852096617222,
    "environment_type": 0.011407660320401192,
    "questioning": 0.058695871382951736,
    "assessing": 0.13698981702327728,
    "tagging": 0.08262414485216141,
    "leaving": 0.24913540482521057,
    "HRA Strategy.time-resources.take-the-best": 0.00045982105075381696,
    "HRA Strategy.time-system.exhaustive": 0.007388334255665541,
    "HRA Strategy.resources-risk_reward_ratio.one-bounce": 0.0015418047551065683,
    "HRA Strategy.resources-system.take-the-best": 0.0007629459723830223,
    "HRA Strategy.resources-system.exhaustive": 0.0037383809685707092,
    "Satisfactory Priority": 0.00999265257269144,
    "One-Bounce Priority": 0.03275685757398605,
    "pDeath": 0.0111209312453866,
    "pPain": 0.01452810037881136,
    "pBrainInjury": 0.01489484403282404,
    "pAirwayBlocked": 0.0028664181008934975,
    "pInternalBleeding": 0.0056326850317418575,
    "pExternalBleeding": 0.006318842992186546,
    "entropy": 0.009618505835533142,
    "entropyDeath": 0.003144257003441453,
    "SEVERITY": 0.0024626327212899923,
    "SUPPLIES_REMAINING": 0.001950788195244968,
    "AVERAGE_TIME_USED": 0.011320988647639751,
    "DAMAGE_PER_SECOND": 0.0029621324501931667,
    "MEDSIM_P_DEATH": 0.0004601026594173163,
    "SEVERITY_CHANGE": 0.0006696219788864255,
    "SEVEREST_SEVERITY": 0.0010625714203342795,
    "SEVEREST_SEVERITY_CHANGE": 0.12015026062726974,
    "WEIGHTED_RESOURCE_SCORE": 0.0154499476775527,
    "SMOL_MEDICAL_SOUNDNESS": 0.0060638017021119595,
    "INFORMATION_GAINED": 0.012798857875168324,
    "treatment": 0.025844162330031395,
    "category": 0.016957424581050873
}