{
    "age": 0.035120345652103424,
    "tagged": 0.03907213360071182,
    "visited": 0.01839831843972206,
    "conscious": 0.007009950466454029,
    "breathing": 0.012802040204405785,
    "avpu": 0.004827200435101986,
    "unvisited_count": 0.0003883194294758141,
    "injured_count": 0.09529877454042435,
    "environment_type": 0.02111760713160038,
    "questioning": 0.12901517748832703,
    "assessing": 0.2197248786687851,
    "tagging": 0.13988693058490753,
    "category": 0.0105886897072196,
    "HRA Strategy.time-resources.take-the-best": 0.002849821699783206,
    "HRA Strategy.time-system.tallying": 0.005439337808638811,
    "Satisfactory Priority": 0.0030696101021021605,
    "One-Bounce Priority": 0.018071485683321953,
    "pDeath": 0.009108493104577065,
    "pPain": 0.002030966803431511,
    "pBrainInjury": 0.003674875246360898,
    "pAirwayBlocked": 0.008397713303565979,
    "pInternalBleeding": 0.02331722155213356,
    "pExternalBleeding": 0.007733417674899101,
    "entropy": 0.01391978096216917,
    "entropyDeath": 0.002998326439410448,
    "SEVERITY": 0.004476858302950859,
    "SUPPLIES_REMAINING": 0.0008793064625933766,
    "AVERAGE_TIME_USED": 0.019747264683246613,
    "DAMAGE_PER_SECOND": 0.0011775967432186007,
    "MEDSIM_P_DEATH": 0.010738018900156021,
    "WEIGHTED_RESOURCE_SCORE": 0.008350242860615253,
    "INFORMATION_GAINED": 0.07845883816480637,
    "treatment": 0.04231034964323044
}