{
    "age": 0.01806483417749405,
    "tagged": 0.037125591188669205,
    "breathing": 0.007065556477755308,
    "hrpmin": 0.0037508828099817038,
    "avpu": 0.0026404717937111855,
    "unvisited_count": 0.007277820259332657,
    "environment_type": 0.002546583767980337,
    "questioning": 0.12549522519111633,
    "assessing": 0.1850026249885559,
    "treating": 0.0010058642365038395,
    "tagging": 0.1924969106912613,
    "leaving": 0.16055214405059814,
    "HRA Strategy.time-resources.take-the-best": 0.003048328449949622,
    "HRA Strategy.time-system.exhaustive": 0.019115975126624107,
    "HRA Strategy.resources-system.take-the-best": 0.00113104993943125,
    "HRA Strategy.resources-system.exhaustive": 0.0030549676157534122,
    "Satisfactory Priority": 0.004909533075988293,
    "One-Bounce Priority": 0.03543323650956154,
    "pDeath": 0.005240051541477442,
    "pPain": 0.01113591156899929,
    "pBrainInjury": 0.0034184062387794256,
    "pAirwayBlocked": 0.010907442308962345,
    "pInternalBleeding": 0.009988026693463326,
    "pExternalBleeding": 0.005782652646303177,
    "entropy": 0.008231948129832745,
    "entropyDeath": 0.01090503390878439,
    "SEVERITY": 0.003733630059286952,
    "AVERAGE_TIME_USED": 0.01262091938406229,
    "MEDSIM_P_DEATH": 0.01091093197464943,
    "MEDSIM_P_DEATH_ONE_MIN_LATER": 0.0020257120486348867,
    "SEVEREST_SEVERITY_CHANGE": 0.00011452625767560676,
    "WEIGHTED_RESOURCE_SCORE": 0.0038940971717238426,
    "SMOL_MEDICAL_SOUNDNESS": 0.002330268733203411,
    "INFORMATION_GAINED": 0.035723477602005005,
    "treatment": 0.04496506229043007,
    "category": 0.008354446850717068
}