{
    "age": 0.009857277385890484,
    "tagged": 0.018151475116610527,
    "visited": 0.00098778260871768,
    "conscious": 0.00901552103459835,
    "breathing": 0.012928799726068974,
    "hrpmin": 0.0299373771995306,
    "avpu": 0.003579591168090701,
    "unvisited_count": 0.005655140150338411,
    "environment_type": 0.0034855513367801905,
    "questioning": 0.12266124784946442,
    "assessing": 0.23716101050376892,
    "treating": 0.03537691757082939,
    "tagging": 0.21451903879642487,
    "HRA Strategy.time-resources.take-the-best": 0.0031430674716830254,
    "Satisfactory Priority": 0.005187451373785734,
    "One-Bounce Priority": 0.04316437989473343,
    "pPain": 0.009390506893396378,
    "pBrainInjury": 0.0019929895643144846,
    "pAirwayBlocked": 0.0025523395743221045,
    "pInternalBleeding": 0.007212120108306408,
    "pExternalBleeding": 0.009229150600731373,
    "entropy": 0.023711074143648148,
    "entropyDeath": 0.008729763329029083,
    "SEVERITY": 0.003669125260785222,
    "AVERAGE_TIME_USED": 0.030267005786299706,
    "MEDSIM_P_DEATH": 0.02383194863796234,
    "MEDSIM_P_DEATH_ONE_MIN_LATER": 0.002383808372542262,
    "WEIGHTED_RESOURCE_SCORE": 0.00656101293861866,
    "SMOL_MEDICAL_SOUNDNESS": 0.0009317396907135844,
    "INFORMATION_GAINED": 0.05423939228057861,
    "treatment": 0.04985365271568298,
    "category": 0.01063268631696701
}