{
    "tagged": 0.05148167163133621,
    "conscious": 0.10438773781061172,
    "mental_status": 0.00953355897217989,
    "breathing": 0.04836740717291832,
    "hrpmin": 0.0006255113403312862,
    "intent": 0.18565134704113007,
    "directness_of_causality": 0.11078891158103943,
    "aid_available": 0.00078071269672364,
    "treating": 0.16252900660037994,
    "HRA Strategy.time-resources.take-the-best": 0.006785538513213396,
    "HRA Strategy.time-risk_reward_ratio.one-bounce": 0.0006526913493871689,
    "HRA Strategy.risk_reward_ratio-system.one-bounce": 0.009434969164431095,
    "HRA Strategy.time-resources-system.tallying": 0.00205540144816041,
    "HRA Strategy.resources-risk_reward_ratio-system.one-bounce": 0.01592729240655899,
    "pDeath": 0.00041508229332976043,
    "pPain": 0.0006986417574808002,
    "pBrainInjury": 0.005330605898052454,
    "pAirwayBlocked": 0.012782471254467964,
    "pInternalBleeding": 0.010374374687671661,
    "SEVERITY": 0.0646347850561142,
    "AVERAGE_TIME_USED": 0.07429429888725281,
    "DAMAGE_PER_SECOND": 0.0006903312169015408,
    "SUPPLIES_USED": 0.07358213514089584,
    "SEVEREST_SEVERITY": 0.04334438592195511,
    "category": 0.002419151598587632,
    "treatment": 0.002431935165077448
}