{
    "intent": 0.30425146222114563,
    "directness_of_causality": 0.11066919565200806,
    "aid_available": 0.026094596832990646,
    "treating": 0.44693437218666077,
    "pDeath": 0.05839396268129349,
    "SUPPLIES_USED": 0.053656432777643204
}