{
    "age": 0.010352324694395065,
    "tagged": 0.017248038202524185,
    "conscious": 0.005578054115176201,
    "breathing": 0.012086395174264908,
    "hrpmin": 0.027235934510827065,
    "avpu": 0.0035664597526192665,
    "unvisited_count": 0.006992632057517767,
    "environment_type": 0.003723226021975279,
    "questioning": 0.1394468992948532,
    "assessing": 0.23374995589256287,
    "treating": 0.01737894117832184,
    "tagging": 0.21125945448875427,
    "HRA Strategy.time-resources.take-the-best": 0.0041155219078063965,
    "Satisfactory Priority": 0.007245303131639957,
    "One-Bounce Priority": 0.04343848675489426,
    "pPain": 0.008840641938149929,
    "pAirwayBlocked": 0.001254987670108676,
    "pInternalBleeding": 0.0057358029298484325,
    "pExternalBleeding": 0.009726045653223991,
    "entropy": 0.022098442539572716,
    "entropyDeath": 0.010341871529817581,
    "SEVERITY": 0.003942454699426889,
    "AVERAGE_TIME_USED": 0.028036829084157944,
    "MEDSIM_P_DEATH": 0.031212525442242622,
    "MEDSIM_P_DEATH_ONE_MIN_LATER": 0.0021105515770614147,
    "WEIGHTED_RESOURCE_SCORE": 0.0032836059108376503,
    "INFORMATION_GAINED": 0.06545951217412949,
    "treatment": 0.05276928469538689,
    "category": 0.011769822798669338
}