{
    "aid_available": 0.21859773993492126,
    "treating": 0.5382682085037231,
    "SUPPLIES_USED": 0.24313408136367798
}