{
    "intent": 0.1868451088666916,
    "directness_of_causality": 0.08201930671930313,
    "treating": 0.4621204137802124,
    "AVERAGE_TIME_USED": 0.22423166036605835,
    "treatment": 0.04478355869650841
}