{
    "age": 0.028322244063019753,
    "tagged": 0.06549933552742004,
    "breathing": 0.010324825532734394,
    "hrpmin": 0.006991987582296133,
    "avpu": 0.010947522707283497,
    "environment_type": 0.016065029427409172,
    "questioning": 0.2036738097667694,
    "assessing": 0.10770801454782486,
    "leaving": 0.08691639453172684,
    "category": 0.028097957372665405,
    "pDeath": 0.010360334068536758,
    "pBrainInjury": 0.09359202533960342,
    "entropy": 0.012122475542128086,
    "entropyDeath": 0.04746316000819206,
    "SEVERITY": 0.011025111190974712,
    "AVERAGE_TIME_USED": 0.009405936114490032,
    "DAMAGE_PER_SECOND": 0.007924001663923264,
    "MEDSIM_P_DEATH_ONE_MIN_LATER": 0.010686985217034817,
    "SEVEREST_SEVERITY_CHANGE": 0.16718801856040955,
    "INFORMATION_GAINED": 0.04205665364861488,
    "treatment": 0.023628296330571175
}