{
    "age": 0.046621982008218765,
    "tagged": 0.0529276579618454,
    "visited": 0.006738344673067331,
    "conscious": 0.03640562668442726,
    "breathing": 0.048710115253925323,
    "injured_count": 0.06201831251382828,
    "environment_type": 0.005648214370012283,
    "questioning": 0.1897246539592743,
    "category": 0.06972400844097137,
    "HRA Strategy.time-resources.take-the-best": 0.029061121866106987,
    "HRA Strategy.resources-risk_reward_ratio.one-bounce": 0.0070695835165679455,
    "Satisfactory Priority": 0.015192207880318165,
    "pDeath": 0.003991186618804932,
    "pBrainInjury": 0.006048774346709251,
    "pAirwayBlocked": 0.01007948350161314,
    "pInternalBleeding": 0.1454208493232727,
    "pExternalBleeding": 0.022057989612221718,
    "entropy": 0.005334756337106228,
    "entropyDeath": 0.030881572514772415,
    "SEVERITY": 0.007646527606993914,
    "SUPPLIES_REMAINING": 0.014563997276127338,
    "AVERAGE_TIME_USED": 0.00493828859180212,
    "DAMAGE_PER_SECOND": 0.012879295274615288,
    "MEDSIM_P_DEATH": 0.0091286301612854,
    "MEDSIM_P_DEATH_ONE_MIN_LATER": 0.02695019729435444,
    "SMOL_MEDICAL_SOUNDNESS": 0.09615551680326462,
    "treatment": 0.034081149846315384
}