{
    "tagged": 7.640414696652442e-05,
    "conscious": 0.009324162267148495,
    "mental_status": 0.004099671263247728,
    "breathing": 0.016822807490825653,
    "intent": 0.005819779355078936,
    "directness_of_causality": 0.17464414238929749,
    "aid_available": 0.15225012600421906,
    "treating": 0.21336135268211365,
    "HRA Strategy.time-resources.take-the-best": 0.0002870150492526591,
    "HRA Strategy.time-risk_reward_ratio.one-bounce": 0.000724666693713516,
    "HRA Strategy.resources-risk_reward_ratio.one-bounce": 0.0014909966848790646,
    "HRA Strategy.resources-system.take-the-best": 0.001006895792670548,
    "HRA Strategy.risk_reward_ratio-system.one-bounce": 0.001319489674642682,
    "HRA Strategy.time-resources-risk_reward_ratio-system.one-bounce": 0.00029545798315666616,
    "Take-The-Best Priority": 0.009643728844821453,
    "Satisfactory Priority": 0.0006102678598836064,
    "pDeath": 0.0013065011007711291,
    "pBrainInjury": 0.00045235760626383126,
    "pAirwayBlocked": 0.0016243340214714408,
    "pInternalBleeding": 0.00024755074991844594,
    "entropyDeath": 0.0016221377300098538,
    "SEVERITY": 0.03769420459866524,
    "SUPPLIES_REMAINING": 0.0005264254286885262,
    "AVERAGE_TIME_USED": 0.019851015880703926,
    "DAMAGE_PER_SECOND": 0.003466578433290124,
    "SEVERITY_CHANGE": 0.07119449973106384,
    "SUPPLIES_USED": 0.18581314384937286,
    "SEVEREST_SEVERITY": 0.0813152939081192,
    "WEIGHTED_RESOURCE_SCORE": 0.00024098892754409462,
    "SMOL_MEDICAL_SOUNDNESS": 0.001080254907719791,
    "treatment": 0.0017877435311675072
}