{
    "tagged": 0.0012887658085674047,
    "conscious": 0.0011085234582424164,
    "mental_status": 0.0008742802892811596,
    "breathing": 0.05896789953112602,
    "avpu": 0.000934403040446341,
    "intent": 0.13893096148967743,
    "directness_of_causality": 0.07234285771846771,
    "injured_count": 0.0011527552269399166,
    "aid_available": 0.007972124963998795,
    "treating": 0.2126731425523758,
    "HRA Strategy.time-resources.take-the-best": 0.003905950579792261,
    "HRA Strategy.time-resources.one-bounce": 0.019660593941807747,
    "HRA Strategy.time-risk_reward_ratio.one-bounce": 0.0017761265626177192,
    "HRA Strategy.resources-risk_reward_ratio.one-bounce": 0.027143437415361404,
    "HRA Strategy.resources-system.take-the-best": 0.017035717144608498,
    "HRA Strategy.risk_reward_ratio-system.one-bounce": 0.0010993728647008538,
    "HRA Strategy.resources-risk_reward_ratio-system.one-bounce": 0.0008436765638180077,
    "Take-The-Best Priority": 0.0013902358477935195,
    "pBrainInjury": 0.09568650275468826,
    "entropyDeath": 0.0025521188508719206,
    "SEVERITY": 0.0006587155512534082,
    "AVERAGE_TIME_USED": 0.023395197466015816,
    "SUPPLIES_USED": 0.0401606559753418,
    "WEIGHTED_RESOURCE_SCORE": 0.0017389393178746104,
    "treatment": 0.2667069733142853
}