{
    "tagged": 0.007780592422932386,
    "conscious": 0.0011249515227973461,
    "mental_status": 0.008161284029483795,
    "breathing": 0.0009944896446540952,
    "intent": 0.00707411440089345,
    "directness_of_causality": 0.07050826400518417,
    "others_tagged_or_uninjured": 0.08668137341737747,
    "aid_available": 0.10064427554607391,
    "treating": 0.0986008495092392,
    "HRA Strategy.time-risk_reward_ratio.one-bounce": 0.023404056206345558,
    "HRA Strategy.resources-system.take-the-best": 0.016650229692459106,
    "HRA Strategy.risk_reward_ratio-system.one-bounce": 0.0006396499229595065,
    "HRA Strategy.resources-risk_reward_ratio-system.one-bounce": 0.0005248421803116798,
    "Take-The-Best Priority": 0.00401170551776886,
    "Satisfactory Priority": 0.0007475778693333268,
    "pDeath": 0.003920786548405886,
    "pPain": 0.007284795865416527,
    "pInternalBleeding": 0.02865470014512539,
    "SEVERITY": 0.004696276504546404,
    "SUPPLIES_REMAINING": 0.0005511693307198584,
    "AVERAGE_TIME_USED": 0.005055448971688747,
    "DAMAGE_PER_SECOND": 0.02148161083459854,
    "MEDSIM_P_DEATH": 0.14022773504257202,
    "SUPPLIES_USED": 0.17635869979858398,
    "SEVEREST_SEVERITY_CHANGE": 0.0013736692490056157,
    "WEIGHTED_RESOURCE_SCORE": 0.007294818293303251,
    "SMOL_MEDICAL_SOUNDNESS": 0.16462717950344086,
    "treatment": 0.010924780741333961
}