{
    "age": 0.046803515404462814,
    "tagging": 0.7793492674827576,
    "treatment": 0.1738472282886505
}