{
    "age": 0.01157076470553875,
    "tagged": 0.01658404804766178,
    "conscious": 0.009224475361406803,
    "breathing": 0.012917825020849705,
    "hrpmin": 0.029405077919363976,
    "avpu": 0.003166331211104989,
    "unvisited_count": 0.007377367001026869,
    "environment_type": 0.0037720040418207645,
    "questioning": 0.1294541358947754,
    "assessing": 0.21517562866210938,
    "treating": 0.037105392664670944,
    "tagging": 0.20886042714118958,
    "HRA Strategy.time-resources.take-the-best": 0.0032254427205771208,
    "Satisfactory Priority": 0.006204661913216114,
    "One-Bounce Priority": 0.046370621770620346,
    "pPain": 0.01058698259294033,
    "pBrainInjury": 0.0019368663197383285,
    "pAirwayBlocked": 0.0024978709407150745,
    "pInternalBleeding": 0.008728559128940105,
    "pExternalBleeding": 0.012203188613057137,
    "entropy": 0.02248256653547287,
    "entropyDeath": 0.009600626304745674,
    "SEVERITY": 0.0041632745414972305,
    "AVERAGE_TIME_USED": 0.030255015939474106,
    "MEDSIM_P_DEATH": 0.025938231498003006,
    "MEDSIM_P_DEATH_ONE_MIN_LATER": 0.0032691960223019123,
    "WEIGHTED_RESOURCE_SCORE": 0.007816344499588013,
    "INFORMATION_GAINED": 0.057952072471380234,
    "treatment": 0.05136314034461975,
    "category": 0.010791987180709839
}