{
    "conscious": 0.0007103417883627117,
    "breathing": 0.0004950996371917427,
    "intent": 0.16017979383468628,
    "directness_of_causality": 0.15748105943202972,
    "aid_available": 0.16851507127285004,
    "treating": 0.2742055058479309,
    "HRA Strategy.resources-system.take-the-best": 0.0010042480425909162,
    "HRA Strategy.risk_reward_ratio-system.one-bounce": 0.0010778934229165316,
    "HRA Strategy.time-resources-system.one-bounce": 0.00023596230312250555,
    "HRA Strategy.time-resources-risk_reward_ratio-system.one-bounce": 0.0002918461395893246,
    "Take-The-Best Priority": 0.0003780064871534705,
    "Satisfactory Priority": 0.0009454344399273396,
    "pDeath": 0.0003789658658206463,
    "pAirwayBlocked": 0.00025421279133297503,
    "pInternalBleeding": 0.0003483565233182162,
    "entropyDeath": 9.467558993492275e-05,
    "SEVERITY": 5.556640826398507e-05,
    "SUPPLIES_REMAINING": 0.0008474820642732084,
    "AVERAGE_TIME_USED": 0.003768924856558442,
    "SUPPLIES_USED": 0.22802186012268066,
    "WEIGHTED_RESOURCE_SCORE": 0.00010907629621215165,
    "SMOL_MEDICAL_SOUNDNESS": 0.00023759021132718772,
    "treatment": 0.00036302627995610237
}