{
    "tagged": 0.029682088643312454,
    "questioning": 0.3545146882534027,
    "assessing": 0.49819493293762207,
    "tagging": 0.07239174842834473,
    "One-Bounce Priority": 0.019682440906763077,
    "treatment": 0.025534160435199738
}