{
    "aid_available": 0.22877544164657593,
    "treating": 0.5487403869628906,
    "SUPPLIES_USED": 0.22248415648937225
}