{
    "intent": 0.11936404556035995,
    "directness_of_causality": 0.12621217966079712,
    "aid_available": 0.1579599231481552,
    "treating": 0.26079049706459045,
    "SUPPLIES_USED": 0.2141941487789154,
    "treatment": 0.12147925049066544
}