{
    "age": 0.02465061843395233,
    "tagged": 0.018773118034005165,
    "visited": 0.0289110466837883,
    "unvisited_count": 0.021221434697508812,
    "environment_type": 0.02045828476548195,
    "questioning": 0.10466783493757248,
    "assessing": 0.17226403951644897,
    "tagging": 0.10375434160232544,
    "leaving": 0.2888917326927185,
    "One-Bounce Priority": 0.0803205668926239,
    "pPain": 0.016650279983878136,
    "pBrainInjury": 0.01588536985218525,
    "entropy": 0.017493978142738342,
    "WEIGHTED_RESOURCE_SCORE": 0.012471002526581287,
    "treatment": 0.04296550154685974,
    "category": 0.030620761215686798
}