{
    "age": 0.13784228265285492,
    "tagged": 0.16498923301696777,
    "visited": 0.014333763159811497,
    "conscious": 0.09207101911306381,
    "breathing": 0.02847169153392315,
    "injured_count": 0.006543218623846769,
    "environment_type": 0.001409052056260407,
    "questioning": 0.1376463919878006,
    "tagging": 0.04197196289896965,
    "category": 0.08927023410797119,
    "HRA Strategy.time-resources.take-the-best": 0.004471666179597378,
    "HRA Strategy.time-resources.one-bounce": 0.0025154082104563713,
    "HRA Strategy.time-risk_reward_ratio.take-the-best": 0.035647884011268616,
    "HRA Strategy.time-risk_reward_ratio.one-bounce": 0.0011035701027140021,
    "pAirwayBlocked": 0.003824383718892932,
    "entropy": 0.034842148423194885,
    "SEVERITY": 0.0348779670894146,
    "SUPPLIES_REMAINING": 0.025332115590572357,
    "AVERAGE_TIME_USED": 0.004256449174135923,
    "DAMAGE_PER_SECOND": 0.04466532915830612,
    "MEDSIM_P_DEATH": 0.013198179192841053,
    "MEDSIM_P_DEATH_ONE_MIN_LATER": 0.0014338141772896051,
    "WEIGHTED_RESOURCE_SCORE": 0.00678853178396821,
    "SMOL_MEDICAL_SOUNDNESS": 0.024958904832601547,
    "INFORMATION_GAINED": 0.012678824365139008,
    "treatment": 0.03485606983304024
}