{
    "directness_of_causality": 0.3325546681880951,
    "treating": 0.049368660897016525,
    "SEVERITY": 0.012640902772545815,
    "AVERAGE_TIME_USED": 0.6054357290267944
}