{
    "intent": 0.23573178052902222,
    "directness_of_causality": 0.07399044185876846,
    "treating": 0.40923359990119934,
    "SUPPLIES_USED": 0.11465314775705338,
    "SMOL_MEDICAL_SOUNDNESS": 0.16639107465744019
}