{
    "conscious": 0.06747593730688095,
    "breathing": 0.025296013802289963,
    "environment_type": 0.22060570120811462,
    "assessing": 0.24785013496875763,
    "tagging": 0.15004028379917145,
    "category": 0.027854062616825104,
    "Satisfactory Priority": 0.019177217036485672,
    "pPain": 0.016585972160100937,
    "pInternalBleeding": 0.021375784650444984,
    "entropy": 0.02703893557190895,
    "entropyDeath": 0.025101838633418083,
    "SEVERITY": 0.02557941898703575,
    "AVERAGE_TIME_USED": 0.04875756427645683,
    "MEDSIM_P_DEATH": 0.015414835885167122,
    "WEIGHTED_RESOURCE_SCORE": 0.02780808135867119,
    "treatment": 0.03403821960091591
}