{
    "injured_count": 0.06809800118207932,
    "treating": 0.6509623527526855,
    "pBrainInjury": 0.049499280750751495,
    "SUPPLIES_USED": 0.23144033551216125
}