{
    "tagged": 6.377216777764261e-05,
    "conscious": 0.004482735879719257,
    "breathing": 0.0293941181153059,
    "intent": 0.1671954095363617,
    "directness_of_causality": 0.0873481035232544,
    "aid_available": 0.10492440313100815,
    "treating": 0.18807293474674225,
    "HRA Strategy.time-resources.take-the-best": 0.0016918081091716886,
    "HRA Strategy.time-risk_reward_ratio.one-bounce": 9.351129119750112e-05,
    "HRA Strategy.resources-risk_reward_ratio.one-bounce": 0.00830948818475008,
    "HRA Strategy.resources-system.take-the-best": 0.014618947170674801,
    "HRA Strategy.risk_reward_ratio-system.one-bounce": 0.0010646013543009758,
    "HRA Strategy.time-resources-system.one-bounce": 0.0003955981519538909,
    "HRA Strategy.resources-risk_reward_ratio-system.one-bounce": 0.001580688520334661,
    "HRA Strategy.time-resources-risk_reward_ratio-system.one-bounce": 0.00024694655439816415,
    "Take-The-Best Priority": 0.0009683435200713575,
    "Satisfactory Priority": 0.0006168405525386333,
    "pPain": 0.000358692865120247,
    "pBrainInjury": 8.274610445369035e-05,
    "pAirwayBlocked": 0.00015462811279576272,
    "pInternalBleeding": 0.0064433361403644085,
    "pExternalBleeding": 7.655436638742685e-05,
    "entropyDeath": 0.0005453283083625138,
    "SEVERITY": 0.014884943142533302,
    "SUPPLIES_REMAINING": 0.0006278539658524096,
    "AVERAGE_TIME_USED": 0.013315035961568356,
    "SUPPLIES_USED": 0.1607845425605774,
    "SEVEREST_SEVERITY": 7.827847002772614e-05,
    "WEIGHTED_RESOURCE_SCORE": 0.0002871769538614899,
    "SMOL_MEDICAL_SOUNDNESS": 0.18942904472351074,
    "treatment": 0.0018635919550433755
}