{
    "age": 0.012635981664061546,
    "tagged": 0.06443095207214355,
    "visited": 0.005455643869936466,
    "breathing": 0.007244453299790621,
    "hrpmin": 0.01776391640305519,
    "injured_count": 0.05689867585897446,
    "environment_type": 0.01230217982083559,
    "questioning": 0.1957244724035263,
    "assessing": 0.18404141068458557,
    "tagging": 0.19748297333717346,
    "category": 0.012993057258427143,
    "HRA Strategy.time-risk_reward_ratio.take-the-best": 0.005778275430202484,
    "Satisfactory Priority": 0.017029084265232086,
    "One-Bounce Priority": 0.039994291961193085,
    "pPain": 0.006294506136327982,
    "pAirwayBlocked": 0.011056237854063511,
    "entropy": 0.006325931288301945,
    "SEVERITY": 0.004610575735569,
    "AVERAGE_TIME_USED": 0.0035139117389917374,
    "MEDSIM_P_DEATH": 0.0041550141759216785,
    "SMOL_MEDICAL_SOUNDNESS": 0.010764073580503464,
    "INFORMATION_GAINED": 0.08967834711074829,
    "treatment": 0.03382594883441925
}