{
    "age": 0.024848908185958862,
    "tagged": 0.035029757767915726,
    "visited": 0.002887134440243244,
    "conscious": 0.0005226624198257923,
    "breathing": 0.01732878014445305,
    "avpu": 0.005655369721353054,
    "injured_count": 0.10783658921718597,
    "environment_type": 0.044475287199020386,
    "questioning": 0.16066600382328033,
    "assessing": 0.17281386256217957,
    "treating": 0.0005888317245990038,
    "tagging": 0.19857478141784668,
    "category": 0.01665416918694973,
    "HRA Strategy.time-resources.take-the-best": 0.006665641907602549,
    "HRA Strategy.time-system.exhaustive": 0.021477127447724342,
    "HRA Strategy.resources-system.take-the-best": 0.0008907811134122312,
    "HRA Strategy.resources-system.exhaustive": 0.0006811441271565855,
    "Take-The-Best Priority": 0.002275110688060522,
    "Satisfactory Priority": 0.003286208724603057,
    "pDeath": 0.006236751098185778,
    "pPain": 0.007434515748172998,
    "pBrainInjury": 0.0024934476241469383,
    "pAirwayBlocked": 0.012605415657162666,
    "pExternalBleeding": 0.0010208762250840664,
    "entropy": 0.014976969920098782,
    "entropyDeath": 0.000875768018886447,
    "SEVERITY": 0.01762108877301216,
    "SUPPLIES_REMAINING": 0.001297874958254397,
    "AVERAGE_TIME_USED": 0.02299986220896244,
    "DAMAGE_PER_SECOND": 0.0036824417766183615,
    "MEDSIM_P_DEATH": 0.01885414682328701,
    "MEDSIM_P_DEATH_ONE_MIN_LATER": 0.0005793612799607217,
    "WEIGHTED_RESOURCE_SCORE": 0.01773441955447197,
    "SMOL_MEDICAL_SOUNDNESS": 0.010016251355409622,
    "INFORMATION_GAINED": 0.015011436305940151,
    "treatment": 0.02340126968920231
}