{
    "age": 0.009149530902504921,
    "tagged": 0.019813621416687965,
    "breathing": 0.008152362890541553,
    "unvisited_count": 0.006421886384487152,
    "injured_count": 0.021476775407791138,
    "questioning": 0.21881812810897827,
    "assessing": 0.21233035624027252,
    "tagging": 0.14509643614292145,
    "leaving": 0.22305287420749664,
    "Satisfactory Priority": 0.0070321401581168175,
    "One-Bounce Priority": 0.0357394739985466,
    "entropy": 0.005952809471637011,
    "AVERAGE_TIME_USED": 0.005646353121846914,
    "MEDSIM_P_DEATH": 0.006945380009710789,
    "INFORMATION_GAINED": 0.03384028375148773,
    "treatment": 0.03193758800625801,
    "category": 0.008593972772359848
}