{
    "age": 0.005963950417935848,
    "tagged": 0.0402551032602787,
    "visited": 0.0027470116037875414,
    "conscious": 0.0011180330766364932,
    "breathing": 0.00724372360855341,
    "hrpmin": 0.0035432358272373676,
    "avpu": 0.0022508089896291494,
    "unvisited_count": 0.010515836998820305,
    "injured_count": 0.01461105514317751,
    "environment_type": 0.0010568652069196105,
    "questioning": 0.1978667676448822,
    "assessing": 0.15738818049430847,
    "tagging": 0.18800240755081177,
    "leaving": 0.16683295369148254,
    "HRA Strategy.time-resources.take-the-best": 0.0016172189498320222,
    "HRA Strategy.resources-system.take-the-best": 0.0009502073517069221,
    "Take-The-Best Priority": 0.009774692356586456,
    "Satisfactory Priority": 0.006668696645647287,
    "One-Bounce Priority": 0.024668976664543152,
    "pDeath": 0.002792641054838896,
    "pPain": 0.006461882032454014,
    "pBrainInjury": 0.0016631496837362647,
    "pAirwayBlocked": 0.0047442796640098095,
    "pInternalBleeding": 0.004454704467207193,
    "pExternalBleeding": 0.009431554935872555,
    "entropy": 0.006087534595280886,
    "entropyDeath": 0.007570185698568821,
    "SEVERITY": 0.0021403315477073193,
    "AVERAGE_TIME_USED": 0.0032167439348995686,
    "DAMAGE_PER_SECOND": 0.0006127941887825727,
    "MEDSIM_P_DEATH": 0.012902150861918926,
    "MEDSIM_P_DEATH_ONE_MIN_LATER": 0.000508612603880465,
    "SEVERITY_CHANGE": 0.000761871924623847,
    "SEVEREST_SEVERITY": 0.0026101148687303066,
    "WEIGHTED_RESOURCE_SCORE": 0.0023085721768438816,
    "SMOL_MEDICAL_SOUNDNESS": 0.006883067544549704,
    "INFORMATION_GAINED": 0.037709616124629974,
    "treatment": 0.036522507667541504,
    "category": 0.00754189258441329
}