{
    "age": 0.006418940611183643,
    "tagged": 0.03432827442884445,
    "visited": 0.0020278070587664843,
    "conscious": 0.0018854419467970729,
    "breathing": 0.007214341778308153,
    "hrpmin": 0.0012914265971630812,
    "avpu": 0.0029817873146384954,
    "unvisited_count": 0.01251468900591135,
    "injured_count": 0.011332599446177483,
    "environment_type": 0.0010512365261092782,
    "questioning": 0.18541352450847626,
    "assessing": 0.14831815659999847,
    "treating": 0.0006886029150336981,
    "tagging": 0.2209099382162094,
    "leaving": 0.1898033171892166,
    "HRA Strategy.time-resources.take-the-best": 0.0027577218133956194,
    "HRA Strategy.time-resources.one-bounce": 0.00015128082304727286,
    "HRA Strategy.time-system.exhaustive": 0.0006423551240004599,
    "HRA Strategy.time-system.one-bounce": 0.002077446784824133,
    "HRA Strategy.resources-risk_reward_ratio.take-the-best": 0.0001515460025984794,
    "HRA Strategy.resources-system.take-the-best": 0.0007356631103903055,
    "HRA Strategy.resources-system.exhaustive": 0.0006029061623848975,
    "Take-The-Best Priority": 0.0004044964152853936,
    "Satisfactory Priority": 0.0018523057224228978,
    "One-Bounce Priority": 0.01958002895116806,
    "pDeath": 0.002954961033537984,
    "pPain": 0.004472697619348764,
    "pBrainInjury": 0.005160171072930098,
    "pAirwayBlocked": 0.00446102861315012,
    "pInternalBleeding": 0.007040716242045164,
    "pExternalBleeding": 0.019834443926811218,
    "entropy": 0.00920034758746624,
    "entropyDeath": 0.007139950059354305,
    "SEVERITY": 0.0024706856347620487,
    "SUPPLIES_REMAINING": 0.0007353039109148085,
    "AVERAGE_TIME_USED": 0.003226896282285452,
    "DAMAGE_PER_SECOND": 0.0004934741882607341,
    "MEDSIM_P_DEATH": 0.01381085067987442,
    "MEDSIM_P_DEATH_ONE_MIN_LATER": 0.0024402595590800047,
    "SEVERITY_CHANGE": 0.001066301017999649,
    "SEVEREST_SEVERITY": 0.005158909596502781,
    "SEVEREST_SEVERITY_CHANGE": 0.0003857263654936105,
    "WEIGHTED_RESOURCE_SCORE": 0.001827325439080596,
    "INFORMATION_GAINED": 0.007084410171955824,
    "treatment": 0.03800344839692116,
    "category": 0.007896278984844685
}