{
    "age": 0.012413326650857925,
    "tagged": 0.04231239855289459,
    "visited": 0.004937280435115099,
    "conscious": 0.014727792702615261,
    "breathing": 0.012783651240170002,
    "hrpmin": 0.009906682185828686,
    "avpu": 0.001375493942759931,
    "unvisited_count": 0.009899974800646305,
    "injured_count": 0.01013972144573927,
    "environment_type": 0.0052048154175281525,
    "questioning": 0.10616866499185562,
    "assessing": 0.14423254132270813,
    "treating": 0.00017549456970300525,
    "tagging": 0.26618316769599915,
    "leaving": 0.10663119703531265,
    "category": 0.00762583315372467,
    "HRA Strategy.time-resources.take-the-best": 0.0056200819090008736,
    "HRA Strategy.time-resources.one-bounce": 0.00029943985282443464,
    "HRA Strategy.time-system.exhaustive": 0.0012981184991076589,
    "HRA Strategy.time-system.one-bounce": 0.000337175588356331,
    "HRA Strategy.resources-system.take-the-best": 0.00021196278976276517,
    "HRA Strategy.resources-system.exhaustive": 0.006193531211465597,
    "HRA Strategy.risk_reward_ratio-system.exhaustive": 0.0002551245270296931,
    "Satisfactory Priority": 0.00375439808703959,
    "One-Bounce Priority": 0.010757792741060257,
    "pDeath": 0.01378975436091423,
    "pPain": 0.00383124896325171,
    "pBrainInjury": 0.00921799335628748,
    "pAirwayBlocked": 0.002513525076210499,
    "pInternalBleeding": 0.01835833303630352,
    "pExternalBleeding": 0.008696956560015678,
    "entropy": 0.007279558107256889,
    "entropyDeath": 0.018418792635202408,
    "SEVERITY": 0.004757388960570097,
    "SUPPLIES_REMAINING": 0.001599597162567079,
    "AVERAGE_TIME_USED": 0.004014488309621811,
    "DAMAGE_PER_SECOND": 0.0022901827469468117,
    "MEDSIM_P_DEATH": 0.02348514087498188,
    "MEDSIM_P_DEATH_ONE_MIN_LATER": 0.01144918892532587,
    "SEVERITY_CHANGE": 0.0004093517200089991,
    "SEVEREST_SEVERITY": 0.0008295789011754096,
    "SEVEREST_SEVERITY_CHANGE": 0.00019059426267631352,
    "WEIGHTED_RESOURCE_SCORE": 0.008014081045985222,
    "SMOL_MEDICAL_SOUNDNESS": 0.0038794162683188915,
    "INFORMATION_GAINED": 0.03537459298968315,
    "treatment": 0.038154587149620056
}