{
    "tagged": 6.067941285436973e-05,
    "conscious": 0.01376346219331026,
    "mental_status": 0.0001845833903644234,
    "breathing": 0.03884926810860634,
    "avpu": 4.044805609737523e-05,
    "intent": 0.028097009286284447,
    "directness_of_causality": 0.17090784013271332,
    "aid_available": 0.15217125415802002,
    "treating": 0.2267877608537674,
    "HRA Strategy.time-risk_reward_ratio.one-bounce": 0.0007184091955423355,
    "HRA Strategy.resources-risk_reward_ratio.one-bounce": 0.01134317647665739,
    "HRA Strategy.risk_reward_ratio-system.one-bounce": 0.0011499468237161636,
    "HRA Strategy.resources-risk_reward_ratio-system.one-bounce": 0.000774755550082773,
    "HRA Strategy.time-resources-risk_reward_ratio-system.one-bounce": 0.0003192093572579324,
    "Take-The-Best Priority": 0.0004401463665999472,
    "Satisfactory Priority": 0.0007558122742921114,
    "pDeath": 0.0001456169120501727,
    "pPain": 3.187863694620319e-05,
    "pBrainInjury": 0.00044317240826785564,
    "pAirwayBlocked": 0.00014976863167248666,
    "pInternalBleeding": 0.0002044274879153818,
    "entropyDeath": 0.00482857134193182,
    "SEVERITY": 0.050909049808979034,
    "SUPPLIES_REMAINING": 0.001225150190293789,
    "AVERAGE_TIME_USED": 0.009070047177374363,
    "DAMAGE_PER_SECOND": 0.00037464514025487006,
    "SEVERITY_CHANGE": 9.58876553340815e-05,
    "SUPPLIES_USED": 0.18699802458286285,
    "SEVEREST_SEVERITY": 0.09708082675933838,
    "SEVEREST_SEVERITY_CHANGE": 0.00029265042394399643,
    "WEIGHTED_RESOURCE_SCORE": 0.00015638944751117378,
    "SMOL_MEDICAL_SOUNDNESS": 0.0010774435941129923,
    "treatment": 0.0005526512977667153
}