{
    "age": 0.007152209989726543,
    "tagged": 0.03370704501867294,
    "visited": 0.003103475086390972,
    "conscious": 0.0009576922748237848,
    "breathing": 0.006729843560606241,
    "hrpmin": 0.003089379286393523,
    "avpu": 0.0029100405517965555,
    "unvisited_count": 0.012371629476547241,
    "injured_count": 0.014016535133123398,
    "environment_type": 0.0012360599357634783,
    "questioning": 0.1744270771741867,
    "assessing": 0.15890692174434662,
    "treating": 0.0005764079396612942,
    "tagging": 0.21380363404750824,
    "leaving": 0.16428951919078827,
    "treatment": 0.03211062774062157,
    "HRA Strategy.time-resources.take-the-best": 0.0024044697638601065,
    "HRA Strategy.time-resources.one-bounce": 0.00026505300775170326,
    "HRA Strategy.time-system.exhaustive": 0.0005839649820700288,
    "HRA Strategy.time-system.tallying": 0.0004609872121363878,
    "HRA Strategy.time-system.one-bounce": 0.0016320740105584264,
    "HRA Strategy.resources-risk_reward_ratio.take-the-best": 3.9370272133965045e-05,
    "HRA Strategy.resources-system.take-the-best": 0.001318607246503234,
    "HRA Strategy.resources-system.exhaustive": 0.0004962254897691309,
    "HRA Strategy.risk_reward_ratio-system.exhaustive": 0.0012360633118078113,
    "Take-The-Best Priority": 0.00017484246927779168,
    "Satisfactory Priority": 0.005364199634641409,
    "One-Bounce Priority": 0.02377496100962162,
    "pDeath": 0.0034023320768028498,
    "pPain": 0.005850282497704029,
    "pBrainInjury": 0.0025935303419828415,
    "pAirwayBlocked": 0.004698494449257851,
    "pInternalBleeding": 0.0061785695143043995,
    "pExternalBleeding": 0.009706290438771248,
    "entropy": 0.010105469264090061,
    "entropyDeath": 0.006427235435694456,
    "SEVERITY": 0.00233756797388196,
    "SUPPLIES_REMAINING": 0.0007280068821273744,
    "AVERAGE_TIME_USED": 0.0016614801716059446,
    "DAMAGE_PER_SECOND": 0.0012938964646309614,
    "MEDSIM_P_DEATH": 0.021025603637099266,
    "MEDSIM_P_DEATH_ONE_MIN_LATER": 0.0024605493526905775,
    "SEVERITY_CHANGE": 0.0022605161648243666,
    "SEVEREST_SEVERITY": 0.0038837422616779804,
    "SEVEREST_SEVERITY_CHANGE": 0.00022006883227732033,
    "WEIGHTED_RESOURCE_SCORE": 0.0016765391919761896,
    "SMOL_MEDICAL_SOUNDNESS": 0.000995416077785194,
    "INFORMATION_GAINED": 0.036319050937891006,
    "category": 0.009036466479301453
}