{
    "age": 0.0119294049218297,
    "tagged": 0.04053206369280815,
    "visited": 0.005744141526520252,
    "conscious": 0.0010707651963457465,
    "breathing": 0.007277136668562889,
    "hrpmin": 0.018287833780050278,
    "avpu": 0.003319131676107645,
    "unvisited_count": 0.006929994560778141,
    "injured_count": 0.00530898617580533,
    "others_tagged_or_uninjured": 0.0006394243682734668,
    "environment_type": 0.0049211205914616585,
    "questioning": 0.23314473032951355,
    "assessing": 0.1986890733242035,
    "tagging": 0.22300106287002563,
    "leaving": 0.006314592901617289,
    "HRA Strategy.time-resources.take-the-best": 0.005253494717180729,
    "HRA Strategy.time-resources.one-bounce": 0.00022480754705611616,
    "HRA Strategy.time-system.exhaustive": 0.0008043014095164835,
    "HRA Strategy.time-system.tallying": 0.010511421598494053,
    "HRA Strategy.resources-risk_reward_ratio.take-the-best": 0.0007783963228575885,
    "HRA Strategy.resources-system.take-the-best": 0.0006517233559861779,
    "Satisfactory Priority": 0.003813693532720208,
    "One-Bounce Priority": 0.017075903713703156,
    "pDeath": 0.004144119564443827,
    "pPain": 0.004869002848863602,
    "pBrainInjury": 0.006733575835824013,
    "pAirwayBlocked": 0.004026523791253567,
    "pInternalBleeding": 0.008182895369827747,
    "pExternalBleeding": 0.007533708121627569,
    "entropy": 0.008563452400267124,
    "entropyDeath": 0.021418511867523193,
    "SEVERITY": 0.007584351114928722,
    "SUPPLIES_REMAINING": 0.0006657292833551764,
    "AVERAGE_TIME_USED": 0.009373720735311508,
    "DAMAGE_PER_SECOND": 0.0016868318198248744,
    "MEDSIM_P_DEATH": 0.006994853727519512,
    "MEDSIM_P_DEATH_ONE_MIN_LATER": 0.00045746032265014946,
    "SEVERITY_CHANGE": 0.0027048701886087656,
    "SEVEREST_SEVERITY": 0.0011568801710382104,
    "WEIGHTED_RESOURCE_SCORE": 0.0024639335460960865,
    "SMOL_MEDICAL_SOUNDNESS": 0.008083404041826725,
    "INFORMATION_GAINED": 0.052320122718811035,
    "treatment": 0.02659776248037815,
    "category": 0.008215129375457764
}