{
    "age": 0.007950887084007263,
    "tagged": 0.023907296359539032,
    "breathing": 0.025106679648160934,
    "hrpmin": 0.012326902709901333,
    "environment_type": 0.010016307234764099,
    "questioning": 0.16232432425022125,
    "assessing": 0.24768184125423431,
    "tagging": 0.14099864661693573,
    "leaving": 0.2470404952764511,
    "treatment": 0.0197584331035614,
    "pDeath": 0.009086758829653263,
    "pPain": 0.006521767470985651,
    "pInternalBleeding": 0.007996756583452225,
    "entropyDeath": 0.015323715284466743,
    "INFORMATION_GAINED": 0.04961223900318146,
    "category": 0.01434688363224268
}