{
    "age": 0.014196444302797318,
    "tagged": 0.09106051921844482,
    "visited": 0.010888926684856415,
    "unvisited_count": 0.021432314068078995,
    "injured_count": 0.018708350136876106,
    "environment_type": 0.007796875201165676,
    "questioning": 0.23980602622032166,
    "assessing": 0.3178401589393616,
    "tagging": 0.019620204344391823,
    "leaving": 0.07835355401039124,
    "treatment": 0.056583501398563385,
    "HRA Strategy.time-risk_reward_ratio.take-the-best": 0.009006370790302753,
    "One-Bounce Priority": 0.02110445313155651,
    "pExternalBleeding": 0.0068788351491093636,
    "MEDSIM_P_DEATH_ONE_MIN_LATER": 0.029438566416502,
    "SEVEREST_SEVERITY": 0.018886951729655266,
    "WEIGHTED_RESOURCE_SCORE": 0.009814920835196972,
    "INFORMATION_GAINED": 0.01186765544116497,
    "category": 0.016715334728360176
}