{
    "age": 0.13552327454090118,
    "tagged": 0.11801014840602875,
    "conscious": 0.1949187070131302,
    "breathing": 0.026153305545449257,
    "environment_type": 0.034289367496967316,
    "tagging": 0.03523074835538864,
    "category": 0.029704706743359566,
    "HRA Strategy.time-resources.take-the-best": 0.002545319264754653,
    "HRA Strategy.time-system.one-bounce": 0.0020456097554415464,
    "One-Bounce Priority": 0.01631796360015869,
    "pDeath": 0.05488636717200279,
    "pPain": 0.008822396397590637,
    "pBrainInjury": 0.005894764792174101,
    "entropyDeath": 0.003602739190682769,
    "SEVERITY": 0.04151521250605583,
    "SUPPLIES_REMAINING": 0.005786804016679525,
    "AVERAGE_TIME_USED": 0.06576009839773178,
    "DAMAGE_PER_SECOND": 0.13194122910499573,
    "MEDSIM_P_DEATH": 0.010351778008043766,
    "MEDSIM_P_DEATH_ONE_MIN_LATER": 0.006636353209614754,
    "SMOL_MEDICAL_SOUNDNESS": 0.03310053050518036,
    "treatment": 0.036962591111660004
}