{
    "tagged": 0.016665367409586906,
    "questioning": 0.31328317523002625,
    "assessing": 0.30382728576660156,
    "tagging": 0.12070748209953308,
    "leaving": 0.13525430858135223,
    "One-Bounce Priority": 0.030248144641518593,
    "INFORMATION_GAINED": 0.035597603768110275,
    "treatment": 0.026685142889618874,
    "category": 0.01773148775100708
}