{
    "age": 0.009888549335300922,
    "tagged": 0.006665556225925684,
    "visited": 0.0012985066277906299,
    "conscious": 0.004412595182657242,
    "breathing": 0.01622345857322216,
    "hrpmin": 0.01831776648759842,
    "avpu": 0.016295887529850006,
    "unvisited_count": 0.03704505413770676,
    "injured_count": 0.027602436020970345,
    "others_tagged_or_uninjured": 0.0022337946575134993,
    "environment_type": 0.005768471397459507,
    "questioning": 0.19118306040763855,
    "assessing": 0.17965437471866608,
    "tagging": 0.2827663719654083,
    "category": 0.0049612815491855145,
    "HRA Strategy.time-resources.take-the-best": 0.004464694298803806,
    "HRA Strategy.time-risk_reward_ratio.take-the-best": 0.0021248445846140385,
    "HRA Strategy.time-system.exhaustive": 9.365574805997312e-05,
    "HRA Strategy.time-system.one-bounce": 0.0004334254772402346,
    "HRA Strategy.resources-risk_reward_ratio.take-the-best": 0.0002854368358384818,
    "HRA Strategy.resources-risk_reward_ratio.one-bounce": 5.2863764722133055e-05,
    "HRA Strategy.resources-system.take-the-best": 0.0003850237699225545,
    "HRA Strategy.resources-system.exhaustive": 0.00030442746356129646,
    "HRA Strategy.risk_reward_ratio-system.exhaustive": 6.658180791419e-05,
    "HRA Strategy.time-resources-system.exhaustive": 0.0016750579234212637,
    "Satisfactory Priority": 0.004008910618722439,
    "One-Bounce Priority": 0.020368797704577446,
    "pDeath": 0.008506535552442074,
    "pPain": 0.008437223732471466,
    "pBrainInjury": 0.0016744992462918162,
    "pAirwayBlocked": 0.003722365479916334,
    "pInternalBleeding": 0.0012279851362109184,
    "pExternalBleeding": 0.0012401689309626818,
    "entropy": 0.020106684416532516,
    "entropyDeath": 0.0013915513409301639,
    "SEVERITY": 0.00545780872926116,
    "SUPPLIES_REMAINING": 0.0005078117828816175,
    "AVERAGE_TIME_USED": 0.021251598373055458,
    "DAMAGE_PER_SECOND": 0.0007075470057316124,
    "MEDSIM_P_DEATH": 0.02412646822631359,
    "MEDSIM_P_DEATH_ONE_MIN_LATER": 0.0010398210724815726,
    "SEVEREST_SEVERITY": 0.0003578391915652901,
    "SEVEREST_SEVERITY_CHANGE": 0.0011123617878183722,
    "WEIGHTED_RESOURCE_SCORE": 0.002158096060156822,
    "SMOL_MEDICAL_SOUNDNESS": 0.0040743388235569,
    "INFORMATION_GAINED": 0.00719942944124341,
    "treatment": 0.047118980437517166
}