{
    "treating": 0.7556911706924438,
    "SMOL_MEDICAL_SOUNDNESS": 0.24430884420871735
}