{
    "questioning": 0.25430312752723694,
    "assessing": 0.30624446272850037,
    "tagging": 0.05563797429203987,
    "leaving": 0.2843955457210541,
    "One-Bounce Priority": 0.034425754100084305,
    "INFORMATION_GAINED": 0.027916185557842255,
    "treatment": 0.0370769128203392
}