{
    "mental_status": 0.001687142881564796,
    "breathing": 0.25652652978897095,
    "hrpmin": 0.0005419588414952159,
    "intent": 0.0011298519093543291,
    "directness_of_causality": 0.19338208436965942,
    "unvisited_count": 0.0011544519802555442,
    "aid_available": 0.012471554800868034,
    "treating": 0.2952675521373749,
    "HRA Strategy.time-resources.take-the-best": 0.0069648502394557,
    "HRA Strategy.time-resources.one-bounce": 0.004947231616824865,
    "HRA Strategy.resources-risk_reward_ratio.one-bounce": 0.011522631160914898,
    "HRA Strategy.resources-system.take-the-best": 0.0189641285687685,
    "HRA Strategy.risk_reward_ratio-system.one-bounce": 0.0015263360692188144,
    "HRA Strategy.time-resources-risk_reward_ratio.one-bounce": 0.0002809365978464484,
    "HRA Strategy.time-resources-system.one-bounce": 0.000218877918086946,
    "HRA Strategy.resources-risk_reward_ratio-system.one-bounce": 0.001367974909953773,
    "Take-The-Best Priority": 0.001786270528100431,
    "Satisfactory Priority": 0.0011428996222093701,
    "pDeath": 9.188507829094306e-05,
    "pPain": 8.938128303270787e-05,
    "pBrainInjury": 0.002066178945824504,
    "entropy": 0.0003366371965967119,
    "entropyDeath": 0.040258169174194336,
    "SEVERITY": 0.037577662616968155,
    "SUPPLIES_REMAINING": 0.0008842467796057463,
    "AVERAGE_TIME_USED": 0.005302091129124165,
    "SUPPLIES_USED": 0.09653837233781815,
    "SEVEREST_SEVERITY": 0.004759855568408966,
    "WEIGHTED_RESOURCE_SCORE": 0.0003306909347884357,
    "treatment": 0.0008814985048957169
}