{
    "mental_status": 0.016249584034085274,
    "avpu": 0.00268948869779706,
    "intent": 0.03571257367730141,
    "directness_of_causality": 0.19882303476333618,
    "aid_available": 0.13946329057216644,
    "treating": 0.2233588695526123,
    "HRA Strategy.time-resources.take-the-best": 0.006103321444243193,
    "HRA Strategy.time-resources.one-bounce": 0.00042944509186781943,
    "HRA Strategy.time-risk_reward_ratio.take-the-best": 0.0007846310618333519,
    "HRA Strategy.resources-system.take-the-best": 0.0002702578785829246,
    "HRA Strategy.risk_reward_ratio-system.one-bounce": 0.0012048068456351757,
    "HRA Strategy.time-resources-system.tallying": 0.0014798815827816725,
    "HRA Strategy.time-resources-system.one-bounce": 0.0006828581099398434,
    "HRA Strategy.resources-risk_reward_ratio-system.one-bounce": 0.001150065683759749,
    "HRA Strategy.time-resources-risk_reward_ratio-system.one-bounce": 0.0003028328937944025,
    "Take-The-Best Priority": 0.0020521495025604963,
    "Satisfactory Priority": 0.0022912856657058,
    "pPain": 0.0005889622843824327,
    "pBrainInjury": 0.00099997129291296,
    "entropyDeath": 0.0002807174751069397,
    "SEVERITY": 0.006636831909418106,
    "SUPPLIES_REMAINING": 0.0018202567007392645,
    "AVERAGE_TIME_USED": 0.008664202876389027,
    "MEDSIM_P_DEATH": 0.00018420119886286557,
    "SUPPLIES_USED": 0.2078273892402649,
    "WEIGHTED_RESOURCE_SCORE": 0.0003546408552210778,
    "SMOL_MEDICAL_SOUNDNESS": 0.12254174798727036,
    "treatment": 0.017052749171853065
}