{
    "tagged": 4.011999408248812e-05,
    "conscious": 0.01508620847016573,
    "breathing": 0.00021483648743014783,
    "hrpmin": 0.0029277740977704525,
    "intent": 0.19034892320632935,
    "directness_of_causality": 0.16424943506717682,
    "aid_available": 0.12486575543880463,
    "treating": 0.20524625480175018,
    "HRA Strategy.risk_reward_ratio-system.one-bounce": 0.0013027236564084888,
    "HRA Strategy.time-resources-system.one-bounce": 0.00045033430797047913,
    "HRA Strategy.resources-risk_reward_ratio-system.one-bounce": 0.0010460390476509929,
    "HRA Strategy.time-resources-risk_reward_ratio-system.one-bounce": 0.0003726635768543929,
    "pPain": 2.1664311134372838e-05,
    "pBrainInjury": 2.9121812985977158e-05,
    "pAirwayBlocked": 0.0001732799573801458,
    "pInternalBleeding": 2.646725442900788e-05,
    "pExternalBleeding": 0.0004786690988112241,
    "entropy": 1.987986615858972e-05,
    "SEVERITY": 0.009793943725526333,
    "SUPPLIES_REMAINING": 0.0008467744919471443,
    "AVERAGE_TIME_USED": 0.01834835298359394,
    "DAMAGE_PER_SECOND": 0.00014698071754537523,
    "SEVERITY_CHANGE": 0.00036623558844439685,
    "SUPPLIES_USED": 0.18427354097366333,
    "SEVEREST_SEVERITY": 5.5966636864468455e-05,
    "WEIGHTED_RESOURCE_SCORE": 0.000505373755004257,
    "SMOL_MEDICAL_SOUNDNESS": 0.0777265876531601,
    "treatment": 0.0010360624874010682
}