{
    "tagged": 0.006859490182250738,
    "directness_of_causality": 0.2295902520418167,
    "treating": 0.4227909445762634,
    "treatment": 0.0018488105852156878,
    "HRA Strategy.time-resources.take-the-best": 0.30563458800315857,
    "HRA Strategy.time-resources-system.one-bounce": 0.009574253112077713,
    "Satisfactory Priority": 0.0017315379809588194,
    "pDeath": 1.7581186284587602e-06,
    "pBrainInjury": 0.01669563539326191,
    "SEVERITY": 0.00014989040209911764,
    "AVERAGE_TIME_USED": 0.0008892469923011959,
    "DAMAGE_PER_SECOND": 0.0009459518478251994,
    "SEVERITY_CHANGE": 0.00014227112114895135,
    "SEVEREST_SEVERITY": 2.2198846636456437e-05,
    "WEIGHTED_RESOURCE_SCORE": 0.0031230971217155457
}