{
    "questioning": 0.39732348918914795,
    "assessing": 0.6026764512062073
}