{
    "age": 0.009655334055423737,
    "tagged": 0.007241733372211456,
    "visited": 0.002744072349742055,
    "conscious": 0.001740765175782144,
    "breathing": 0.01498706266283989,
    "hrpmin": 0.0153436828404665,
    "avpu": 0.002857011975720525,
    "environment_type": 0.0025636698119342327,
    "questioning": 0.2491377890110016,
    "assessing": 0.2387745976448059,
    "tagging": 0.22625242173671722,
    "category": 0.01048597227782011,
    "HRA Strategy.time-risk_reward_ratio.take-the-best": 0.00358966295607388,
    "One-Bounce Priority": 0.019071554765105247,
    "pDeath": 0.0036789183504879475,
    "pPain": 0.007887933403253555,
    "pBrainInjury": 0.008710308000445366,
    "pInternalBleeding": 0.003965023905038834,
    "pExternalBleeding": 0.003781156847253442,
    "entropy": 0.040596287697553635,
    "entropyDeath": 0.01993933692574501,
    "SEVERITY": 0.01055860985070467,
    "AVERAGE_TIME_USED": 0.004553467966616154,
    "DAMAGE_PER_SECOND": 0.002031697193160653,
    "MEDSIM_P_DEATH": 0.001807588734664023,
    "WEIGHTED_RESOURCE_SCORE": 0.004537433385848999,
    "SMOL_MEDICAL_SOUNDNESS": 0.007326856255531311,
    "INFORMATION_GAINED": 0.013233551755547523,
    "treatment": 0.06294651329517365
}