{
    "aid_available": 0.05008937045931816,
    "treating": 0.07923514395952225,
    "SEVERITY": 0.02896556816995144,
    "AVERAGE_TIME_USED": 0.07494068145751953,
    "SUPPLIES_USED": 0.03375062718987465,
    "SMOL_MEDICAL_SOUNDNESS": 0.48826250433921814,
    "conscious": 0.0059870160184800625,
    "intent": 0.07846132665872574,
    "treatment": 0.06676476448774338,
    "directness_of_causality": 0.09354304522275925
}