{
    "tagged": 0.010352268815040588,
    "breathing": 0.005565280094742775,
    "hrpmin": 0.024008745327591896,
    "questioning": 0.35157448053359985,
    "assessing": 0.24479970335960388,
    "tagging": 0.1433017998933792,
    "category": 0.012949910014867783,
    "One-Bounce Priority": 0.030683567747473717,
    "pPain": 0.007640567142516375,
    "pBrainInjury": 0.008352366276085377,
    "pExternalBleeding": 0.007324443198740482,
    "entropy": 0.02919556014239788,
    "entropyDeath": 0.02045704610645771,
    "SEVERITY": 0.011002540588378906,
    "INFORMATION_GAINED": 0.04517003148794174,
    "treatment": 0.04762166738510132
}