{
    "age": 0.0072378190234303474,
    "tagged": 0.035056471824645996,
    "visited": 0.0024496857076883316,
    "conscious": 0.0006647500558756292,
    "breathing": 0.004096373450011015,
    "hrpmin": 0.0032585314474999905,
    "avpu": 0.0037378256674855947,
    "unvisited_count": 0.007062326651066542,
    "injured_count": 0.010109353810548782,
    "environment_type": 0.0010831981198862195,
    "questioning": 0.18304343521595,
    "assessing": 0.14648526906967163,
    "tagging": 0.16023294627666473,
    "leaving": 0.2834440767765045,
    "HRA Strategy.time-resources.take-the-best": 0.0014408009592443705,
    "HRA Strategy.time-system.exhaustive": 0.0016947018448263407,
    "HRA Strategy.resources-system.take-the-best": 0.0008035062928684056,
    "HRA Strategy.resources-system.exhaustive": 0.003263314487412572,
    "Satisfactory Priority": 0.0025777951814234257,
    "One-Bounce Priority": 0.025451991707086563,
    "pDeath": 0.0029863009694963694,
    "pPain": 0.0055507998913526535,
    "pBrainInjury": 0.0010578492656350136,
    "pAirwayBlocked": 0.006826554425060749,
    "pInternalBleeding": 0.004737561568617821,
    "pExternalBleeding": 0.010096115060150623,
    "entropy": 0.008351310156285763,
    "entropyDeath": 0.0016485603991895914,
    "SEVERITY": 0.0019159459043294191,
    "AVERAGE_TIME_USED": 0.005050363019108772,
    "MEDSIM_P_DEATH": 0.0033599117305129766,
    "MEDSIM_P_DEATH_ONE_MIN_LATER": 0.0015262094093486667,
    "SEVEREST_SEVERITY": 0.001400267006829381,
    "WEIGHTED_RESOURCE_SCORE": 0.002513382351025939,
    "SMOL_MEDICAL_SOUNDNESS": 0.002556005259975791,
    "INFORMATION_GAINED": 0.017706582322716713,
    "treatment": 0.032666221261024475,
    "category": 0.006855786312371492
}