{
    "intent": 0.028166089206933975,
    "directness_of_causality": 0.1911669820547104,
    "aid_available": 0.14488935470581055,
    "treating": 0.2658928632736206,
    "HRA Strategy.time-risk_reward_ratio.one-bounce": 0.00030573064577765763,
    "HRA Strategy.risk_reward_ratio-system.one-bounce": 0.001552104251459241,
    "HRA Strategy.resources-risk_reward_ratio-system.one-bounce": 0.001228119945153594,
    "HRA Strategy.time-resources-risk_reward_ratio-system.one-bounce": 0.0004477095208130777,
    "Take-The-Best Priority": 0.0006220338982529938,
    "Satisfactory Priority": 0.0010863407514989376,
    "pBrainInjury": 0.0026414128951728344,
    "pInternalBleeding": 0.0007251566275954247,
    "SUPPLIES_REMAINING": 0.0008077691309154034,
    "AVERAGE_TIME_USED": 0.020901208743453026,
    "SUPPLIES_USED": 0.2467140108346939,
    "SMOL_MEDICAL_SOUNDNESS": 0.09209160506725311,
    "treatment": 0.0007614566711708903
}