{
    "age": 0.0383492112159729,
    "tagged": 0.2842544615268707,
    "hrpmin": 0.08367415517568588,
    "injured_count": 0.06126833334565163,
    "environment_type": 0.019784534350037575,
    "category": 0.022088320925831795,
    "HRA Strategy.time-resources.take-the-best": 0.015280262567102909,
    "One-Bounce Priority": 0.04233941063284874,
    "pDeath": 0.011957170441746712,
    "pAirwayBlocked": 0.00575529970228672,
    "pInternalBleeding": 0.02329966425895691,
    "pExternalBleeding": 0.04265158995985985,
    "entropy": 0.03421271592378616,
    "entropyDeath": 0.01512907724827528,
    "SEVERITY": 0.013303137384355068,
    "AVERAGE_TIME_USED": 0.11327464133501053,
    "DAMAGE_PER_SECOND": 0.007514717523008585,
    "MEDSIM_P_DEATH_ONE_MIN_LATER": 0.006202516611665487,
    "SEVEREST_SEVERITY": 0.011006474494934082,
    "SMOL_MEDICAL_SOUNDNESS": 0.03568194806575775,
    "treatment": 0.11297231167554855
}