age,tagged,visited,relationship,breathing,hrpmin,avpu,unvisited_count,injured_count,environment_type,questioning,assessing,tagging,leaving,HRA Strategy.time-resources.take-the-best,HRA Strategy.time-risk_reward_ratio.take-the-best,pDeath,pPain,pBrainInjury,pAirwayBlocked,pInternalBleeding,pExternalBleeding,entropy,entropyDeath,SEVERITY,SUPPLIES_REMAINING,AVERAGE_TIME_USED,MEDSIM_P_DEATH,MEDSIM_P_DEATH_ONE_MIN_LATER,SEVEREST_SEVERITY_CHANGE,treatment,category
0.1372278779745102,0.06060801446437836,0.0030971569940447807,0.09586790204048157,0.020241720601916313,0.006649190094321966,0.00566657492890954,0.004008145537227392,0.026996713131666183,0.004104450345039368,0.08821117132902145,0.17660336196422577,0.0640287846326828,0.12447606772184372,0.0018419959815219045,0.0017704253550618887,0.009698795154690742,0.013332651928067207,0.005036614835262299,0.010384239256381989,0.006271501537412405,0.009951921179890633,0.014682571403682232,0.009616333991289139,0.002148546278476715,0.01945861056447029,0.0048555638641119,0.01066854503005743,0.0018875085515901446,0.003054003929719329,0.0423554964363575,0.015197578817605972
