{
    "conscious": 0.03520389273762703,
    "intent": 0.07064379006624222,
    "directness_of_causality": 0.12596175074577332,
    "aid_available": 0.17154915630817413,
    "treating": 0.29532498121261597,
    "Take-The-Best Priority": 0.008734837174415588,
    "SEVERITY": 0.010540710762143135,
    "AVERAGE_TIME_USED": 0.00584419397637248,
    "SUPPLIES_USED": 0.2761966586112976
}