{
    "intent": 0.19635117053985596,
    "treating": 0.14724494516849518,
    "SEVERITY": 0.05200711265206337,
    "AVERAGE_TIME_USED": 0.151529461145401,
    "DAMAGE_PER_SECOND": 0.032838474959135056,
    "SMOL_MEDICAL_SOUNDNESS": 0.42002883553504944
}