conscious,intent,directness_of_causality,aid_available,treating,HRA Strategy.time-risk_reward_ratio.one-bounce,HRA Strategy.risk_reward_ratio-system.one-bounce,HRA Strategy.time-resources-risk_reward_ratio-system.one-bounce,Take-The-Best Priority,Satisfactory Priority,entropyDeath,SEVERITY,SUPPLIES_REMAINING,AVERAGE_TIME_USED,MEDSIM_P_DEATH,SUPPLIES_USED,SMOL_MEDICAL_SOUNDNESS,treatment
7.331834058277309e-05,0.0345243401825428,0.18145497143268585,0.17832645773887634,0.28858649730682373,0.0006640137289650738,0.0012232109438627958,0.000451539468485862,0.0005053494242019951,0.0004563323745969683,0.000708468840457499,0.00027611933182924986,0.1075994148850441,0.006463758181780577,7.576184725621715e-05,0.19791996479034424,0.00033522327430546284,0.00035523175029084086
