{
    "tagged": 0.034367360174655914,
    "mental_status": 0.012798945419490337,
    "intent": 0.41917189955711365,
    "directness_of_causality": 0.155099019408226,
    "treating": 0.3355344533920288,
    "HRA Strategy.resources-system.take-the-best": 0.004711414687335491,
    "HRA Strategy.risk_reward_ratio-system.one-bounce": 0.004399527795612812,
    "HRA Strategy.time-resources-system.one-bounce": 0.0058191386051476,
    "Take-The-Best Priority": 0.011680727824568748,
    "Satisfactory Priority": 0.015867454931139946,
    "AVERAGE_TIME_USED": 0.0005499608814716339
}