{
    "tagged": 0.014499478042125702,
    "injured_count": 0.02181941457092762,
    "questioning": 0.2511085867881775,
    "assessing": 0.36640262603759766,
    "tagging": 0.05192292854189873,
    "leaving": 0.22495782375335693,
    "One-Bounce Priority": 0.025886863470077515,
    "INFORMATION_GAINED": 0.01811409741640091,
    "treatment": 0.025288227945566177
}