{
    "age": 0.005056117661297321,
    "tagged": 0.03481489419937134,
    "visited": 0.0018644692609086633,
    "conscious": 0.0010285882744938135,
    "breathing": 0.005606488324701786,
    "hrpmin": 0.005881180986762047,
    "avpu": 0.0025497886817902327,
    "unvisited_count": 0.011736519634723663,
    "injured_count": 0.01090234611183405,
    "environment_type": 0.0009522573091089725,
    "questioning": 0.19126781821250916,
    "assessing": 0.1677505373954773,
    "treating": 0.0014095969963818789,
    "tagging": 0.2154318392276764,
    "leaving": 0.16769838333129883,
    "HRA Strategy.time-resources.take-the-best": 0.003729238174855709,
    "HRA Strategy.time-resources.one-bounce": 0.00021628312242683023,
    "HRA Strategy.time-system.exhaustive": 0.0015002317959442735,
    "HRA Strategy.time-system.one-bounce": 0.0011537562822923064,
    "HRA Strategy.resources-system.take-the-best": 0.0006438862183131278,
    "HRA Strategy.resources-system.exhaustive": 0.000541618384886533,
    "Satisfactory Priority": 0.0060264188796281815,
    "One-Bounce Priority": 0.017429836094379425,
    "pDeath": 0.003856524359434843,
    "pPain": 0.0038956066127866507,
    "pBrainInjury": 0.006784537341445684,
    "pAirwayBlocked": 0.005327081307768822,
    "pInternalBleeding": 0.005697760730981827,
    "pExternalBleeding": 0.00706018041819334,
    "entropy": 0.013457867316901684,
    "entropyDeath": 0.006321817170828581,
    "SEVERITY": 0.00284804729744792,
    "SUPPLIES_REMAINING": 0.0007249328773468733,
    "AVERAGE_TIME_USED": 0.003859669668599963,
    "DAMAGE_PER_SECOND": 0.0003541847981978208,
    "MEDSIM_P_DEATH": 0.01718037761747837,
    "MEDSIM_P_DEATH_ONE_MIN_LATER": 0.0035269835498183966,
    "SEVERITY_CHANGE": 0.0006416919641196728,
    "SEVEREST_SEVERITY": 0.0035917286295443773,
    "WEIGHTED_RESOURCE_SCORE": 0.0032360416371375322,
    "SMOL_MEDICAL_SOUNDNESS": 0.0010058684274554253,
    "INFORMATION_GAINED": 0.011793655343353748,
    "treatment": 0.03620721399784088,
    "category": 0.007436065468937159
}