{
    "intent": 0.020228790119290352,
    "directness_of_causality": 0.17672517895698547,
    "aid_available": 0.21171940863132477,
    "treating": 0.31940028071403503,
    "SUPPLIES_REMAINING": 0.012742276303470135,
    "SUPPLIES_USED": 0.17897014319896698,
    "SEVEREST_SEVERITY_CHANGE": 0.06255564838647842,
    "SMOL_MEDICAL_SOUNDNESS": 0.017658302560448647
}