{
    "directness_of_causality": 0.1585322916507721,
    "treating": 0.760772705078125,
    "entropy": 0.08069507032632828
}