{
    "intent": 0.15904588997364044,
    "directness_of_causality": 0.08490603417158127,
    "aid_available": 0.1241760328412056,
    "treating": 0.24343451857566833,
    "treatment": 0.10171017050743103,
    "HRA Strategy.time-resources.take-the-best": 0.007541937287896872,
    "Take-The-Best Priority": 0.0024279027711600065,
    "SEVERITY": 0.021492816507816315,
    "SUPPLIES_REMAINING": 0.0042602019384503365,
    "AVERAGE_TIME_USED": 0.02269386127591133,
    "SUPPLIES_USED": 0.2107745260000229,
    "SEVEREST_SEVERITY": 0.01753612607717514
}