{
    "age": 0.13856400549411774,
    "tagged": 0.06416656076908112,
    "visited": 0.0029322453774511814,
    "relationship": 0.082559734582901,
    "conscious": 0.0009648736449889839,
    "breathing": 0.021864939481019974,
    "hrpmin": 0.0020262119360268116,
    "avpu": 0.005408182740211487,
    "unvisited_count": 0.0036767644342035055,
    "injured_count": 0.027328336611390114,
    "environment_type": 0.003899585222825408,
    "questioning": 0.0883096307516098,
    "assessing": 0.1736387461423874,
    "tagging": 0.07775567471981049,
    "leaving": 0.11364810168743134,
    "HRA Strategy.time-resources.take-the-best": 0.00203571654856205,
    "HRA Strategy.time-risk_reward_ratio.take-the-best": 0.0016670231707394123,
    "HRA Strategy.time-system.exhaustive": 0.0022697148378938437,
    "HRA Strategy.time-system.tallying": 0.0011976363603025675,
    "HRA Strategy.time-system.one-bounce": 0.0021795518696308136,
    "HRA Strategy.resources-risk_reward_ratio.take-the-best": 0.0003873622335959226,
    "HRA Strategy.resources-system.take-the-best": 0.0007990575977601111,
    "HRA Strategy.resources-system.exhaustive": 0.00463463319465518,
    "HRA Strategy.risk_reward_ratio-system.exhaustive": 0.0003232578164897859,
    "HRA Strategy.time-resources-system.exhaustive": 0.000731847423594445,
    "HRA Strategy.time-risk_reward_ratio-system.one-bounce": 0.0009136706939898431,
    "HRA Strategy.resources-risk_reward_ratio-system.exhaustive": 0.0004057918849866837,
    "Satisfactory Priority": 0.00026514980709180236,
    "One-Bounce Priority": 0.0015083393082022667,
    "pDeath": 0.008412165567278862,
    "pPain": 0.014587785117328167,
    "pBrainInjury": 0.0058401478454470634,
    "pAirwayBlocked": 0.009948564693331718,
    "pInternalBleeding": 0.0052230991423130035,
    "pExternalBleeding": 0.011057224124670029,
    "entropy": 0.013212917372584343,
    "entropyDeath": 0.008258209563791752,
    "SEVERITY": 0.002580412896350026,
    "SUPPLIES_REMAINING": 0.017949609085917473,
    "AVERAGE_TIME_USED": 0.003937464207410812,
    "DAMAGE_PER_SECOND": 0.0014188725035637617,
    "MEDSIM_P_DEATH": 0.007359503302723169,
    "MEDSIM_P_DEATH_ONE_MIN_LATER": 0.0029257615096867085,
    "SEVERITY_CHANGE": 0.0014777830801904202,
    "SEVEREST_SEVERITY": 0.0010531962616369128,
    "SEVEREST_SEVERITY_CHANGE": 0.0012780760880559683,
    "WEIGHTED_RESOURCE_SCORE": 0.0012522066244855523,
    "SMOL_MEDICAL_SOUNDNESS": 0.0013947074767202139,
    "INFORMATION_GAINED": 0.0008577132830396295,
    "treatment": 0.0402105376124382,
    "category": 0.013701715506613255
}