age,tagged,visited,relationship,conscious,breathing,hrpmin,avpu,unvisited_count,injured_count,environment_type,questioning,assessing,tagging,leaving,HRA Strategy.time-resources.take-the-best,HRA Strategy.time-risk_reward_ratio.take-the-best,HRA Strategy.time-system.exhaustive,HRA Strategy.time-system.tallying,HRA Strategy.time-system.one-bounce,HRA Strategy.resources-risk_reward_ratio.take-the-best,HRA Strategy.resources-system.take-the-best,HRA Strategy.resources-system.exhaustive,HRA Strategy.risk_reward_ratio-system.exhaustive,HRA Strategy.time-resources-system.exhaustive,HRA Strategy.time-risk_reward_ratio-system.one-bounce,HRA Strategy.resources-risk_reward_ratio-system.exhaustive,Satisfactory Priority,One-Bounce Priority,pDeath,pPain,pBrainInjury,pAirwayBlocked,pInternalBleeding,pExternalBleeding,entropy,entropyDeath,SEVERITY,SUPPLIES_REMAINING,AVERAGE_TIME_USED,DAMAGE_PER_SECOND,MEDSIM_P_DEATH,MEDSIM_P_DEATH_ONE_MIN_LATER,SEVERITY_CHANGE,SEVEREST_SEVERITY,SEVEREST_SEVERITY_CHANGE,WEIGHTED_RESOURCE_SCORE,SMOL_MEDICAL_SOUNDNESS,INFORMATION_GAINED,treatment,category
0.13856400549411774,0.06416656076908112,0.0029322453774511814,0.082559734582901,0.0009648736449889839,0.021864939481019974,0.0020262119360268116,0.005408182740211487,0.0036767644342035055,0.027328336611390114,0.003899585222825408,0.0883096307516098,0.1736387461423874,0.07775567471981049,0.11364810168743134,0.00203571654856205,0.0016670231707394123,0.0022697148378938437,0.0011976363603025675,0.0021795518696308136,0.0003873622335959226,0.0007990575977601111,0.00463463319465518,0.0003232578164897859,0.000731847423594445,0.0009136706939898431,0.0004057918849866837,0.00026514980709180236,0.0015083393082022667,0.008412165567278862,0.014587785117328167,0.0058401478454470634,0.009948564693331718,0.0052230991423130035,0.011057224124670029,0.013212917372584343,0.008258209563791752,0.002580412896350026,0.017949609085917473,0.003937464207410812,0.0014188725035637617,0.007359503302723169,0.0029257615096867085,0.0014777830801904202,0.0010531962616369128,0.0012780760880559683,0.0012522066244855523,0.0013947074767202139,0.0008577132830396295,0.0402105376124382,0.013701715506613255
