{
    "tagged": 0.020741181448101997,
    "injured_count": 0.01931362971663475,
    "questioning": 0.24874247610569,
    "assessing": 0.3269605338573456,
    "tagging": 0.12381282448768616,
    "leaving": 0.14886155724525452,
    "One-Bounce Priority": 0.028499824926257133,
    "pPain": 0.006266906391829252,
    "entropyDeath": 0.005941768642514944,
    "INFORMATION_GAINED": 0.030336463823914528,
    "treatment": 0.0301007479429245,
    "category": 0.01042204536497593
}