{
    "tagged": 0.02155952714383602,
    "breathing": 0.006326770875602961,
    "injured_count": 0.024064786732196808,
    "questioning": 0.23603522777557373,
    "assessing": 0.2949061393737793,
    "tagging": 0.15693095326423645,
    "leaving": 0.13483241200447083,
    "One-Bounce Priority": 0.029728826135396957,
    "pPain": 0.006047967355698347,
    "pBrainInjury": 0.004952149000018835,
    "pAirwayBlocked": 0.004815923515707254,
    "entropyDeath": 0.007704069372266531,
    "INFORMATION_GAINED": 0.03140152618288994,
    "treatment": 0.030658841133117676,
    "category": 0.010034875012934208
}