{
    "conscious": 0.0007080427021719515,
    "mental_status": 0.00024852241040207446,
    "breathing": 0.09638860821723938,
    "intent": 0.02552884630858898,
    "directness_of_causality": 0.20003138482570648,
    "aid_available": 0.1112561821937561,
    "treating": 0.2350703775882721,
    "HRA Strategy.time-resources.take-the-best": 0.0016622893745079637,
    "HRA Strategy.time-risk_reward_ratio.one-bounce": 0.0028508079703897238,
    "HRA Strategy.resources-risk_reward_ratio.one-bounce": 0.03261123225092888,
    "HRA Strategy.resources-system.take-the-best": 0.025988930836319923,
    "HRA Strategy.risk_reward_ratio-system.one-bounce": 0.0013201908441260457,
    "HRA Strategy.time-resources-system.one-bounce": 0.0006351319025270641,
    "HRA Strategy.resources-risk_reward_ratio-system.one-bounce": 0.0010845698416233063,
    "HRA Strategy.time-resources-risk_reward_ratio-system.one-bounce": 0.0003021458105649799,
    "Take-The-Best Priority": 0.0014032134786248207,
    "One-Bounce Priority": 0.0005813230527564883,
    "pDeath": 0.05847415700554848,
    "pPain": 0.0004020688065793365,
    "pAirwayBlocked": 0.0007953182212077081,
    "entropy": 0.0006723465048708022,
    "entropyDeath": 0.005566480103880167,
    "SEVERITY": 0.006941283121705055,
    "SUPPLIES_REMAINING": 0.027062594890594482,
    "AVERAGE_TIME_USED": 0.004028524737805128,
    "SUPPLIES_USED": 0.15594691038131714,
    "WEIGHTED_RESOURCE_SCORE": 0.0005710488185286522,
    "treatment": 0.001867415034212172
}