{
    "breathing": 0.06458599120378494,
    "intent": 0.36221587657928467,
    "directness_of_causality": 0.07022162526845932,
    "treating": 0.5029765963554382
}