{
    "tagged": 0.001510068541392684,
    "conscious": 0.0011460211826488376,
    "mental_status": 0.0006770441541448236,
    "breathing": 0.028135569766163826,
    "hrpmin": 0.00028438647859729826,
    "avpu": 0.000978784984908998,
    "intent": 0.12988953292369843,
    "directness_of_causality": 0.07481838762760162,
    "injured_count": 0.0012642651563510299,
    "aid_available": 0.007975165732204914,
    "treating": 0.2198709398508072,
    "HRA Strategy.time-resources.take-the-best": 0.004038075916469097,
    "HRA Strategy.time-resources.one-bounce": 0.020325645804405212,
    "HRA Strategy.time-risk_reward_ratio.one-bounce": 0.002358699683099985,
    "HRA Strategy.resources-risk_reward_ratio.one-bounce": 0.028061609715223312,
    "HRA Strategy.resources-system.take-the-best": 0.017611978575587273,
    "HRA Strategy.risk_reward_ratio-system.one-bounce": 0.0011784007074311376,
    "HRA Strategy.time-resources-system.one-bounce": 0.0004953680327162147,
    "HRA Strategy.resources-risk_reward_ratio-system.one-bounce": 0.0007690834463573992,
    "Take-The-Best Priority": 0.0013975793262943625,
    "pPain": 0.00037298520328477025,
    "pBrainInjury": 0.07304240763187408,
    "entropyDeath": 0.0040219430811703205,
    "SEVERITY": 0.0009571208502165973,
    "AVERAGE_TIME_USED": 0.025027669966220856,
    "SUPPLIES_USED": 0.04026177525520325,
    "WEIGHTED_RESOURCE_SCORE": 0.001827815780416131,
    "treatment": 0.3117016851902008
}