{
    "age": 0.009905196726322174,
    "tagged": 0.007909895852208138,
    "visited": 0.0056192465126514435,
    "conscious": 0.004134403076022863,
    "breathing": 0.018410904332995415,
    "hrpmin": 0.01700253039598465,
    "avpu": 0.019425513222813606,
    "unvisited_count": 0.025375135242938995,
    "injured_count": 0.02884102053940296,
    "environment_type": 0.005440472159534693,
    "questioning": 0.20258110761642456,
    "assessing": 0.2039976269006729,
    "tagging": 0.2683907747268677,
    "category": 0.005484805908054113,
    "HRA Strategy.time-resources.take-the-best": 0.0014087320305407047,
    "HRA Strategy.time-risk_reward_ratio.take-the-best": 0.0030808926094323397,
    "Satisfactory Priority": 0.002870638854801655,
    "One-Bounce Priority": 0.01833168976008892,
    "pDeath": 0.006524327676743269,
    "pPain": 0.007985486648976803,
    "pBrainInjury": 0.001851598615758121,
    "pAirwayBlocked": 0.002047080546617508,
    "pInternalBleeding": 0.0019662503618746996,
    "pExternalBleeding": 0.001000284100882709,
    "entropy": 0.01820920780301094,
    "entropyDeath": 0.0019745291210711002,
    "SEVERITY": 0.0036453460343182087,
    "AVERAGE_TIME_USED": 0.02118745446205139,
    "DAMAGE_PER_SECOND": 0.0017778107430785894,
    "MEDSIM_P_DEATH": 0.01832769624888897,
    "MEDSIM_P_DEATH_ONE_MIN_LATER": 0.0006969415699131787,
    "WEIGHTED_RESOURCE_SCORE": 0.0017354331212118268,
    "SMOL_MEDICAL_SOUNDNESS": 0.006125001236796379,
    "INFORMATION_GAINED": 0.008722706697881222,
    "treatment": 0.04801220819354057
}