{
    "age": 0.012993061915040016,
    "tagged": 0.028072746470570564,
    "visited": 0.0021407040767371655,
    "conscious": 0.004964601714164019,
    "breathing": 0.0075074899941682816,
    "avpu": 0.00875585526227951,
    "injured_count": 0.007690868806093931,
    "environment_type": 0.012704886496067047,
    "questioning": 0.1594383269548416,
    "assessing": 0.11681552976369858,
    "treating": 0.0005690698744729161,
    "tagging": 0.20993781089782715,
    "leaving": 0.27113211154937744,
    "category": 0.0041765314526855946,
    "HRA Strategy.time-resources.take-the-best": 0.003488011658191681,
    "HRA Strategy.time-resources.one-bounce": 0.0017507374286651611,
    "HRA Strategy.time-risk_reward_ratio.take-the-best": 0.0007901372155174613,
    "HRA Strategy.time-system.exhaustive": 2.458410381223075e-05,
    "HRA Strategy.time-system.one-bounce": 0.00045519002014771104,
    "HRA Strategy.resources-system.take-the-best": 0.0006561110494658351,
    "Satisfactory Priority": 0.009888744913041592,
    "One-Bounce Priority": 0.004497739486396313,
    "pDeath": 0.011785803362727165,
    "pPain": 0.005405577365309,
    "pBrainInjury": 0.01137477345764637,
    "pAirwayBlocked": 0.0005756142199970782,
    "pInternalBleeding": 0.009851598180830479,
    "pExternalBleeding": 0.004565687384456396,
    "entropy": 0.0043140496127307415,
    "entropyDeath": 0.003102045739069581,
    "SEVERITY": 0.005336826201528311,
    "SUPPLIES_REMAINING": 0.005228142254054546,
    "AVERAGE_TIME_USED": 0.008789506740868092,
    "DAMAGE_PER_SECOND": 0.004345662891864777,
    "MEDSIM_P_DEATH": 0.0025674132630228996,
    "MEDSIM_P_DEATH_ONE_MIN_LATER": 0.0071706087328493595,
    "SEVEREST_SEVERITY": 0.0003715263737831265,
    "SEVEREST_SEVERITY_CHANGE": 0.0025252390187233686,
    "WEIGHTED_RESOURCE_SCORE": 0.001215248485095799,
    "SMOL_MEDICAL_SOUNDNESS": 0.004400304984301329,
    "INFORMATION_GAINED": 0.007613069843500853,
    "treatment": 0.03101048432290554
}