{
    "aid_available": 0.21266232430934906,
    "treating": 0.5677791237831116,
    "SUPPLIES_USED": 0.21955853700637817
}