{
    "directness_of_causality": 0.10971784591674805,
    "aid_available": 0.1790398806333542,
    "treating": 0.4401392340660095,
    "SUPPLIES_USED": 0.24115602672100067,
    "treatment": 0.02994701825082302
}