{
    "tagged": 0.009478045627474785,
    "conscious": 0.0013943477533757687,
    "mental_status": 0.0013557069469243288,
    "breathing": 0.020297063514590263,
    "intent": 0.11555421352386475,
    "directness_of_causality": 0.0816207230091095,
    "aid_available": 0.01686851680278778,
    "treating": 0.1396733820438385,
    "HRA Strategy.time-resources.take-the-best": 0.0038620145060122013,
    "HRA Strategy.time-risk_reward_ratio.one-bounce": 0.025964414700865746,
    "HRA Strategy.resources-risk_reward_ratio.one-bounce": 0.0008469399181194603,
    "HRA Strategy.resources-system.take-the-best": 0.040364813059568405,
    "HRA Strategy.risk_reward_ratio-system.one-bounce": 0.001502853468991816,
    "HRA Strategy.time-resources-system.one-bounce": 0.0007620634860359132,
    "HRA Strategy.resources-risk_reward_ratio-system.one-bounce": 0.0014208151260390878,
    "HRA Strategy.time-resources-risk_reward_ratio-system.one-bounce": 0.0003892073000315577,
    "Take-The-Best Priority": 0.0008737569442018867,
    "pDeath": 0.0007261656573973596,
    "pInternalBleeding": 0.0933346375823021,
    "pExternalBleeding": 0.00038735990528948605,
    "entropy": 0.0007417666492983699,
    "SEVERITY": 0.06623665243387222,
    "AVERAGE_TIME_USED": 0.030060220509767532,
    "MEDSIM_P_DEATH": 0.0010117106139659882,
    "SUPPLIES_USED": 0.15083087980747223,
    "WEIGHTED_RESOURCE_SCORE": 0.00027613205020315945,
    "SMOL_MEDICAL_SOUNDNESS": 0.19356904923915863,
    "treatment": 0.0005965483724139631
}