{
    "age": 0.06274120509624481,
    "tagged": 0.11848410964012146,
    "visited": 0.02795270085334778,
    "conscious": 0.057091955095529556,
    "breathing": 0.04573784023523331,
    "hrpmin": 0.005501934792846441,
    "avpu": 0.005707610864192247,
    "environment_type": 0.005962066352367401,
    "questioning": 0.1476466953754425,
    "assessing": 0.14121456444263458,
    "treating": 0.0004611412587109953,
    "tagging": 0.04899231716990471,
    "HRA Strategy.time-resources.take-the-best": 0.013506418094038963,
    "HRA Strategy.time-system.exhaustive": 0.005883718375116587,
    "HRA Strategy.resources-system.take-the-best": 0.001156090060248971,
    "Take-The-Best Priority": 0.0015817885287106037,
    "pDeath": 0.010218944400548935,
    "pPain": 0.01567731238901615,
    "pBrainInjury": 0.00030044338200241327,
    "pAirwayBlocked": 0.03174804896116257,
    "pInternalBleeding": 0.0008889877935871482,
    "pExternalBleeding": 0.009486115537583828,
    "entropy": 0.009414101019501686,
    "SEVERITY": 0.00042921313433907926,
    "SUPPLIES_REMAINING": 0.001006663078442216,
    "AVERAGE_TIME_USED": 0.0303035918623209,
    "DAMAGE_PER_SECOND": 0.011878371238708496,
    "INFORMATION_GAINED": 0.012335389852523804,
    "treatment": 0.15516412258148193,
    "category": 0.021526427939534187
}