{
    "conscious": 0.0015284118708223104,
    "mental_status": 0.043773870915174484,
    "breathing": 0.12205933779478073,
    "intent": 0.38454872369766235,
    "directness_of_causality": 0.08885081857442856,
    "aid_available": 0.005958151072263718,
    "questioning": 0.014712516218423843,
    "treating": 0.16661334037780762,
    "HRA Strategy.risk_reward_ratio-system.one-bounce": 0.018068827688694,
    "HRA Strategy.resources-risk_reward_ratio-system.one-bounce": 0.010480346158146858,
    "pPain": 0.00011244290362810716,
    "entropy": 0.00012967387738171965,
    "SEVERITY": 0.03305821120738983,
    "SUPPLIES_REMAINING": 0.0030613329727202654,
    "AVERAGE_TIME_USED": 0.018554722890257835,
    "SEVERITY_CHANGE": 0.00011486888979561627,
    "SUPPLIES_USED": 0.05793185159564018,
    "SEVEREST_SEVERITY": 0.02435988001525402,
    "WEIGHTED_RESOURCE_SCORE": 0.0009301684913225472,
    "category": 0.004777558613568544,
    "treatment": 0.00037494904245249927
}