{
    "conscious": 0.0010637007653713226,
    "intent": 0.05065983906388283,
    "directness_of_causality": 0.1990966945886612,
    "aid_available": 0.190130352973938,
    "treating": 0.27891555428504944,
    "HRA Strategy.time-risk_reward_ratio.one-bounce": 0.000984241021797061,
    "HRA Strategy.resources-system.take-the-best": 0.0009334954083897173,
    "HRA Strategy.risk_reward_ratio-system.one-bounce": 0.0016256095841526985,
    "HRA Strategy.time-resources-risk_reward_ratio-system.one-bounce": 0.00031937292078509927,
    "Take-The-Best Priority": 0.00047032919246703386,
    "Satisfactory Priority": 0.0007291000219993293,
    "pBrainInjury": 0.00031679263338446617,
    "pInternalBleeding": 0.00021625831141136587,
    "entropyDeath": 0.0003411855723243207,
    "SEVERITY": 0.00023096913355402648,
    "SUPPLIES_REMAINING": 0.0011989038903266191,
    "AVERAGE_TIME_USED": 0.00863309483975172,
    "SUPPLIES_USED": 0.2625667154788971,
    "WEIGHTED_RESOURCE_SCORE": 0.0008703953353688121,
    "SMOL_MEDICAL_SOUNDNESS": 0.0002388213761150837,
    "treatment": 0.0004585502319969237
}