{
    "AVERAGE_TIME_USED": 0.3795178532600403,
    "SMOL_MEDICAL_SOUNDNESS": 0.6204820871353149
}