{
    "injured_count": 0.06960150599479675,
    "questioning": 0.3544286787509918,
    "assessing": 0.4238213896751404,
    "tagging": 0.060499586164951324,
    "treatment": 0.09164876490831375
}