{
    "age": 0.006948566995561123,
    "tagged": 0.024573268368840218,
    "visited": 0.002799222245812416,
    "breathing": 0.0055871568620204926,
    "hrpmin": 0.002933187410235405,
    "unvisited_count": 0.012070320546627045,
    "injured_count": 0.014472504146397114,
    "questioning": 0.19327975809574127,
    "assessing": 0.15370546281337738,
    "tagging": 0.11109308898448944,
    "leaving": 0.32145142555236816,
    "Satisfactory Priority": 0.003943640273064375,
    "One-Bounce Priority": 0.025326276198029518,
    "pDeath": 0.0018726210109889507,
    "pPain": 0.00503937341272831,
    "pBrainInjury": 0.0034809454809874296,
    "pAirwayBlocked": 0.004411656875163317,
    "pInternalBleeding": 0.006493974942713976,
    "pExternalBleeding": 0.010944000445306301,
    "entropy": 0.009503771550953388,
    "entropyDeath": 0.004869136959314346,
    "SEVERITY": 0.002067818073555827,
    "AVERAGE_TIME_USED": 0.0031422204338014126,
    "MEDSIM_P_DEATH": 0.007610040716826916,
    "SEVEREST_SEVERITY": 0.002360833575949073,
    "SMOL_MEDICAL_SOUNDNESS": 0.003663996234536171,
    "INFORMATION_GAINED": 0.018864860758185387,
    "treatment": 0.02994818612933159,
    "category": 0.0075427028350532055
}