{
    "tagged": 0.020177898928523064,
    "breathing": 0.021178394556045532,
    "questioning": 0.37169650197029114,
    "assessing": 0.37335726618766785,
    "tagging": 0.1462656706571579,
    "AVERAGE_TIME_USED": 0.023177843540906906,
    "treatment": 0.04414644092321396
}