{
    "age": 0.00824331771582365,
    "tagged": 0.017728276550769806,
    "breathing": 0.007035489194095135,
    "unvisited_count": 0.011893455870449543,
    "injured_count": 0.013892789371311665,
    "questioning": 0.21454569697380066,
    "assessing": 0.20908036828041077,
    "tagging": 0.14203864336013794,
    "leaving": 0.2567005455493927,
    "One-Bounce Priority": 0.028679294511675835,
    "pExternalBleeding": 0.005256486125290394,
    "entropy": 0.005921518430113792,
    "entropyDeath": 0.006288628093898296,
    "MEDSIM_P_DEATH": 0.006016948726028204,
    "INFORMATION_GAINED": 0.03072737716138363,
    "treatment": 0.026713509112596512,
    "category": 0.00923770759254694
}