{
    "conscious": 0.13086910545825958,
    "intent": 0.0783132016658783,
    "injured_count": 0.14203830063343048,
    "treating": 0.38433408737182617,
    "pBrainInjury": 0.12671692669391632,
    "SUPPLIES_USED": 0.1272158920764923,
    "HRA Strategy.time-risk_reward_ratio.one-bounce": 0.010512417182326317
}