age,tagged,visited,relationship,conscious,breathing,hrpmin,avpu,unvisited_count,injured_count,environment_type,questioning,assessing,tagging,leaving,HRA Strategy.time-resources.take-the-best,HRA Strategy.time-risk_reward_ratio.take-the-best,HRA Strategy.time-system.exhaustive,HRA Strategy.time-system.tallying,HRA Strategy.time-system.one-bounce,HRA Strategy.resources-risk_reward_ratio.take-the-best,HRA Strategy.resources-system.take-the-best,HRA Strategy.resources-system.exhaustive,HRA Strategy.risk_reward_ratio-system.exhaustive,HRA Strategy.time-resources-system.exhaustive,HRA Strategy.time-risk_reward_ratio-system.one-bounce,HRA Strategy.resources-risk_reward_ratio-system.take-the-best,HRA Strategy.resources-risk_reward_ratio-system.exhaustive,HRA Strategy.resources-risk_reward_ratio-system.one-bounce,Satisfactory Priority,One-Bounce Priority,pDeath,pPain,pBrainInjury,pAirwayBlocked,pInternalBleeding,pExternalBleeding,entropy,entropyDeath,SEVERITY,SUPPLIES_REMAINING,AVERAGE_TIME_USED,DAMAGE_PER_SECOND,MEDSIM_P_DEATH,MEDSIM_P_DEATH_ONE_MIN_LATER,SEVERITY_CHANGE,SEVEREST_SEVERITY,SEVEREST_SEVERITY_CHANGE,WEIGHTED_RESOURCE_SCORE,SMOL_MEDICAL_SOUNDNESS,INFORMATION_GAINED,treatment,category
0.13905777037143707,0.06270191818475723,0.0036525356117635965,0.0828552171587944,0.0009683123207651079,0.023619139567017555,0.0025269535835832357,0.005427022464573383,0.003785080509260297,0.026658229529857635,0.003972375299781561,0.08862520754337311,0.1742614358663559,0.0744943842291832,0.11405590921640396,0.0022278449032455683,0.0019381038146093488,0.002277692547068,0.0012019160203635693,0.0021873596124351025,0.0004135080089326948,0.001731986179947853,0.0046516177244484425,0.00026362400967627764,0.0007991166203282773,0.001776646706275642,0.0005233846604824066,0.00023266517382580787,0.00011988286132691428,0.0002528970071580261,0.0015135807916522026,0.009367684833705425,0.013636838644742966,0.00564724812284112,0.008893626742064953,0.005126696079969406,0.00985104963183403,0.012583326548337936,0.008409051224589348,0.0026444285176694393,0.01752595789730549,0.003529162844642997,0.001386158401146531,0.006956254132091999,0.0034094848670065403,0.0014854767359793186,0.0012411579955369234,0.0012744242558255792,0.0009159391047433019,0.001699651125818491,0.0008607114432379603,0.04105488583445549,0.013727380894124508
