{
    "age": 0.13905777037143707,
    "tagged": 0.06270191818475723,
    "visited": 0.0036525356117635965,
    "relationship": 0.0828552171587944,
    "conscious": 0.0009683123207651079,
    "breathing": 0.023619139567017555,
    "hrpmin": 0.0025269535835832357,
    "avpu": 0.005427022464573383,
    "unvisited_count": 0.003785080509260297,
    "injured_count": 0.026658229529857635,
    "environment_type": 0.003972375299781561,
    "questioning": 0.08862520754337311,
    "assessing": 0.1742614358663559,
    "tagging": 0.0744943842291832,
    "leaving": 0.11405590921640396,
    "HRA Strategy.time-resources.take-the-best": 0.0022278449032455683,
    "HRA Strategy.time-risk_reward_ratio.take-the-best": 0.0019381038146093488,
    "HRA Strategy.time-system.exhaustive": 0.002277692547068,
    "HRA Strategy.time-system.tallying": 0.0012019160203635693,
    "HRA Strategy.time-system.one-bounce": 0.0021873596124351025,
    "HRA Strategy.resources-risk_reward_ratio.take-the-best": 0.0004135080089326948,
    "HRA Strategy.resources-system.take-the-best": 0.001731986179947853,
    "HRA Strategy.resources-system.exhaustive": 0.0046516177244484425,
    "HRA Strategy.risk_reward_ratio-system.exhaustive": 0.00026362400967627764,
    "HRA Strategy.time-resources-system.exhaustive": 0.0007991166203282773,
    "HRA Strategy.time-risk_reward_ratio-system.one-bounce": 0.001776646706275642,
    "HRA Strategy.resources-risk_reward_ratio-system.take-the-best": 0.0005233846604824066,
    "HRA Strategy.resources-risk_reward_ratio-system.exhaustive": 0.00023266517382580787,
    "HRA Strategy.resources-risk_reward_ratio-system.one-bounce": 0.00011988286132691428,
    "Satisfactory Priority": 0.0002528970071580261,
    "One-Bounce Priority": 0.0015135807916522026,
    "pDeath": 0.009367684833705425,
    "pPain": 0.013636838644742966,
    "pBrainInjury": 0.00564724812284112,
    "pAirwayBlocked": 0.008893626742064953,
    "pInternalBleeding": 0.005126696079969406,
    "pExternalBleeding": 0.00985104963183403,
    "entropy": 0.012583326548337936,
    "entropyDeath": 0.008409051224589348,
    "SEVERITY": 0.0026444285176694393,
    "SUPPLIES_REMAINING": 0.01752595789730549,
    "AVERAGE_TIME_USED": 0.003529162844642997,
    "DAMAGE_PER_SECOND": 0.001386158401146531,
    "MEDSIM_P_DEATH": 0.006956254132091999,
    "MEDSIM_P_DEATH_ONE_MIN_LATER": 0.0034094848670065403,
    "SEVERITY_CHANGE": 0.0014854767359793186,
    "SEVEREST_SEVERITY": 0.0012411579955369234,
    "SEVEREST_SEVERITY_CHANGE": 0.0012744242558255792,
    "WEIGHTED_RESOURCE_SCORE": 0.0009159391047433019,
    "SMOL_MEDICAL_SOUNDNESS": 0.001699651125818491,
    "INFORMATION_GAINED": 0.0008607114432379603,
    "treatment": 0.04105488583445549,
    "category": 0.013727380894124508
}