{
    "age": 0.006005913019180298,
    "tagged": 0.029554829001426697,
    "breathing": 0.003438123967498541,
    "hrpmin": 0.004098947159945965,
    "unvisited_count": 0.0018287182319909334,
    "injured_count": 0.008657797239720821,
    "environment_type": 0.002011446049436927,
    "questioning": 0.13585017621517181,
    "assessing": 0.15307766199111938,
    "tagging": 0.21715375781059265,
    "leaving": 0.3397112190723419,
    "HRA Strategy.time-risk_reward_ratio.take-the-best": 0.0018320492235943675,
    "Satisfactory Priority": 0.0047969697043299675,
    "One-Bounce Priority": 0.016190433874726295,
    "pPain": 0.005993800703436136,
    "pBrainInjury": 0.001957668922841549,
    "pAirwayBlocked": 0.00350278546102345,
    "pInternalBleeding": 0.004182048141956329,
    "pExternalBleeding": 0.004851905163377523,
    "entropy": 0.009996852837502956,
    "AVERAGE_TIME_USED": 0.008977235294878483,
    "WEIGHTED_RESOURCE_SCORE": 0.0010248481994494796,
    "treatment": 0.02883806638419628,
    "category": 0.00646677240729332
}