{
    "age": 0.008601042442023754,
    "tagged": 0.032580938190221786,
    "conscious": 0.0023081297986209393,
    "breathing": 0.014910806901752949,
    "hrpmin": 0.01371996570378542,
    "avpu": 0.0015412250068038702,
    "unvisited_count": 0.0019291258649900556,
    "injured_count": 0.016096876934170723,
    "environment_type": 0.0036542487796396017,
    "questioning": 0.1100071370601654,
    "assessing": 0.1797439455986023,
    "treating": 0.0029176254756748676,
    "tagging": 0.1580064296722412,
    "leaving": 0.30784279108047485,
    "HRA Strategy.time-resources.take-the-best": 0.0043134610168635845,
    "HRA Strategy.time-system.exhaustive": 0.00020259634766262025,
    "HRA Strategy.resources-system.exhaustive": 0.0016073054866865277,
    "Satisfactory Priority": 0.002096497919410467,
    "One-Bounce Priority": 0.024971257895231247,
    "pDeath": 0.002463129349052906,
    "pPain": 0.00809294544160366,
    "pBrainInjury": 0.0013182121329009533,
    "pAirwayBlocked": 0.0065142004750669,
    "pInternalBleeding": 0.0027461641002446413,
    "pExternalBleeding": 0.0017249489901587367,
    "entropy": 0.00950650218874216,
    "entropyDeath": 0.005773406010121107,
    "SEVERITY": 0.0034698662348091602,
    "SUPPLIES_REMAINING": 0.0007342669414356351,
    "AVERAGE_TIME_USED": 0.001797385048121214,
    "DAMAGE_PER_SECOND": 0.002934057964012027,
    "MEDSIM_P_DEATH": 0.008019509725272655,
    "MEDSIM_P_DEATH_ONE_MIN_LATER": 0.002869352465495467,
    "SEVERITY_CHANGE": 0.0026140413247048855,
    "SEVEREST_SEVERITY_CHANGE": 0.004715721122920513,
    "WEIGHTED_RESOURCE_SCORE": 0.002679026685655117,
    "SMOL_MEDICAL_SOUNDNESS": 0.0036852287594228983,
    "INFORMATION_GAINED": 0.005863814614713192,
    "treatment": 0.029026586562395096,
    "category": 0.0064002592116594315
}