{
    "age": 0.004045404959470034,
    "tagged": 0.021555600687861443,
    "visited": 0.00038113835034891963,
    "conscious": 0.0012339234817773104,
    "breathing": 0.003783597843721509,
    "hrpmin": 0.0023796691093593836,
    "avpu": 0.0017732583219185472,
    "unvisited_count": 0.0028896138537675142,
    "injured_count": 0.0076258499175310135,
    "environment_type": 0.0018249189015477896,
    "questioning": 0.10114689916372299,
    "assessing": 0.12031207233667374,
    "treating": 0.00027627815143205225,
    "tagging": 0.12514878809452057,
    "leaving": 0.5061061978340149,
    "HRA Strategy.time-resources.take-the-best": 0.001449836534447968,
    "HRA Strategy.time-risk_reward_ratio.take-the-best": 0.0030509636271744967,
    "HRA Strategy.time-system.exhaustive": 0.0014956288505345583,
    "HRA Strategy.time-resources-system.exhaustive": 0.0003519323654472828,
    "Satisfactory Priority": 0.004536587744951248,
    "One-Bounce Priority": 0.009671454317867756,
    "pDeath": 0.0012481665471568704,
    "pPain": 0.007031918037682772,
    "pBrainInjury": 0.0022911124397069216,
    "pAirwayBlocked": 0.0035642776638269424,
    "pInternalBleeding": 0.0042079719714820385,
    "pExternalBleeding": 0.004392645321786404,
    "entropy": 0.010296515189111233,
    "entropyDeath": 0.0006446196930482984,
    "SEVERITY": 0.001551267341710627,
    "AVERAGE_TIME_USED": 0.005727049428969622,
    "MEDSIM_P_DEATH": 0.000804234528914094,
    "SEVEREST_SEVERITY": 0.0008186466875486076,
    "WEIGHTED_RESOURCE_SCORE": 0.001361842849291861,
    "INFORMATION_GAINED": 0.0025798387359827757,
    "treatment": 0.027597695589065552,
    "category": 0.004842677153646946
}