{
    "hrpmin": 0.02164345607161522,
    "intent": 0.1998957246541977,
    "directness_of_causality": 0.12823770940303802,
    "aid_available": 0.13662515580654144,
    "treating": 0.22361941635608673,
    "AVERAGE_TIME_USED": 0.051809120923280716,
    "SUPPLIES_USED": 0.19703882932662964,
    "treatment": 0.04113065078854561
}