{
    "tagged": 5.477848390000872e-05,
    "conscious": 0.0016690390184521675,
    "mental_status": 0.00037853492540307343,
    "breathing": 2.311721800651867e-05,
    "avpu": 0.00014663254842162132,
    "intent": 0.05562616139650345,
    "directness_of_causality": 0.22383394837379456,
    "aid_available": 0.1802464723587036,
    "treating": 0.27231305837631226,
    "HRA Strategy.time-risk_reward_ratio.one-bounce": 0.000934173003770411,
    "HRA Strategy.risk_reward_ratio-system.one-bounce": 0.0012709741713479161,
    "HRA Strategy.resources-risk_reward_ratio-system.one-bounce": 0.0009890195215120912,
    "HRA Strategy.time-resources-risk_reward_ratio-system.one-bounce": 0.0004116982745472342,
    "Take-The-Best Priority": 0.0007007374078966677,
    "Satisfactory Priority": 0.0007056797621771693,
    "One-Bounce Priority": 0.00021173169079702348,
    "pDeath": 6.697918433928862e-05,
    "pPain": 4.3498719605850056e-05,
    "pBrainInjury": 0.0005765765672549605,
    "pAirwayBlocked": 0.00022113257728051394,
    "pInternalBleeding": 0.000279310712357983,
    "pExternalBleeding": 2.4861437850631773e-05,
    "entropy": 5.220246293902164e-06,
    "entropyDeath": 0.0004932031151838601,
    "SEVERITY": 0.0011788982665166259,
    "SUPPLIES_REMAINING": 0.0010930923745036125,
    "AVERAGE_TIME_USED": 0.00021296989871188998,
    "DAMAGE_PER_SECOND": 0.0003440065192990005,
    "SEVERITY_CHANGE": 0.00012654643796849996,
    "SUPPLIES_USED": 0.25424838066101074,
    "SEVEREST_SEVERITY": 8.232131222030148e-05,
    "SEVEREST_SEVERITY_CHANGE": 0.00010958872735500336,
    "WEIGHTED_RESOURCE_SCORE": 0.00039846153231337667,
    "treatment": 0.0009791560005396605
}