{
    "aid_available": 0.22063186764717102,
    "treating": 0.5387810468673706,
    "SUPPLIES_USED": 0.24058707058429718
}