{
    "age": 0.0016998271457850933,
    "tagged": 0.04012506455183029,
    "conscious": 0.0007303892052732408,
    "breathing": 0.0038413447327911854,
    "hrpmin": 0.005001227371394634,
    "unvisited_count": 0.004544111900031567,
    "injured_count": 0.003694819053635001,
    "environment_type": 0.0028437504079192877,
    "questioning": 0.17415599524974823,
    "assessing": 0.15651696920394897,
    "treating": 0.00011684057244565338,
    "tagging": 0.19389478862285614,
    "leaving": 0.2606298327445984,
    "HRA Strategy.time-resources.take-the-best": 0.0026209198404103518,
    "HRA Strategy.resources-system.take-the-best": 0.0003604723315220326,
    "Satisfactory Priority": 0.0027654285077005625,
    "One-Bounce Priority": 0.019916338846087456,
    "pDeath": 0.0015971938846632838,
    "pPain": 0.008018299005925655,
    "pBrainInjury": 0.00022593374887946993,
    "pAirwayBlocked": 0.00045562247396446764,
    "pInternalBleeding": 0.00502392090857029,
    "pExternalBleeding": 0.014354155398905277,
    "entropy": 0.008669878356158733,
    "SEVERITY": 0.0012085138587281108,
    "AVERAGE_TIME_USED": 0.008639524690806866,
    "MEDSIM_P_DEATH": 0.007838889956474304,
    "MEDSIM_P_DEATH_ONE_MIN_LATER": 0.0015329086454585195,
    "WEIGHTED_RESOURCE_SCORE": 0.00248199375346303,
    "SMOL_MEDICAL_SOUNDNESS": 0.0010328704956918955,
    "INFORMATION_GAINED": 0.018469104543328285,
    "treatment": 0.040270715951919556,
    "category": 0.0067224642261862755
}