{
    "aid_available": 0.17909666895866394,
    "treating": 0.5912887454032898,
    "SUPPLIES_USED": 0.2296145260334015
}