{
    "age": 0.07514181733131409,
    "tagging": 0.45451104640960693,
    "SEVERITY": 0.057503897696733475,
    "DAMAGE_PER_SECOND": 0.05231073498725891,
    "SMOL_MEDICAL_SOUNDNESS": 0.11686226725578308,
    "treatment": 0.24367021024227142
}