{
    "conscious": 0.001061383169144392,
    "mental_status": 4.442495992407203e-05,
    "intent": 0.05472058802843094,
    "directness_of_causality": 0.19443528354167938,
    "aid_available": 0.18993723392486572,
    "treating": 0.2791479229927063,
    "HRA Strategy.time-risk_reward_ratio.one-bounce": 0.0008211912354454398,
    "HRA Strategy.resources-system.take-the-best": 0.0009404458687640727,
    "HRA Strategy.risk_reward_ratio-system.one-bounce": 0.0016350927762687206,
    "HRA Strategy.time-resources-risk_reward_ratio-system.one-bounce": 0.00029849892598576844,
    "Take-The-Best Priority": 0.00047937550698406994,
    "Satisfactory Priority": 0.0007257977267727256,
    "pDeath": 0.0001761599414749071,
    "pBrainInjury": 0.0003549828543327749,
    "pAirwayBlocked": 0.00015273386088665575,
    "pInternalBleeding": 0.00017058155208360404,
    "entropyDeath": 0.0005509193288162351,
    "SEVERITY": 0.000746681063901633,
    "SUPPLIES_REMAINING": 0.0012075669365003705,
    "AVERAGE_TIME_USED": 0.009142623282968998,
    "DAMAGE_PER_SECOND": 0.00041250279173254967,
    "SEVERITY_CHANGE": 5.708169919671491e-05,
    "SUPPLIES_USED": 0.26078298687934875,
    "SEVEREST_SEVERITY_CHANGE": 0.0012187098618596792,
    "WEIGHTED_RESOURCE_SCORE": 0.00023346056696027517,
    "treatment": 0.0005458244704641402
}