{
    "tagged": 0.12679770588874817,
    "conscious": 0.003652299288660288,
    "mental_status": 4.3607662519207224e-05,
    "breathing": 0.03759864345192909,
    "hrpmin": 0.0040432484820485115,
    "intent": 0.18370789289474487,
    "directness_of_causality": 0.08332108706235886,
    "treating": 0.18378674983978271,
    "HRA Strategy.time-resources.take-the-best": 0.010180067270994186,
    "HRA Strategy.risk_reward_ratio-system.one-bounce": 0.008203720673918724,
    "HRA Strategy.time-resources-system.exhaustive": 0.004906440153717995,
    "HRA Strategy.time-resources-system.tallying": 0.002499575261026621,
    "HRA Strategy.time-resources-system.one-bounce": 0.0022690235637128353,
    "pPain": 0.0018208419205620885,
    "pBrainInjury": 0.000902640400454402,
    "pInternalBleeding": 0.004754043649882078,
    "entropy": 0.0007730665383860469,
    "SEVERITY": 0.0010564973345026374,
    "AVERAGE_TIME_USED": 0.16556869447231293,
    "SEVERITY_CHANGE": 0.0001711591612547636,
    "SUPPLIES_USED": 0.009717229753732681,
    "SEVEREST_SEVERITY": 0.013227668590843678,
    "category": 0.007985695265233517,
    "treatment": 0.1430124193429947
}