{
    "age": 0.003109641605988145,
    "tagged": 0.05400970205664635,
    "visited": 0.0037876374553889036,
    "conscious": 0.0014082732377573848,
    "breathing": 0.012538934126496315,
    "avpu": 0.0016594314947724342,
    "unvisited_count": 0.006623039487749338,
    "environment_type": 0.002634927164763212,
    "questioning": 0.25987082719802856,
    "assessing": 0.28609731793403625,
    "tagging": 0.17942942678928375,
    "One-Bounce Priority": 0.014698825776576996,
    "pDeath": 0.008055418729782104,
    "pPain": 0.0063953036442399025,
    "pBrainInjury": 0.006004456430673599,
    "pAirwayBlocked": 0.004610403440892696,
    "pInternalBleeding": 0.016925828531384468,
    "pExternalBleeding": 0.006135191302746534,
    "entropy": 0.012675436213612556,
    "entropyDeath": 0.005879013333469629,
    "SEVERITY": 0.0018511967500671744,
    "AVERAGE_TIME_USED": 0.02825874835252762,
    "MEDSIM_P_DEATH": 0.007766490802168846,
    "WEIGHTED_RESOURCE_SCORE": 0.002686781110242009,
    "SMOL_MEDICAL_SOUNDNESS": 0.0019728485494852066,
    "INFORMATION_GAINED": 0.018267296254634857,
    "treatment": 0.039938297122716904,
    "category": 0.006709263194352388
}