{
    "assessing": 0.3178744316101074,
    "tagging": 0.4743058979511261,
    "HRA Strategy.time-resources.take-the-best": 0.03929753974080086,
    "Satisfactory Priority": 0.13737371563911438,
    "treatment": 0.031148431822657585
}