{
    "age": 0.006592084653675556,
    "tagged": 0.041777800768613815,
    "visited": 0.001953495666384697,
    "conscious": 0.001669171266257763,
    "breathing": 0.008037887513637543,
    "hrpmin": 0.001359835616312921,
    "avpu": 0.0029603224247694016,
    "unvisited_count": 0.012681160122156143,
    "injured_count": 0.011209288612008095,
    "environment_type": 0.001047507394105196,
    "questioning": 0.18803106248378754,
    "assessing": 0.15041205286979675,
    "treating": 0.0010127249406650662,
    "tagging": 0.2100442796945572,
    "leaving": 0.19248276948928833,
    "HRA Strategy.time-resources.take-the-best": 0.0020450816955417395,
    "HRA Strategy.time-system.exhaustive": 0.0022078254260122776,
    "HRA Strategy.time-system.one-bounce": 0.0021067745983600616,
    "HRA Strategy.resources-system.take-the-best": 0.0006218573544174433,
    "HRA Strategy.resources-system.exhaustive": 0.0005596543778665364,
    "Satisfactory Priority": 0.0033280274365097284,
    "One-Bounce Priority": 0.02039286121726036,
    "pDeath": 0.003170543583109975,
    "pPain": 0.0041618263348937035,
    "pBrainInjury": 0.00522888358682394,
    "pAirwayBlocked": 0.004491578321903944,
    "pInternalBleeding": 0.006951213348656893,
    "pExternalBleeding": 0.020114125683903694,
    "entropy": 0.009014833718538284,
    "entropyDeath": 0.007730874698609114,
    "SEVERITY": 0.002548776101320982,
    "SUPPLIES_REMAINING": 0.0007682355353608727,
    "AVERAGE_TIME_USED": 0.0038165831938385963,
    "MEDSIM_P_DEATH": 0.009683663956820965,
    "MEDSIM_P_DEATH_ONE_MIN_LATER": 0.001183641143143177,
    "SEVERITY_CHANGE": 0.0005467405426315963,
    "SEVEREST_SEVERITY": 0.005222256761044264,
    "WEIGHTED_RESOURCE_SCORE": 0.0020976609084755182,
    "INFORMATION_GAINED": 0.007184422574937344,
    "treatment": 0.03506650775671005,
    "category": 0.008484157733619213
}