{
    "tagged": 0.005456255748867989,
    "mental_status": 0.009404496289789677,
    "intent": 0.009264133870601654,
    "directness_of_causality": 0.09611795097589493,
    "others_tagged_or_uninjured": 0.12894229590892792,
    "aid_available": 0.1993139088153839,
    "treating": 0.17667295038700104,
    "Take-The-Best Priority": 0.007398649118840694,
    "pInternalBleeding": 0.015190052799880505,
    "DAMAGE_PER_SECOND": 0.02412785030901432,
    "MEDSIM_P_DEATH": 0.07083161920309067,
    "SUPPLIES_USED": 0.18118497729301453,
    "WEIGHTED_RESOURCE_SCORE": 0.009203784167766571,
    "SMOL_MEDICAL_SOUNDNESS": 0.06689108908176422
}