{
    "age": 0.1282126009464264,
    "tagged": 0.40349090099334717,
    "conscious": 0.023703550919890404,
    "environment_type": 0.035449232906103134,
    "category": 0.07741175591945648,
    "Satisfactory Priority": 0.01872492954134941,
    "SEVERITY": 0.016717489808797836,
    "AVERAGE_TIME_USED": 0.10838345438241959,
    "DAMAGE_PER_SECOND": 0.10078082978725433,
    "WEIGHTED_RESOURCE_SCORE": 0.04420773684978485,
    "treatment": 0.04291752353310585
}