{
    "tagged": 0.052230484783649445,
    "conscious": 0.10596636682748795,
    "mental_status": 0.009677731432020664,
    "breathing": 0.0411263182759285,
    "hrpmin": 0.0003479494771454483,
    "intent": 0.18858565390110016,
    "directness_of_causality": 0.11236989498138428,
    "aid_available": 0.000759010436013341,
    "treating": 0.16497953236103058,
    "HRA Strategy.time-resources.take-the-best": 0.006888154428452253,
    "HRA Strategy.time-risk_reward_ratio.one-bounce": 0.0007552881143055856,
    "HRA Strategy.risk_reward_ratio-system.one-bounce": 0.011207628063857555,
    "HRA Strategy.time-resources-system.tallying": 0.002107977168634534,
    "HRA Strategy.resources-risk_reward_ratio-system.one-bounce": 0.01616666093468666,
    "pPain": 0.0008174637332558632,
    "pBrainInjury": 0.005069810431450605,
    "pAirwayBlocked": 0.009775365702807903,
    "pInternalBleeding": 0.009497453458607197,
    "SEVERITY": 0.06250918656587601,
    "AVERAGE_TIME_USED": 0.07541961967945099,
    "DAMAGE_PER_SECOND": 6.32114170002751e-05,
    "SUPPLIES_USED": 0.07471052557229996,
    "SEVEREST_SEVERITY": 0.043999869376420975,
    "category": 0.0024557358119636774,
    "treatment": 0.0025130747817456722
}