{
    "intent": 0.13992254436016083,
    "aid_available": 0.1959911286830902,
    "treating": 0.52975994348526,
    "SUPPLIES_USED": 0.13432635366916656
}