{
    "assessing": 0.42303135991096497,
    "tagging": 0.5769686102867126
}