{
    "age": 0.08658205717802048,
    "tagged": 0.6051701307296753,
    "environment_type": 0.02631751261651516,
    "category": 0.01006440818309784,
    "One-Bounce Priority": 0.005926854908466339,
    "pDeath": 0.005383566953241825,
    "entropyDeath": 0.002917682519182563,
    "SEVERITY": 0.011814593337476254,
    "AVERAGE_TIME_USED": 0.06652189046144485,
    "MEDSIM_P_DEATH_ONE_MIN_LATER": 0.027611566707491875,
    "WEIGHTED_RESOURCE_SCORE": 0.06314121931791306,
    "SMOL_MEDICAL_SOUNDNESS": 0.010092147625982761,
    "treatment": 0.07845635712146759
}