{
    "questioning": 0.331836074590683,
    "assessing": 0.3667510747909546,
    "tagging": 0.09678009897470474,
    "leaving": 0.20463283360004425
}