{
    "tagged": 0.13701078295707703,
    "questioning": 0.31753480434417725,
    "assessing": 0.28686878085136414,
    "category": 0.034273356199264526,
    "HRA Strategy.time-resources.take-the-best": 0.025613050907850266,
    "HRA Strategy.time-system.one-bounce": 0.027257196605205536,
    "pDeath": 0.055202219635248184,
    "AVERAGE_TIME_USED": 0.02661910466849804,
    "INFORMATION_GAINED": 0.036577530205249786,
    "treatment": 0.05304311588406563
}