{
    "age": 0.12238608300685883,
    "tagged": 0.018789708614349365,
    "tagging": 0.30291903018951416,
    "HRA Strategy.time-system.tallying": 0.012891808524727821,
    "SEVERITY": 0.13454166054725647,
    "SUPPLIES_REMAINING": 0.017975136637687683,
    "AVERAGE_TIME_USED": 0.02510635182261467,
    "DAMAGE_PER_SECOND": 0.04305943101644516,
    "MEDSIM_P_DEATH_ONE_MIN_LATER": 0.014430105686187744,
    "SMOL_MEDICAL_SOUNDNESS": 0.08424447476863861,
    "treatment": 0.2236562818288803
}