{
    "tagged": 0.05484054237604141,
    "conscious": 0.11107563972473145,
    "mental_status": 0.010144430212676525,
    "breathing": 0.033511314541101456,
    "intent": 0.19755743443965912,
    "directness_of_causality": 0.11789971590042114,
    "treating": 0.17293529212474823,
    "HRA Strategy.time-resources.take-the-best": 0.0072203283198177814,
    "HRA Strategy.time-risk_reward_ratio.one-bounce": 0.0007976698107086122,
    "HRA Strategy.risk_reward_ratio-system.one-bounce": 0.010075144469738007,
    "HRA Strategy.time-resources-system.tallying": 0.002176735084503889,
    "HRA Strategy.resources-risk_reward_ratio-system.one-bounce": 0.02413966692984104,
    "pPain": 0.0008276869193650782,
    "pBrainInjury": 0.005725824274122715,
    "pAirwayBlocked": 0.0068725585006177425,
    "pInternalBleeding": 0.011060359887778759,
    "SEVERITY": 0.04769263043999672,
    "AVERAGE_TIME_USED": 0.0819033533334732,
    "SUPPLIES_USED": 0.052559491246938705,
    "SEVEREST_SEVERITY": 0.04612171649932861,
    "category": 0.0025741609279066324,
    "treatment": 0.002288362244144082
}