{
    "conscious": 0.03030536323785782,
    "intent": 0.018301211297512054,
    "directness_of_causality": 0.17021851241588593,
    "aid_available": 0.20167997479438782,
    "treating": 0.3423919081687927,
    "HRA Strategy.resources-risk_reward_ratio.one-bounce": 0.009269974194467068,
    "SUPPLIES_USED": 0.2278330773115158
}