{
    "age": 0.008748099207878113,
    "tagged": 0.018274709582328796,
    "breathing": 0.007825469598174095,
    "unvisited_count": 0.011803918518126011,
    "injured_count": 0.016742361709475517,
    "questioning": 0.2580779194831848,
    "assessing": 0.2152506560087204,
    "tagging": 0.1596396118402481,
    "leaving": 0.17486624419689178,
    "One-Bounce Priority": 0.032781004905700684,
    "entropy": 0.00693415105342865,
    "entropyDeath": 0.007330317050218582,
    "MEDSIM_P_DEATH": 0.007489373907446861,
    "INFORMATION_GAINED": 0.03258942812681198,
    "treatment": 0.031189650297164917,
    "category": 0.010457060299813747
}