{
    "tagged": 3.0766750569455326e-05,
    "conscious": 0.0010441637132316828,
    "mental_status": 0.00036771714803762734,
    "avpu": 7.960203220136464e-05,
    "intent": 0.057423632591962814,
    "directness_of_causality": 0.1986229419708252,
    "aid_available": 0.1896183341741562,
    "treating": 0.2765995264053345,
    "HRA Strategy.time-risk_reward_ratio.one-bounce": 0.0008558874251320958,
    "HRA Strategy.resources-system.take-the-best": 0.0010667240712791681,
    "HRA Strategy.risk_reward_ratio-system.one-bounce": 0.0015971701359376311,
    "HRA Strategy.time-resources-risk_reward_ratio-system.one-bounce": 0.00031492370180785656,
    "Take-The-Best Priority": 0.0003154848818667233,
    "Satisfactory Priority": 0.0007520675426349044,
    "One-Bounce Priority": 0.0002289891999680549,
    "pDeath": 0.00012832574429921806,
    "pPain": 2.9172206268412992e-05,
    "pBrainInjury": 0.00046366138849407434,
    "pAirwayBlocked": 0.0001849429972935468,
    "pInternalBleeding": 0.00031638622749596834,
    "entropyDeath": 0.0005579327116720378,
    "SEVERITY": 0.0012447602348402143,
    "SUPPLIES_REMAINING": 0.0011699130991473794,
    "AVERAGE_TIME_USED": 0.009971221908926964,
    "DAMAGE_PER_SECOND": 0.00023148696345742792,
    "SEVERITY_CHANGE": 4.421365520101972e-05,
    "SUPPLIES_USED": 0.2546148896217346,
    "SEVEREST_SEVERITY_CHANGE": 0.00039472946082241833,
    "WEIGHTED_RESOURCE_SCORE": 0.000810971949249506,
    "SMOL_MEDICAL_SOUNDNESS": 0.00023462834360543638,
    "treatment": 0.0006847987533546984
}