{
    "age": 0.01256241649389267,
    "tagged": 0.06445179134607315,
    "conscious": 0.006548434961587191,
    "breathing": 0.0069638704881072044,
    "unvisited_count": 0.005070450250059366,
    "environment_type": 0.003248461987823248,
    "questioning": 0.2531602382659912,
    "assessing": 0.20814478397369385,
    "tagging": 0.25427886843681335,
    "category": 0.009226194582879543,
    "HRA Strategy.time-risk_reward_ratio.take-the-best": 0.0020439636427909136,
    "HRA Strategy.time-system.tallying": 0.0012895334511995316,
    "One-Bounce Priority": 0.024242516607046127,
    "pDeath": 0.016685830429196358,
    "pPain": 0.021352846175432205,
    "pAirwayBlocked": 0.004872358404099941,
    "pInternalBleeding": 0.0062045869417488575,
    "pExternalBleeding": 0.009284996427595615,
    "entropy": 0.012636803090572357,
    "SEVERITY": 0.0019643984269350767,
    "AVERAGE_TIME_USED": 0.02552720159292221,
    "WEIGHTED_RESOURCE_SCORE": 0.004202588927000761,
    "SMOL_MEDICAL_SOUNDNESS": 0.0020067214500159025,
    "INFORMATION_GAINED": 0.004938343074172735,
    "treatment": 0.0390918143093586
}