{
    "age": 0.01608678698539734,
    "tagged": 0.03782935440540314,
    "breathing": 0.011003720574080944,
    "injured_count": 0.03094237484037876,
    "questioning": 0.20374643802642822,
    "assessing": 0.31367483735084534,
    "tagging": 0.10743209719657898,
    "One-Bounce Priority": 0.08293553441762924,
    "pInternalBleeding": 0.011641011573374271,
    "pExternalBleeding": 0.012333818711340427,
    "AVERAGE_TIME_USED": 0.022287139669060707,
    "WEIGHTED_RESOURCE_SCORE": 0.021864941343665123,
    "INFORMATION_GAINED": 0.05987280607223511,
    "treatment": 0.0490032322704792,
    "category": 0.01934593729674816
}