{
    "DAMAGE_PER_SECOND": 0.1844479888677597,
    "treatment": 0.8155519962310791
}