{
    "age": 0.012613731436431408,
    "tagged": 0.02872137352824211,
    "conscious": 0.007920045405626297,
    "questioning": 0.2615847587585449,
    "assessing": 0.2677251994609833,
    "tagging": 0.11092369258403778,
    "leaving": 0.12812532484531403,
    "One-Bounce Priority": 0.06166983023285866,
    "pExternalBleeding": 0.008931479416787624,
    "entropy": 0.005987233482301235,
    "AVERAGE_TIME_USED": 0.010090054012835026,
    "INFORMATION_GAINED": 0.041368406265974045,
    "treatment": 0.041111692786216736,
    "category": 0.01322722714394331
}