{
    "tagged": 0.03347667306661606,
    "mental_status": 0.03953077271580696,
    "intent": 0.1730031967163086,
    "directness_of_causality": 0.13454420864582062,
    "treating": 0.23616349697113037,
    "SEVERITY": 0.03568779677152634,
    "AVERAGE_TIME_USED": 0.12628643214702606,
    "SMOL_MEDICAL_SOUNDNESS": 0.2213074117898941
}