{
    "breathing": 0.02411637268960476,
    "intent": 0.2729627192020416,
    "directness_of_causality": 0.11064686626195908,
    "aid_available": 0.029971886426210403,
    "treating": 0.39227718114852905,
    "HRA Strategy.time-resources.take-the-best": 0.007623161654919386,
    "HRA Strategy.resources-risk_reward_ratio.one-bounce": 0.017421146854758263,
    "HRA Strategy.resources-system.take-the-best": 0.027423663064837456,
    "pDeath": 0.0769902765750885,
    "entropyDeath": 0.011547149159014225,
    "SUPPLIES_USED": 0.02901950106024742
}