{
    "tagging": 0.7528412342071533,
    "treatment": 0.24715878069400787
}