{
    "tagged": 0.016992732882499695,
    "breathing": 0.0013902403879910707,
    "avpu": 0.00029417191399261355,
    "intent": 0.013070708140730858,
    "directness_of_causality": 0.1061440035700798,
    "aid_available": 0.09377837926149368,
    "treating": 0.14240100979804993,
    "HRA Strategy.time-resources.take-the-best": 0.003039094852283597,
    "HRA Strategy.time-system.tallying": 0.07987767457962036,
    "HRA Strategy.risk_reward_ratio-system.one-bounce": 0.001498911064118147,
    "HRA Strategy.resources-risk_reward_ratio-system.one-bounce": 0.0008083601715043187,
    "HRA Strategy.time-resources-risk_reward_ratio-system.one-bounce": 0.0006891317898407578,
    "Take-The-Best Priority": 0.002307803835719824,
    "Satisfactory Priority": 0.0020506225991994143,
    "pBrainInjury": 0.000374524446669966,
    "pAirwayBlocked": 0.0005619103903882205,
    "pInternalBleeding": 0.011794829741120338,
    "entropyDeath": 0.03185271471738815,
    "SEVERITY": 0.010602599009871483,
    "SUPPLIES_REMAINING": 0.0022343292366713285,
    "AVERAGE_TIME_USED": 0.03463539853692055,
    "DAMAGE_PER_SECOND": 0.06540273874998093,
    "SEVERITY_CHANGE": 0.0002014011552091688,
    "SUPPLIES_USED": 0.16824126243591309,
    "SEVEREST_SEVERITY": 0.0004931602743454278,
    "SMOL_MEDICAL_SOUNDNESS": 0.20574750006198883,
    "treatment": 0.0035147429443895817
}