{
    "directness_of_causality": 0.1444127857685089,
    "treating": 0.8555871844291687
}