{
    "intent": 0.043290410190820694,
    "directness_of_causality": 0.1689196079969406,
    "aid_available": 0.15135885775089264,
    "treating": 0.25538361072540283,
    "AVERAGE_TIME_USED": 0.01740555837750435,
    "SUPPLIES_USED": 0.24500912427902222,
    "SMOL_MEDICAL_SOUNDNESS": 0.10235974192619324,
    "treatment": 0.016273079439997673
}