{
    "age": 0.014604724943637848,
    "tagged": 0.04394396394491196,
    "breathing": 0.010272076353430748,
    "hrpmin": 0.018166083842515945,
    "unvisited_count": 0.05484697222709656,
    "questioning": 0.18993161618709564,
    "assessing": 0.21655400097370148,
    "treating": 0.1447722315788269,
    "tagging": 0.11236794292926788,
    "One-Bounce Priority": 0.06717550754547119,
    "pAirwayBlocked": 0.009735758416354656,
    "pInternalBleeding": 0.007317759562283754,
    "pExternalBleeding": 0.010057447478175163,
    "entropy": 0.00956335011869669,
    "AVERAGE_TIME_USED": 0.02597915008664131,
    "treatment": 0.05098897963762283,
    "category": 0.013722444884479046
}