{
    "tagged": 0.014083954505622387,
    "unvisited_count": 0.006625352893024683,
    "injured_count": 0.01982124336063862,
    "questioning": 0.26410800218582153,
    "assessing": 0.35224097967147827,
    "tagging": 0.1038937196135521,
    "leaving": 0.12424031645059586,
    "One-Bounce Priority": 0.024093227460980415,
    "MEDSIM_P_DEATH": 0.005579038057476282,
    "INFORMATION_GAINED": 0.0485176257789135,
    "treatment": 0.02271365001797676,
    "category": 0.014082847163081169
}