{
    "age": 0.012220828793942928,
    "tagged": 0.4048745632171631,
    "breathing": 0.007350801024585962,
    "unvisited_count": 0.060819849371910095,
    "environment_type": 0.0106140011921525,
    "category": 0.018366200849413872,
    "HRA Strategy.time-resources.take-the-best": 0.032013703137636185,
    "One-Bounce Priority": 0.027079610154032707,
    "pPain": 0.01302091870456934,
    "pInternalBleeding": 0.10043782740831375,
    "entropy": 0.008155706338584423,
    "SEVERITY": 0.014588771387934685,
    "AVERAGE_TIME_USED": 0.1510804444551468,
    "DAMAGE_PER_SECOND": 0.027001136913895607,
    "WEIGHTED_RESOURCE_SCORE": 0.05343557521700859,
    "treatment": 0.05893995612859726
}