{
    "assessing": 0.6509527564048767,
    "category": 0.1295623779296875,
    "treatment": 0.2194848656654358
}