{
    "age": 0.009963398799300194,
    "tagged": 0.022712763398885727,
    "conscious": 0.007102631498128176,
    "breathing": 0.006974673829972744,
    "hrpmin": 0.00686123501509428,
    "unvisited_count": 0.0070503270253539085,
    "injured_count": 0.011816812679171562,
    "environment_type": 0.004521472379565239,
    "questioning": 0.0979984775185585,
    "assessing": 0.13747432827949524,
    "tagging": 0.2134421169757843,
    "leaving": 0.29950377345085144,
    "category": 0.0068949866108596325,
    "HRA Strategy.time-resources.take-the-best": 0.0026834639720618725,
    "One-Bounce Priority": 0.00920244213193655,
    "pDeath": 0.009329394437372684,
    "pPain": 0.003660800401121378,
    "pBrainInjury": 0.006842803675681353,
    "pInternalBleeding": 0.01670464687049389,
    "pExternalBleeding": 0.004076788667589426,
    "entropy": 0.004920671693980694,
    "entropyDeath": 0.015585866756737232,
    "SEVERITY": 0.00307271140627563,
    "AVERAGE_TIME_USED": 0.0026565941516309977,
    "MEDSIM_P_DEATH": 0.009645488113164902,
    "MEDSIM_P_DEATH_ONE_MIN_LATER": 0.0034002403263002634,
    "WEIGHTED_RESOURCE_SCORE": 0.00404494721442461,
    "SMOL_MEDICAL_SOUNDNESS": 0.0034143710508942604,
    "INFORMATION_GAINED": 0.035247985273599625,
    "treatment": 0.033193930983543396
}