{
    "intent": 0.03817135840654373,
    "directness_of_causality": 0.15054184198379517,
    "HRA Strategy.risk_reward_ratio-system.one-bounce": 0.0122702457010746,
    "SUPPLIES_REMAINING": 0.013797330670058727,
    "AVERAGE_TIME_USED": 0.2424575835466385,
    "SUPPLIES_USED": 0.009505554102361202,
    "SMOL_MEDICAL_SOUNDNESS": 0.5332560539245605
}