{
    "others_tagged_or_uninjured": 0.15914613008499146,
    "aid_available": 0.13351988792419434,
    "treating": 0.16028785705566406,
    "Take-The-Best Priority": 0.1350737363100052,
    "Satisfactory Priority": 0.0012777337105944753,
    "SEVERITY": 0.05348580330610275,
    "SUPPLIES_REMAINING": 0.0014834876637905836,
    "MEDSIM_P_DEATH": 0.042666930705308914,
    "SEVERITY_CHANGE": 0.006143022794276476,
    "SEVEREST_SEVERITY": 0.000745374069083482,
    "SMOL_MEDICAL_SOUNDNESS": 0.10139709711074829,
    "mental_status": 0.02646492049098015,
    "HRA Strategy.time-resources-system.one-bounce": 0.006784216500818729,
    "HRA Strategy.time-resources-risk_reward_ratio-system.one-bounce": 0.0018430276541039348,
    "tagged": 0.000901330029591918,
    "pPain": 0.0016794727416709065,
    "entropyDeath": 0.0020331861451268196,
    "directness_of_causality": 0.08237594366073608,
    "hrpmin": 0.0016734724631533027,
    "treatment": 0.08101736009120941
}