{
    "breathing": 0.041800081729888916,
    "intent": 0.048464979976415634,
    "directness_of_causality": 0.238442525267601,
    "treating": 0.6047046780586243,
    "SUPPLIES_USED": 0.06658772379159927
}