{
    "tagged": 0.0548643097281456,
    "conscious": 0.013772890903055668,
    "mental_status": 0.044424477964639664,
    "breathing": 0.011076883412897587,
    "intent": 0.07728814333677292,
    "directness_of_causality": 0.06889158487319946,
    "aid_available": 0.014106095768511295,
    "treating": 0.07255660742521286,
    "HRA Strategy.time-resources.take-the-best": 0.014664759859442711,
    "HRA Strategy.time-system.tallying": 0.0022581222001463175,
    "HRA Strategy.resources-system.take-the-best": 0.004697201307862997,
    "HRA Strategy.risk_reward_ratio-system.one-bounce": 0.01270036119967699,
    "Take-The-Best Priority": 0.020260736346244812,
    "Satisfactory Priority": 0.007125709671527147,
    "pPain": 0.007465536240488291,
    "pBrainInjury": 0.0013707277830690145,
    "pInternalBleeding": 0.03605661541223526,
    "SEVERITY": 0.09843137115240097,
    "SUPPLIES_REMAINING": 0.0020068504381924868,
    "AVERAGE_TIME_USED": 0.11522679775953293,
    "MEDSIM_P_DEATH": 0.0015981544274836779,
    "SUPPLIES_USED": 0.011279654689133167,
    "WEIGHTED_RESOURCE_SCORE": 0.0185236819088459,
    "SMOL_MEDICAL_SOUNDNESS": 0.2508971393108368,
    "category": 0.003068827325478196,
    "treatment": 0.035386763513088226
}