{
    "age": 0.017369022592902184,
    "tagged": 0.034372832626104355,
    "breathing": 0.007330644875764847,
    "avpu": 0.006436265539377928,
    "unvisited_count": 0.009511036798357964,
    "questioning": 0.16695186495780945,
    "assessing": 0.20456457138061523,
    "tagging": 0.18700259923934937,
    "leaving": 0.11867738515138626,
    "HRA Strategy.time-system.exhaustive": 0.00506443390622735,
    "Satisfactory Priority": 0.00948808528482914,
    "One-Bounce Priority": 0.04789236932992935,
    "pPain": 0.012568343430757523,
    "pBrainInjury": 0.0061324178241193295,
    "pAirwayBlocked": 0.021245868876576424,
    "pInternalBleeding": 0.011345060542225838,
    "entropy": 0.008475133217871189,
    "entropyDeath": 0.01859460026025772,
    "AVERAGE_TIME_USED": 0.01230995636433363,
    "INFORMATION_GAINED": 0.03114520013332367,
    "treatment": 0.05093247443437576,
    "category": 0.012589969672262669
}