{
    "age": 0.02928064949810505,
    "tagged": 0.01425917074084282,
    "visited": 0.009949727915227413,
    "conscious": 0.00499678635969758,
    "breathing": 0.012529591098427773,
    "avpu": 0.0020388485863804817,
    "injured_count": 0.07160717993974686,
    "environment_type": 0.007269290275871754,
    "questioning": 0.13585041463375092,
    "assessing": 0.24839158356189728,
    "tagging": 0.05727562680840492,
    "category": 0.04235437512397766,
    "HRA Strategy.resources-system.take-the-best": 0.0009303974220529199,
    "Satisfactory Priority": 0.018992066383361816,
    "pDeath": 0.006389753893017769,
    "pPain": 0.0032489357981830835,
    "pAirwayBlocked": 0.0014897852670401335,
    "pInternalBleeding": 0.0022919217590242624,
    "pExternalBleeding": 0.019428690895438194,
    "entropy": 0.053681518882513046,
    "SEVERITY": 0.003188286442309618,
    "AVERAGE_TIME_USED": 0.004800278693437576,
    "DAMAGE_PER_SECOND": 0.037547215819358826,
    "MEDSIM_P_DEATH": 0.00850431527942419,
    "MEDSIM_P_DEATH_ONE_MIN_LATER": 0.008733878843486309,
    "SEVERITY_CHANGE": 0.0010108757996931672,
    "SEVEREST_SEVERITY": 0.0035296976566314697,
    "SEVEREST_SEVERITY_CHANGE": 0.11108050495386124,
    "WEIGHTED_RESOURCE_SCORE": 0.006636343896389008,
    "SMOL_MEDICAL_SOUNDNESS": 0.029334282502532005,
    "INFORMATION_GAINED": 0.01742911897599697,
    "treatment": 0.025948921218514442
}