{
    "conscious": 0.006399534642696381,
    "mental_status": 0.0010101066436618567,
    "breathing": 0.000268906238488853,
    "intent": 0.08024891465902328,
    "directness_of_causality": 0.06188928708434105,
    "aid_available": 0.06825793534517288,
    "treating": 0.1114768534898758,
    "HRA Strategy.time-risk_reward_ratio.take-the-best": 0.00019724560843314976,
    "HRA Strategy.risk_reward_ratio-system.one-bounce": 0.0010737761622294784,
    "HRA Strategy.resources-risk_reward_ratio-system.one-bounce": 0.0008735626470297575,
    "HRA Strategy.time-resources-risk_reward_ratio-system.one-bounce": 0.00019173583132214844,
    "Take-The-Best Priority": 0.0005430583842098713,
    "pAirwayBlocked": 0.0001769449154380709,
    "SEVERITY": 0.012095329351723194,
    "SUPPLIES_REMAINING": 0.00040365918539464474,
    "AVERAGE_TIME_USED": 0.011629479937255383,
    "DAMAGE_PER_SECOND": 0.0005838265642523766,
    "MEDSIM_P_DEATH_ONE_MIN_LATER": 0.4010165333747864,
    "SUPPLIES_USED": 0.11830393224954605,
    "SEVEREST_SEVERITY_CHANGE": 0.00032814827864058316,
    "SMOL_MEDICAL_SOUNDNESS": 0.12094315141439438,
    "treatment": 0.002088079461827874
}