{
    "age": 0.02015637792646885,
    "tagged": 0.04186209291219711,
    "breathing": 0.009401955641806126,
    "unvisited_count": 0.012071195058524609,
    "environment_type": 0.013220269232988358,
    "questioning": 0.12556754052639008,
    "assessing": 0.20598439872264862,
    "tagging": 0.1516246795654297,
    "Satisfactory Priority": 0.08365406841039658,
    "One-Bounce Priority": 0.05491358041763306,
    "pDeath": 0.010936589911580086,
    "pPain": 0.019931670278310776,
    "pInternalBleeding": 0.019293181598186493,
    "SEVERITY": 0.011661091819405556,
    "AVERAGE_TIME_USED": 0.0055638886988162994,
    "MEDSIM_P_DEATH": 0.011588415130972862,
    "WEIGHTED_RESOURCE_SCORE": 0.01836543157696724,
    "INFORMATION_GAINED": 0.08962824195623398,
    "treatment": 0.07838758826255798,
    "category": 0.016187753528356552
}