{
    "tagged": 0.14394481480121613,
    "mental_status": 0.013203075155615807,
    "breathing": 0.028739767149090767,
    "intent": 0.04446385055780411,
    "directness_of_causality": 0.38171759247779846,
    "treating": 0.01582946814596653,
    "HRA Strategy.resources-system.take-the-best": 0.02543405257165432,
    "Satisfactory Priority": 0.01587463915348053,
    "WEIGHTED_RESOURCE_SCORE": 0.011551301926374435,
    "SMOL_MEDICAL_SOUNDNESS": 0.3023810088634491,
    "category": 0.01686033047735691
}