{
    "age": 0.12432470172643661,
    "tagged": 0.397544801235199,
    "environment_type": 0.10808064043521881,
    "category": 0.11931546777486801,
    "AVERAGE_TIME_USED": 0.06820673495531082,
    "DAMAGE_PER_SECOND": 0.13028116524219513,
    "WEIGHTED_RESOURCE_SCORE": 0.052246514707803726
}