{
    "conscious": 0.026870885863900185,
    "intent": 0.016540013253688812,
    "directness_of_causality": 0.19230087101459503,
    "aid_available": 0.19772478938102722,
    "treating": 0.3325900733470917,
    "SUPPLIES_USED": 0.2339734137058258
}