{
    "age": 0.01046800334006548,
    "tagged": 0.025124957785010338,
    "questioning": 0.21955028176307678,
    "assessing": 0.25882360339164734,
    "tagging": 0.11339626461267471,
    "leaving": 0.2079082727432251,
    "One-Bounce Priority": 0.0583529956638813,
    "pPain": 0.011546808294951916,
    "INFORMATION_GAINED": 0.03181684389710426,
    "treatment": 0.04413748160004616,
    "category": 0.018874479457736015
}