{
    "age": 0.011345311999320984,
    "tagged": 0.039610933512449265,
    "visited": 0.0034861338790506124,
    "conscious": 0.0008199102012440562,
    "breathing": 0.008968864567577839,
    "hrpmin": 0.022563932463526726,
    "avpu": 0.008609356358647346,
    "unvisited_count": 0.0017358522163704038,
    "injured_count": 0.024257304146885872,
    "others_tagged_or_uninjured": 0.006697985343635082,
    "environment_type": 0.0018663969822227955,
    "questioning": 0.1322580873966217,
    "assessing": 0.18979975581169128,
    "tagging": 0.1852717250585556,
    "leaving": 0.12237861007452011,
    "HRA Strategy.time-resources.take-the-best": 0.004428368527442217,
    "HRA Strategy.time-system.exhaustive": 0.0011668128427118063,
    "HRA Strategy.resources-system.take-the-best": 0.0007299769786186516,
    "HRA Strategy.resources-system.exhaustive": 0.0031948480755090714,
    "Satisfactory Priority": 0.007708322256803513,
    "One-Bounce Priority": 0.042321477085351944,
    "pDeath": 0.012453473173081875,
    "pPain": 0.0052153076976537704,
    "pBrainInjury": 0.0007995388587005436,
    "pAirwayBlocked": 0.003124034497886896,
    "pInternalBleeding": 0.008032566867768764,
    "pExternalBleeding": 0.0062744515016674995,
    "entropy": 0.011874786578118801,
    "entropyDeath": 0.004655246622860432,
    "SEVERITY": 0.0038544440176337957,
    "SUPPLIES_REMAINING": 0.0005118066328577697,
    "AVERAGE_TIME_USED": 0.0021962353494018316,
    "DAMAGE_PER_SECOND": 0.0014011389575898647,
    "MEDSIM_P_DEATH": 0.016549615189433098,
    "MEDSIM_P_DEATH_ONE_MIN_LATER": 0.0006743725971318781,
    "SEVEREST_SEVERITY": 0.0006744926213286817,
    "WEIGHTED_RESOURCE_SCORE": 0.006601737812161446,
    "INFORMATION_GAINED": 0.04021226242184639,
    "treatment": 0.04728534817695618,
    "category": 0.008389131166040897
}