{
    "tagged": 0.01092695351690054,
    "conscious": 0.0021304399706423283,
    "breathing": 0.023101242259144783,
    "intent": 0.12602068483829498,
    "directness_of_causality": 0.03275589272379875,
    "aid_available": 0.04766270890831947,
    "treating": 0.10854801535606384,
    "HRA Strategy.time-resources.take-the-best": 0.0006621493957936764,
    "HRA Strategy.resources-risk_reward_ratio.one-bounce": 0.0005525716114789248,
    "Take-The-Best Priority": 0.000683266669511795,
    "pInternalBleeding": 0.011113323271274567,
    "pExternalBleeding": 0.009293004870414734,
    "entropyDeath": 0.0011933885980397463,
    "SEVERITY": 0.005690542049705982,
    "SUPPLIES_REMAINING": 0.00564199686050415,
    "AVERAGE_TIME_USED": 0.009676523506641388,
    "MEDSIM_P_DEATH_ONE_MIN_LATER": 0.3698461651802063,
    "SUPPLIES_USED": 0.05471557006239891,
    "SEVEREST_SEVERITY": 0.0012420908315107226,
    "SEVEREST_SEVERITY_CHANGE": 0.024772055447101593,
    "SMOL_MEDICAL_SOUNDNESS": 0.15377144515514374
}