{
    "tagged": 0.022245926782488823,
    "conscious": 0.0012941164895892143,
    "mental_status": 0.0011368198320269585,
    "breathing": 0.01186991948634386,
    "intent": 0.12366889417171478,
    "directness_of_causality": 0.08390194922685623,
    "aid_available": 0.029308544471859932,
    "treating": 0.13472101092338562,
    "HRA Strategy.time-resources.take-the-best": 0.0021398719400167465,
    "HRA Strategy.time-resources.one-bounce": 0.015401622280478477,
    "HRA Strategy.time-risk_reward_ratio.one-bounce": 0.032519519329071045,
    "HRA Strategy.time-system.one-bounce": 0.0003723061236087233,
    "HRA Strategy.resources-risk_reward_ratio.one-bounce": 0.07337336987257004,
    "HRA Strategy.resources-system.take-the-best": 0.05088065192103386,
    "HRA Strategy.risk_reward_ratio-system.one-bounce": 0.002122393576428294,
    "HRA Strategy.time-resources-system.tallying": 0.0019817103166133165,
    "HRA Strategy.resources-risk_reward_ratio-system.one-bounce": 0.0022451234981417656,
    "HRA Strategy.time-resources-risk_reward_ratio-system.one-bounce": 0.0005298877949826419,
    "pBrainInjury": 0.0004625923465937376,
    "pAirwayBlocked": 0.00013636986841447651,
    "pInternalBleeding": 0.0033902237191796303,
    "entropyDeath": 0.016500093042850494,
    "SEVERITY": 0.002378011355176568,
    "SUPPLIES_REMAINING": 0.0007940815994516015,
    "AVERAGE_TIME_USED": 0.017175156623125076,
    "MEDSIM_P_DEATH": 0.0009651605505496264,
    "SUPPLIES_USED": 0.17252510786056519,
    "SEVEREST_SEVERITY": 0.00031165280961431563,
    "SMOL_MEDICAL_SOUNDNESS": 0.19435958564281464,
    "treatment": 0.0012884187744930387
}