{
    "conscious": 0.001991396537050605,
    "mental_status": 0.002490551443770528,
    "breathing": 0.00038780184695497155,
    "avpu": 0.00021534008556045592,
    "intent": 0.12964344024658203,
    "directness_of_causality": 0.11882882565259933,
    "aid_available": 0.11782856285572052,
    "treating": 0.19061405956745148,
    "HRA Strategy.risk_reward_ratio-system.one-bounce": 0.00117026106454432,
    "HRA Strategy.resources-risk_reward_ratio-system.one-bounce": 0.000989780412055552,
    "HRA Strategy.time-resources-risk_reward_ratio-system.one-bounce": 0.00022351440566126257,
    "Take-The-Best Priority": 0.0007078275666572154,
    "Satisfactory Priority": 0.0004821373149752617,
    "pDeath": 0.00039232493145391345,
    "pPain": 1.4317872228275519e-05,
    "pBrainInjury": 2.805218900903128e-05,
    "pAirwayBlocked": 0.0004864918300881982,
    "pInternalBleeding": 0.00012939082807861269,
    "entropy": 2.965172825497575e-05,
    "SEVERITY": 0.05927823856472969,
    "SUPPLIES_REMAINING": 0.0006252871826291084,
    "AVERAGE_TIME_USED": 0.004582385066896677,
    "DAMAGE_PER_SECOND": 0.02991413325071335,
    "SEVERITY_CHANGE": 7.333510438911617e-05,
    "SUPPLIES_USED": 0.19956530630588531,
    "SEVEREST_SEVERITY": 0.0001265366154257208,
    "WEIGHTED_RESOURCE_SCORE": 0.00014179674326442182,
    "SMOL_MEDICAL_SOUNDNESS": 0.13853207230567932,
    "treatment": 0.0005071242921985686
}