{
    "questioning": 0.32221829891204834,
    "assessing": 0.3703593313694,
    "tagging": 0.04866701737046242,
    "leaving": 0.20787307620048523,
    "One-Bounce Priority": 0.02064768597483635,
    "treatment": 0.03023463860154152
}