{
    "tagged": 0.00618544640019536,
    "conscious": 0.23326657712459564,
    "intent": 0.02376950904726982,
    "directness_of_causality": 0.044326670467853546,
    "aid_available": 0.02237931825220585,
    "treating": 0.06612610816955566,
    "HRA Strategy.risk_reward_ratio-system.one-bounce": 0.07117339968681335,
    "pInternalBleeding": 0.008160014636814594,
    "SEVERITY": 0.00950772874057293,
    "AVERAGE_TIME_USED": 0.03177935257554054,
    "MEDSIM_P_DEATH_ONE_MIN_LATER": 0.1428278088569641,
    "SUPPLIES_USED": 0.03748318925499916,
    "SEVEREST_SEVERITY_CHANGE": 0.21718165278434753,
    "SMOL_MEDICAL_SOUNDNESS": 0.08583320677280426
}