{
    "age": 0.04235539957880974,
    "visited": 0.09714427590370178,
    "conscious": 0.016626648604869843,
    "unvisited_count": 0.02521984651684761,
    "injured_count": 0.04956134781241417,
    "questioning": 0.12273883074522018,
    "assessing": 0.18349847197532654,
    "tagging": 0.23217611014842987,
    "HRA Strategy.time-resources.take-the-best": 0.050398439168930054,
    "One-Bounce Priority": 0.05054759234189987,
    "pDeath": 0.014072984457015991,
    "pPain": 0.018560875207185745,
    "entropy": 0.019082406535744667,
    "treatment": 0.06174404174089432,
    "category": 0.016272855922579765
}