{
    "intent": 0.22557333111763,
    "directness_of_causality": 0.3151194155216217,
    "treating": 0.4593071937561035
}