age,tagged,relationship,breathing,avpu,injured_count,questioning,assessing,tagging,leaving,pDeath,pPain,pBrainInjury,pAirwayBlocked,pInternalBleeding,pExternalBleeding,entropy,entropyDeath,SUPPLIES_REMAINING,treatment,category
0.15013571083545685,0.059787411242723465,0.11141043156385422,0.020719224587082863,0.005428806878626347,0.025942275300621986,0.10048937052488327,0.21662180125713348,0.06250913441181183,0.12061291933059692,0.005148706492036581,0.012514935806393623,0.0060269772075116634,0.007864641956984997,0.005901924800127745,0.012658451683819294,0.011816304177045822,0.012839814648032188,0.007838459685444832,0.03080236166715622,0.01293026003986597
