{
    "questioning": 0.23573261499404907,
    "assessing": 0.3918994665145874,
    "tagging": 0.09118050336837769,
    "leaving": 0.28118741512298584
}