{
    "age": 0.008211968466639519,
    "tagged": 0.025604913011193275,
    "visited": 0.002700329292565584,
    "breathing": 0.007343728560954332,
    "hrpmin": 0.007452671881765127,
    "unvisited_count": 0.01918044313788414,
    "injured_count": 0.01971335895359516,
    "questioning": 0.23531433939933777,
    "assessing": 0.21725313365459442,
    "tagging": 0.12892791628837585,
    "leaving": 0.14111636579036713,
    "Satisfactory Priority": 0.004214405082166195,
    "One-Bounce Priority": 0.03106159158051014,
    "pPain": 0.006995578296482563,
    "pAirwayBlocked": 0.0052000731229782104,
    "pInternalBleeding": 0.007775572594255209,
    "pExternalBleeding": 0.016919586807489395,
    "entropy": 0.010255241766571999,
    "entropyDeath": 0.004622789565473795,
    "SEVERITY": 0.003194758901372552,
    "AVERAGE_TIME_USED": 0.006247357930988073,
    "MEDSIM_P_DEATH": 0.006236569955945015,
    "INFORMATION_GAINED": 0.03900858387351036,
    "treatment": 0.03593173623085022,
    "category": 0.009516878984868526
}