{
    "conscious": 0.002069479087367654,
    "mental_status": 0.0011848841095343232,
    "breathing": 0.02746400237083435,
    "intent": 0.04405258595943451,
    "directness_of_causality": 0.2004234343767166,
    "aid_available": 0.17794269323349,
    "treating": 0.264067679643631,
    "HRA Strategy.time-risk_reward_ratio.one-bounce": 0.0011270521208643913,
    "HRA Strategy.resources-system.take-the-best": 0.0009026649640873075,
    "HRA Strategy.risk_reward_ratio-system.one-bounce": 0.0015956319402903318,
    "HRA Strategy.time-resources-risk_reward_ratio-system.one-bounce": 0.0003820280253421515,
    "Take-The-Best Priority": 0.000741931376978755,
    "Satisfactory Priority": 0.0006686257547698915,
    "pBrainInjury": 0.00025587438722141087,
    "pInternalBleeding": 0.0003741673135664314,
    "entropyDeath": 0.0003707200812641531,
    "SEVERITY": 0.0012091610115021467,
    "SUPPLIES_REMAINING": 0.000787922297604382,
    "AVERAGE_TIME_USED": 0.009309022687375546,
    "DAMAGE_PER_SECOND": 0.0004185465513728559,
    "SUPPLIES_USED": 0.24151377379894257,
    "SEVEREST_SEVERITY_CHANGE": 0.02136431261897087,
    "WEIGHTED_RESOURCE_SCORE": 0.0006445003091357648,
    "SMOL_MEDICAL_SOUNDNESS": 0.0005238167359493673,
    "treatment": 0.0006055223057046533
}