{
    "age": 0.010942962020635605,
    "tagged": 0.029117118567228317,
    "visited": 0.007140214554965496,
    "unvisited_count": 0.01227815542370081,
    "environment_type": 0.022087786346673965,
    "questioning": 0.0868540108203888,
    "assessing": 0.09497793018817902,
    "tagging": 0.14791379868984222,
    "leaving": 0.36380109190940857,
    "Satisfactory Priority": 0.055818360298871994,
    "One-Bounce Priority": 0.05290878564119339,
    "pPain": 0.007326943799853325,
    "pInternalBleeding": 0.007096774876117706,
    "pExternalBleeding": 0.005322015378624201,
    "entropy": 0.010593782179057598,
    "AVERAGE_TIME_USED": 0.007786742877215147,
    "SEVEREST_SEVERITY_CHANGE": 0.010663553141057491,
    "INFORMATION_GAINED": 0.024128448218107224,
    "treatment": 0.028885621577501297,
    "category": 0.014355908147990704
}