{
    "tagged": 0.0018956511048600078,
    "mental_status": 3.768249007407576e-05,
    "breathing": 0.003761379048228264,
    "intent": 0.11739418655633926,
    "directness_of_causality": 0.06545458734035492,
    "injured_count": 0.000525349925737828,
    "aid_available": 0.037265606224536896,
    "treating": 0.08575037866830826,
    "HRA Strategy.time-resources.take-the-best": 0.3256242871284485,
    "Satisfactory Priority": 0.0003800302220042795,
    "pPain": 3.219516293029301e-05,
    "SEVERITY": 0.0397263802587986,
    "SUPPLIES_REMAINING": 0.0006503906915895641,
    "AVERAGE_TIME_USED": 0.0002791729348246008,
    "DAMAGE_PER_SECOND": 9.811451309360564e-05,
    "SEVERITY_CHANGE": 0.1812158226966858,
    "SUPPLIES_USED": 0.07693146914243698,
    "WEIGHTED_RESOURCE_SCORE": 0.0008635970298200846,
    "SMOL_MEDICAL_SOUNDNESS": 0.05901651829481125,
    "category": 0.0020928503945469856,
    "treatment": 0.0010042947251349688
}