{
    "tagged": 0.00202469015493989,
    "mental_status": 4.250644633430056e-05,
    "breathing": 0.0038587599992752075,
    "intent": 0.12043348699808121,
    "directness_of_causality": 0.06714878976345062,
    "injured_count": 0.0005389510770328343,
    "aid_available": 0.03822984918951988,
    "treating": 0.08797043561935425,
    "HRA Strategy.time-resources.take-the-best": 0.3340546190738678,
    "Satisfactory Priority": 0.0003907553036697209,
    "pPain": 3.774222932406701e-05,
    "SEVERITY": 0.033585742115974426,
    "SUPPLIES_REMAINING": 0.0006672291201539338,
    "AVERAGE_TIME_USED": 0.000284823210677132,
    "DAMAGE_PER_SECOND": 9.484731708653271e-05,
    "MEDSIM_P_DEATH": 4.809593065147055e-06,
    "SEVERITY_CHANGE": 0.1652587354183197,
    "SUPPLIES_USED": 0.07892320305109024,
    "SEVEREST_SEVERITY": 1.3728702469961718e-05,
    "WEIGHTED_RESOURCE_SCORE": 0.0013175117783248425,
    "SMOL_MEDICAL_SOUNDNESS": 0.062020935118198395,
    "category": 0.002147033577784896,
    "treatment": 0.0009507962386123836
}