{
    "conscious": 0.0004651114868465811,
    "mental_status": 0.00012289661390241235,
    "breathing": 0.059346530586481094,
    "intent": 0.045528385788202286,
    "directness_of_causality": 0.18450456857681274,
    "aid_available": 0.15900710225105286,
    "treating": 0.27230778336524963,
    "HRA Strategy.time-resources.take-the-best": 0.005703968461602926,
    "HRA Strategy.resources-risk_reward_ratio.one-bounce": 0.029284289106726646,
    "HRA Strategy.resources-system.take-the-best": 0.026288917288184166,
    "HRA Strategy.risk_reward_ratio-system.one-bounce": 0.0011528066825121641,
    "HRA Strategy.resources-risk_reward_ratio-system.one-bounce": 0.0012210312997922301,
    "HRA Strategy.time-resources-risk_reward_ratio-system.one-bounce": 0.0006980863981880248,
    "Take-The-Best Priority": 0.000136407048557885,
    "Satisfactory Priority": 0.0010613363701850176,
    "One-Bounce Priority": 0.0006165663944557309,
    "pBrainInjury": 0.0005794876487925649,
    "pAirwayBlocked": 0.0003953228297177702,
    "pInternalBleeding": 0.0001863473153207451,
    "entropyDeath": 0.001041491748765111,
    "SEVERITY": 0.0026381933130323887,
    "SUPPLIES_REMAINING": 0.0014440210070461035,
    "AVERAGE_TIME_USED": 0.013959522359073162,
    "DAMAGE_PER_SECOND": 0.0007600692915730178,
    "MEDSIM_P_DEATH": 0.00036756295594386756,
    "SEVERITY_CHANGE": 0.00021302075765561312,
    "SUPPLIES_USED": 0.1883305311203003,
    "SEVEREST_SEVERITY": 0.00011596429976634681,
    "SEVEREST_SEVERITY_CHANGE": 0.0006909375078976154,
    "WEIGHTED_RESOURCE_SCORE": 0.0015231295255944133,
    "treatment": 0.0003086603246629238
}