{
    "tagged": 0.019053613767027855,
    "conscious": 0.0013622540282085538,
    "breathing": 0.013130714185535908,
    "intent": 0.13017137348651886,
    "directness_of_causality": 0.08967180550098419,
    "aid_available": 0.028663022443652153,
    "treating": 0.14180880784988403,
    "HRA Strategy.time-resources.take-the-best": 0.0022524266969412565,
    "HRA Strategy.time-resources.one-bounce": 0.016211729496717453,
    "HRA Strategy.time-risk_reward_ratio.one-bounce": 0.013894195668399334,
    "HRA Strategy.resources-risk_reward_ratio.one-bounce": 0.077232725918293,
    "HRA Strategy.resources-system.take-the-best": 0.053556911647319794,
    "HRA Strategy.risk_reward_ratio-system.one-bounce": 0.001664367038756609,
    "HRA Strategy.time-resources-system.tallying": 0.0020879751536995173,
    "HRA Strategy.resources-risk_reward_ratio-system.one-bounce": 0.001533541944809258,
    "pInternalBleeding": 0.0026906614657491446,
    "entropyDeath": 0.007307261694222689,
    "SEVERITY": 0.0018888853956013918,
    "AVERAGE_TIME_USED": 0.0185357928276062,
    "SUPPLIES_USED": 0.18160134553909302,
    "SMOL_MEDICAL_SOUNDNESS": 0.19386830925941467,
    "treatment": 0.0018122813198715448
}