{
    "breathing": 0.05754874646663666,
    "directness_of_causality": 0.18312221765518188,
    "aid_available": 0.03425176069140434,
    "treating": 0.5791265368461609,
    "SUPPLIES_USED": 0.1459507793188095
}