{
    "questioning": 0.3385082185268402,
    "assessing": 0.3794972002506256,
    "tagging": 0.057050444185733795,
    "leaving": 0.19015511870384216,
    "INFORMATION_GAINED": 0.011879967525601387,
    "treatment": 0.02290910668671131
}