{
    "tagged": 0.03427530452609062,
    "hrpmin": 0.007382998708635569,
    "unvisited_count": 0.004408128093928099,
    "questioning": 0.2911205291748047,
    "assessing": 0.2399349808692932,
    "tagging": 0.19595666229724884,
    "leaving": 0.14534056186676025,
    "One-Bounce Priority": 0.03450620919466019,
    "pExternalBleeding": 0.005833953153342009,
    "treatment": 0.029961353167891502,
    "category": 0.011279265396296978
}