{
    "age": 0.010242843069136143,
    "tagged": 0.005959697999060154,
    "visited": 0.003083344316110015,
    "conscious": 0.0016484358347952366,
    "breathing": 0.011658862233161926,
    "hrpmin": 0.012478161603212357,
    "avpu": 0.0027487543411552906,
    "environment_type": 0.002266177674755454,
    "questioning": 0.2751995325088501,
    "assessing": 0.2079489827156067,
    "tagging": 0.24037958681583405,
    "category": 0.008793840184807777,
    "HRA Strategy.time-resources.take-the-best": 0.0016466203378513455,
    "HRA Strategy.time-risk_reward_ratio.take-the-best": 0.005000045523047447,
    "HRA Strategy.resources-system.take-the-best": 0.0011968906037509441,
    "HRA Strategy.risk_reward_ratio-system.exhaustive": 0.0019223637646064162,
    "One-Bounce Priority": 0.017579348757863045,
    "pDeath": 0.0028247570153325796,
    "pPain": 0.007907720282673836,
    "pBrainInjury": 0.008054107427597046,
    "pAirwayBlocked": 0.001204617670737207,
    "pInternalBleeding": 0.003501503262668848,
    "pExternalBleeding": 0.0034133419394493103,
    "entropy": 0.038899317383766174,
    "entropyDeath": 0.02064693346619606,
    "SEVERITY": 0.008847507648169994,
    "AVERAGE_TIME_USED": 0.0038663691375404596,
    "DAMAGE_PER_SECOND": 0.001715368707664311,
    "MEDSIM_P_DEATH": 0.0037409726064652205,
    "WEIGHTED_RESOURCE_SCORE": 0.006238780915737152,
    "SMOL_MEDICAL_SOUNDNESS": 0.005190280731767416,
    "INFORMATION_GAINED": 0.021064016968011856,
    "treatment": 0.0531308688223362
}