{
    "tagged": 0.004569656681269407,
    "conscious": 0.021673109382390976,
    "breathing": 0.09582953155040741,
    "intent": 0.09919333457946777,
    "unvisited_count": 0.003201137762516737,
    "aid_available": 0.0070506068877875805,
    "treating": 0.162117600440979,
    "HRA Strategy.time-resources.take-the-best": 0.0020272580441087484,
    "HRA Strategy.time-resources.one-bounce": 0.015803102403879166,
    "HRA Strategy.resources-risk_reward_ratio.one-bounce": 0.08390770107507706,
    "HRA Strategy.resources-system.take-the-best": 0.10184727609157562,
    "HRA Strategy.risk_reward_ratio-system.one-bounce": 0.05707019194960594,
    "HRA Strategy.time-resources-system.tallying": 0.18883973360061646,
    "HRA Strategy.resources-risk_reward_ratio-system.one-bounce": 0.0032171488273888826,
    "pBrainInjury": 0.035343021154403687,
    "entropyDeath": 0.0027001111302524805,
    "SEVERITY": 0.02066679485142231,
    "SUPPLIES_REMAINING": 0.0018577072769403458,
    "AVERAGE_TIME_USED": 0.014972797594964504,
    "SUPPLIES_USED": 0.04704902693629265,
    "SEVEREST_SEVERITY_CHANGE": 0.0029010518919676542,
    "WEIGHTED_RESOURCE_SCORE": 0.002432866021990776,
    "treatment": 0.025729253888130188
}