{
    "age": 0.01116625964641571,
    "tagged": 0.022409571334719658,
    "breathing": 0.02692490443587303,
    "injured_count": 0.061751894652843475,
    "questioning": 0.269413024187088,
    "assessing": 0.2270270735025406,
    "tagging": 0.13719505071640015,
    "leaving": 0.14626894891262054,
    "pDeath": 0.010503222234547138,
    "treatment": 0.06959471106529236,
    "category": 0.017745383083820343
}