{
    "aid_available": 0.2295904904603958,
    "treating": 0.5692968368530273,
    "SUPPLIES_USED": 0.20111267268657684
}