{
    "tagged": 0.10107579082250595,
    "conscious": 0.005437930580228567,
    "mental_status": 0.00883031077682972,
    "breathing": 0.048094138503074646,
    "hrpmin": 0.0019825634080916643,
    "intent": 0.03729996085166931,
    "directness_of_causality": 0.2763863205909729,
    "treating": 0.009901824407279491,
    "HRA Strategy.resources-system.take-the-best": 0.01701047457754612,
    "HRA Strategy.time-resources-system.one-bounce": 0.00850342120975256,
    "HRA Strategy.time-resources-risk_reward_ratio-system.one-bounce": 0.004660502541810274,
    "Take-The-Best Priority": 0.007141802925616503,
    "Satisfactory Priority": 0.021667957305908203,
    "pDeath": 0.003376030595973134,
    "pInternalBleeding": 0.0022939082700759172,
    "entropyDeath": 0.001523143844678998,
    "SEVERITY": 0.003082804847508669,
    "SUPPLIES_REMAINING": 0.005557856056839228,
    "DAMAGE_PER_SECOND": 0.0033515673130750656,
    "MEDSIM_P_DEATH": 0.0008433039183728397,
    "WEIGHTED_RESOURCE_SCORE": 0.011364063248038292,
    "SMOL_MEDICAL_SOUNDNESS": 0.4093381464481354,
    "category": 0.011276308447122574
}