{
    "tagged": 4.8948320909403265e-05,
    "conscious": 0.00041967423749156296,
    "breathing": 7.662412826903164e-05,
    "intent": 0.024597305804491043,
    "directness_of_causality": 0.2029382735490799,
    "aid_available": 0.16036354005336761,
    "treating": 0.28768670558929443,
    "HRA Strategy.time-resources.take-the-best": 0.009093443863093853,
    "HRA Strategy.resources-system.take-the-best": 0.023581519722938538,
    "HRA Strategy.risk_reward_ratio-system.one-bounce": 0.0015312780160456896,
    "HRA Strategy.time-resources-system.one-bounce": 0.0006904328474774957,
    "HRA Strategy.resources-risk_reward_ratio-system.one-bounce": 0.001021242351271212,
    "HRA Strategy.time-resources-risk_reward_ratio-system.one-bounce": 0.0003256473282817751,
    "Take-The-Best Priority": 0.0005114277009852231,
    "Satisfactory Priority": 0.001225401763804257,
    "pDeath": 0.08832917362451553,
    "pAirwayBlocked": 0.00027687527472153306,
    "entropy": 0.00021972929243929684,
    "entropyDeath": 0.00016910173872020096,
    "SEVERITY": 0.016125250607728958,
    "SUPPLIES_REMAINING": 0.015305520966649055,
    "AVERAGE_TIME_USED": 0.0028753166552633047,
    "SEVERITY_CHANGE": 9.188828698825091e-05,
    "SUPPLIES_USED": 0.16139455139636993,
    "SEVEREST_SEVERITY": 2.1007646864745766e-05,
    "WEIGHTED_RESOURCE_SCORE": 7.382025069091469e-05,
    "SMOL_MEDICAL_SOUNDNESS": 0.0003637502668425441,
    "treatment": 0.0006424303282983601
}