{
    "directness_of_causality": 0.04759062081575394,
    "injured_count": 0.39111030101776123,
    "aid_available": 0.11137441545724869,
    "treating": 0.20776201784610748,
    "SUPPLIES_USED": 0.11318432539701462,
    "SMOL_MEDICAL_SOUNDNESS": 0.12897828221321106
}