{
    "tagged": 0.0205198023468256,
    "visited": 0.0011379360221326351,
    "conscious": 0.0009510945528745651,
    "mental_status": 0.002498926594853401,
    "breathing": 0.0016764986794441938,
    "intent": 0.07736410200595856,
    "directness_of_causality": 0.06366190314292908,
    "aid_available": 0.0007889884291216731,
    "treating": 0.061742499470710754,
    "HRA Strategy.time-risk_reward_ratio.one-bounce": 0.0005934229120612144,
    "HRA Strategy.risk_reward_ratio-system.one-bounce": 0.0007825311040505767,
    "HRA Strategy.time-resources-risk_reward_ratio-system.one-bounce": 0.000619324971921742,
    "pBrainInjury": 0.0007363067124970257,
    "pAirwayBlocked": 0.0013247292954474688,
    "pInternalBleeding": 0.0010385275818407536,
    "SEVERITY": 0.03735300526022911,
    "SUPPLIES_REMAINING": 0.0011298763565719128,
    "DAMAGE_PER_SECOND": 0.0005575130926445127,
    "SEVERITY_CHANGE": 0.5394408106803894,
    "WEIGHTED_RESOURCE_SCORE": 0.0009329456952400506,
    "SMOL_MEDICAL_SOUNDNESS": 0.12410929054021835,
    "treatment": 0.05605426803231239,
    "category": 0.004985692910850048
}