{
    "age": 0.005429594777524471,
    "tagged": 0.04845898225903511,
    "conscious": 0.004001848865300417,
    "breathing": 0.010256833396852016,
    "hrpmin": 0.015003050677478313,
    "injured_count": 0.01808599941432476,
    "questioning": 0.15211006999015808,
    "assessing": 0.22332006692886353,
    "tagging": 0.21919333934783936,
    "leaving": 0.1507587730884552,
    "HRA Strategy.time-resources.take-the-best": 0.004889805801212788,
    "One-Bounce Priority": 0.03433817997574806,
    "pDeath": 0.0035477648489177227,
    "pPain": 0.007546709384769201,
    "pExternalBleeding": 0.0073404875583946705,
    "entropy": 0.01706368289887905,
    "INFORMATION_GAINED": 0.025532202795147896,
    "treatment": 0.0401940643787384,
    "category": 0.012928527779877186
}