{
    "tagged": 0.0037849661894142628,
    "conscious": 0.026843663305044174,
    "mental_status": 0.0004768586077261716,
    "breathing": 0.18133798241615295,
    "hrpmin": 0.0001771065581124276,
    "avpu": 0.00013716265675611794,
    "intent": 0.09072362631559372,
    "unvisited_count": 0.002651446033269167,
    "aid_available": 0.007404830772429705,
    "treating": 0.13427495956420898,
    "HRA Strategy.time-resources.take-the-best": 0.0016791420057415962,
    "HRA Strategy.time-resources.one-bounce": 0.019547738134860992,
    "HRA Strategy.time-risk_reward_ratio.one-bounce": 0.00011327105312375352,
    "HRA Strategy.resources-risk_reward_ratio.one-bounce": 0.06949926912784576,
    "HRA Strategy.resources-system.take-the-best": 0.08435830473899841,
    "HRA Strategy.risk_reward_ratio-system.one-bounce": 0.05498756468296051,
    "HRA Strategy.time-resources-system.tallying": 0.15641261637210846,
    "HRA Strategy.resources-risk_reward_ratio-system.one-bounce": 0.0030699726194143295,
    "pDeath": 6.181287608342245e-05,
    "pPain": 0.0002929096226580441,
    "pBrainInjury": 0.04655258357524872,
    "pInternalBleeding": 0.0007436606683768332,
    "pExternalBleeding": 8.982505096355453e-05,
    "entropy": 6.16559773334302e-05,
    "entropyDeath": 0.0025827172212302685,
    "SEVERITY": 0.027393504977226257,
    "SUPPLIES_REMAINING": 0.0015387061284855008,
    "AVERAGE_TIME_USED": 0.01442804280668497,
    "DAMAGE_PER_SECOND": 0.0004635023942682892,
    "SUPPLIES_USED": 0.04035879299044609,
    "SEVEREST_SEVERITY": 0.0001290281506953761,
    "SEVEREST_SEVERITY_CHANGE": 0.0024025330785661936,
    "WEIGHTED_RESOURCE_SCORE": 0.0020151000935584307,
    "treatment": 0.02340511977672577
}