{
    "tagged": 0.0005323893274180591,
    "intent": 0.36031433939933777,
    "aid_available": 0.021330345422029495,
    "treating": 0.344349205493927,
    "HRA Strategy.time-resources.take-the-best": 0.011986062861979008,
    "HRA Strategy.resources-system.take-the-best": 0.020962096750736237,
    "pPain": 0.2405255287885666
}