{
    "mental_status": 0.006648880895227194,
    "breathing": 0.00013113098975736648,
    "avpu": 7.594833004986867e-05,
    "intent": 0.03712169826030731,
    "directness_of_causality": 0.1793106198310852,
    "aid_available": 0.1402294635772705,
    "treating": 0.24019409716129303,
    "HRA Strategy.time-risk_reward_ratio.one-bounce": 0.000629671267233789,
    "HRA Strategy.risk_reward_ratio-system.one-bounce": 0.0012684054672718048,
    "HRA Strategy.resources-risk_reward_ratio-system.one-bounce": 0.0011839083163067698,
    "HRA Strategy.time-resources-risk_reward_ratio-system.one-bounce": 0.00035752609255723655,
    "Take-The-Best Priority": 0.0016525654355064034,
    "Satisfactory Priority": 0.0009666518890298903,
    "One-Bounce Priority": 0.0004976033815182745,
    "pDeath": 0.0005254167481325567,
    "pPain": 7.119242945918813e-05,
    "pBrainInjury": 0.0003161623899359256,
    "pAirwayBlocked": 0.00028381776064634323,
    "pInternalBleeding": 0.0002959833946079016,
    "SEVERITY": 0.0019300696440041065,
    "SUPPLIES_REMAINING": 0.0015545831993222237,
    "AVERAGE_TIME_USED": 0.003939961548894644,
    "SUPPLIES_USED": 0.20904240012168884,
    "SEVEREST_SEVERITY_CHANGE": 0.00022853625705465674,
    "WEIGHTED_RESOURCE_SCORE": 0.0005744919762946665,
    "SMOL_MEDICAL_SOUNDNESS": 0.170124351978302,
    "treatment": 0.0008449090528301895
}