{
    "age": 0.010211040265858173,
    "tagged": 0.03462783619761467,
    "conscious": 0.01004098355770111,
    "breathing": 0.00831295270472765,
    "hrpmin": 0.006824667099863291,
    "unvisited_count": 0.007141338661313057,
    "injured_count": 0.014228694140911102,
    "environment_type": 0.004588301293551922,
    "questioning": 0.10309819132089615,
    "assessing": 0.1448678821325302,
    "tagging": 0.15230132639408112,
    "leaving": 0.31584230065345764,
    "category": 0.0073214126750826836,
    "HRA Strategy.time-resources.take-the-best": 0.0027385528665035963,
    "Satisfactory Priority": 0.005045899655669928,
    "One-Bounce Priority": 0.010816224850714207,
    "pDeath": 0.010779306292533875,
    "pPain": 0.003410664154216647,
    "pBrainInjury": 0.009274552576243877,
    "pAirwayBlocked": 0.0026877433992922306,
    "pInternalBleeding": 0.014880652539432049,
    "pExternalBleeding": 0.003745720023289323,
    "entropy": 0.004996943287551403,
    "entropyDeath": 0.01669999212026596,
    "SEVERITY": 0.0031373274978250265,
    "AVERAGE_TIME_USED": 0.0030700897332280874,
    "MEDSIM_P_DEATH": 0.012860466726124287,
    "MEDSIM_P_DEATH_ONE_MIN_LATER": 0.0038965141866356134,
    "WEIGHTED_RESOURCE_SCORE": 0.0030736199114471674,
    "SMOL_MEDICAL_SOUNDNESS": 0.0037871352396905422,
    "INFORMATION_GAINED": 0.03257257863879204,
    "treatment": 0.0331190824508667
}