{
    "environment_type": 0.0759192705154419,
    "assessing": 0.9240807890892029
}