{
    "age": 0.0857083722949028,
    "tagged": 0.5992081165313721,
    "environment_type": 0.026058239862322807,
    "category": 0.009942512027919292,
    "One-Bounce Priority": 0.005803258623927832,
    "pDeath": 0.0053305295296013355,
    "pBrainInjury": 0.002035939833149314,
    "entropyDeath": 0.005436196457594633,
    "SEVERITY": 0.011734659783542156,
    "AVERAGE_TIME_USED": 0.06930860131978989,
    "MEDSIM_P_DEATH_ONE_MIN_LATER": 0.027339544147253036,
    "WEIGHTED_RESOURCE_SCORE": 0.06251917034387589,
    "SMOL_MEDICAL_SOUNDNESS": 0.009992722421884537,
    "treatment": 0.07958213239908218
}