{
    "questioning": 0.39902520179748535,
    "assessing": 0.45746541023254395,
    "INFORMATION_GAINED": 0.14350943267345428
}