{
    "age": 0.0025638770312070847,
    "tagged": 0.031987424939870834,
    "visited": 0.002556839259341359,
    "conscious": 0.0020107629243284464,
    "questioning": 0.19473621249198914,
    "assessing": 0.17117802798748016,
    "tagging": 0.33521348237991333,
    "leaving": 0.1446806639432907,
    "HRA Strategy.time-resources.take-the-best": 0.0009029412176460028,
    "HRA Strategy.resources-system.take-the-best": 0.005480425897985697,
    "entropy": 0.0009551919647492468,
    "AVERAGE_TIME_USED": 0.010240407660603523,
    "DAMAGE_PER_SECOND": 0.005198429338634014,
    "MEDSIM_P_DEATH": 0.001016994589008391,
    "WEIGHTED_RESOURCE_SCORE": 0.002054610988125205,
    "SMOL_MEDICAL_SOUNDNESS": 0.04018356278538704,
    "treatment": 0.04904007539153099
}