{
    "age": 0.004428264684975147,
    "tagged": 0.018803948536515236,
    "visited": 0.00549253961071372,
    "conscious": 0.00044219137635082006,
    "breathing": 0.006973484065383673,
    "hrpmin": 0.0015402818098664284,
    "avpu": 0.0004585373681038618,
    "unvisited_count": 0.012569459155201912,
    "injured_count": 0.012946841306984425,
    "environment_type": 0.001097831642255187,
    "questioning": 0.1118478998541832,
    "assessing": 0.13708247244358063,
    "tagging": 0.1200341284275055,
    "leaving": 0.45061779022216797,
    "HRA Strategy.time-resources.take-the-best": 0.003103247843682766,
    "HRA Strategy.time-system.exhaustive": 0.0010790526866912842,
    "HRA Strategy.resources-system.take-the-best": 0.0006880247383378446,
    "HRA Strategy.resources-system.exhaustive": 0.0018176924204453826,
    "Satisfactory Priority": 0.004914268385618925,
    "One-Bounce Priority": 0.016090236604213715,
    "pDeath": 0.0023380762431770563,
    "pPain": 0.004047793801873922,
    "pBrainInjury": 0.001967818709090352,
    "pAirwayBlocked": 0.0034565385431051254,
    "pInternalBleeding": 0.004036261700093746,
    "pExternalBleeding": 0.005081506446003914,
    "entropy": 0.0032730759121477604,
    "entropyDeath": 0.00473052030429244,
    "SEVERITY": 0.002847149968147278,
    "AVERAGE_TIME_USED": 0.005421941168606281,
    "MEDSIM_P_DEATH": 0.002706700935959816,
    "MEDSIM_P_DEATH_ONE_MIN_LATER": 0.0005750953569076955,
    "WEIGHTED_RESOURCE_SCORE": 0.00326292822137475,
    "SMOL_MEDICAL_SOUNDNESS": 0.0009683988755568862,
    "INFORMATION_GAINED": 0.01098620891571045,
    "treatment": 0.026983167976140976,
    "category": 0.00528867868706584
}