{
    "age": 0.0026233894750475883,
    "tagged": 0.03887768089771271,
    "visited": 0.0021511439699679613,
    "conscious": 0.0019418594893068075,
    "questioning": 0.19294977188110352,
    "assessing": 0.16960769891738892,
    "tagging": 0.3321397304534912,
    "leaving": 0.1433534175157547,
    "HRA Strategy.time-resources.take-the-best": 0.0008883431437425315,
    "HRA Strategy.resources-system.take-the-best": 0.0054872119799256325,
    "Take-The-Best Priority": 0.0006504307966679335,
    "entropy": 0.0013953583547845483,
    "AVERAGE_TIME_USED": 0.008768346160650253,
    "DAMAGE_PER_SECOND": 0.005426967516541481,
    "MEDSIM_P_DEATH": 0.0019654445350170135,
    "WEIGHTED_RESOURCE_SCORE": 0.0029796829912811518,
    "SMOL_MEDICAL_SOUNDNESS": 0.03214934840798378,
    "treatment": 0.05664416030049324
}