{
    "tagged": 3.912039028364234e-05,
    "conscious": 0.0007753829122520983,
    "breathing": 0.01617632806301117,
    "intent": 0.09917920082807541,
    "directness_of_causality": 0.1379743218421936,
    "aid_available": 0.10119350999593735,
    "treating": 0.1996101588010788,
    "HRA Strategy.risk_reward_ratio-system.one-bounce": 0.0015984313795343041,
    "HRA Strategy.resources-risk_reward_ratio-system.one-bounce": 0.0012029949575662613,
    "HRA Strategy.time-resources-risk_reward_ratio-system.one-bounce": 0.00031899602618068457,
    "Take-The-Best Priority": 0.0011271476978436112,
    "pPain": 8.90449300641194e-05,
    "pBrainInjury": 3.161593122058548e-05,
    "pAirwayBlocked": 0.0002380660589551553,
    "entropy": 4.913605880574323e-05,
    "entropyDeath": 3.5195465898141265e-05,
    "SEVERITY": 0.018927011638879776,
    "SUPPLIES_REMAINING": 0.0017470960738137364,
    "AVERAGE_TIME_USED": 0.06768646091222763,
    "DAMAGE_PER_SECOND": 0.0003010663203895092,
    "MEDSIM_P_DEATH": 0.0008363165543414652,
    "SEVERITY_CHANGE": 0.00021001089771743864,
    "SUPPLIES_USED": 0.12402056902647018,
    "SEVEREST_SEVERITY": 0.00022961790091358125,
    "SEVEREST_SEVERITY_CHANGE": 0.03883370757102966,
    "WEIGHTED_RESOURCE_SCORE": 0.0002925492881331593,
    "SMOL_MEDICAL_SOUNDNESS": 0.1157764196395874,
    "treatment": 0.07150055468082428
}