{
    "tagged": 0.02435416355729103,
    "injured_count": 0.11565959453582764,
    "environment_type": 0.022171782329678535,
    "questioning": 0.2660840153694153,
    "assessing": 0.38937142491340637,
    "tagging": 0.059590622782707214,
    "AVERAGE_TIME_USED": 0.0383652038872242,
    "WEIGHTED_RESOURCE_SCORE": 0.03385503962635994,
    "INFORMATION_GAINED": 0.016756638884544373,
    "treatment": 0.033791493624448776
}