{
    "tagged": 0.0556686669588089,
    "conscious": 0.10439280420541763,
    "mental_status": 0.011508695781230927,
    "breathing": 0.031819168478250504,
    "intent": 0.20097453892230988,
    "directness_of_causality": 0.11753183603286743,
    "treating": 0.17623582482337952,
    "HRA Strategy.time-resources.take-the-best": 0.007346872240304947,
    "HRA Strategy.risk_reward_ratio-system.one-bounce": 0.009200487285852432,
    "HRA Strategy.resources-risk_reward_ratio-system.one-bounce": 0.0086653558537364,
    "pBrainInjury": 0.0058977012522518635,
    "pAirwayBlocked": 0.005429996643215418,
    "pInternalBleeding": 0.009712195955216885,
    "SEVERITY": 0.06061658263206482,
    "AVERAGE_TIME_USED": 0.0813787654042244,
    "SUPPLIES_USED": 0.06785513460636139,
    "SEVEREST_SEVERITY": 0.042814694344997406,
    "treatment": 0.0029507209546864033
}