{
    "age": 0.0854070708155632,
    "tagged": 0.017843686044216156,
    "visited": 0.0016347187338396907,
    "injured_count": 0.03336955979466438,
    "questioning": 0.12864062190055847,
    "tagging": 0.4539753198623657,
    "HRA Strategy.time-resources.take-the-best": 0.018460586667060852,
    "pDeath": 0.0017738181632012129,
    "SEVERITY": 0.006361289881169796,
    "SUPPLIES_REMAINING": 0.0016184300184249878,
    "AVERAGE_TIME_USED": 0.1009235605597496,
    "DAMAGE_PER_SECOND": 0.042778339236974716,
    "WEIGHTED_RESOURCE_SCORE": 0.001039407099597156,
    "treatment": 0.09220611304044724,
    "category": 0.01396754290908575
}