{
    "tagged": 0.0019034931901842356,
    "mental_status": 3.563868813216686e-05,
    "breathing": 0.003776297904551029,
    "intent": 0.11785981059074402,
    "directness_of_causality": 0.06571420282125473,
    "injured_count": 0.0005274336435832083,
    "aid_available": 0.03741315379738808,
    "treating": 0.08609049767255783,
    "HRA Strategy.time-resources.take-the-best": 0.32691583037376404,
    "Satisfactory Priority": 0.0003815375384874642,
    "SEVERITY": 0.037225667387247086,
    "SUPPLIES_REMAINING": 0.000652970396913588,
    "AVERAGE_TIME_USED": 0.0002810117439366877,
    "DAMAGE_PER_SECOND": 9.521515312371776e-05,
    "SEVERITY_CHANGE": 0.18193458020687103,
    "SUPPLIES_USED": 0.0772366002202034,
    "WEIGHTED_RESOURCE_SCORE": 0.0009734173072502017,
    "SMOL_MEDICAL_SOUNDNESS": 0.05787277966737747,
    "category": 0.0021011512726545334,
    "treatment": 0.0010086644906550646
}