{
    "age": 0.019550325348973274,
    "tagged": 0.06017756462097168,
    "visited": 0.0039042741991579533,
    "conscious": 0.0043165069073438644,
    "breathing": 0.010500510223209858,
    "hrpmin": 0.018183819949626923,
    "avpu": 0.0020617248956114054,
    "unvisited_count": 0.003353099338710308,
    "injured_count": 0.061262112110853195,
    "others_tagged_or_uninjured": 0.002288433024659753,
    "environment_type": 0.013524988666176796,
    "questioning": 0.16724537312984467,
    "assessing": 0.17187820374965668,
    "tagging": 0.183934286236763,
    "category": 0.011883080005645752,
    "HRA Strategy.time-resources.take-the-best": 0.002523995703086257,
    "HRA Strategy.time-risk_reward_ratio.take-the-best": 0.009444190189242363,
    "HRA Strategy.time-system.exhaustive": 0.000911298964638263,
    "Satisfactory Priority": 0.019050391390919685,
    "One-Bounce Priority": 0.03417855128645897,
    "pDeath": 0.0030311450827866793,
    "pPain": 0.013615123927593231,
    "pBrainInjury": 0.0017131568165495992,
    "pAirwayBlocked": 0.022693127393722534,
    "pExternalBleeding": 0.000712166482117027,
    "entropy": 0.00909095723181963,
    "entropyDeath": 0.000776228669565171,
    "SEVERITY": 0.0055618188343942165,
    "SUPPLIES_REMAINING": 0.0009400298586115241,
    "AVERAGE_TIME_USED": 0.00370430969633162,
    "DAMAGE_PER_SECOND": 0.005025569815188646,
    "MEDSIM_P_DEATH": 0.005509131122380495,
    "MEDSIM_P_DEATH_ONE_MIN_LATER": 0.0023941597901284695,
    "SEVEREST_SEVERITY": 0.0014022545656189322,
    "SMOL_MEDICAL_SOUNDNESS": 0.00729901809245348,
    "INFORMATION_GAINED": 0.0832633376121521,
    "treatment": 0.03309571370482445
}