{
    "age": 0.0018486229237169027,
    "tagged": 0.040733568370342255,
    "breathing": 0.004148952197283506,
    "hrpmin": 0.008184491656720638,
    "unvisited_count": 0.00526316137984395,
    "injured_count": 0.004335860721766949,
    "environment_type": 0.0033475833479315042,
    "questioning": 0.1943318247795105,
    "assessing": 0.1955992579460144,
    "tagging": 0.19483333826065063,
    "leaving": 0.2057659924030304,
    "HRA Strategy.time-resources.take-the-best": 0.0026866812258958817,
    "Satisfactory Priority": 0.0033719290513545275,
    "One-Bounce Priority": 0.02327735163271427,
    "pDeath": 0.0016863824566826224,
    "pPain": 0.005236092954874039,
    "pInternalBleeding": 0.00507833668962121,
    "pExternalBleeding": 0.014954332262277603,
    "entropy": 0.010468985885381699,
    "SEVERITY": 0.001571408356539905,
    "AVERAGE_TIME_USED": 0.009427637793123722,
    "MEDSIM_P_DEATH": 0.008181702345609665,
    "MEDSIM_P_DEATH_ONE_MIN_LATER": 0.002829858800396323,
    "SMOL_MEDICAL_SOUNDNESS": 0.0017643661703914404,
    "treatment": 0.04313354939222336,
    "category": 0.007938740774989128
}