{
    "hrpmin": 0.017922135069966316,
    "questioning": 0.29127752780914307,
    "assessing": 0.3465269207954407,
    "tagging": 0.14008203148841858,
    "category": 0.012572411447763443,
    "One-Bounce Priority": 0.026091737672686577,
    "entropy": 0.01137017272412777,
    "INFORMATION_GAINED": 0.1154094859957695,
    "treatment": 0.03874759376049042
}