{
    "tagged": 0.02161835879087448,
    "mental_status": 0.008733569644391537,
    "breathing": 0.003024324541911483,
    "intent": 0.0521024689078331,
    "directness_of_causality": 0.08305465430021286,
    "aid_available": 0.050176847726106644,
    "treating": 0.18177731335163116,
    "HRA Strategy.time-resources.take-the-best": 0.0193999782204628,
    "HRA Strategy.resources-system.take-the-best": 0.053996481001377106,
    "HRA Strategy.risk_reward_ratio-system.one-bounce": 0.0009459113352932036,
    "HRA Strategy.resources-risk_reward_ratio-system.one-bounce": 0.0021220706403255463,
    "pPain": 0.009822200983762741,
    "SEVERITY": 0.08256992697715759,
    "AVERAGE_TIME_USED": 0.0201004296541214,
    "DAMAGE_PER_SECOND": 0.039435505867004395,
    "SUPPLIES_USED": 0.20627227425575256,
    "SMOL_MEDICAL_SOUNDNESS": 0.11615486443042755,
    "treatment": 0.048692770302295685
}