{
    "age": 0.006344995461404324,
    "tagged": 0.032778043299913406,
    "visited": 0.0024667433463037014,
    "conscious": 0.001551249180920422,
    "breathing": 0.005375360604375601,
    "hrpmin": 0.006248307880014181,
    "avpu": 0.000742749369237572,
    "unvisited_count": 0.010361887514591217,
    "injured_count": 0.013365259394049644,
    "environment_type": 0.0011927973246201873,
    "questioning": 0.18471659719944,
    "assessing": 0.17812331020832062,
    "treating": 2.8785012545995414e-05,
    "tagging": 0.20518042147159576,
    "leaving": 0.16499637067317963,
    "HRA Strategy.time-resources.take-the-best": 0.0022921988274902105,
    "HRA Strategy.time-resources.one-bounce": 0.0003932843101210892,
    "HRA Strategy.time-system.exhaustive": 0.0009947243379428983,
    "HRA Strategy.time-system.one-bounce": 0.0014948793686926365,
    "HRA Strategy.resources-system.take-the-best": 0.000906430883333087,
    "Take-The-Best Priority": 0.0006398227997124195,
    "Satisfactory Priority": 0.004265952855348587,
    "One-Bounce Priority": 0.019546475261449814,
    "pDeath": 0.00368313561193645,
    "pPain": 0.0057535781525075436,
    "pBrainInjury": 0.001359990332275629,
    "pAirwayBlocked": 0.011236527934670448,
    "pInternalBleeding": 0.006081416271626949,
    "pExternalBleeding": 0.013784253969788551,
    "entropy": 0.009726202115416527,
    "entropyDeath": 0.0021281479857861996,
    "SEVERITY": 0.0023415565956383944,
    "SUPPLIES_REMAINING": 0.0004712418594863266,
    "AVERAGE_TIME_USED": 0.0036213891580700874,
    "DAMAGE_PER_SECOND": 0.0008473204215988517,
    "MEDSIM_P_DEATH": 0.004944152198731899,
    "MEDSIM_P_DEATH_ONE_MIN_LATER": 0.0035911875311285257,
    "SEVERITY_CHANGE": 0.0009885582840070128,
    "SEVEREST_SEVERITY": 0.0035402015782892704,
    "SEVEREST_SEVERITY_CHANGE": 0.00027534758555702865,
    "WEIGHTED_RESOURCE_SCORE": 0.002578063402324915,
    "SMOL_MEDICAL_SOUNDNESS": 0.0027747119311243296,
    "INFORMATION_GAINED": 0.03859167918562889,
    "treatment": 0.02903314307332039,
    "category": 0.008641657419502735
}