{
    "questioning": 0.3509186804294586,
    "assessing": 0.33167433738708496,
    "tagging": 0.08736998587846756,
    "leaving": 0.15187864005565643,
    "One-Bounce Priority": 0.017304087057709694,
    "INFORMATION_GAINED": 0.01894477754831314,
    "treatment": 0.023128801956772804,
    "category": 0.018780754879117012
}