{
    "age": 0.18869714438915253,
    "tagged": 0.5098757743835449,
    "conscious": 0.016308395192027092,
    "SEVERITY": 0.01897684670984745,
    "DAMAGE_PER_SECOND": 0.04799222946166992,
    "MEDSIM_P_DEATH_ONE_MIN_LATER": 0.054553885012865067,
    "WEIGHTED_RESOURCE_SCORE": 0.0777328684926033,
    "treatment": 0.08586288243532181
}