{
    "age": 0.012524412013590336,
    "tagged": 0.03452053293585777,
    "conscious": 0.005527472123503685,
    "breathing": 0.002292226767167449,
    "avpu": 0.005073795560747385,
    "unvisited_count": 0.007366115227341652,
    "injured_count": 0.044354405254125595,
    "environment_type": 0.004647488705813885,
    "questioning": 0.05272836610674858,
    "assessing": 0.107304647564888,
    "treating": 0.0013587363064289093,
    "tagging": 0.14286865293979645,
    "leaving": 0.3611529469490051,
    "treatment": 0.02561674825847149,
    "HRA Strategy.time-resources.take-the-best": 0.024491705000400543,
    "HRA Strategy.time-resources.one-bounce": 0.0002576027764007449,
    "HRA Strategy.time-system.one-bounce": 0.0024022108409553766,
    "Satisfactory Priority": 0.012961708940565586,
    "One-Bounce Priority": 0.023492520675063133,
    "pDeath": 0.0014079815009608865,
    "pPain": 0.016602803021669388,
    "pBrainInjury": 0.03801355138421059,
    "pAirwayBlocked": 0.002384774386882782,
    "pInternalBleeding": 0.0005813339375890791,
    "pExternalBleeding": 0.003102230140939355,
    "entropy": 0.0011967000318691134,
    "entropyDeath": 0.004854458384215832,
    "SEVERITY": 0.001274118316359818,
    "SUPPLIES_REMAINING": 0.0010684110457077622,
    "AVERAGE_TIME_USED": 0.0008749548578634858,
    "DAMAGE_PER_SECOND": 0.0011697171721607447,
    "MEDSIM_P_DEATH": 0.0026102992706000805,
    "MEDSIM_P_DEATH_ONE_MIN_LATER": 0.004990790970623493,
    "SEVEREST_SEVERITY": 0.0013609275920316577,
    "SEVEREST_SEVERITY_CHANGE": 0.021107392385601997,
    "SMOL_MEDICAL_SOUNDNESS": 0.0005869010929018259,
    "INFORMATION_GAINED": 0.017894955351948738,
    "category": 0.00797554012387991
}