{
    "intent": 0.31102490425109863,
    "directness_of_causality": 0.08835573494434357,
    "treating": 0.42629677057266235,
    "SMOL_MEDICAL_SOUNDNESS": 0.17432253062725067
}