{
    "conscious": 0.07372571527957916,
    "mental_status": 0.009073718450963497,
    "intent": 0.08333946764469147,
    "directness_of_causality": 0.14896054565906525,
    "aid_available": 0.15194061398506165,
    "treating": 0.23898912966251373,
    "HRA Strategy.risk_reward_ratio-system.one-bounce": 0.0017571005737408996,
    "HRA Strategy.resources-risk_reward_ratio-system.one-bounce": 0.0012061689049005508,
    "HRA Strategy.time-resources-risk_reward_ratio-system.one-bounce": 0.0008840719820000231,
    "Take-The-Best Priority": 0.010524089448153973,
    "Satisfactory Priority": 0.0016584950499236584,
    "pDeath": 0.002885333728045225,
    "pPain": 0.0015253942692652345,
    "pBrainInjury": 0.0015729550505056977,
    "SEVERITY": 0.026661857962608337,
    "SUPPLIES_REMAINING": 0.0007592571200802922,
    "AVERAGE_TIME_USED": 0.007065764628350735,
    "DAMAGE_PER_SECOND": 0.0011756382882595062,
    "MEDSIM_P_DEATH": 0.014134563505649567,
    "SUPPLIES_USED": 0.2192157357931137,
    "WEIGHTED_RESOURCE_SCORE": 0.0011426573619246483,
    "treatment": 0.001801770180463791
}