{
    "tagged": 0.06997741013765335,
    "conscious": 0.12553493678569794,
    "breathing": 0.026806630194187164,
    "intent": 0.23004719614982605,
    "directness_of_causality": 0.09571641683578491,
    "treating": 0.23647800087928772,
    "SEVERITY": 0.026233484968543053,
    "AVERAGE_TIME_USED": 0.10167694836854935,
    "SUPPLIES_USED": 0.05920267105102539,
    "SEVEREST_SEVERITY": 0.02832634374499321
}