{
    "tagged": 0.037624213844537735,
    "visited": 0.013071381486952305,
    "unvisited_count": 0.012365765869617462,
    "questioning": 0.21740733087062836,
    "assessing": 0.18837153911590576,
    "tagging": 0.05579394847154617,
    "leaving": 0.27581730484962463,
    "One-Bounce Priority": 0.1349002569913864,
    "treatment": 0.04039726033806801,
    "category": 0.024251073598861694
}