age,assessing,leaving
0.15837781131267548,0.1592710018157959,0.6823511719703674
