{
    "age": 0.15837781131267548,
    "assessing": 0.1592710018157959,
    "leaving": 0.6823511719703674
}