{
    "age": 0.01612403430044651,
    "tagged": 0.03982257843017578,
    "visited": 0.002432954730466008,
    "conscious": 0.0069418419152498245,
    "breathing": 0.025967972353100777,
    "hrpmin": 0.035031482577323914,
    "avpu": 0.006226631347090006,
    "assessing": 0.18386824429035187,
    "tagging": 0.3727077543735504,
    "category": 0.016437754034996033,
    "HRA Strategy.time-resources.take-the-best": 0.010920911096036434,
    "HRA Strategy.time-system.tallying": 0.021750640124082565,
    "pBrainInjury": 0.028706349432468414,
    "pAirwayBlocked": 0.050919871777296066,
    "pInternalBleeding": 0.005212737247347832,
    "entropy": 0.002753340872004628,
    "entropyDeath": 0.06425157934427261,
    "SEVERITY": 0.02259252406656742,
    "AVERAGE_TIME_USED": 0.0045588044449687,
    "MEDSIM_P_DEATH": 0.009707257151603699,
    "SEVEREST_SEVERITY_CHANGE": 0.004021312575787306,
    "WEIGHTED_RESOURCE_SCORE": 0.0025917822495102882,
    "SMOL_MEDICAL_SOUNDNESS": 0.009379151277244091,
    "treatment": 0.057072557508945465
}