{
    "age": 0.0186375230550766,
    "tagged": 0.020014209672808647,
    "visited": 0.001226958935149014,
    "environment_type": 0.007141641806811094,
    "assessing": 0.3698311746120453,
    "tagging": 0.21006041765213013,
    "treatment": 0.040834177285432816,
    "HRA Strategy.time-resources.take-the-best": 0.0037221622187644243,
    "HRA Strategy.time-system.tallying": 0.04352777078747749,
    "Satisfactory Priority": 0.024794388562440872,
    "pDeath": 0.0008874159539118409,
    "pPain": 0.06767300516366959,
    "pInternalBleeding": 0.00012382795102894306,
    "entropyDeath": 0.0015316375065594912,
    "SEVERITY": 0.004859025124460459,
    "SUPPLIES_REMAINING": 0.0027185287326574326,
    "AVERAGE_TIME_USED": 0.059595976024866104,
    "DAMAGE_PER_SECOND": 0.007245248649269342,
    "MEDSIM_P_DEATH": 0.027549801394343376,
    "SEVEREST_SEVERITY": 0.042904384434223175,
    "WEIGHTED_RESOURCE_SCORE": 0.0018246399704366922,
    "SMOL_MEDICAL_SOUNDNESS": 0.04329606145620346
}