{
    "age": 0.012236185371875763,
    "tagged": 0.035202644765377045,
    "conscious": 0.0053013889119029045,
    "breathing": 0.0023017192725092173,
    "avpu": 0.004951230715960264,
    "unvisited_count": 0.006642849184572697,
    "injured_count": 0.04336532577872276,
    "environment_type": 0.004716849885880947,
    "questioning": 0.05155254900455475,
    "assessing": 0.10491181164979935,
    "treating": 0.002036173827946186,
    "tagging": 0.1396828591823578,
    "leaving": 0.35309943556785583,
    "treatment": 0.02504138834774494,
    "HRA Strategy.time-resources.take-the-best": 0.033893369138240814,
    "HRA Strategy.time-resources.one-bounce": 0.00034127835533581674,
    "HRA Strategy.time-system.one-bounce": 0.0028065526857972145,
    "HRA Strategy.resources-system.take-the-best": 0.0002484038705006242,
    "Satisfactory Priority": 0.01267276518046856,
    "One-Bounce Priority": 0.02409069612622261,
    "pDeath": 0.0014788808766752481,
    "pPain": 0.0162250567227602,
    "pBrainInjury": 0.0371779128909111,
    "pAirwayBlocked": 0.0019898959435522556,
    "pInternalBleeding": 0.0005394683103077114,
    "pExternalBleeding": 0.002704048529267311,
    "entropy": 0.0013555315090343356,
    "entropyDeath": 0.004398216027766466,
    "SEVERITY": 0.0013697511749342084,
    "SUPPLIES_REMAINING": 0.0010714688105508685,
    "AVERAGE_TIME_USED": 0.0007491668220609426,
    "DAMAGE_PER_SECOND": 0.0010229432955384254,
    "MEDSIM_P_DEATH": 0.001974916085600853,
    "MEDSIM_P_DEATH_ONE_MIN_LATER": 0.006922681350260973,
    "SEVERITY_CHANGE": 0.00016649847384542227,
    "SEVEREST_SEVERITY": 0.001262294827029109,
    "SEVEREST_SEVERITY_CHANGE": 0.02832806296646595,
    "SMOL_MEDICAL_SOUNDNESS": 0.0006387492176145315,
    "INFORMATION_GAINED": 0.017495905980467796,
    "category": 0.008033113554120064
}