{
    "conscious": 0.09571181982755661,
    "mental_status": 0.009387846104800701,
    "intent": 0.03445473685860634,
    "directness_of_causality": 0.1696258932352066,
    "aid_available": 0.1548825353384018,
    "treating": 0.2561981976032257,
    "HRA Strategy.time-resources.take-the-best": 0.005160409025847912,
    "HRA Strategy.resources-risk_reward_ratio.one-bounce": 0.019793856889009476,
    "HRA Strategy.resources-system.take-the-best": 0.019136551767587662,
    "HRA Strategy.risk_reward_ratio-system.one-bounce": 0.0017752234125509858,
    "HRA Strategy.time-resources-system.one-bounce": 0.0003817463293671608,
    "HRA Strategy.resources-risk_reward_ratio-system.one-bounce": 0.0015409707557410002,
    "HRA Strategy.time-resources-risk_reward_ratio-system.one-bounce": 0.000808335084002465,
    "Take-The-Best Priority": 0.0022259727120399475,
    "Satisfactory Priority": 0.0011612116359174252,
    "pDeath": 0.0009964732453227043,
    "pBrainInjury": 0.0007464832742698491,
    "pAirwayBlocked": 0.0006004245369695127,
    "entropyDeath": 0.005656601395457983,
    "SEVERITY": 0.0017949972534552217,
    "SUPPLIES_REMAINING": 0.0012439624406397343,
    "AVERAGE_TIME_USED": 0.0007417994202114642,
    "SUPPLIES_USED": 0.21524010598659515,
    "treatment": 0.0007338766008615494
}