{
    "mental_status": 0.0013709545601159334,
    "directness_of_causality": 0.30515676736831665,
    "treating": 0.17967236042022705,
    "HRA Strategy.time-resources-system.one-bounce": 0.002617220627143979,
    "SEVERITY": 0.026522422209382057,
    "SEVERITY_CHANGE": 0.20476481318473816,
    "SMOL_MEDICAL_SOUNDNESS": 0.2798953950405121
}