{
    "age": 0.02232315205037594,
    "tagged": 0.002436453476548195,
    "visited": 0.08209371566772461,
    "conscious": 0.022047458216547966,
    "breathing": 0.016441896557807922,
    "hrpmin": 0.0054893880151212215,
    "avpu": 0.006829954218119383,
    "unvisited_count": 0.022314943373203278,
    "injured_count": 0.034217771142721176,
    "environment_type": 0.008200986310839653,
    "questioning": 0.07708974182605743,
    "assessing": 0.11148987710475922,
    "tagging": 0.30637216567993164,
    "HRA Strategy.time-resources.take-the-best": 0.07640144228935242,
    "HRA Strategy.time-resources.one-bounce": 0.0007262011640705168,
    "HRA Strategy.resources-risk_reward_ratio.take-the-best": 0.0016452153213322163,
    "HRA Strategy.resources-risk_reward_ratio.one-bounce": 0.00124275719281286,
    "Satisfactory Priority": 0.004797180648893118,
    "One-Bounce Priority": 0.014390300028026104,
    "pDeath": 0.01576017215847969,
    "pPain": 0.021580515429377556,
    "pBrainInjury": 0.00440312409773469,
    "pAirwayBlocked": 0.0011415433837100863,
    "pInternalBleeding": 0.012474928982555866,
    "pExternalBleeding": 0.010454121977090836,
    "entropy": 0.015134304761886597,
    "entropyDeath": 0.0005780736682936549,
    "SEVERITY": 0.009775325655937195,
    "SUPPLIES_REMAINING": 0.006466464139521122,
    "AVERAGE_TIME_USED": 0.010457193478941917,
    "MEDSIM_P_DEATH": 0.0073081995360553265,
    "WEIGHTED_RESOURCE_SCORE": 0.001634064014069736,
    "SMOL_MEDICAL_SOUNDNESS": 0.0008937038946896791,
    "treatment": 0.05499958246946335,
    "category": 0.01038807351142168
}