age,tagged,visited,relationship,conscious,breathing,hrpmin,avpu,unvisited_count,injured_count,environment_type,questioning,assessing,tagging,leaving,HRA Strategy.time-resources.take-the-best,HRA Strategy.time-risk_reward_ratio.take-the-best,HRA Strategy.time-system.exhaustive,HRA Strategy.time-system.tallying,HRA Strategy.time-system.one-bounce,HRA Strategy.resources-risk_reward_ratio.take-the-best,HRA Strategy.resources-system.take-the-best,HRA Strategy.resources-system.exhaustive,HRA Strategy.risk_reward_ratio-system.exhaustive,HRA Strategy.time-resources-system.exhaustive,HRA Strategy.time-risk_reward_ratio-system.one-bounce,HRA Strategy.resources-risk_reward_ratio-system.exhaustive,One-Bounce Priority,pDeath,pPain,pBrainInjury,pAirwayBlocked,pInternalBleeding,pExternalBleeding,entropy,entropyDeath,SEVERITY,SUPPLIES_REMAINING,AVERAGE_TIME_USED,DAMAGE_PER_SECOND,MEDSIM_P_DEATH,MEDSIM_P_DEATH_ONE_MIN_LATER,SEVERITY_CHANGE,SEVEREST_SEVERITY,SEVEREST_SEVERITY_CHANGE,WEIGHTED_RESOURCE_SCORE,SMOL_MEDICAL_SOUNDNESS,INFORMATION_GAINED,treatment,category
0.13675318658351898,0.058486830443143845,0.0036993573885411024,0.0854557529091835,0.001048821839503944,0.01852213218808174,0.002441819990053773,0.005730917677283287,0.0038447249680757523,0.027500879019498825,0.00405697850510478,0.09139708429574966,0.1796950399875641,0.06764823943376541,0.11762682348489761,0.0023124529980123043,0.0017422271193936467,0.002041504019871354,0.0,0.0016229745233431458,0.00016924610827118158,0.000988446525298059,0.004334589932113886,0.00020156617392785847,0.00013342418242245913,0.0009551647817716002,0.00018922184244729578,0.0018295253394171596,0.009242581203579903,0.013262641616165638,0.00560584245249629,0.010128405876457691,0.005156798288226128,0.01298618409782648,0.012712069787085056,0.009063264355063438,0.002793004037812352,0.01811918057501316,0.004248399753123522,0.00141796818934381,0.009068089537322521,0.003063036361709237,0.0013267106842249632,0.0010422145714983344,0.0015899173449724913,0.0008085244335234165,0.0018947841599583626,0.0008670695242471993,0.04066193848848343,0.014512409456074238
