{
    "age": 0.13675318658351898,
    "tagged": 0.058486830443143845,
    "visited": 0.0036993573885411024,
    "relationship": 0.0854557529091835,
    "conscious": 0.001048821839503944,
    "breathing": 0.01852213218808174,
    "hrpmin": 0.002441819990053773,
    "avpu": 0.005730917677283287,
    "unvisited_count": 0.0038447249680757523,
    "injured_count": 0.027500879019498825,
    "environment_type": 0.00405697850510478,
    "questioning": 0.09139708429574966,
    "assessing": 0.1796950399875641,
    "tagging": 0.06764823943376541,
    "leaving": 0.11762682348489761,
    "HRA Strategy.time-resources.take-the-best": 0.0023124529980123043,
    "HRA Strategy.time-risk_reward_ratio.take-the-best": 0.0017422271193936467,
    "HRA Strategy.time-system.exhaustive": 0.002041504019871354,
    "HRA Strategy.time-system.one-bounce": 0.0016229745233431458,
    "HRA Strategy.resources-risk_reward_ratio.take-the-best": 0.00016924610827118158,
    "HRA Strategy.resources-system.take-the-best": 0.000988446525298059,
    "HRA Strategy.resources-system.exhaustive": 0.004334589932113886,
    "HRA Strategy.risk_reward_ratio-system.exhaustive": 0.00020156617392785847,
    "HRA Strategy.time-resources-system.exhaustive": 0.00013342418242245913,
    "HRA Strategy.time-risk_reward_ratio-system.one-bounce": 0.0009551647817716002,
    "HRA Strategy.resources-risk_reward_ratio-system.exhaustive": 0.00018922184244729578,
    "One-Bounce Priority": 0.0018295253394171596,
    "pDeath": 0.009242581203579903,
    "pPain": 0.013262641616165638,
    "pBrainInjury": 0.00560584245249629,
    "pAirwayBlocked": 0.010128405876457691,
    "pInternalBleeding": 0.005156798288226128,
    "pExternalBleeding": 0.01298618409782648,
    "entropy": 0.012712069787085056,
    "entropyDeath": 0.009063264355063438,
    "SEVERITY": 0.002793004037812352,
    "SUPPLIES_REMAINING": 0.01811918057501316,
    "AVERAGE_TIME_USED": 0.004248399753123522,
    "DAMAGE_PER_SECOND": 0.00141796818934381,
    "MEDSIM_P_DEATH": 0.009068089537322521,
    "MEDSIM_P_DEATH_ONE_MIN_LATER": 0.003063036361709237,
    "SEVERITY_CHANGE": 0.0013267106842249632,
    "SEVEREST_SEVERITY": 0.0010422145714983344,
    "SEVEREST_SEVERITY_CHANGE": 0.0015899173449724913,
    "WEIGHTED_RESOURCE_SCORE": 0.0008085244335234165,
    "SMOL_MEDICAL_SOUNDNESS": 0.0018947841599583626,
    "INFORMATION_GAINED": 0.0008670695242471993,
    "treatment": 0.04066193848848343,
    "category": 0.014512409456074238
}