{
    "age": 0.025717826560139656,
    "tagged": 0.06562170386314392,
    "conscious": 0.007849114947021008,
    "breathing": 0.009173518978059292,
    "hrpmin": 0.008779420517385006,
    "avpu": 0.00896846316754818,
    "unvisited_count": 0.006990212015807629,
    "environment_type": 0.01551966555416584,
    "questioning": 0.18321634829044342,
    "assessing": 0.0973423421382904,
    "treating": 0.0006491418462246656,
    "leaving": 0.07842729985713959,
    "category": 0.025067351758480072,
    "pDeath": 0.007959293201565742,
    "pPain": 0.0045512355864048,
    "pBrainInjury": 0.12119416147470474,
    "pInternalBleeding": 0.006965344771742821,
    "entropy": 0.015084462240338326,
    "entropyDeath": 0.05117432028055191,
    "SEVERITY": 0.007545405067503452,
    "SUPPLIES_REMAINING": 0.0049511743709445,
    "AVERAGE_TIME_USED": 0.010576185770332813,
    "DAMAGE_PER_SECOND": 0.008201204240322113,
    "MEDSIM_P_DEATH_ONE_MIN_LATER": 0.008305911906063557,
    "SEVEREST_SEVERITY_CHANGE": 0.15078724920749664,
    "WEIGHTED_RESOURCE_SCORE": 0.004594705067574978,
    "INFORMATION_GAINED": 0.04105740785598755,
    "treatment": 0.023729532957077026
}