{
    "age": 0.021223558112978935,
    "tagged": 0.10617214441299438,
    "visited": 0.10871667414903641,
    "unvisited_count": 0.041516851633787155,
    "injured_count": 0.042820896953344345,
    "environment_type": 0.015623172745108604,
    "assessing": 0.2856745421886444,
    "tagging": 0.17039528489112854,
    "category": 0.018627671524882317,
    "One-Bounce Priority": 0.0544593445956707,
    "pDeath": 0.009001359343528748,
    "pPain": 0.025918472558259964,
    "pInternalBleeding": 0.009342181496322155,
    "pExternalBleeding": 0.009351310320198536,
    "treatment": 0.08115669339895248
}