{
    "age": 0.011419694870710373,
    "tagged": 0.016818786039948463,
    "visited": 0.006094183772802353,
    "breathing": 0.008998801931738853,
    "hrpmin": 0.015870554372668266,
    "injured_count": 0.028292270377278328,
    "questioning": 0.2839964032173157,
    "assessing": 0.21203400194644928,
    "tagging": 0.12307292968034744,
    "leaving": 0.13387936353683472,
    "One-Bounce Priority": 0.03818986192345619,
    "pPain": 0.006489271763712168,
    "pAirwayBlocked": 0.003794551594182849,
    "pInternalBleeding": 0.005532639101147652,
    "pExternalBleeding": 0.010578824207186699,
    "entropy": 0.011956184171140194,
    "entropyDeath": 0.005898918490856886,
    "AVERAGE_TIME_USED": 0.013203495182096958,
    "MEDSIM_P_DEATH": 0.003290030872449279,
    "INFORMATION_GAINED": 0.022331176325678825,
    "treatment": 0.02696007490158081,
    "category": 0.011297859251499176
}