{
    "tagged": 0.03925511986017227,
    "questioning": 0.3793393671512604,
    "assessing": 0.3407086730003357,
    "leaving": 0.12475625425577164,
    "entropyDeath": 0.019043143838644028,
    "INFORMATION_GAINED": 0.06375011056661606,
    "treatment": 0.03314740210771561
}