{
    "aid_available": 0.058071624487638474,
    "treating": 0.4639444947242737,
    "SEVERITY": 0.006620560772716999,
    "SUPPLIES_USED": 0.028779851272702217,
    "mental_status": 0.006192849017679691,
    "pDeath": 0.08873258531093597,
    "intent": 0.025633227080106735,
    "entropyDeath": 0.01727539673447609,
    "directness_of_causality": 0.29601192474365234,
    "pBrainInjury": 0.008737574331462383
}