{
    "age": 0.02709854394197464,
    "tagged": 0.0726270005106926,
    "visited": 0.024822434410452843,
    "breathing": 0.0055945697240531445,
    "unvisited_count": 0.021658338606357574,
    "questioning": 0.2114230841398239,
    "assessing": 0.23795945942401886,
    "treating": 0.004966279026120901,
    "tagging": 0.03539318963885307,
    "pDeath": 0.004008646123111248,
    "pExternalBleeding": 0.01561119593679905,
    "entropyDeath": 0.004337770398706198,
    "SEVERITY": 0.15513917803764343,
    "MEDSIM_P_DEATH_ONE_MIN_LATER": 0.05600885674357414,
    "INFORMATION_GAINED": 0.010285032913088799,
    "treatment": 0.09561021625995636,
    "category": 0.01745624467730522
}