{
    "tagged": 0.05252692475914955,
    "conscious": 0.012490442022681236,
    "mental_status": 0.04894840344786644,
    "breathing": 0.01356493216007948,
    "intent": 0.07179947197437286,
    "directness_of_causality": 0.06397558748722076,
    "aid_available": 0.012625242583453655,
    "treating": 0.0657804012298584,
    "HRA Strategy.time-resources.take-the-best": 0.01329489704221487,
    "HRA Strategy.time-risk_reward_ratio.one-bounce": 0.000465889839688316,
    "HRA Strategy.time-system.tallying": 0.0020471869502216578,
    "HRA Strategy.time-system.one-bounce": 0.0010433656862005591,
    "HRA Strategy.resources-system.take-the-best": 0.004050195217132568,
    "HRA Strategy.risk_reward_ratio-system.one-bounce": 0.015748832374811172,
    "HRA Strategy.time-resources-risk_reward_ratio-system.one-bounce": 0.0006277180509641767,
    "Take-The-Best Priority": 0.017298299819231033,
    "Satisfactory Priority": 0.006427138112485409,
    "pPain": 0.00676214974373579,
    "pBrainInjury": 0.001859639654867351,
    "pInternalBleeding": 0.07038605958223343,
    "entropy": 0.0029667594935745,
    "entropyDeath": 0.00040160075877793133,
    "SEVERITY": 0.1155342236161232,
    "SUPPLIES_REMAINING": 0.0018218490295112133,
    "AVERAGE_TIME_USED": 0.1044408455491066,
    "MEDSIM_P_DEATH": 0.001448865863494575,
    "SUPPLIES_USED": 0.009691515006124973,
    "SEVEREST_SEVERITY": 0.0008936417871154845,
    "WEIGHTED_RESOURCE_SCORE": 0.01689044199883938,
    "SMOL_MEDICAL_SOUNDNESS": 0.2274603694677353,
    "category": 0.0026914074551314116,
    "treatment": 0.034035682678222656
}