{
    "questioning": 0.32180699706077576,
    "assessing": 0.5133596062660217,
    "tagging": 0.06662390381097794,
    "INFORMATION_GAINED": 0.0982094332575798
}