{
    "aid_available": 0.22869239747524261,
    "treating": 0.5432683229446411,
    "SUPPLIES_USED": 0.11171271651983261,
    "SMOL_MEDICAL_SOUNDNESS": 0.11632657051086426
}