{
    "directness_of_causality": 0.11687692999839783,
    "aid_available": 0.179881289601326,
    "treating": 0.33749619126319885,
    "SEVERITY": 0.02097456529736519,
    "AVERAGE_TIME_USED": 0.024392344057559967,
    "SEVERITY_CHANGE": 0.02720428816974163,
    "SUPPLIES_USED": 0.239722341299057,
    "SEVEREST_SEVERITY": 0.053452055901288986
}