{
    "tagged": 1.919863461807836e-05,
    "conscious": 0.0018099098233506083,
    "mental_status": 0.00013516555191017687,
    "breathing": 4.793420430360129e-06,
    "avpu": 6.296011997619644e-05,
    "intent": 0.05808194354176521,
    "directness_of_causality": 0.2019694596529007,
    "aid_available": 0.1900354027748108,
    "treating": 0.26908016204833984,
    "HRA Strategy.time-risk_reward_ratio.one-bounce": 0.0005835454212501645,
    "HRA Strategy.resources-system.take-the-best": 0.001090293750166893,
    "HRA Strategy.risk_reward_ratio-system.one-bounce": 0.001616903580725193,
    "HRA Strategy.time-resources-system.one-bounce": 0.00015394084039144218,
    "HRA Strategy.time-resources-risk_reward_ratio-system.one-bounce": 0.00030886245076544583,
    "Take-The-Best Priority": 0.0007357960566878319,
    "Satisfactory Priority": 0.0006833255756646395,
    "pDeath": 0.00010441168706165627,
    "pPain": 1.8976475985255092e-05,
    "pBrainInjury": 0.0004733042442239821,
    "pAirwayBlocked": 0.00018117982835974544,
    "pInternalBleeding": 0.00026661049923859537,
    "entropyDeath": 0.0004900310304947197,
    "SEVERITY": 0.0012900179717689753,
    "SUPPLIES_REMAINING": 0.0009402639698237181,
    "AVERAGE_TIME_USED": 0.0002443853591103107,
    "DAMAGE_PER_SECOND": 0.00016006460646167397,
    "SEVERITY_CHANGE": 9.112877887673676e-05,
    "SUPPLIES_USED": 0.2670145332813263,
    "SEVEREST_SEVERITY": 5.9793856053147465e-05,
    "SEVEREST_SEVERITY_CHANGE": 0.0007810211973264813,
    "WEIGHTED_RESOURCE_SCORE": 0.0008688144735060632,
    "treatment": 0.00064368627499789
}