{
    "age": 0.03187968209385872,
    "tagged": 0.04960871487855911,
    "visited": 0.024090377613902092,
    "conscious": 0.004169723019003868,
    "breathing": 0.00984057504683733,
    "hrpmin": 0.007404106669127941,
    "avpu": 0.0022168136201798916,
    "unvisited_count": 0.007473693694919348,
    "environment_type": 0.014241247437894344,
    "questioning": 0.06816210597753525,
    "assessing": 0.1591009497642517,
    "tagging": 0.06304065883159637,
    "leaving": 0.28935006260871887,
    "HRA Strategy.resources-system.exhaustive": 0.0041424487717449665,
    "Satisfactory Priority": 0.006343110930174589,
    "One-Bounce Priority": 0.03889920562505722,
    "pDeath": 0.01563628762960434,
    "pPain": 0.016683919355273247,
    "pBrainInjury": 0.019024895504117012,
    "pAirwayBlocked": 0.0028381056617945433,
    "pInternalBleeding": 0.006793925538659096,
    "pExternalBleeding": 0.0062945387326180935,
    "entropy": 0.010828902944922447,
    "entropyDeath": 0.0038656776305288076,
    "SEVERITY": 0.0024838431272655725,
    "SUPPLIES_REMAINING": 0.002245524898171425,
    "AVERAGE_TIME_USED": 0.012770336121320724,
    "DAMAGE_PER_SECOND": 0.0033695821184664965,
    "SEVEREST_SEVERITY_CHANGE": 0.048154786229133606,
    "WEIGHTED_RESOURCE_SCORE": 0.013626345433294773,
    "INFORMATION_GAINED": 0.008287228643894196,
    "treatment": 0.029283180832862854,
    "category": 0.01784948632121086
}