{
    "age": 0.01453236024826765,
    "tagged": 0.05720372498035431,
    "breathing": 0.010842151939868927,
    "avpu": 0.008984625339508057,
    "unvisited_count": 0.005638195667415857,
    "injured_count": 0.014868886210024357,
    "environment_type": 0.006260580383241177,
    "questioning": 0.19638797640800476,
    "assessing": 0.23205998539924622,
    "treating": 0.02062157541513443,
    "tagging": 0.14611224830150604,
    "leaving": 0.13882006704807281,
    "Satisfactory Priority": 0.002771898405626416,
    "One-Bounce Priority": 0.012958056293427944,
    "pPain": 0.01037793792784214,
    "entropy": 0.004071444272994995,
    "entropyDeath": 0.012181030586361885,
    "SEVERITY": 0.0019863659981638193,
    "AVERAGE_TIME_USED": 0.00385477626696229,
    "DAMAGE_PER_SECOND": 0.004581861197948456,
    "SEVEREST_SEVERITY": 0.025332093238830566,
    "treatment": 0.06063603609800339,
    "category": 0.008916129358112812
}