{
    "age": 0.008697007782757282,
    "tagged": 0.023594636470079422,
    "breathing": 0.005440250504761934,
    "unvisited_count": 0.009530504234135151,
    "injured_count": 0.017979703843593597,
    "questioning": 0.24163714051246643,
    "assessing": 0.21305902302265167,
    "tagging": 0.12679800391197205,
    "leaving": 0.2184952050447464,
    "One-Bounce Priority": 0.03325549140572548,
    "pPain": 0.005926208570599556,
    "entropy": 0.005944747012108564,
    "AVERAGE_TIME_USED": 0.004933718126267195,
    "MEDSIM_P_DEATH": 0.0069485921412706375,
    "INFORMATION_GAINED": 0.03566606342792511,
    "treatment": 0.03157756105065346,
    "category": 0.010516111738979816
}