age,tagged,visited,relationship,conscious,breathing,hrpmin,avpu,unvisited_count,injured_count,environment_type,questioning,assessing,tagging,leaving,HRA Strategy.time-resources.take-the-best,HRA Strategy.time-risk_reward_ratio.take-the-best,HRA Strategy.time-system.exhaustive,HRA Strategy.time-system.tallying,HRA Strategy.time-system.one-bounce,HRA Strategy.resources-risk_reward_ratio.take-the-best,HRA Strategy.resources-system.take-the-best,HRA Strategy.resources-system.exhaustive,HRA Strategy.risk_reward_ratio-system.exhaustive,HRA Strategy.time-resources-system.exhaustive,HRA Strategy.time-risk_reward_ratio-system.one-bounce,HRA Strategy.resources-risk_reward_ratio-system.take-the-best,HRA Strategy.resources-risk_reward_ratio-system.exhaustive,Satisfactory Priority,One-Bounce Priority,pDeath,pPain,pBrainInjury,pAirwayBlocked,pInternalBleeding,pExternalBleeding,entropy,entropyDeath,SEVERITY,SUPPLIES_REMAINING,AVERAGE_TIME_USED,DAMAGE_PER_SECOND,MEDSIM_P_DEATH,MEDSIM_P_DEATH_ONE_MIN_LATER,SEVERITY_CHANGE,SEVEREST_SEVERITY,SEVEREST_SEVERITY_CHANGE,WEIGHTED_RESOURCE_SCORE,SMOL_MEDICAL_SOUNDNESS,INFORMATION_GAINED,treatment,category
0.13670268654823303,0.06288991123437881,0.0029473707545548677,0.08310160785913467,0.0009712065802887082,0.024156218394637108,0.002894766628742218,0.005530111026018858,0.003794249380007386,0.026737254112958908,0.003993401303887367,0.08888924866914749,0.17477840185165405,0.07471228390932083,0.11439402401447296,0.0024591137189418077,0.0020096355583518744,0.001909457496367395,0.0012054969556629658,0.0014667832292616367,0.0003560959012247622,0.0017402090597897768,0.004665052518248558,0.00025905572692863643,0.0008017017971724272,0.0013056584866717458,0.00011362691293470562,0.00022336850815918297,0.0002822477836161852,0.0015182163333520293,0.009697080589830875,0.014082599431276321,0.005431218072772026,0.009403703734278679,0.005567943211644888,0.009514164179563522,0.01217121072113514,0.008639548905193806,0.0026113090571016073,0.0174818504601717,0.003722484689205885,0.0010559575166553259,0.007407768629491329,0.0037542772479355335,0.0014899373054504395,0.0011186538031324744,0.0012781621189787984,0.0009245596593245864,0.0013768017524853349,0.0008633428369648755,0.04190916195511818,0.013689759187400341
