{
    "tagged": 0.006690523121505976,
    "conscious": 0.19968467950820923,
    "mental_status": 0.00035041681258007884,
    "breathing": 0.005096780136227608,
    "intent": 0.020946575328707695,
    "directness_of_causality": 0.0500398613512516,
    "unvisited_count": 0.0005262352060526609,
    "aid_available": 0.021041324362158775,
    "treating": 0.05718602240085602,
    "HRA Strategy.resources-system.take-the-best": 0.0008848622674122453,
    "HRA Strategy.risk_reward_ratio-system.one-bounce": 0.06082603335380554,
    "HRA Strategy.resources-risk_reward_ratio-system.one-bounce": 0.0006141767371445894,
    "HRA Strategy.time-resources-risk_reward_ratio-system.one-bounce": 0.00020482346008066088,
    "Take-The-Best Priority": 0.0007351815002039075,
    "pDeath": 0.000305963825667277,
    "pPain": 0.0001358314329991117,
    "pBrainInjury": 4.616811565938406e-05,
    "pAirwayBlocked": 5.250312096904963e-05,
    "pInternalBleeding": 0.012748279608786106,
    "entropy": 3.91894209315069e-05,
    "SEVERITY": 0.01145653985440731,
    "SUPPLIES_REMAINING": 0.0008420649683102965,
    "AVERAGE_TIME_USED": 0.0282320324331522,
    "DAMAGE_PER_SECOND": 0.00027186633087694645,
    "MEDSIM_P_DEATH_ONE_MIN_LATER": 0.16284877061843872,
    "SUPPLIES_USED": 0.038204625248909,
    "SEVEREST_SEVERITY": 0.0031117629259824753,
    "SEVEREST_SEVERITY_CHANGE": 0.2321181297302246,
    "WEIGHTED_RESOURCE_SCORE": 0.0004437555908225477,
    "SMOL_MEDICAL_SOUNDNESS": 0.08374696224927902,
    "treatment": 0.0005679465248249471
}