{
    "directness_of_causality": 0.14186009764671326,
    "aid_available": 0.22263258695602417,
    "treating": 0.4691499173641205,
    "SUPPLIES_USED": 0.16635742783546448
}