conscious,mental_status,avpu,intent,directness_of_causality,aid_available,treating,HRA Strategy.time-risk_reward_ratio.one-bounce,HRA Strategy.resources-system.take-the-best,HRA Strategy.risk_reward_ratio-system.one-bounce,HRA Strategy.time-resources-risk_reward_ratio-system.one-bounce,Take-The-Best Priority,Satisfactory Priority,One-Bounce Priority,pDeath,pPain,pBrainInjury,pAirwayBlocked,pInternalBleeding,entropy,entropyDeath,SEVERITY,SUPPLIES_REMAINING,AVERAGE_TIME_USED,DAMAGE_PER_SECOND,MEDSIM_P_DEATH,SEVERITY_CHANGE,SUPPLIES_USED,SEVEREST_SEVERITY,SEVEREST_SEVERITY_CHANGE,WEIGHTED_RESOURCE_SCORE,SMOL_MEDICAL_SOUNDNESS,treatment
0.001033559674397111,0.0006690655718557537,0.00010599288361845538,0.05480283498764038,0.18017072975635529,0.17639444768428802,0.273002028465271,0.0008828688878566027,0.0009186994284391403,0.0015237206825986505,0.00025829763035289943,0.00043907598592340946,0.0004673857765737921,0.000251994701102376,7.614155765622854e-05,0.00010576957720331848,0.0004064964596182108,0.0002813022001646459,0.00040384064777754247,3.03884080494754e-05,0.0006118463352322578,0.0008639376028440893,0.10270088165998459,0.007171137724071741,0.0006268508732318878,0.00032885564723983407,4.406891093822196e-05,0.1932108849287033,2.700410368561279e-05,0.0009752062032930553,0.00023963642888702452,0.0003200350911356509,0.0006550730904564261
