{
    "age": 0.019760310649871826,
    "tagged": 0.04907906800508499,
    "conscious": 0.004137647338211536,
    "unvisited_count": 0.027981765568256378,
    "injured_count": 0.0085563063621521,
    "environment_type": 0.01006484404206276,
    "questioning": 0.13592477142810822,
    "assessing": 0.20251423120498657,
    "treating": 0.012175326235592365,
    "tagging": 0.15690141916275024,
    "category": 0.012283633463084698,
    "HRA Strategy.time-resources.take-the-best": 0.003257573815062642,
    "Satisfactory Priority": 0.003884153673425317,
    "One-Bounce Priority": 0.05521787703037262,
    "pDeath": 0.004669139161705971,
    "pPain": 0.010654455050826073,
    "pAirwayBlocked": 0.02946789190173149,
    "pInternalBleeding": 0.010203092359006405,
    "pExternalBleeding": 0.017861220985651016,
    "entropy": 0.004670986905694008,
    "entropyDeath": 0.009423098526895046,
    "SEVERITY": 0.007929748855531216,
    "AVERAGE_TIME_USED": 0.019204482436180115,
    "DAMAGE_PER_SECOND": 0.016858015209436417,
    "MEDSIM_P_DEATH": 0.0035326487850397825,
    "SEVERITY_CHANGE": 0.0013647946761921048,
    "SEVEREST_SEVERITY_CHANGE": 0.050472360104322433,
    "WEIGHTED_RESOURCE_SCORE": 0.015058574266731739,
    "INFORMATION_GAINED": 0.054372627288103104,
    "treatment": 0.04251809045672417
}