{
    "conscious": 0.009338974952697754,
    "breathing": 0.013572316616773605,
    "directness_of_causality": 0.10760372132062912,
    "aid_available": 0.18236851692199707,
    "treating": 0.30817821621894836,
    "SEVERITY": 0.032335784286260605,
    "AVERAGE_TIME_USED": 0.01974870078265667,
    "SEVERITY_CHANGE": 0.02670278772711754,
    "SUPPLIES_USED": 0.22231213748455048,
    "SEVEREST_SEVERITY": 0.07783883810043335
}