{
    "intent": 0.5063368678092957,
    "treating": 0.49366313219070435
}