{
    "aid_available": 0.03310997411608696,
    "treating": 0.5601468682289124,
    "SUPPLIES_USED": 0.03802559897303581,
    "pDeath": 0.04589718580245972,
    "intent": 0.018640480935573578,
    "entropyDeath": 0.013847781345248222,
    "directness_of_causality": 0.2903321087360382
}