{
    "breathing": 0.07544909417629242,
    "intent": 0.03012685477733612,
    "directness_of_causality": 0.1839570552110672,
    "aid_available": 0.13289183378219604,
    "treating": 0.27062511444091797,
    "HRA Strategy.resources-risk_reward_ratio.one-bounce": 0.01624416746199131,
    "HRA Strategy.resources-system.take-the-best": 0.030597100034356117,
    "pDeath": 0.04094011336565018,
    "entropyDeath": 0.004716373514384031,
    "SEVERITY": 0.003777735633775592,
    "SUPPLIES_REMAINING": 0.025452228263020515,
    "AVERAGE_TIME_USED": 0.004192369990050793,
    "SUPPLIES_USED": 0.1810300350189209
}