{
    "age": 0.007355527486652136,
    "tagged": 0.03737533092498779,
    "conscious": 0.013410902582108974,
    "breathing": 0.06255322694778442,
    "hrpmin": 0.010745218954980373,
    "avpu": 0.0037425013724714518,
    "unvisited_count": 0.014498685486614704,
    "environment_type": 0.010156044736504555,
    "questioning": 0.17878082394599915,
    "assessing": 0.16375982761383057,
    "tagging": 0.30882012844085693,
    "leaving": 0.004284899216145277,
    "category": 0.007984909228980541,
    "HRA Strategy.time-resources.take-the-best": 0.001808985136449337,
    "HRA Strategy.time-system.tallying": 0.008290141820907593,
    "HRA Strategy.resources-system.take-the-best": 0.0008236677385866642,
    "Satisfactory Priority": 0.005888931918889284,
    "pDeath": 0.02228700742125511,
    "pPain": 0.005682678893208504,
    "pBrainInjury": 0.011009733192622662,
    "pAirwayBlocked": 0.0014330329140648246,
    "pInternalBleeding": 0.004501248709857464,
    "pExternalBleeding": 0.012752657756209373,
    "entropy": 0.0009208075352944434,
    "entropyDeath": 0.017133209854364395,
    "SEVERITY": 0.002715777838602662,
    "SUPPLIES_REMAINING": 0.0012913146056234837,
    "AVERAGE_TIME_USED": 0.018547382205724716,
    "DAMAGE_PER_SECOND": 0.00270534073933959,
    "MEDSIM_P_DEATH_ONE_MIN_LATER": 0.008090721443295479,
    "WEIGHTED_RESOURCE_SCORE": 0.0056863389909267426,
    "INFORMATION_GAINED": 0.004521986003965139,
    "treatment": 0.040440961718559265
}