{
    "age": 0.029476244002580643,
    "tagged": 0.0356401763856411,
    "visited": 0.02053127996623516,
    "conscious": 0.005226781591773033,
    "breathing": 0.009849042631685734,
    "hrpmin": 0.005556059535592794,
    "avpu": 0.002070778049528599,
    "unvisited_count": 0.009806886315345764,
    "environment_type": 0.010638250038027763,
    "questioning": 0.05809187516570091,
    "assessing": 0.13559547066688538,
    "tagging": 0.08179911226034164,
    "leaving": 0.2466016709804535,
    "HRA Strategy.time-system.exhaustive": 0.0012602898059412837,
    "HRA Strategy.resources-risk_reward_ratio.one-bounce": 0.0006086052744649351,
    "HRA Strategy.resources-system.exhaustive": 0.005201204214245081,
    "Satisfactory Priority": 0.03389011323451996,
    "One-Bounce Priority": 0.03313735872507095,
    "pDeath": 0.012610292062163353,
    "pPain": 0.01653680019080639,
    "pBrainInjury": 0.016714051365852356,
    "pAirwayBlocked": 0.002619187580421567,
    "pInternalBleeding": 0.0048815542832016945,
    "pExternalBleeding": 0.004634985234588385,
    "entropy": 0.010387897491455078,
    "entropyDeath": 0.0028484920039772987,
    "SEVERITY": 0.0025019091553986073,
    "SUPPLIES_REMAINING": 0.0019188603619113564,
    "AVERAGE_TIME_USED": 0.010055865161120892,
    "DAMAGE_PER_SECOND": 0.0031978392507880926,
    "SEVERITY_CHANGE": 0.0022406294010579586,
    "SEVEREST_SEVERITY": 0.0010373721597716212,
    "SEVEREST_SEVERITY_CHANGE": 0.11892832070589066,
    "WEIGHTED_RESOURCE_SCORE": 0.013987485319375992,
    "INFORMATION_GAINED": 0.008653647266328335,
    "treatment": 0.0254118163138628,
    "category": 0.015851762145757675
}