{
    "age": 0.016630856320261955,
    "tagged": 0.05079393833875656,
    "visited": 0.005224197171628475,
    "conscious": 0.00021091462986078113,
    "breathing": 0.012944011017680168,
    "hrpmin": 0.022090677171945572,
    "unvisited_count": 0.047632116824388504,
    "environment_type": 0.008294209837913513,
    "questioning": 0.23745962977409363,
    "assessing": 0.16309486329555511,
    "treating": 0.011961977928876877,
    "tagging": 0.16633321344852448,
    "HRA Strategy.time-resources.take-the-best": 0.0019075978780165315,
    "HRA Strategy.time-risk_reward_ratio.take-the-best": 0.002744079101830721,
    "HRA Strategy.time-system.exhaustive": 0.004194997251033783,
    "HRA Strategy.resources-system.exhaustive": 0.0011517179664224386,
    "One-Bounce Priority": 0.04143138602375984,
    "pDeath": 0.00584723986685276,
    "pPain": 0.016758080571889877,
    "pBrainInjury": 0.005892416462302208,
    "pAirwayBlocked": 0.023146195337176323,
    "pInternalBleeding": 0.014199680648744106,
    "pExternalBleeding": 0.014522143639624119,
    "entropy": 0.00805292185395956,
    "entropyDeath": 0.004438084550201893,
    "SEVERITY": 0.007611283101141453,
    "AVERAGE_TIME_USED": 0.013501838780939579,
    "MEDSIM_P_DEATH": 0.004696991294622421,
    "SEVEREST_SEVERITY": 0.004313439130783081,
    "WEIGHTED_RESOURCE_SCORE": 0.013377737253904343,
    "SMOL_MEDICAL_SOUNDNESS": 0.010933949612081051,
    "treatment": 0.04567069187760353,
    "category": 0.012937054969370365
}