{
    "conscious": 0.001656744978390634,
    "mental_status": 0.00013718467380385846,
    "intent": 0.058537598699331284,
    "directness_of_causality": 0.1876775026321411,
    "aid_available": 0.19431965053081512,
    "treating": 0.2728746235370636,
    "HRA Strategy.time-risk_reward_ratio.one-bounce": 0.0006045639747753739,
    "HRA Strategy.resources-system.take-the-best": 0.0010826860088855028,
    "HRA Strategy.risk_reward_ratio-system.one-bounce": 0.0016360358567908406,
    "HRA Strategy.time-resources-system.one-bounce": 0.00015297401114366949,
    "HRA Strategy.time-resources-risk_reward_ratio-system.one-bounce": 0.00031654545455239713,
    "Take-The-Best Priority": 0.0006527553196065128,
    "Satisfactory Priority": 0.0007037399336695671,
    "pDeath": 0.00012175281153758988,
    "pBrainInjury": 0.0003025445039384067,
    "pAirwayBlocked": 0.00015914147661533207,
    "pInternalBleeding": 0.00026726897340267897,
    "entropyDeath": 0.0005339920753613114,
    "SEVERITY": 0.00043592703877948225,
    "SUPPLIES_REMAINING": 0.0009714271873235703,
    "AVERAGE_TIME_USED": 0.009169376455247402,
    "DAMAGE_PER_SECOND": 0.0007029589614830911,
    "SEVERITY_CHANGE": 0.00011205789633095264,
    "SUPPLIES_USED": 0.26500651240348816,
    "SEVEREST_SEVERITY": 4.4991033064434305e-05,
    "SEVEREST_SEVERITY_CHANGE": 0.0006161712808534503,
    "WEIGHTED_RESOURCE_SCORE": 0.00044212484499439597,
    "treatment": 0.0007611857145093381
}