{
    "questioning": 0.30859652161598206,
    "assessing": 0.3565860688686371,
    "tagging": 0.0997641384601593,
    "leaving": 0.12006902694702148,
    "INFORMATION_GAINED": 0.058268774300813675,
    "treatment": 0.03352287411689758,
    "category": 0.023192603141069412
}