{
    "breathing": 0.004423205740749836,
    "intent": 0.02476077899336815,
    "directness_of_causality": 0.20294153690338135,
    "aid_available": 0.19789919257164001,
    "treating": 0.28851255774497986,
    "SUPPLIES_REMAINING": 0.0013767153723165393,
    "AVERAGE_TIME_USED": 0.006864265073090792,
    "SUPPLIES_USED": 0.24693329632282257,
    "SEVEREST_SEVERITY_CHANGE": 0.026288457214832306
}