{
    "age": 0.024266937747597694,
    "tagged": 0.04062765836715698,
    "visited": 0.028949517756700516,
    "breathing": 0.010036570951342583,
    "hrpmin": 0.02056940272450447,
    "unvisited_count": 0.010495726950466633,
    "environment_type": 0.0131003949791193,
    "questioning": 0.07470713555812836,
    "assessing": 0.1545732468366623,
    "tagging": 0.06848350167274475,
    "leaving": 0.3362327218055725,
    "Satisfactory Priority": 0.0053580403327941895,
    "One-Bounce Priority": 0.04293721541762352,
    "pDeath": 0.014168720692396164,
    "pPain": 0.018601970747113228,
    "pBrainInjury": 0.019335875287652016,
    "pInternalBleeding": 0.006635504309087992,
    "pExternalBleeding": 0.007291954476386309,
    "entropy": 0.01268336083739996,
    "entropyDeath": 0.003931085579097271,
    "AVERAGE_TIME_USED": 0.009707309305667877,
    "SEVEREST_SEVERITY_CHANGE": 0.008134511299431324,
    "WEIGHTED_RESOURCE_SCORE": 0.01044848095625639,
    "INFORMATION_GAINED": 0.00787016749382019,
    "treatment": 0.032151900231838226,
    "category": 0.018701082095503807
}