{
    "questioning": 0.3688717484474182,
    "assessing": 0.34575575590133667,
    "tagging": 0.047103699296712875,
    "leaving": 0.1276741474866867,
    "INFORMATION_GAINED": 0.11059467494487762
}