{
    "questioning": 0.40164902806282043,
    "assessing": 0.31707099080085754,
    "tagging": 0.04909370094537735,
    "leaving": 0.1410185694694519,
    "INFORMATION_GAINED": 0.09116771817207336
}