{
    "age": 0.0071360706351697445,
    "tagged": 0.034677453339099884,
    "visited": 0.002527173375710845,
    "breathing": 0.0063272155821323395,
    "hrpmin": 0.003798989113420248,
    "avpu": 0.0016152833122760057,
    "unvisited_count": 0.012462307699024677,
    "injured_count": 0.014955319464206696,
    "environment_type": 0.0011279741302132607,
    "questioning": 0.18824006617069244,
    "assessing": 0.1645376980304718,
    "tagging": 0.19530713558197021,
    "leaving": 0.18430018424987793,
    "HRA Strategy.time-resources.take-the-best": 0.001667079166509211,
    "Take-The-Best Priority": 0.002847385825589299,
    "Satisfactory Priority": 0.005664946045726538,
    "One-Bounce Priority": 0.026303095743060112,
    "pDeath": 0.0029507377184927464,
    "pPain": 0.007242179475724697,
    "pBrainInjury": 0.001888859667815268,
    "pAirwayBlocked": 0.005343252792954445,
    "pInternalBleeding": 0.004538528621196747,
    "pExternalBleeding": 0.0056473310105502605,
    "entropy": 0.007041485048830509,
    "entropyDeath": 0.009267720393836498,
    "SEVERITY": 0.0018295930931344628,
    "AVERAGE_TIME_USED": 0.003781204577535391,
    "MEDSIM_P_DEATH": 0.0046514710411429405,
    "SEVEREST_SEVERITY": 0.0022996815387159586,
    "WEIGHTED_RESOURCE_SCORE": 0.0016855577705428004,
    "SMOL_MEDICAL_SOUNDNESS": 0.004488618113100529,
    "INFORMATION_GAINED": 0.04016683250665665,
    "treatment": 0.035842835903167725,
    "category": 0.007838762365281582
}