{
    "tagged": 0.014831836335361004,
    "breathing": 0.004853622522205114,
    "unvisited_count": 0.006151872221380472,
    "injured_count": 0.01966049335896969,
    "questioning": 0.24809914827346802,
    "assessing": 0.2687012851238251,
    "tagging": 0.1618879735469818,
    "leaving": 0.17505596578121185,
    "One-Bounce Priority": 0.026199093088507652,
    "MEDSIM_P_DEATH": 0.005482712294906378,
    "INFORMATION_GAINED": 0.034349557012319565,
    "treatment": 0.026454569771885872,
    "category": 0.008271792903542519
}