{
    "age": 0.007206349167972803,
    "tagged": 0.03994389995932579,
    "visited": 0.0015061161248013377,
    "breathing": 0.0074133793823421,
    "hrpmin": 0.0038809620309621096,
    "avpu": 0.0016502984799444675,
    "unvisited_count": 0.012548323720693588,
    "injured_count": 0.015340572223067284,
    "environment_type": 0.0013329233042895794,
    "questioning": 0.1723177582025528,
    "assessing": 0.18859469890594482,
    "tagging": 0.20801442861557007,
    "leaving": 0.16846774518489838,
    "HRA Strategy.time-resources.take-the-best": 0.0024151953402906656,
    "HRA Strategy.time-system.exhaustive": 0.0009288483415730298,
    "HRA Strategy.time-system.one-bounce": 0.0014628152130171657,
    "HRA Strategy.resources-system.take-the-best": 0.0006675374461337924,
    "Satisfactory Priority": 0.0031416723504662514,
    "One-Bounce Priority": 0.019780954346060753,
    "pDeath": 0.004291024059057236,
    "pPain": 0.005401172209531069,
    "pBrainInjury": 0.0015762904658913612,
    "pAirwayBlocked": 0.004922824911773205,
    "pInternalBleeding": 0.005598480813205242,
    "pExternalBleeding": 0.008475727401673794,
    "entropy": 0.008940549567341805,
    "entropyDeath": 0.00810283049941063,
    "SEVERITY": 0.0021605591755360365,
    "SUPPLIES_REMAINING": 0.0007065869285725057,
    "AVERAGE_TIME_USED": 0.0037878016009926796,
    "DAMAGE_PER_SECOND": 0.001033767475746572,
    "MEDSIM_P_DEATH": 0.013340725563466549,
    "MEDSIM_P_DEATH_ONE_MIN_LATER": 0.0048874313943088055,
    "WEIGHTED_RESOURCE_SCORE": 0.0036931459326297045,
    "SMOL_MEDICAL_SOUNDNESS": 0.0016865050420165062,
    "INFORMATION_GAINED": 0.020669465884566307,
    "treatment": 0.03599349409341812,
    "category": 0.008117035031318665
}