{
    "age": 0.003604467026889324,
    "tagged": 0.02159103937447071,
    "conscious": 0.0014861526433378458,
    "breathing": 0.0034435889683663845,
    "hrpmin": 0.0023925299756228924,
    "avpu": 0.0014482984552159905,
    "unvisited_count": 0.0014886140124872327,
    "injured_count": 0.007366057485342026,
    "environment_type": 0.0018675848841667175,
    "questioning": 0.10046732425689697,
    "assessing": 0.10718342661857605,
    "tagging": 0.15193873643875122,
    "leaving": 0.5026504397392273,
    "HRA Strategy.time-resources.take-the-best": 0.0013584349071606994,
    "HRA Strategy.time-risk_reward_ratio.take-the-best": 0.002872069599106908,
    "HRA Strategy.time-system.exhaustive": 0.0010585791897028685,
    "Satisfactory Priority": 0.004739647731184959,
    "One-Bounce Priority": 0.009219231083989143,
    "pDeath": 0.0014136506943032146,
    "pPain": 0.006622060667723417,
    "pBrainInjury": 0.0020672848913818598,
    "pAirwayBlocked": 0.002903908258304,
    "pInternalBleeding": 0.003343967953696847,
    "pExternalBleeding": 0.0038853376172482967,
    "entropy": 0.009050930850207806,
    "SEVERITY": 0.0014940742403268814,
    "AVERAGE_TIME_USED": 0.005802872125059366,
    "MEDSIM_P_DEATH": 0.0008881391258910298,
    "WEIGHTED_RESOURCE_SCORE": 0.0011246539652347565,
    "INFORMATION_GAINED": 0.0025027592200785875,
    "treatment": 0.027846161276102066,
    "category": 0.004877999424934387
}