{
    "questioning": 0.40877363085746765,
    "assessing": 0.36910223960876465,
    "leaving": 0.2221241146326065
}