{
    "breathing": 0.30054017901420593,
    "directness_of_causality": 0.13082480430603027,
    "aid_available": 0.01639731228351593,
    "treating": 0.4051162600517273,
    "HRA Strategy.resources-system.take-the-best": 0.000723278324585408,
    "entropyDeath": 0.021239247173070908,
    "SEVERITY": 0.022349059581756592,
    "SUPPLIES_USED": 0.10280995815992355
}