{
    "age": 0.027060771360993385,
    "tagged": 0.08769881725311279,
    "avpu": 0.011141297407448292,
    "environment_type": 0.02206568792462349,
    "questioning": 0.27734604477882385,
    "assessing": 0.15417662262916565,
    "leaving": 0.11786466836929321,
    "category": 0.03495072200894356,
    "pDeath": 0.016914010047912598,
    "pBrainInjury": 0.05812304839491844,
    "entropy": 0.013507911935448647,
    "entropyDeath": 0.06346023827791214,
    "AVERAGE_TIME_USED": 0.016843566671013832,
    "SEVEREST_SEVERITY_CHANGE": 0.01792183704674244,
    "INFORMATION_GAINED": 0.049943938851356506,
    "treatment": 0.03098081424832344
}