{
    "age": 0.0727539137005806,
    "tagged": 0.19873391091823578,
    "conscious": 0.023169629275798798,
    "questioning": 0.33995699882507324,
    "tagging": 0.14944744110107422,
    "category": 0.14486898481845856,
    "SEVERITY": 0.034847915172576904,
    "DAMAGE_PER_SECOND": 0.03622116148471832
}