{
    "age": 0.015305481851100922,
    "tagged": 0.032325077801942825,
    "breathing": 0.006986918859183788,
    "hrpmin": 0.00436830148100853,
    "avpu": 0.0044401283375918865,
    "unvisited_count": 0.00721868546679616,
    "environment_type": 0.002829963807016611,
    "questioning": 0.11076057702302933,
    "assessing": 0.15739576518535614,
    "tagging": 0.11928995698690414,
    "leaving": 0.3319060206413269,
    "HRA Strategy.time-system.exhaustive": 0.003985818941146135,
    "Satisfactory Priority": 0.007340098265558481,
    "One-Bounce Priority": 0.035842038691043854,
    "pDeath": 0.005574700888246298,
    "pPain": 0.012018897570669651,
    "pBrainInjury": 0.003373165847733617,
    "pAirwayBlocked": 0.012878719717264175,
    "pInternalBleeding": 0.011387119069695473,
    "pExternalBleeding": 0.005488050170242786,
    "entropy": 0.008111484348773956,
    "entropyDeath": 0.013104901649057865,
    "SEVERITY": 0.003412860445678234,
    "AVERAGE_TIME_USED": 0.01228654570877552,
    "MEDSIM_P_DEATH": 0.009928923100233078,
    "INFORMATION_GAINED": 0.013922159560024738,
    "treatment": 0.03909599408507347,
    "category": 0.009421599097549915
}