{
    "tagged": 0.029115227982401848,
    "intent": 0.014586490578949451,
    "directness_of_causality": 0.11737684160470963,
    "aid_available": 0.11215134710073471,
    "treating": 0.19614781439304352,
    "pInternalBleeding": 0.011318003758788109,
    "entropyDeath": 0.011412409134209156,
    "AVERAGE_TIME_USED": 0.031363584101200104,
    "DAMAGE_PER_SECOND": 0.06645582616329193,
    "SUPPLIES_USED": 0.23506100475788116,
    "SMOL_MEDICAL_SOUNDNESS": 0.17501139640808105
}