{
    "age": 0.01066257432103157,
    "tagged": 0.008785992860794067,
    "breathing": 0.011358034797012806,
    "hrpmin": 0.01434355042874813,
    "environment_type": 0.002967163221910596,
    "questioning": 0.27395522594451904,
    "assessing": 0.24840594828128815,
    "tagging": 0.22586849331855774,
    "category": 0.011392445303499699,
    "HRA Strategy.time-risk_reward_ratio.take-the-best": 0.0035172095522284508,
    "One-Bounce Priority": 0.020123137161135674,
    "pDeath": 0.0030917443800717592,
    "pPain": 0.00909507554024458,
    "pBrainInjury": 0.010553242638707161,
    "pInternalBleeding": 0.0033364242408424616,
    "pExternalBleeding": 0.0056536500342190266,
    "entropy": 0.039116036146879196,
    "entropyDeath": 0.0218458641320467,
    "SEVERITY": 0.008789319545030594,
    "WEIGHTED_RESOURCE_SCORE": 0.003046757774427533,
    "INFORMATION_GAINED": 0.01822574809193611,
    "treatment": 0.045866385102272034
}