{
    "tagged": 0.029898978769779205,
    "breathing": 0.003885575570166111,
    "intent": 0.21544185280799866,
    "treating": 0.12559600174427032,
    "SEVERITY": 0.03485412895679474,
    "SUPPLIES_REMAINING": 0.004450546111911535,
    "AVERAGE_TIME_USED": 0.18421170115470886,
    "DAMAGE_PER_SECOND": 0.05011007934808731,
    "MEDSIM_P_DEATH_ONE_MIN_LATER": 0.007209464907646179,
    "SUPPLIES_USED": 0.008472282439470291,
    "SMOL_MEDICAL_SOUNDNESS": 0.33586934208869934
}