{
    "age": 0.017750851809978485,
    "tagged": 0.07802147418260574,
    "visited": 0.21609389781951904,
    "conscious": 0.00381100713275373,
    "breathing": 0.002696454059332609,
    "unvisited_count": 0.033712126314640045,
    "injured_count": 0.023791836574673653,
    "environment_type": 0.008399122394621372,
    "assessing": 0.19144569337368011,
    "tagging": 0.192223459482193,
    "category": 0.0100709805265069,
    "HRA Strategy.time-resources.take-the-best": 0.003327019978314638,
    "HRA Strategy.time-system.tallying": 0.004055103752762079,
    "One-Bounce Priority": 0.029811015352606773,
    "pDeath": 0.016316929832100868,
    "pPain": 0.037236880511045456,
    "pAirwayBlocked": 0.011917272582650185,
    "pInternalBleeding": 0.014165041968226433,
    "pExternalBleeding": 0.009647861123085022,
    "entropy": 0.0033297573681920767,
    "entropyDeath": 0.002113543450832367,
    "SEVERITY": 0.00571528309956193,
    "AVERAGE_TIME_USED": 0.0059798965230584145,
    "DAMAGE_PER_SECOND": 0.0034381968434900045,
    "MEDSIM_P_DEATH": 0.00365010485984385,
    "treatment": 0.07127922773361206
}