{
    "age": 0.006330548319965601,
    "tagged": 0.019115446135401726,
    "breathing": 0.007183779031038284,
    "unvisited_count": 0.012707473710179329,
    "injured_count": 0.01594332605600357,
    "questioning": 0.21767039597034454,
    "assessing": 0.22200040519237518,
    "tagging": 0.15287894010543823,
    "leaving": 0.2146831750869751,
    "One-Bounce Priority": 0.02596416510641575,
    "pInternalBleeding": 0.004911946598440409,
    "pExternalBleeding": 0.0048186457715928555,
    "entropy": 0.009606573730707169,
    "entropyDeath": 0.005884623154997826,
    "AVERAGE_TIME_USED": 0.0044911750592291355,
    "MEDSIM_P_DEATH": 0.008020168170332909,
    "INFORMATION_GAINED": 0.023417077958583832,
    "treatment": 0.03595004230737686,
    "category": 0.008422198705375195
}