{
    "age": 0.008892214857041836,
    "tagged": 0.019220104441046715,
    "breathing": 0.008222734555602074,
    "unvisited_count": 0.006641570944339037,
    "injured_count": 0.020298819988965988,
    "questioning": 0.23129698634147644,
    "assessing": 0.21115922927856445,
    "tagging": 0.13368374109268188,
    "leaving": 0.22020789980888367,
    "Satisfactory Priority": 0.006847824901342392,
    "One-Bounce Priority": 0.03423553705215454,
    "pExternalBleeding": 0.004480336327105761,
    "entropy": 0.006271650083363056,
    "AVERAGE_TIME_USED": 0.00606559356674552,
    "MEDSIM_P_DEATH": 0.005376984365284443,
    "INFORMATION_GAINED": 0.03716963902115822,
    "treatment": 0.030876154080033302,
    "category": 0.009052989073097706
}