{
    "tagged": 0.6566866636276245,
    "directness_of_causality": 0.3433133363723755
}