{
    "age": 0.014149248600006104,
    "tagged": 0.045233335345983505,
    "conscious": 0.005876172799617052,
    "breathing": 0.009024519473314285,
    "unvisited_count": 0.008126229979097843,
    "environment_type": 0.0036761383526027203,
    "questioning": 0.2828623354434967,
    "assessing": 0.24565249681472778,
    "tagging": 0.2080383151769638,
    "category": 0.01040659099817276,
    "One-Bounce Priority": 0.027677888050675392,
    "pDeath": 0.01159602589905262,
    "pPain": 0.02180764451622963,
    "pAirwayBlocked": 0.006108293775469065,
    "pInternalBleeding": 0.0072981263510882854,
    "pExternalBleeding": 0.010164857842028141,
    "entropy": 0.013812454417347908,
    "AVERAGE_TIME_USED": 0.01620129868388176,
    "WEIGHTED_RESOURCE_SCORE": 0.005533481016755104,
    "SMOL_MEDICAL_SOUNDNESS": 0.003091605147346854,
    "INFORMATION_GAINED": 0.005614800378680229,
    "treatment": 0.038048163056373596
}