{
    "age": 0.027774523943662643,
    "tagged": 0.12321986258029938,
    "conscious": 0.020553937181830406,
    "questioning": 0.28296685218811035,
    "assessing": 0.25767791271209717,
    "category": 0.03147552162408829,
    "HRA Strategy.time-resources.take-the-best": 0.036371368914842606,
    "HRA Strategy.time-system.one-bounce": 0.02456611581146717,
    "pDeath": 0.06798139959573746,
    "AVERAGE_TIME_USED": 0.0305106770247221,
    "INFORMATION_GAINED": 0.05188031122088432,
    "treatment": 0.04502154141664505
}