{
    "others_tagged_or_uninjured": 0.15020780265331268,
    "aid_available": 0.12154404073953629,
    "treating": 0.14211951196193695,
    "Take-The-Best Priority": 0.12234500795602798,
    "Satisfactory Priority": 0.0010973463067784905,
    "One-Bounce Priority": 0.0010587722063064575,
    "SEVERITY": 0.08424042910337448,
    "SUPPLIES_REMAINING": 0.0010495862225070596,
    "AVERAGE_TIME_USED": 0.0004729597130790353,
    "MEDSIM_P_DEATH": 0.03864283114671707,
    "SEVERITY_CHANGE": 0.006263428367674351,
    "SEVEREST_SEVERITY": 0.0013587585417553782,
    "WEIGHTED_RESOURCE_SCORE": 0.0007830178365111351,
    "SMOL_MEDICAL_SOUNDNESS": 0.09921437501907349,
    "mental_status": 0.04643822833895683,
    "HRA Strategy.time-resources-system.one-bounce": 0.007508472539484501,
    "pExternalBleeding": 0.0008709090761840343,
    "HRA Strategy.time-resources-risk_reward_ratio-system.one-bounce": 0.0018130018142983317,
    "tagged": 0.0008253210107795894,
    "entropy": 0.00012088208313798532,
    "pPain": 0.0025478913448750973,
    "pAirwayBlocked": 0.000995896989479661,
    "entropyDeath": 0.0015862355940043926,
    "directness_of_causality": 0.07128776609897614,
    "pBrainInjury": 0.0004216690140310675,
    "hrpmin": 0.0013112153392285109,
    "treatment": 0.09387460350990295
}