{
    "age": 0.008402627892792225,
    "tagged": 0.03643406555056572,
    "visited": 0.002052498981356621,
    "conscious": 0.0022681402042508125,
    "breathing": 0.005777300801128149,
    "hrpmin": 0.004897745326161385,
    "avpu": 0.001242410740815103,
    "unvisited_count": 0.014218663796782494,
    "injured_count": 0.01174134574830532,
    "environment_type": 0.0014573896769434214,
    "questioning": 0.1809026449918747,
    "assessing": 0.19213317334651947,
    "tagging": 0.18998946249485016,
    "leaving": 0.16713841259479523,
    "HRA Strategy.time-resources.take-the-best": 0.0017912888433784246,
    "Satisfactory Priority": 0.0034083472564816475,
    "One-Bounce Priority": 0.025375353172421455,
    "pDeath": 0.0034262484405189753,
    "pPain": 0.0071194712072610855,
    "pBrainInjury": 0.0025550201535224915,
    "pAirwayBlocked": 0.0054720123298466206,
    "pInternalBleeding": 0.006344131659716368,
    "pExternalBleeding": 0.011763556860387325,
    "entropy": 0.01312619261443615,
    "entropyDeath": 0.004346453119069338,
    "SEVERITY": 0.002169415121898055,
    "AVERAGE_TIME_USED": 0.004338782746344805,
    "MEDSIM_P_DEATH": 0.006854075938463211,
    "MEDSIM_P_DEATH_ONE_MIN_LATER": 0.0019756469409912825,
    "SEVEREST_SEVERITY": 0.003519313642755151,
    "WEIGHTED_RESOURCE_SCORE": 0.003156346268951893,
    "SMOL_MEDICAL_SOUNDNESS": 0.001945009338669479,
    "INFORMATION_GAINED": 0.029796237125992775,
    "treatment": 0.03401022031903267,
    "category": 0.008850837126374245
}