{
    "tagged": 0.14303553104400635,
    "breathing": 0.03031688928604126,
    "intent": 0.2468569576740265,
    "directness_of_causality": 0.10933863371610641,
    "treating": 0.2567123770713806,
    "AVERAGE_TIME_USED": 0.17317000031471252,
    "category": 0.01130678504705429,
    "treatment": 0.02926286682486534
}