{
    "age": 0.03175216168165207,
    "tagged": 0.049364570528268814,
    "visited": 0.0013703169533982873,
    "conscious": 0.0009290407178923488,
    "breathing": 0.005985095165669918,
    "hrpmin": 0.004322193097323179,
    "avpu": 0.0013954455498605967,
    "unvisited_count": 0.0303671695291996,
    "injured_count": 0.03580408915877342,
    "environment_type": 0.020337311550974846,
    "questioning": 0.08526410162448883,
    "assessing": 0.20692794024944305,
    "treating": 0.001438742969185114,
    "tagging": 0.15100328624248505,
    "category": 0.013891724869608879,
    "HRA Strategy.time-resources.take-the-best": 0.0018440056592226028,
    "HRA Strategy.time-system.tallying": 0.017222005873918533,
    "HRA Strategy.resources-system.take-the-best": 0.0009527919464744627,
    "HRA Strategy.resources-system.exhaustive": 0.009097927249968052,
    "Satisfactory Priority": 0.0031377270352095366,
    "One-Bounce Priority": 0.06348845362663269,
    "pDeath": 0.014568893238902092,
    "pPain": 0.008969397284090519,
    "pBrainInjury": 0.003025776706635952,
    "pAirwayBlocked": 0.033939894288778305,
    "entropy": 0.0027921367436647415,
    "entropyDeath": 0.002467656508088112,
    "SEVERITY": 0.0034602268133312464,
    "SUPPLIES_REMAINING": 0.0013058895710855722,
    "AVERAGE_TIME_USED": 0.011575468815863132,
    "DAMAGE_PER_SECOND": 0.0015685372054576874,
    "MEDSIM_P_DEATH_ONE_MIN_LATER": 0.0024524391628801823,
    "SEVERITY_CHANGE": 0.0033843382261693478,
    "WEIGHTED_RESOURCE_SCORE": 0.056365787982940674,
    "INFORMATION_GAINED": 0.0701347216963768,
    "treatment": 0.04809265583753586
}