{
    "tagged": 1.9682875063153915e-05,
    "conscious": 0.00041217354009859264,
    "breathing": 7.527029811171815e-05,
    "intent": 0.029528597369790077,
    "directness_of_causality": 0.21032246947288513,
    "aid_available": 0.15625959634780884,
    "treating": 0.28260356187820435,
    "HRA Strategy.time-resources.take-the-best": 0.008932776749134064,
    "HRA Strategy.resources-system.take-the-best": 0.023164870217442513,
    "HRA Strategy.risk_reward_ratio-system.one-bounce": 0.0015042227460071445,
    "HRA Strategy.time-resources-system.one-bounce": 0.0006782339769415557,
    "HRA Strategy.resources-risk_reward_ratio-system.one-bounce": 0.0010031985584646463,
    "HRA Strategy.time-resources-risk_reward_ratio-system.one-bounce": 0.0003099840832874179,
    "Take-The-Best Priority": 0.0004338612488936633,
    "Satisfactory Priority": 0.0012037507258355618,
    "pDeath": 0.08676857501268387,
    "pAirwayBlocked": 0.0002530786150600761,
    "entropy": 0.00025304959854111075,
    "entropyDeath": 0.00015035428805276752,
    "SEVERITY": 0.01867220178246498,
    "SUPPLIES_REMAINING": 0.015035257674753666,
    "AVERAGE_TIME_USED": 0.002612094162032008,
    "SEVERITY_CHANGE": 5.4206506320042536e-05,
    "SUPPLIES_USED": 0.1585429608821869,
    "WEIGHTED_RESOURCE_SCORE": 5.251701804809272e-05,
    "SMOL_MEDICAL_SOUNDNESS": 0.0003573233843781054,
    "treatment": 0.0007961068768054247
}