{
    "assessing": 0.48390427231788635,
    "treatment": 0.5160956978797913
}