{
    "questioning": 0.3373003602027893,
    "assessing": 0.34839943051338196,
    "tagging": 0.09285448491573334,
    "leaving": 0.22144567966461182
}