{
    "age": 0.004563306923955679,
    "tagged": 0.02655482105910778,
    "breathing": 0.004492121748626232,
    "unvisited_count": 0.0037430899683386087,
    "injured_count": 0.01798618771135807,
    "questioning": 0.2389170378446579,
    "assessing": 0.279446542263031,
    "tagging": 0.15764257311820984,
    "leaving": 0.13085611164569855,
    "One-Bounce Priority": 0.036086708307266235,
    "AVERAGE_TIME_USED": 0.007542299572378397,
    "INFORMATION_GAINED": 0.04285375773906708,
    "treatment": 0.0403585247695446,
    "category": 0.008956903591752052
}