{
    "breathing": 0.021155284717679024,
    "intent": 0.023183584213256836,
    "directness_of_causality": 0.1977805644273758,
    "aid_available": 0.19478607177734375,
    "treating": 0.35298287868499756,
    "SUPPLIES_USED": 0.2101116180419922
}