{
    "tagged": 0.07145963609218597,
    "mental_status": 0.027231957763433456,
    "intent": 0.09334899485111237,
    "directness_of_causality": 0.09545587748289108,
    "treating": 0.11190731078386307,
    "Take-The-Best Priority": 0.02042543515563011,
    "pInternalBleeding": 0.02713409811258316,
    "SEVERITY": 0.08374948054552078,
    "AVERAGE_TIME_USED": 0.1839432269334793,
    "SUPPLIES_USED": 0.022603977471590042,
    "WEIGHTED_RESOURCE_SCORE": 0.01249621994793415,
    "SMOL_MEDICAL_SOUNDNESS": 0.23585040867328644,
    "treatment": 0.014393353834748268
}