{
    "age": 0.019578633829951286,
    "tagged": 0.04293046519160271,
    "breathing": 0.006839128211140633,
    "unvisited_count": 0.024798648431897163,
    "injured_count": 0.03720434755086899,
    "environment_type": 0.019263768568634987,
    "questioning": 0.1352006494998932,
    "assessing": 0.19708117842674255,
    "tagging": 0.1597447246313095,
    "category": 0.016529837623238564,
    "HRA Strategy.resources-system.exhaustive": 0.008270058780908585,
    "Satisfactory Priority": 0.003871593624353409,
    "One-Bounce Priority": 0.07441037893295288,
    "pDeath": 0.017667558044195175,
    "pPain": 0.011458544060587883,
    "pBrainInjury": 0.0029674964025616646,
    "pAirwayBlocked": 0.041918400675058365,
    "entropy": 0.0024758095387369394,
    "entropyDeath": 0.003448737785220146,
    "SEVERITY": 0.0038074145559221506,
    "AVERAGE_TIME_USED": 0.01054739486426115,
    "DAMAGE_PER_SECOND": 0.0024557411670684814,
    "WEIGHTED_RESOURCE_SCORE": 0.04835586994886398,
    "INFORMATION_GAINED": 0.05855864658951759,
    "treatment": 0.05061500519514084
}