{
    "age": 0.1374451071023941,
    "tagged": 0.05158059298992157,
    "visited": 0.00537212984636426,
    "relationship": 0.08549771457910538,
    "breathing": 0.026099953800439835,
    "hrpmin": 0.0027300820220261812,
    "avpu": 0.005556025542318821,
    "unvisited_count": 0.003471687901765108,
    "injured_count": 0.02918652817606926,
    "environment_type": 0.004019714891910553,
    "questioning": 0.08723240345716476,
    "assessing": 0.19443534314632416,
    "tagging": 0.06507349759340286,
    "leaving": 0.11769300699234009,
    "HRA Strategy.time-resources.take-the-best": 0.0026826991233974695,
    "HRA Strategy.time-risk_reward_ratio.take-the-best": 0.0015808683820068836,
    "HRA Strategy.time-system.exhaustive": 0.001195233315229416,
    "HRA Strategy.resources-system.exhaustive": 0.0010676404926925898,
    "One-Bounce Priority": 0.0015557962469756603,
    "pDeath": 0.009537891484797001,
    "pPain": 0.012633859179913998,
    "pBrainInjury": 0.005032082088291645,
    "pAirwayBlocked": 0.008586795069277287,
    "pInternalBleeding": 0.005973300896584988,
    "pExternalBleeding": 0.013252658769488335,
    "entropy": 0.013571346178650856,
    "entropyDeath": 0.009012431837618351,
    "SEVERITY": 0.0025469684042036533,
    "SUPPLIES_REMAINING": 0.01890765130519867,
    "AVERAGE_TIME_USED": 0.003966421354562044,
    "DAMAGE_PER_SECOND": 0.0019001815235242248,
    "MEDSIM_P_DEATH": 0.008571761660277843,
    "MEDSIM_P_DEATH_ONE_MIN_LATER": 0.0022782753221690655,
    "SEVERITY_CHANGE": 0.0012212072033435106,
    "SEVEREST_SEVERITY": 0.0007469779229722917,
    "SEVEREST_SEVERITY_CHANGE": 0.0019352465169504285,
    "SMOL_MEDICAL_SOUNDNESS": 0.0026061597745865583,
    "treatment": 0.03973427414894104,
    "category": 0.014508436433970928
}