age,tagged,visited,relationship,breathing,hrpmin,avpu,unvisited_count,injured_count,environment_type,questioning,assessing,tagging,leaving,HRA Strategy.time-resources.take-the-best,HRA Strategy.time-risk_reward_ratio.take-the-best,HRA Strategy.time-system.exhaustive,HRA Strategy.resources-system.exhaustive,One-Bounce Priority,pDeath,pPain,pBrainInjury,pAirwayBlocked,pInternalBleeding,pExternalBleeding,entropy,entropyDeath,SEVERITY,SUPPLIES_REMAINING,AVERAGE_TIME_USED,DAMAGE_PER_SECOND,MEDSIM_P_DEATH,MEDSIM_P_DEATH_ONE_MIN_LATER,SEVERITY_CHANGE,SEVEREST_SEVERITY,SEVEREST_SEVERITY_CHANGE,SMOL_MEDICAL_SOUNDNESS,treatment,category
0.1374451071023941,0.05158059298992157,0.00537212984636426,0.08549771457910538,0.026099953800439835,0.0027300820220261812,0.005556025542318821,0.003471687901765108,0.02918652817606926,0.004019714891910553,0.08723240345716476,0.19443534314632416,0.06507349759340286,0.11769300699234009,0.0026826991233974695,0.0015808683820068836,0.001195233315229416,0.0010676404926925898,0.0015557962469756603,0.009537891484797001,0.012633859179913998,0.005032082088291645,0.008586795069277287,0.005973300896584988,0.013252658769488335,0.013571346178650856,0.009012431837618351,0.0025469684042036533,0.01890765130519867,0.003966421354562044,0.0019001815235242248,0.008571761660277843,0.0022782753221690655,0.0012212072033435106,0.0007469779229722917,0.0019352465169504285,0.0026061597745865583,0.03973427414894104,0.014508436433970928
