{
    "conscious": 0.0001383311318932101,
    "breathing": 0.010400044731795788,
    "intent": 0.06633688509464264,
    "directness_of_causality": 0.14587683975696564,
    "aid_available": 0.06494511663913727,
    "treating": 0.23723846673965454,
    "HRA Strategy.risk_reward_ratio-system.one-bounce": 0.0024467960465699434,
    "HRA Strategy.time-resources-system.one-bounce": 0.0010744293686002493,
    "HRA Strategy.resources-risk_reward_ratio-system.one-bounce": 0.0021322304382920265,
    "HRA Strategy.time-resources-risk_reward_ratio-system.one-bounce": 0.0005452741170302033,
    "Take-The-Best Priority": 0.002700782846659422,
    "One-Bounce Priority": 0.0008845593547448516,
    "pDeath": 0.0011750232661142945,
    "pPain": 0.00012427978799678385,
    "pExternalBleeding": 0.00030343281105160713,
    "entropy": 0.00015089238877408206,
    "SEVERITY": 0.0003581765340641141,
    "SUPPLIES_REMAINING": 0.003109628101810813,
    "AVERAGE_TIME_USED": 0.009774533100426197,
    "SUPPLIES_USED": 0.17179958522319794,
    "WEIGHTED_RESOURCE_SCORE": 0.00038856707396917045,
    "SMOL_MEDICAL_SOUNDNESS": 0.27729979157447815,
    "treatment": 0.0007963462267071009
}