{
    "conscious": 0.0007166655268520117,
    "mental_status": 0.00014001560339238495,
    "intent": 0.05717318877577782,
    "directness_of_causality": 0.1979445517063141,
    "aid_available": 0.1876240372657776,
    "treating": 0.27729275822639465,
    "HRA Strategy.time-risk_reward_ratio.one-bounce": 0.0008201446617022157,
    "HRA Strategy.resources-system.take-the-best": 0.000944461498875171,
    "HRA Strategy.risk_reward_ratio-system.one-bounce": 0.0016161772655323148,
    "HRA Strategy.time-resources-risk_reward_ratio-system.one-bounce": 0.00031494488939642906,
    "Take-The-Best Priority": 0.00046410932554863393,
    "Satisfactory Priority": 0.0007282092701643705,
    "pDeath": 0.00014943417045287788,
    "pBrainInjury": 0.00031719947583042085,
    "pAirwayBlocked": 0.00015419874398503453,
    "pInternalBleeding": 0.00018672911392059177,
    "entropyDeath": 0.000535764847882092,
    "SEVERITY": 0.0002914417127612978,
    "SUPPLIES_REMAINING": 0.0011942775454372168,
    "AVERAGE_TIME_USED": 0.008695689961314201,
    "SUPPLIES_USED": 0.2610372006893158,
    "WEIGHTED_RESOURCE_SCORE": 0.0008596109692007303,
    "SMOL_MEDICAL_SOUNDNESS": 0.00023742778284940869,
    "treatment": 0.0005617063725367188
}