{
    "questioning": 0.44689854979515076,
    "assessing": 0.5531015396118164
}