{
    "age": 0.015841467306017876,
    "tagged": 0.029686234891414642,
    "unvisited_count": 0.012160006910562515,
    "questioning": 0.19287316501140594,
    "assessing": 0.39640703797340393,
    "tagging": 0.09887811541557312,
    "category": 0.017307225614786148,
    "One-Bounce Priority": 0.0958876684308052,
    "pAirwayBlocked": 0.016542868688702583,
    "SEVEREST_SEVERITY_CHANGE": 0.012525491416454315,
    "INFORMATION_GAINED": 0.06578283756971359,
    "treatment": 0.0461079478263855
}