{
    "age": 0.03134407848119736,
    "tagged": 0.27644264698028564,
    "hrpmin": 0.07970209419727325,
    "injured_count": 0.053025852888822556,
    "environment_type": 0.02043744921684265,
    "category": 0.0224161259829998,
    "HRA Strategy.time-resources.take-the-best": 0.010372213087975979,
    "One-Bounce Priority": 0.041187673807144165,
    "pDeath": 0.012642218731343746,
    "pPain": 0.00623755156993866,
    "pAirwayBlocked": 0.0067223794758319855,
    "pInternalBleeding": 0.021755045279860497,
    "pExternalBleeding": 0.03524133563041687,
    "entropy": 0.033624399453401566,
    "entropyDeath": 0.0147510701790452,
    "SEVERITY": 0.012567892670631409,
    "AVERAGE_TIME_USED": 0.1402580738067627,
    "DAMAGE_PER_SECOND": 0.00659865140914917,
    "MEDSIM_P_DEATH": 0.006440249737352133,
    "MEDSIM_P_DEATH_ONE_MIN_LATER": 0.007124206051230431,
    "SEVEREST_SEVERITY": 0.011775373481214046,
    "SMOL_MEDICAL_SOUNDNESS": 0.04090116173028946,
    "treatment": 0.10843226313591003
}