{
    "age": 0.00958655122667551,
    "tagged": 0.0303252674639225,
    "breathing": 0.0112623805180192,
    "hrpmin": 0.011565999127924442,
    "injured_count": 0.023691659793257713,
    "environment_type": 0.003939894959330559,
    "questioning": 0.16516245901584625,
    "assessing": 0.20098908245563507,
    "tagging": 0.1768290102481842,
    "leaving": 0.2464550882577896,
    "HRA Strategy.time-resources.take-the-best": 0.005966090597212315,
    "One-Bounce Priority": 0.03635716810822487,
    "pPain": 0.0063221994787454605,
    "SEVERITY": 0.00669586006551981,
    "MEDSIM_P_DEATH": 0.006974851246923208,
    "INFORMATION_GAINED": 0.01612272299826145,
    "treatment": 0.031010258942842484,
    "category": 0.010743455030024052
}