{
    "mental_status": 0.003933612257242203,
    "intent": 0.03537430241703987,
    "directness_of_causality": 0.17297542095184326,
    "aid_available": 0.14759212732315063,
    "treating": 0.23961511254310608,
    "HRA Strategy.risk_reward_ratio-system.one-bounce": 0.0015295398188754916,
    "HRA Strategy.resources-risk_reward_ratio-system.one-bounce": 0.0009987022494897246,
    "HRA Strategy.time-resources-risk_reward_ratio-system.one-bounce": 0.00036248413380235434,
    "Take-The-Best Priority": 0.0015399246476590633,
    "Satisfactory Priority": 0.0009979894384741783,
    "One-Bounce Priority": 0.000571726297494024,
    "pDeath": 0.0004457258910406381,
    "pBrainInjury": 0.00023185439931694418,
    "pAirwayBlocked": 0.0002523169678170234,
    "pInternalBleeding": 0.00036405559512786567,
    "SEVERITY": 0.0016800155863165855,
    "SUPPLIES_REMAINING": 0.0014956205850467086,
    "AVERAGE_TIME_USED": 0.003717822954058647,
    "SUPPLIES_USED": 0.21338620781898499,
    "SEVEREST_SEVERITY_CHANGE": 0.0004254615923855454,
    "WEIGHTED_RESOURCE_SCORE": 0.0005672652623616159,
    "SMOL_MEDICAL_SOUNDNESS": 0.17138215899467468,
    "treatment": 0.000560664338991046
}