{
    "others_tagged_or_uninjured": 0.16546635329723358,
    "aid_available": 0.08077617734670639,
    "treating": 0.10735741257667542,
    "Take-The-Best Priority": 0.03531164303421974,
    "SEVERITY": 0.012534258887171745,
    "SUPPLIES_REMAINING": 0.004706051200628281,
    "AVERAGE_TIME_USED": 0.0554647296667099,
    "SUPPLIES_USED": 0.00943282525986433,
    "WEIGHTED_RESOURCE_SCORE": 0.004529289435595274,
    "SMOL_MEDICAL_SOUNDNESS": 0.034535638988018036,
    "HRA Strategy.time-system.satisfactory": 0.01242541242390871,
    "HRA Strategy.time-resources-risk_reward_ratio.one-bounce": 0.12500861287117004,
    "HRA Strategy.time-resources-system.one-bounce": 0.013132627122104168,
    "HRA Strategy.risk_reward_ratio-system.one-bounce": 0.00451436685398221,
    "directness_of_causality": 0.12949946522712708,
    "treatment": 0.20530515909194946
}