{
    "questioning": 0.5049161314964294,
    "assessing": 0.49508383870124817
}