{
    "age": 0.0015611996641382575,
    "tagged": 0.04176151379942894,
    "visited": 0.0016301191644743085,
    "conscious": 0.0018247253028675914,
    "breathing": 0.007281601428985596,
    "hrpmin": 0.007595137692987919,
    "avpu": 0.0029699543956667185,
    "unvisited_count": 0.008870860561728477,
    "injured_count": 0.0026443973183631897,
    "environment_type": 0.0012885072501376271,
    "questioning": 0.17905133962631226,
    "assessing": 0.15624582767486572,
    "tagging": 0.18295323848724365,
    "leaving": 0.26362287998199463,
    "HRA Strategy.time-risk_reward_ratio.take-the-best": 0.0012953195255249739,
    "HRA Strategy.time-risk_reward_ratio.one-bounce": 0.00022171589080244303,
    "Take-The-Best Priority": 0.0003907022182829678,
    "Satisfactory Priority": 0.0007345416815951467,
    "One-Bounce Priority": 0.012348456308245659,
    "pDeath": 0.0025652593467384577,
    "pPain": 0.006349146366119385,
    "pBrainInjury": 0.009431992657482624,
    "pAirwayBlocked": 0.0036223980132490396,
    "pInternalBleeding": 0.0111037353053689,
    "pExternalBleeding": 0.0005765521782450378,
    "entropy": 0.010695741511881351,
    "entropyDeath": 0.0019070809939876199,
    "SEVERITY": 0.0022049997933208942,
    "SUPPLIES_REMAINING": 0.0007052411674521863,
    "AVERAGE_TIME_USED": 0.0010916333412751555,
    "DAMAGE_PER_SECOND": 0.0005017856601625681,
    "MEDSIM_P_DEATH": 0.002120116725564003,
    "MEDSIM_P_DEATH_ONE_MIN_LATER": 0.005342218559235334,
    "SEVEREST_SEVERITY": 0.0005958572146482766,
    "WEIGHTED_RESOURCE_SCORE": 0.004119552206248045,
    "SMOL_MEDICAL_SOUNDNESS": 0.002170074498280883,
    "INFORMATION_GAINED": 0.01077271904796362,
    "treatment": 0.044381819665431976,
    "category": 0.0054500410333275795
}