{
    "age": 0.0036512017250061035,
    "tagged": 0.03902734816074371,
    "visited": 0.0010990423616021872,
    "conscious": 0.007020255085080862,
    "breathing": 0.007746949326246977,
    "hrpmin": 0.01168949343264103,
    "unvisited_count": 0.011813552118837833,
    "injured_count": 0.01402503252029419,
    "environment_type": 0.0011225061025470495,
    "questioning": 0.07613103836774826,
    "assessing": 0.13471314311027527,
    "treating": 0.0007926583057269454,
    "tagging": 0.18022602796554565,
    "leaving": 0.3537866473197937,
    "HRA Strategy.time-resources.take-the-best": 0.0058945356868207455,
    "HRA Strategy.resources-risk_reward_ratio.one-bounce": 4.193217682768591e-05,
    "Satisfactory Priority": 0.0006445111357606947,
    "One-Bounce Priority": 0.01827818900346756,
    "pDeath": 0.0033818483352661133,
    "pPain": 0.008999459445476532,
    "pBrainInjury": 0.001440961379557848,
    "pAirwayBlocked": 0.003584266174584627,
    "pInternalBleeding": 0.001585095888003707,
    "pExternalBleeding": 0.00724803889170289,
    "entropy": 0.01745840534567833,
    "entropyDeath": 0.0008371398434974253,
    "SEVERITY": 0.0020594655070453882,
    "SUPPLIES_REMAINING": 0.0010401092004030943,
    "AVERAGE_TIME_USED": 0.0017679071752354503,
    "DAMAGE_PER_SECOND": 0.0006064439658075571,
    "MEDSIM_P_DEATH_ONE_MIN_LATER": 0.001727880910038948,
    "SEVEREST_SEVERITY": 0.0013666965533047915,
    "SEVEREST_SEVERITY_CHANGE": 0.00039199122693389654,
    "WEIGHTED_RESOURCE_SCORE": 0.016156388446688652,
    "SMOL_MEDICAL_SOUNDNESS": 0.0010581061942502856,
    "INFORMATION_GAINED": 0.004568389151245356,
    "treatment": 0.050445813685655594,
    "category": 0.006571633275598288
}