{
    "treating": 0.7498486638069153,
    "SUPPLIES_USED": 0.043132245540618896,
    "pDeath": 0.026001524180173874,
    "directness_of_causality": 0.18101748824119568
}