{
    "age": 0.09874879568815231,
    "tagged": 0.10181920975446701,
    "category": 0.06906105577945709,
    "SEVERITY": 0.06641320139169693,
    "DAMAGE_PER_SECOND": 0.4653491973876953,
    "treatment": 0.19860854744911194
}