{
    "mental_status": 0.017582930624485016,
    "breathing": 0.1185765191912651,
    "intent": 0.04868181794881821,
    "directness_of_causality": 0.24483010172843933,
    "treating": 0.3764495849609375,
    "HRA Strategy.time-resources.one-bounce": 0.00883543398231268,
    "HRA Strategy.resources-risk_reward_ratio.one-bounce": 0.029271842911839485,
    "HRA Strategy.resources-system.take-the-best": 0.09381426870822906,
    "AVERAGE_TIME_USED": 0.022055966779589653,
    "SUPPLIES_USED": 0.039901603013277054
}