{
    "age": 0.007259689271450043,
    "tagged": 0.031461168080568314,
    "visited": 0.0034245033748447895,
    "conscious": 0.0011709171812981367,
    "breathing": 0.006457662675529718,
    "hrpmin": 0.0032351023983210325,
    "avpu": 0.002834124257788062,
    "unvisited_count": 0.011085176840424538,
    "injured_count": 0.013516077771782875,
    "environment_type": 0.001228594919666648,
    "questioning": 0.16214175522327423,
    "assessing": 0.15012262761592865,
    "treating": 9.985514043364674e-05,
    "tagging": 0.21875974535942078,
    "leaving": 0.1952262818813324,
    "HRA Strategy.time-resources.take-the-best": 0.002810049569234252,
    "HRA Strategy.time-resources.one-bounce": 0.00028814710094593465,
    "HRA Strategy.time-system.exhaustive": 0.0004381448379717767,
    "HRA Strategy.time-system.one-bounce": 0.0016176830977201462,
    "HRA Strategy.resources-system.take-the-best": 0.0009197795297950506,
    "HRA Strategy.resources-system.exhaustive": 0.0004099130164831877,
    "HRA Strategy.risk_reward_ratio-system.exhaustive": 0.0012251641601324081,
    "Satisfactory Priority": 0.004460759926587343,
    "One-Bounce Priority": 0.023584166541695595,
    "pDeath": 0.0031329509802162647,
    "pPain": 0.006228306796401739,
    "pBrainInjury": 0.0026655965484678745,
    "pAirwayBlocked": 0.0044891624711453915,
    "pInternalBleeding": 0.0061223614029586315,
    "pExternalBleeding": 0.011354198679327965,
    "entropy": 0.009624569676816463,
    "entropyDeath": 0.00557321310043335,
    "SEVERITY": 0.0032039182260632515,
    "SUPPLIES_REMAINING": 0.0007035660673864186,
    "AVERAGE_TIME_USED": 0.004393600858747959,
    "DAMAGE_PER_SECOND": 0.0010228645987808704,
    "MEDSIM_P_DEATH": 0.008287248201668262,
    "MEDSIM_P_DEATH_ONE_MIN_LATER": 0.0017390651628375053,
    "SEVERITY_CHANGE": 0.0008522836142219603,
    "SEVEREST_SEVERITY": 0.0035511916503310204,
    "WEIGHTED_RESOURCE_SCORE": 0.0019221591064706445,
    "INFORMATION_GAINED": 0.03599878400564194,
    "treatment": 0.03706098347902298,
    "category": 0.008296861313283443
}