{
    "tagged": 0.14314642548561096,
    "conscious": 0.09163954854011536,
    "category": 0.10851092636585236,
    "pBrainInjury": 0.18577422201633453,
    "SEVERITY": 0.06744460016489029,
    "AVERAGE_TIME_USED": 0.12405860424041748,
    "DAMAGE_PER_SECOND": 0.20998086035251617,
    "MEDSIM_P_DEATH_ONE_MIN_LATER": 0.04111349955201149,
    "treatment": 0.028331352397799492
}