{
    "questioning": 0.3312862813472748,
    "assessing": 0.38417452573776245,
    "tagging": 0.07465248554944992,
    "leaving": 0.20988672971725464
}