{
    "age": 0.1547979861497879,
    "tagged": 0.03601808473467827,
    "visited": 0.021837547421455383,
    "assessing": 0.26412233710289,
    "treating": 0.0066804178059101105,
    "tagging": 0.2648598551750183,
    "treatment": 0.014030324295163155,
    "HRA Strategy.time-resources.take-the-best": 0.008490241132676601,
    "HRA Strategy.time-system.tallying": 0.0011264447821304202,
    "Take-The-Best Priority": 0.0038279215805232525,
    "SEVERITY": 0.017830656841397285,
    "AVERAGE_TIME_USED": 0.1040828600525856,
    "DAMAGE_PER_SECOND": 0.03157482668757439,
    "WEIGHTED_RESOURCE_SCORE": 0.07072052359580994
}