intent,directness_of_causality,aid_available,treating,HRA Strategy.risk_reward_ratio-system.one-bounce,SUPPLIES_REMAINING,AVERAGE_TIME_USED,SUPPLIES_USED
0.025493213906884193,0.19080199301242828,0.19734984636306763,0.29974165558815,0.0007756880950182676,0.08718450367450714,0.004642694257199764,0.19401034712791443
