{
    "intent": 0.5434733629226685,
    "treating": 0.4531680941581726,
    "treatment": 0.001447629532776773,
    "DAMAGE_PER_SECOND": 0.0019108819542452693
}