{
    "questioning": 0.368558406829834,
    "assessing": 0.6314415335655212
}