{
    "age": 0.005215655080974102,
    "tagged": 0.03046630695462227,
    "visited": 0.0022271275520324707,
    "breathing": 0.007643653079867363,
    "hrpmin": 0.003070005914196372,
    "avpu": 0.0012084776535630226,
    "unvisited_count": 0.014351431280374527,
    "injured_count": 0.01541418768465519,
    "questioning": 0.1916281282901764,
    "assessing": 0.14435306191444397,
    "tagging": 0.17921164631843567,
    "leaving": 0.17823024094104767,
    "HRA Strategy.time-resources.take-the-best": 0.0018283877288922668,
    "Take-The-Best Priority": 0.04036465287208557,
    "Satisfactory Priority": 0.008107474073767662,
    "One-Bounce Priority": 0.02441047504544258,
    "pDeath": 0.001944204093888402,
    "pPain": 0.005626487545669079,
    "pBrainInjury": 0.0034129656851291656,
    "pAirwayBlocked": 0.004496684763580561,
    "pInternalBleeding": 0.00586761673912406,
    "pExternalBleeding": 0.005630479659885168,
    "entropy": 0.006773650646209717,
    "entropyDeath": 0.019228952005505562,
    "SEVERITY": 0.0020097861997783184,
    "AVERAGE_TIME_USED": 0.0035128616727888584,
    "MEDSIM_P_DEATH": 0.0029045487754046917,
    "SEVEREST_SEVERITY": 0.001992055680602789,
    "WEIGHTED_RESOURCE_SCORE": 0.0015169385587796569,
    "SMOL_MEDICAL_SOUNDNESS": 0.0018222647486254573,
    "INFORMATION_GAINED": 0.04138686880469322,
    "treatment": 0.03653556853532791,
    "category": 0.0076071699149906635
}