{
    "tagged": 5.963745206827298e-05,
    "conscious": 0.013742328621447086,
    "mental_status": 0.0001842999627115205,
    "breathing": 0.03879016265273094,
    "hrpmin": 2.0949883037246764e-05,
    "avpu": 4.038594852318056e-05,
    "intent": 0.02805386483669281,
    "directness_of_causality": 0.17202143371105194,
    "aid_available": 0.1519375592470169,
    "treating": 0.22643952071666718,
    "HRA Strategy.time-risk_reward_ratio.one-bounce": 0.0007173061021603644,
    "HRA Strategy.resources-risk_reward_ratio.one-bounce": 0.011325759813189507,
    "HRA Strategy.risk_reward_ratio-system.one-bounce": 0.0011481810361146927,
    "HRA Strategy.resources-risk_reward_ratio-system.one-bounce": 0.0007735659601166844,
    "HRA Strategy.time-resources-risk_reward_ratio-system.one-bounce": 0.00031871921964921057,
    "Take-The-Best Priority": 0.00043947051744908094,
    "Satisfactory Priority": 0.0007546517299488187,
    "pDeath": 0.00014539332187268883,
    "pPain": 3.182968794135377e-05,
    "pBrainInjury": 0.00044249193160794675,
    "pAirwayBlocked": 0.00014953866775613278,
    "pInternalBleeding": 0.00020411360310390592,
    "entropyDeath": 0.004821157082915306,
    "SEVERITY": 0.05083088204264641,
    "SUPPLIES_REMAINING": 0.0012232690351083875,
    "AVERAGE_TIME_USED": 0.009189079515635967,
    "DAMAGE_PER_SECOND": 0.00037406987394206226,
    "SEVERITY_CHANGE": 0.00010172956535825506,
    "SUPPLIES_USED": 0.1867108941078186,
    "SEVEREST_SEVERITY": 0.09693176299333572,
    "SEVEREST_SEVERITY_CHANGE": 0.00029220106080174446,
    "WEIGHTED_RESOURCE_SCORE": 0.00015614931180607527,
    "SMOL_MEDICAL_SOUNDNESS": 0.0010757892159745097,
    "treatment": 0.0005518027464859188
}