{
    "questioning": 0.3229045867919922,
    "assessing": 0.370514452457428,
    "tagging": 0.06486900895833969,
    "leaving": 0.21340225636959076,
    "treatment": 0.028309715911746025
}