{
    "treating": 0.9125288128852844,
    "SUPPLIES_USED": 0.08747117966413498
}