{
    "conscious": 0.0007347182254306972,
    "breathing": 6.272616883506998e-05,
    "intent": 0.21814003586769104,
    "directness_of_causality": 0.14975471794605255,
    "aid_available": 0.1607077568769455,
    "treating": 0.24431969225406647,
    "HRA Strategy.resources-system.take-the-best": 0.0009027740452438593,
    "HRA Strategy.risk_reward_ratio-system.one-bounce": 0.001249991124495864,
    "HRA Strategy.resources-risk_reward_ratio-system.one-bounce": 0.0009025425533764064,
    "HRA Strategy.time-resources-risk_reward_ratio-system.one-bounce": 0.0002977018302772194,
    "Satisfactory Priority": 0.0008385885157622397,
    "pDeath": 0.0004201178380753845,
    "pAirwayBlocked": 0.0005808786954730749,
    "entropyDeath": 4.5802040403941646e-05,
    "SEVERITY": 0.00011196186096640304,
    "SUPPLIES_REMAINING": 0.0005743586807511747,
    "AVERAGE_TIME_USED": 0.00587047403678298,
    "SEVERITY_CHANGE": 5.1263148634461686e-05,
    "SUPPLIES_USED": 0.2131483107805252,
    "SEVEREST_SEVERITY": 0.0003669528232421726,
    "SMOL_MEDICAL_SOUNDNESS": 0.0007357177091762424,
    "treatment": 0.00018296042981091887
}