{
    "tagged": 0.015268031507730484,
    "hrpmin": 0.018471304327249527,
    "intent": 0.1855945736169815,
    "directness_of_causality": 0.11305016279220581,
    "aid_available": 0.13331979513168335,
    "treating": 0.22194625437259674,
    "SEVERITY": 0.012026544660329819,
    "AVERAGE_TIME_USED": 0.06320756673812866,
    "SUPPLIES_USED": 0.19023218750953674,
    "treatment": 0.04688353091478348
}