{
    "tagged": 0.00930589996278286,
    "conscious": 0.001285369973629713,
    "mental_status": 0.010257911868393421,
    "breathing": 0.0012924688635393977,
    "intent": 0.007019623648375273,
    "directness_of_causality": 0.07064730674028397,
    "others_tagged_or_uninjured": 0.09080778807401657,
    "aid_available": 0.10436470806598663,
    "treating": 0.10328718274831772,
    "HRA Strategy.time-risk_reward_ratio.one-bounce": 0.008316519670188427,
    "HRA Strategy.resources-system.take-the-best": 0.03354860469698906,
    "Take-The-Best Priority": 0.004224573727697134,
    "Satisfactory Priority": 0.0007757917628623545,
    "pDeath": 0.00387320457957685,
    "pPain": 0.006684260442852974,
    "pInternalBleeding": 0.03002488799393177,
    "SEVERITY": 0.0039000920951366425,
    "AVERAGE_TIME_USED": 0.005574046168476343,
    "DAMAGE_PER_SECOND": 0.023344986140727997,
    "MEDSIM_P_DEATH": 0.1682654321193695,
    "SUPPLIES_USED": 0.17770524322986603,
    "SEVEREST_SEVERITY_CHANGE": 0.0007858445169404149,
    "WEIGHTED_RESOURCE_SCORE": 0.008327038027346134,
    "SMOL_MEDICAL_SOUNDNESS": 0.11500279605388641,
    "treatment": 0.011378495022654533
}