{
    "age": 0.02084745466709137,
    "assessing": 0.3473123610019684,
    "tagging": 0.5218891501426697,
    "treatment": 0.03778013959527016,
    "Satisfactory Priority": 0.0721709206700325
}