{
    "aid_available": 0.21669705212116241,
    "treating": 0.567710280418396,
    "SUPPLIES_USED": 0.2155926376581192
}