{
    "age": 0.011734274215996265,
    "tagged": 0.019574591889977455,
    "visited": 0.010517182759940624,
    "conscious": 0.006085997447371483,
    "breathing": 0.008113771677017212,
    "avpu": 0.0013295197859406471,
    "unvisited_count": 0.08059101551771164,
    "environment_type": 0.017974086105823517,
    "questioning": 0.06507124751806259,
    "assessing": 0.08769397437572479,
    "treating": 0.0006727816653437912,
    "tagging": 0.19703525304794312,
    "leaving": 0.2310081422328949,
    "HRA Strategy.time-resources.take-the-best": 0.0017022795509546995,
    "HRA Strategy.time-resources.one-bounce": 0.00013117148773744702,
    "HRA Strategy.time-risk_reward_ratio.take-the-best": 0.0008470399188809097,
    "HRA Strategy.time-risk_reward_ratio.one-bounce": 0.00023727996449451894,
    "HRA Strategy.time-system.one-bounce": 0.000523957482073456,
    "HRA Strategy.resources-risk_reward_ratio.take-the-best": 0.00040843227179721,
    "HRA Strategy.resources-system.take-the-best": 0.00012857464025728405,
    "Satisfactory Priority": 0.022702738642692566,
    "One-Bounce Priority": 0.03632579371333122,
    "pDeath": 0.002771917264908552,
    "pPain": 0.009396524168550968,
    "pBrainInjury": 0.0027697919867932796,
    "pAirwayBlocked": 0.000873577082529664,
    "pInternalBleeding": 0.010564592666924,
    "pExternalBleeding": 0.013601704500615597,
    "entropy": 0.0131095414981246,
    "entropyDeath": 0.0007541180239059031,
    "SEVERITY": 0.002035855781286955,
    "SUPPLIES_REMAINING": 0.0005929208127781749,
    "AVERAGE_TIME_USED": 0.01003425195813179,
    "DAMAGE_PER_SECOND": 0.0017966892337426543,
    "MEDSIM_P_DEATH": 0.0016966253751888871,
    "MEDSIM_P_DEATH_ONE_MIN_LATER": 0.0017122080316767097,
    "SEVEREST_SEVERITY": 0.000983965815976262,
    "SEVEREST_SEVERITY_CHANGE": 0.06500760465860367,
    "WEIGHTED_RESOURCE_SCORE": 0.001315006404183805,
    "SMOL_MEDICAL_SOUNDNESS": 0.0021506433840841055,
    "INFORMATION_GAINED": 0.020918969064950943,
    "treatment": 0.02580946870148182,
    "category": 0.011694977059960365
}