{
    "age": 0.007374422624707222,
    "tagged": 0.010389359667897224,
    "conscious": 0.009388201870024204,
    "breathing": 0.014704316854476929,
    "hrpmin": 0.024114662781357765,
    "avpu": 0.02532137744128704,
    "unvisited_count": 0.04131612926721573,
    "injured_count": 0.03370597958564758,
    "questioning": 0.3132668435573578,
    "assessing": 0.23779697716236115,
    "tagging": 0.13986985385417938,
    "category": 0.009978316724300385,
    "One-Bounce Priority": 0.03125039115548134,
    "pPain": 0.00575083727017045,
    "entropy": 0.013640440069139004,
    "AVERAGE_TIME_USED": 0.031146559864282608,
    "treatment": 0.05098520964384079
}