{
    "directness_of_causality": 0.21646568179130554,
    "treating": 0.6139861345291138,
    "HRA Strategy.resources-system.take-the-best": 0.006892318371683359,
    "HRA Strategy.risk_reward_ratio-system.one-bounce": 0.006697764154523611,
    "SUPPLIES_REMAINING": 0.0002795934851747006,
    "treatment": 0.15567845106124878
}