{
    "age": 0.012623278424143791,
    "tagged": 0.02665284462273121,
    "visited": 0.006993965245783329,
    "breathing": 0.008344849571585655,
    "hrpmin": 0.012246148660779,
    "avpu": 0.0006437592091970146,
    "unvisited_count": 0.0026415851898491383,
    "injured_count": 0.019568778574466705,
    "environment_type": 0.002132353838533163,
    "questioning": 0.19882963597774506,
    "assessing": 0.1854826807975769,
    "treating": 0.0034276528749614954,
    "tagging": 0.15598076581954956,
    "leaving": 0.15910519659519196,
    "HRA Strategy.time-resources.take-the-best": 0.001933642546646297,
    "HRA Strategy.time-system.exhaustive": 0.02167041413486004,
    "HRA Strategy.resources-system.take-the-best": 0.0005845381529070437,
    "HRA Strategy.resources-system.exhaustive": 0.0011228597722947598,
    "Satisfactory Priority": 0.001703330548480153,
    "One-Bounce Priority": 0.025955690070986748,
    "pDeath": 0.0045775119215250015,
    "pPain": 0.005980213638395071,
    "pBrainInjury": 0.001932747196406126,
    "pAirwayBlocked": 0.004473930690437555,
    "pInternalBleeding": 0.006723146419972181,
    "pExternalBleeding": 0.011072758585214615,
    "entropy": 0.010767020285129547,
    "entropyDeath": 0.005286427680402994,
    "SEVERITY": 0.0010141663951799273,
    "SUPPLIES_REMAINING": 0.0009093640255741775,
    "AVERAGE_TIME_USED": 0.012459168210625648,
    "MEDSIM_P_DEATH": 0.015295620076358318,
    "MEDSIM_P_DEATH_ONE_MIN_LATER": 0.0007529215654358268,
    "SEVEREST_SEVERITY": 0.004174284636974335,
    "WEIGHTED_RESOURCE_SCORE": 0.0028510787524282932,
    "SMOL_MEDICAL_SOUNDNESS": 0.0030923476442694664,
    "INFORMATION_GAINED": 0.024113178253173828,
    "treatment": 0.02691745012998581,
    "category": 0.009962744079530239
}