{
    "age": 0.01223605778068304,
    "tagged": 0.3991748094558716,
    "breathing": 0.007097525987774134,
    "unvisited_count": 0.059963565319776535,
    "environment_type": 0.009883028455078602,
    "category": 0.01815320923924446,
    "HRA Strategy.time-resources.take-the-best": 0.03153981268405914,
    "One-Bounce Priority": 0.026698356494307518,
    "pPain": 0.012581183575093746,
    "pInternalBleeding": 0.09902376681566238,
    "entropy": 0.007985398173332214,
    "SEVERITY": 0.014373130165040493,
    "AVERAGE_TIME_USED": 0.14896808564662933,
    "DAMAGE_PER_SECOND": 0.0351891927421093,
    "MEDSIM_P_DEATH_ONE_MIN_LATER": 0.006689010187983513,
    "WEIGHTED_RESOURCE_SCORE": 0.052683256566524506,
    "treatment": 0.057760611176490784
}