{
    "age": 0.01945343427360058,
    "tagged": 0.07042402029037476,
    "visited": 0.0038324350025504827,
    "conscious": 0.0035166277084499598,
    "breathing": 0.010450673289597034,
    "hrpmin": 0.017848888412117958,
    "avpu": 0.0020720018073916435,
    "unvisited_count": 0.003014193382114172,
    "injured_count": 0.060132235288619995,
    "others_tagged_or_uninjured": 0.0022462266497313976,
    "environment_type": 0.013268690556287766,
    "questioning": 0.164160817861557,
    "assessing": 0.1687081903219223,
    "tagging": 0.18054203689098358,
    "category": 0.01140633411705494,
    "HRA Strategy.time-resources.take-the-best": 0.011502946726977825,
    "HRA Strategy.time-risk_reward_ratio.take-the-best": 0.009560791775584221,
    "HRA Strategy.time-system.exhaustive": 0.0008959354017861187,
    "HRA Strategy.resources-system.take-the-best": 0.00035792679409496486,
    "Take-The-Best Priority": 0.0003329392056912184,
    "Satisfactory Priority": 0.0186736062169075,
    "One-Bounce Priority": 0.03354803845286369,
    "pDeath": 0.002860835986211896,
    "pPain": 0.01336168684065342,
    "pBrainInjury": 0.002511571394279599,
    "pAirwayBlocked": 0.018869034945964813,
    "pInternalBleeding": 0.0005355479661375284,
    "pExternalBleeding": 0.0006655752658843994,
    "entropy": 0.008850148878991604,
    "entropyDeath": 0.0010142194805666804,
    "SEVERITY": 0.005482116714119911,
    "SUPPLIES_REMAINING": 0.0008758602780289948,
    "AVERAGE_TIME_USED": 0.0036021184641867876,
    "DAMAGE_PER_SECOND": 0.003937997855246067,
    "MEDSIM_P_DEATH": 0.006111284252256155,
    "MEDSIM_P_DEATH_ONE_MIN_LATER": 0.0023844654206186533,
    "SEVEREST_SEVERITY": 0.0016059643821790814,
    "WEIGHTED_RESOURCE_SCORE": 0.0006662516389042139,
    "SMOL_MEDICAL_SOUNDNESS": 0.007164390292018652,
    "INFORMATION_GAINED": 0.08172768354415894,
    "treatment": 0.0318242684006691
}