{
    "age": 0.007069234270602465,
    "tagged": 0.06832033395767212,
    "visited": 0.0069144172593951225,
    "conscious": 0.05152552202343941,
    "breathing": 0.0043710703030228615,
    "environment_type": 0.023989150300621986,
    "assessing": 0.08877236396074295,
    "treating": 0.0019425040809437633,
    "tagging": 0.008078131824731827,
    "category": 0.016937538981437683,
    "HRA Strategy.time-resources.take-the-best": 0.07527986168861389,
    "HRA Strategy.time-system.tallying": 0.0011989097110927105,
    "Take-The-Best Priority": 0.0001739829167490825,
    "One-Bounce Priority": 0.00035413855221122503,
    "pDeath": 0.0005981697468087077,
    "pPain": 0.0037950521800667048,
    "SEVERITY": 0.01861945539712906,
    "SUPPLIES_REMAINING": 0.0015218943590298295,
    "AVERAGE_TIME_USED": 0.0032405045349150896,
    "DAMAGE_PER_SECOND": 0.024131491780281067,
    "SEVEREST_SEVERITY": 0.0008040680550038815,
    "SEVEREST_SEVERITY_CHANGE": 0.549085259437561,
    "WEIGHTED_RESOURCE_SCORE": 0.012236756272614002,
    "treatment": 0.03104022890329361
}