{
    "age": 0.015769585967063904,
    "tagged": 0.055265285074710846,
    "visited": 0.008934762328863144,
    "conscious": 0.0024351696483790874,
    "breathing": 0.011776553466916084,
    "hrpmin": 0.024768920615315437,
    "unvisited_count": 0.06718325614929199,
    "environment_type": 0.008162152022123337,
    "questioning": 0.19210068881511688,
    "assessing": 0.1831599920988083,
    "treating": 0.023728622123599052,
    "tagging": 0.1518319547176361,
    "HRA Strategy.time-resources.take-the-best": 0.0018517413409426808,
    "HRA Strategy.time-risk_reward_ratio.take-the-best": 0.0028686700388789177,
    "HRA Strategy.time-system.exhaustive": 0.004570125602185726,
    "HRA Strategy.resources-system.exhaustive": 0.001275561866350472,
    "One-Bounce Priority": 0.036981772631406784,
    "pDeath": 0.006086832843720913,
    "pPain": 0.015526079572737217,
    "pBrainInjury": 0.006069494411349297,
    "pAirwayBlocked": 0.02139773778617382,
    "pInternalBleeding": 0.015913965180516243,
    "pExternalBleeding": 0.012080936692655087,
    "entropy": 0.007969934493303299,
    "entropyDeath": 0.0035761401522904634,
    "SEVERITY": 0.008573345839977264,
    "AVERAGE_TIME_USED": 0.011076003313064575,
    "MEDSIM_P_DEATH": 0.005476863589137793,
    "MEDSIM_P_DEATH_ONE_MIN_LATER": 0.0011999841080978513,
    "SEVEREST_SEVERITY": 0.004182890523225069,
    "WEIGHTED_RESOURCE_SCORE": 0.008718225173652172,
    "SMOL_MEDICAL_SOUNDNESS": 0.010612581856548786,
    "INFORMATION_GAINED": 0.008595258928835392,
    "treatment": 0.04807617887854576,
    "category": 0.012202730402350426
}