{
    "injured_count": 0.03198575973510742,
    "questioning": 0.2793103754520416,
    "assessing": 0.37828120589256287,
    "tagging": 0.06944791972637177,
    "category": 0.01829466223716736,
    "One-Bounce Priority": 0.035277821123600006,
    "INFORMATION_GAINED": 0.16149462759494781,
    "treatment": 0.0259076077491045
}