{
    "tagged": 0.002262632828205824,
    "conscious": 0.012128335423767567,
    "mental_status": 0.02451050840318203,
    "hrpmin": 0.00019425174104981124,
    "intent": 0.11260463297367096,
    "unvisited_count": 0.00010904883674811572,
    "treating": 0.5971046686172485,
    "HRA Strategy.time-resources.take-the-best": 0.051195353269577026,
    "HRA Strategy.time-system.tallying": 0.0012717613717541099,
    "HRA Strategy.resources-system.take-the-best": 0.08482270687818527,
    "HRA Strategy.risk_reward_ratio-system.one-bounce": 0.006238455418497324,
    "HRA Strategy.time-resources-system.exhaustive": 0.004413317423313856,
    "HRA Strategy.time-resources-system.tallying": 0.005799067672342062,
    "HRA Strategy.time-resources-system.one-bounce": 0.0005081596318632364,
    "Take-The-Best Priority": 0.013284879736602306,
    "Satisfactory Priority": 0.016262046992778778,
    "pAirwayBlocked": 5.120055720908567e-05,
    "SEVERITY": 0.0026744005735963583,
    "AVERAGE_TIME_USED": 0.009646841324865818,
    "SEVEREST_SEVERITY": 0.006388337817043066,
    "WEIGHTED_RESOURCE_SCORE": 0.004173328168690205,
    "treatment": 0.044356122612953186
}