{
    "age": 0.009872146882116795,
    "tagged": 0.03934871777892113,
    "breathing": 0.01109285093843937,
    "hrpmin": 0.012584037147462368,
    "unvisited_count": 0.024437934160232544,
    "questioning": 0.30799588561058044,
    "assessing": 0.17703752219676971,
    "treating": 0.03273877874016762,
    "tagging": 0.18599800765514374,
    "One-Bounce Priority": 0.08247745037078857,
    "AVERAGE_TIME_USED": 0.03314608335494995,
    "treatment": 0.0694928765296936,
    "category": 0.013777784071862698
}