{
    "conscious": 0.0010606347350403666,
    "intent": 0.0445057675242424,
    "directness_of_causality": 0.20961536467075348,
    "aid_available": 0.18679574131965637,
    "treating": 0.27811405062675476,
    "HRA Strategy.time-risk_reward_ratio.one-bounce": 0.0007685372256673872,
    "HRA Strategy.resources-system.take-the-best": 0.001099062617868185,
    "HRA Strategy.risk_reward_ratio-system.one-bounce": 0.0012909069191664457,
    "HRA Strategy.time-resources-risk_reward_ratio-system.one-bounce": 0.00036071636714041233,
    "Take-The-Best Priority": 0.0005032658809795976,
    "Satisfactory Priority": 0.0008201316231861711,
    "pBrainInjury": 0.00030378400697372854,
    "entropyDeath": 0.00045036274241283536,
    "SEVERITY": 0.00025890552205964923,
    "SUPPLIES_REMAINING": 0.0011868482688441873,
    "AVERAGE_TIME_USED": 0.009682545438408852,
    "SUPPLIES_USED": 0.26180940866470337,
    "WEIGHTED_RESOURCE_SCORE": 0.0007669870974496007,
    "SMOL_MEDICAL_SOUNDNESS": 0.00023813298321329057,
    "treatment": 0.00036878488026559353
}