aid_available,treating,SUPPLIES_USED
0.21313892304897308,0.5675362944602966,0.2193247526884079
