{
    "aid_available": 0.21313892304897308,
    "treating": 0.5675362944602966,
    "SUPPLIES_USED": 0.2193247526884079
}