{
    "age": 0.0045277816243469715,
    "tagged": 0.025764605030417442,
    "injured_count": 0.11935655772686005,
    "environment_type": 0.023712346330285072,
    "questioning": 0.26490357518196106,
    "assessing": 0.36603879928588867,
    "tagging": 0.06865503638982773,
    "AVERAGE_TIME_USED": 0.035334695130586624,
    "WEIGHTED_RESOURCE_SCORE": 0.0288082268089056,
    "INFORMATION_GAINED": 0.014328477904200554,
    "treatment": 0.04856988415122032
}