{
    "intent": 0.04655038192868233,
    "directness_of_causality": 0.1906755119562149,
    "aid_available": 0.1558472216129303,
    "treating": 0.25526365637779236,
    "HRA Strategy.time-risk_reward_ratio.one-bounce": 0.0005332868313416839,
    "HRA Strategy.risk_reward_ratio-system.one-bounce": 0.0018256412586197257,
    "HRA Strategy.resources-risk_reward_ratio-system.one-bounce": 0.0007743742899037898,
    "HRA Strategy.time-resources-risk_reward_ratio-system.one-bounce": 0.0003641398507170379,
    "Take-The-Best Priority": 0.00032752982224337757,
    "Satisfactory Priority": 0.000597784121055156,
    "One-Bounce Priority": 0.00023492008040193468,
    "pDeath": 5.1204358896939084e-05,
    "pBrainInjury": 0.000852192344609648,
    "pInternalBleeding": 0.00047818946768529713,
    "entropyDeath": 0.00023331170086748898,
    "SEVERITY": 0.0027638201136142015,
    "SUPPLIES_REMAINING": 0.0005839211517013609,
    "AVERAGE_TIME_USED": 0.022592836990952492,
    "DAMAGE_PER_SECOND": 0.0001288914936594665,
    "SEVERITY_CHANGE": 0.00023346449597738683,
    "SUPPLIES_USED": 0.19437827169895172,
    "SEVEREST_SEVERITY": 4.217796231387183e-05,
    "WEIGHTED_RESOURCE_SCORE": 0.001125175622291863,
    "SMOL_MEDICAL_SOUNDNESS": 0.09037786722183228,
    "treatment": 0.03316418081521988
}