{
    "age": 0.011490083299577236,
    "tagged": 0.04178309813141823,
    "visited": 0.005791591014713049,
    "conscious": 0.018806451931595802,
    "breathing": 0.013374948874115944,
    "hrpmin": 0.010016676969826221,
    "avpu": 0.001511068781837821,
    "unvisited_count": 0.01158143114298582,
    "injured_count": 0.010253774002194405,
    "environment_type": 0.005202449392527342,
    "questioning": 0.10736285895109177,
    "assessing": 0.1458548754453659,
    "tagging": 0.2584135830402374,
    "leaving": 0.10783059149980545,
    "category": 0.0077806562185287476,
    "HRA Strategy.time-resources.take-the-best": 0.0027425463777035475,
    "HRA Strategy.time-system.exhaustive": 0.0014807088300585747,
    "HRA Strategy.resources-system.exhaustive": 0.004655865021049976,
    "Satisfactory Priority": 0.0040086545050144196,
    "One-Bounce Priority": 0.010877319611608982,
    "pDeath": 0.012560467235744,
    "pPain": 0.00420601898804307,
    "pBrainInjury": 0.007821133360266685,
    "pAirwayBlocked": 0.0027440269477665424,
    "pInternalBleeding": 0.020378319546580315,
    "pExternalBleeding": 0.011209772899746895,
    "entropy": 0.006261915434151888,
    "entropyDeath": 0.01935841329395771,
    "SEVERITY": 0.005006176419556141,
    "SUPPLIES_REMAINING": 0.0016409809468314052,
    "AVERAGE_TIME_USED": 0.00390238082036376,
    "DAMAGE_PER_SECOND": 0.0022781810257583857,
    "MEDSIM_P_DEATH": 0.025567589327692986,
    "MEDSIM_P_DEATH_ONE_MIN_LATER": 0.008382899686694145,
    "SEVERITY_CHANGE": 0.0003592604480218142,
    "SEVEREST_SEVERITY": 0.0006752822664566338,
    "WEIGHTED_RESOURCE_SCORE": 0.008132433518767357,
    "SMOL_MEDICAL_SOUNDNESS": 0.004212155472487211,
    "INFORMATION_GAINED": 0.03577248752117157,
    "treatment": 0.038710907101631165
}