{
    "age": 0.005616324953734875,
    "tagged": 0.030347006395459175,
    "visited": 0.0024573628325015306,
    "breathing": 0.007125089876353741,
    "hrpmin": 0.0018267235718667507,
    "avpu": 0.0020215522963553667,
    "unvisited_count": 0.014932123944163322,
    "injured_count": 0.015926863998174667,
    "questioning": 0.17831364274024963,
    "assessing": 0.17447859048843384,
    "tagging": 0.1755446046590805,
    "leaving": 0.21842707693576813,
    "treatment": 0.029007887467741966,
    "HRA Strategy.time-resources.take-the-best": 0.0016432778211310506,
    "Satisfactory Priority": 0.006595185957849026,
    "One-Bounce Priority": 0.028669409453868866,
    "pDeath": 0.0024264208041131496,
    "pPain": 0.004883347079157829,
    "pBrainInjury": 0.004831640049815178,
    "pAirwayBlocked": 0.004692244343459606,
    "pInternalBleeding": 0.005968526471406221,
    "pExternalBleeding": 0.008062830194830894,
    "entropy": 0.008618680760264397,
    "entropyDeath": 0.01311232428997755,
    "SEVERITY": 0.0025793537497520447,
    "MEDSIM_P_DEATH": 0.004559788852930069,
    "SEVEREST_SEVERITY": 0.002724439138546586,
    "WEIGHTED_RESOURCE_SCORE": 0.0015635995659977198,
    "INFORMATION_GAINED": 0.03502688556909561,
    "category": 0.008017090149223804
}