{
    "tagged": 0.028416255488991737,
    "breathing": 0.005317248869687319,
    "hrpmin": 0.004270723555237055,
    "avpu": 0.0029170250054448843,
    "injured_count": 0.007652763277292252,
    "questioning": 0.1974610686302185,
    "assessing": 0.19885732233524323,
    "tagging": 0.11668336391448975,
    "leaving": 0.3349325656890869,
    "One-Bounce Priority": 0.013445752672851086,
    "pPain": 0.004027963150292635,
    "pBrainInjury": 0.004903603810817003,
    "pAirwayBlocked": 0.003825555555522442,
    "pInternalBleeding": 0.008230896666646004,
    "entropy": 0.008009199053049088,
    "entropyDeath": 0.0026705784257501364,
    "MEDSIM_P_DEATH": 0.0029050346929579973,
    "WEIGHTED_RESOURCE_SCORE": 0.005781274754554033,
    "INFORMATION_GAINED": 0.015229853801429272,
    "treatment": 0.028632380068302155,
    "category": 0.00582969980314374
}