{
    "age": 0.011615448631346226,
    "tagged": 0.02335735224187374,
    "conscious": 0.03262433409690857,
    "breathing": 0.045646704733371735,
    "injured_count": 0.0717756450176239,
    "environment_type": 0.01742689311504364,
    "questioning": 0.1689814329147339,
    "assessing": 0.13763411343097687,
    "treating": 0.0011456990614533424,
    "tagging": 0.10942433774471283,
    "leaving": 0.09612336754798889,
    "HRA Strategy.time-resources.take-the-best": 0.00625310093164444,
    "HRA Strategy.time-system.exhaustive": 0.0012098656734451652,
    "HRA Strategy.resources-system.take-the-best": 0.0010123101528733969,
    "Satisfactory Priority": 0.001437717699445784,
    "One-Bounce Priority": 0.0010370064992457628,
    "pDeath": 0.029014848172664642,
    "pPain": 0.018071414902806282,
    "pBrainInjury": 0.0019289355259388685,
    "pAirwayBlocked": 0.0022388470824807882,
    "pInternalBleeding": 0.012036193162202835,
    "pExternalBleeding": 0.0010161221725866199,
    "entropy": 0.002487624529749155,
    "entropyDeath": 0.005298375152051449,
    "SEVERITY": 0.0031350948847830296,
    "SUPPLIES_REMAINING": 0.005376996006816626,
    "AVERAGE_TIME_USED": 0.008799128234386444,
    "DAMAGE_PER_SECOND": 0.002673772629350424,
    "MEDSIM_P_DEATH": 0.0010824936907738447,
    "MEDSIM_P_DEATH_ONE_MIN_LATER": 0.0010057950858026743,
    "SEVERITY_CHANGE": 0.0009280360536649823,
    "SEVEREST_SEVERITY": 0.0010003683855757117,
    "INFORMATION_GAINED": 0.07114846259355545,
    "treatment": 0.08911579847335815,
    "category": 0.01693638600409031
}