{
    "directness_of_causality": 0.06499720364809036,
    "others_tagged_or_uninjured": 0.06650136411190033,
    "aid_available": 0.20129311084747314,
    "treating": 0.2461387813091278,
    "DAMAGE_PER_SECOND": 0.02317650057375431,
    "MEDSIM_P_DEATH": 0.10601974278688431,
    "SUPPLIES_USED": 0.2501986622810364,
    "WEIGHTED_RESOURCE_SCORE": 0.01683722995221615,
    "SMOL_MEDICAL_SOUNDNESS": 0.024837316945195198
}