{
    "conscious": 0.025252874940633774,
    "mental_status": 0.002662196522578597,
    "intent": 0.029004735872149467,
    "directness_of_causality": 0.12115892767906189,
    "aid_available": 0.13139553368091583,
    "treating": 0.20443034172058105,
    "HRA Strategy.time-resources.take-the-best": 0.01413591206073761,
    "HRA Strategy.resources-system.take-the-best": 0.024750960990786552,
    "HRA Strategy.risk_reward_ratio-system.one-bounce": 0.0010359600419178605,
    "SEVERITY": 0.0033742927480489016,
    "SUPPLIES_REMAINING": 0.010129292495548725,
    "AVERAGE_TIME_USED": 0.0035993398632854223,
    "SUPPLIES_USED": 0.19574923813343048,
    "SEVEREST_SEVERITY_CHANGE": 0.1644584834575653,
    "SMOL_MEDICAL_SOUNDNESS": 0.06886187940835953
}