{
    "avpu": 0.0012215196620672941,
    "intent": 0.036235176026821136,
    "directness_of_causality": 0.20668372511863708,
    "aid_available": 0.18567486107349396,
    "treating": 0.2864707410335541,
    "HRA Strategy.time-risk_reward_ratio.take-the-best": 0.00038665151805616915,
    "HRA Strategy.time-risk_reward_ratio.one-bounce": 0.0009429546189494431,
    "HRA Strategy.risk_reward_ratio-system.one-bounce": 0.0003419388667680323,
    "HRA Strategy.resources-risk_reward_ratio-system.one-bounce": 0.0015247381525114179,
    "HRA Strategy.time-resources-risk_reward_ratio-system.one-bounce": 0.0005204967455938458,
    "Take-The-Best Priority": 0.0004917114856652915,
    "Satisfactory Priority": 0.0012491444358602166,
    "pInternalBleeding": 0.00047271186485886574,
    "entropyDeath": 0.0006044216570444405,
    "SEVERITY": 0.002071789000183344,
    "SUPPLIES_REMAINING": 0.0012145001674070954,
    "AVERAGE_TIME_USED": 0.00033067187177948654,
    "SUPPLIES_USED": 0.2732033133506775,
    "WEIGHTED_RESOURCE_SCORE": 8.612574310973287e-05,
    "treatment": 0.0002727461978793144
}