{
    "questioning": 0.27450495958328247,
    "assessing": 0.37589916586875916,
    "tagging": 0.058738913387060165,
    "leaving": 0.2305765450000763,
    "One-Bounce Priority": 0.022564632818102837,
    "treatment": 0.037715692073106766
}