{
    "tagged": 0.00010441974154673517,
    "conscious": 0.1016191616654396,
    "mental_status": 0.013416804373264313,
    "breathing": 0.00019057784811593592,
    "hrpmin": 6.204069359228015e-05,
    "avpu": 5.8432011428521946e-05,
    "intent": 0.08064699918031693,
    "directness_of_causality": 0.141215980052948,
    "aid_available": 0.15108054876327515,
    "treating": 0.22648274898529053,
    "HRA Strategy.risk_reward_ratio-system.one-bounce": 0.0017185619799420238,
    "HRA Strategy.time-resources-system.one-bounce": 0.00041646265890449286,
    "HRA Strategy.resources-risk_reward_ratio-system.one-bounce": 0.001237137126736343,
    "HRA Strategy.time-resources-risk_reward_ratio-system.one-bounce": 0.0011073524365201592,
    "Take-The-Best Priority": 0.009713593870401382,
    "Satisfactory Priority": 0.0019019492901861668,
    "One-Bounce Priority": 0.0006880876026116312,
    "pDeath": 0.0033346558921039104,
    "pPain": 0.0016658304957672954,
    "pBrainInjury": 0.001985672628507018,
    "pAirwayBlocked": 1.855119080573786e-05,
    "pInternalBleeding": 0.0006100392201915383,
    "SEVERITY": 0.02404567413032055,
    "SUPPLIES_REMAINING": 0.0010604948038235307,
    "AVERAGE_TIME_USED": 0.0071334997192025185,
    "DAMAGE_PER_SECOND": 0.0015816264785826206,
    "MEDSIM_P_DEATH": 0.013395723886787891,
    "SEVERITY_CHANGE": 0.00019978465570602566,
    "SUPPLIES_USED": 0.21079137921333313,
    "WEIGHTED_RESOURCE_SCORE": 0.0010612912010401487,
    "treatment": 0.0014549322659149766
}