{
    "injured_count": 0.05998673290014267,
    "aid_available": 0.13408108055591583,
    "treating": 0.4774024784564972,
    "SUPPLIES_USED": 0.3285296559333801
}