{
    "age": 0.06760787218809128,
    "tagged": 0.11613720655441284,
    "visited": 0.02568826824426651,
    "conscious": 0.044792044907808304,
    "breathing": 0.04235164448618889,
    "hrpmin": 0.005034096073359251,
    "avpu": 0.004382993094623089,
    "environment_type": 0.005380095914006233,
    "questioning": 0.14472214877605438,
    "assessing": 0.13841740787029266,
    "treating": 0.0005012888577766716,
    "tagging": 0.048021890223026276,
    "HRA Strategy.time-resources.take-the-best": 0.013201706111431122,
    "HRA Strategy.time-system.exhaustive": 0.005767174996435642,
    "HRA Strategy.resources-system.take-the-best": 0.001148307928815484,
    "Take-The-Best Priority": 0.0011696919100359082,
    "pDeath": 0.00943180825561285,
    "pPain": 0.014288149774074554,
    "pBrainInjury": 0.0005366235855035484,
    "pAirwayBlocked": 0.03369807451963425,
    "pInternalBleeding": 0.0007261878927238286,
    "pExternalBleeding": 0.008947216905653477,
    "entropy": 0.011638082563877106,
    "SEVERITY": 0.00045932712964713573,
    "SUPPLIES_REMAINING": 0.0006755124195478857,
    "AVERAGE_TIME_USED": 0.044429149478673935,
    "DAMAGE_PER_SECOND": 0.014061135239899158,
    "SEVEREST_SEVERITY": 0.00018356676446273923,
    "INFORMATION_GAINED": 0.012090343981981277,
    "treatment": 0.16213318705558777,
    "category": 0.02237793616950512
}