{
    "tagged": 0.16057948768138885,
    "intent": 0.04905574396252632,
    "directness_of_causality": 0.4197286069393158,
    "Satisfactory Priority": 0.027109768241643906,
    "SMOL_MEDICAL_SOUNDNESS": 0.3435264229774475
}