{
    "age": 0.007238502148538828,
    "tagged": 0.056790683418512344,
    "visited": 0.0006231052684597671,
    "conscious": 0.0011194254038855433,
    "breathing": 0.00640314444899559,
    "hrpmin": 0.006348197348415852,
    "avpu": 0.0006927502108737826,
    "unvisited_count": 0.006225635297596455,
    "injured_count": 0.015648072585463524,
    "environment_type": 0.0012352357152849436,
    "questioning": 0.1897973269224167,
    "assessing": 0.16233095526695251,
    "tagging": 0.18982456624507904,
    "leaving": 0.16447672247886658,
    "HRA Strategy.time-resources.take-the-best": 0.0035833916626870632,
    "HRA Strategy.time-resources.one-bounce": 0.00041683943709358573,
    "HRA Strategy.time-system.exhaustive": 0.0020063200499862432,
    "HRA Strategy.resources-system.take-the-best": 0.0010335667757317424,
    "HRA Strategy.resources-system.exhaustive": 0.00025817344430834055,
    "Take-The-Best Priority": 0.0001736391131998971,
    "Satisfactory Priority": 0.004652576986700296,
    "One-Bounce Priority": 0.023913685232400894,
    "pDeath": 0.004483368713408709,
    "pPain": 0.007326395250856876,
    "pBrainInjury": 0.0012208009138703346,
    "pAirwayBlocked": 0.004219281952828169,
    "pInternalBleeding": 0.005553316790610552,
    "pExternalBleeding": 0.009444113820791245,
    "entropy": 0.009976314380764961,
    "entropyDeath": 0.008113592863082886,
    "SEVERITY": 0.001443621120415628,
    "SUPPLIES_REMAINING": 0.0005392911261878908,
    "AVERAGE_TIME_USED": 0.008037828840315342,
    "DAMAGE_PER_SECOND": 0.000651711190585047,
    "MEDSIM_P_DEATH": 0.005932709202170372,
    "MEDSIM_P_DEATH_ONE_MIN_LATER": 0.0008196662529371679,
    "SEVEREST_SEVERITY": 0.006311211735010147,
    "WEIGHTED_RESOURCE_SCORE": 0.0025189765729010105,
    "SMOL_MEDICAL_SOUNDNESS": 0.0028475478757172823,
    "INFORMATION_GAINED": 0.02644971013069153,
    "treatment": 0.039958443492650986,
    "category": 0.009359565563499928
}