{
    "intent": 0.0371430367231369,
    "directness_of_causality": 0.20019374787807465,
    "aid_available": 0.18913426995277405,
    "treating": 0.2996351718902588,
    "HRA Strategy.risk_reward_ratio-system.one-bounce": 0.0011298985918983817,
    "Satisfactory Priority": 0.0007791377720423043,
    "pBrainInjury": 0.0018073366954922676,
    "SUPPLIES_REMAINING": 0.0017866373527795076,
    "AVERAGE_TIME_USED": 0.007744248956441879,
    "SUPPLIES_USED": 0.26008325815200806,
    "WEIGHTED_RESOURCE_SCORE": 0.0005633439868688583
}