{
    "tagged": 0.1883644014596939,
    "environment_type": 0.07630123198032379,
    "questioning": 0.19291488826274872,
    "tagging": 0.1512724608182907,
    "leaving": 0.19000805914402008,
    "category": 0.04016841948032379,
    "AVERAGE_TIME_USED": 0.0375882089138031,
    "treatment": 0.1233823150396347
}