{
    "age": 0.05048161372542381,
    "tagged": 0.009633556939661503,
    "visited": 0.02047434076666832,
    "assessing": 0.1934100091457367,
    "treating": 0.0005952978972345591,
    "tagging": 0.37421220541000366,
    "treatment": 0.08948805183172226,
    "HRA Strategy.time-resources.take-the-best": 0.00314476084895432,
    "HRA Strategy.time-system.tallying": 0.002867785980924964,
    "Satisfactory Priority": 0.05185144767165184,
    "One-Bounce Priority": 0.039711710065603256,
    "pAirwayBlocked": 0.011099482886493206,
    "entropy": 0.0028208130970597267,
    "SEVERITY": 0.0048340498469769955,
    "SUPPLIES_REMAINING": 0.02032553032040596,
    "AVERAGE_TIME_USED": 0.061753179877996445,
    "DAMAGE_PER_SECOND": 0.0012597504537552595,
    "MEDSIM_P_DEATH_ONE_MIN_LATER": 0.03306037187576294,
    "SEVERITY_CHANGE": 0.0003925427736248821,
    "WEIGHTED_RESOURCE_SCORE": 0.004528273828327656,
    "category": 0.02405526675283909
}