{
    "intent": 0.1948132961988449,
    "directness_of_causality": 0.3789650499820709,
    "injured_count": 0.01256807055324316,
    "treating": 0.41012346744537354,
    "HRA Strategy.resources-system.take-the-best": 0.00353001756593585
}