{
    "age": 0.0073692635633051395,
    "tagged": 0.014691419899463654,
    "visited": 0.0031429289374500513,
    "breathing": 0.00544373132288456,
    "hrpmin": 0.004667258821427822,
    "unvisited_count": 0.008989785797894001,
    "injured_count": 0.0057479990646243095,
    "environment_type": 0.003199475584551692,
    "questioning": 0.14106608927249908,
    "assessing": 0.11926601827144623,
    "tagging": 0.11558554321527481,
    "leaving": 0.4883812665939331,
    "treatment": 0.014885014854371548,
    "HRA Strategy.time-system.exhaustive": 0.0022851862013339996,
    "Satisfactory Priority": 0.002578312298282981,
    "One-Bounce Priority": 0.020797980949282646,
    "pPain": 0.003367789089679718,
    "pBrainInjury": 0.004441744647920132,
    "pInternalBleeding": 0.0038714578840881586,
    "pExternalBleeding": 0.0030686205718666315,
    "entropy": 0.008647064678370953,
    "AVERAGE_TIME_USED": 0.005382318049669266,
    "MEDSIM_P_DEATH": 0.0018063049064949155,
    "INFORMATION_GAINED": 0.00564863346517086,
    "category": 0.005668838042765856
}