{
    "age": 0.013543699868023396,
    "tagged": 0.060444701462984085,
    "conscious": 0.0067971330136060715,
    "breathing": 0.006648499518632889,
    "unvisited_count": 0.0024170877877622843,
    "environment_type": 0.003069350030273199,
    "questioning": 0.22583414614200592,
    "assessing": 0.19628025591373444,
    "tagging": 0.2811146676540375,
    "category": 0.008580555208027363,
    "HRA Strategy.time-resources.take-the-best": 0.0014983403962105513,
    "HRA Strategy.time-risk_reward_ratio.take-the-best": 0.0022628630977123976,
    "HRA Strategy.time-system.tallying": 0.01080036349594593,
    "HRA Strategy.resources-system.take-the-best": 0.00108108832500875,
    "One-Bounce Priority": 0.02260623872280121,
    "pDeath": 0.019001591950654984,
    "pPain": 0.020775187760591507,
    "pBrainInjury": 0.0017981365090236068,
    "pAirwayBlocked": 0.005212101619690657,
    "pInternalBleeding": 0.006453193724155426,
    "pExternalBleeding": 0.010133812204003334,
    "entropy": 0.016193941235542297,
    "SEVERITY": 0.0018275389447808266,
    "AVERAGE_TIME_USED": 0.023468181490898132,
    "DAMAGE_PER_SECOND": 0.0017601156141608953,
    "MEDSIM_P_DEATH": 0.0017000779043883085,
    "WEIGHTED_RESOURCE_SCORE": 0.0038835196755826473,
    "SMOL_MEDICAL_SOUNDNESS": 0.00469678221270442,
    "INFORMATION_GAINED": 0.005675944499671459,
    "treatment": 0.034440867602825165
}