{
    "intent": 0.0193253792822361,
    "directness_of_causality": 0.14903166890144348,
    "aid_available": 0.16449253261089325,
    "treating": 0.31420326232910156,
    "AVERAGE_TIME_USED": 0.022206848487257957,
    "SUPPLIES_USED": 0.28903576731681824,
    "SMOL_MEDICAL_SOUNDNESS": 0.04170450195670128
}