{
    "questioning": 0.35510745644569397,
    "assessing": 0.27640625834465027,
    "leaving": 0.25364118814468384,
    "treatment": 0.1148451566696167
}