{
    "age": 0.17764776945114136,
    "tagged": 0.2885279357433319,
    "category": 0.25065183639526367,
    "DAMAGE_PER_SECOND": 0.28317245841026306
}