{
    "tagged": 0.0001822675549192354,
    "visited": 0.0001534002658445388,
    "avpu": 0.00020002663950435817,
    "intent": 0.03932889923453331,
    "directness_of_causality": 0.07644148916006088,
    "HRA Strategy.risk_reward_ratio-system.one-bounce": 0.004501542076468468,
    "HRA Strategy.time-resources-risk_reward_ratio-system.one-bounce": 0.0014756363816559315,
    "entropyDeath": 0.00015257862105499953,
    "SEVERITY": 0.006952156312763691,
    "SUPPLIES_REMAINING": 0.006545449607074261,
    "AVERAGE_TIME_USED": 0.12633228302001953,
    "DAMAGE_PER_SECOND": 0.0013143779942765832,
    "SEVERITY_CHANGE": 0.056436050683259964,
    "SUPPLIES_USED": 0.004670181777328253,
    "SMOL_MEDICAL_SOUNDNESS": 0.6753136515617371
}