{
    "age": 0.01440877839922905,
    "tagged": 0.036831084638834,
    "conscious": 0.00826144590973854,
    "breathing": 0.00236002029851079,
    "avpu": 0.00531377037987113,
    "unvisited_count": 0.008347639814019203,
    "injured_count": 0.04724964126944542,
    "environment_type": 0.004866691771894693,
    "questioning": 0.0564262717962265,
    "assessing": 0.11447922885417938,
    "tagging": 0.09865134209394455,
    "leaving": 0.3845306932926178,
    "treatment": 0.025318490341305733,
    "HRA Strategy.time-resources.take-the-best": 0.007130468264222145,
    "Satisfactory Priority": 0.020660383626818657,
    "One-Bounce Priority": 0.024894651025533676,
    "pDeath": 0.001931740203872323,
    "pPain": 0.014266538433730602,
    "pBrainInjury": 0.038062065839767456,
    "pAirwayBlocked": 0.0023219629656523466,
    "pExternalBleeding": 0.0016095784958451986,
    "entropy": 0.001113621867261827,
    "entropyDeath": 0.00610737781971693,
    "SEVERITY": 0.0010974862379953265,
    "SUPPLIES_REMAINING": 0.0011848675785586238,
    "DAMAGE_PER_SECOND": 0.0012048650532960892,
    "MEDSIM_P_DEATH": 0.010960905812680721,
    "MEDSIM_P_DEATH_ONE_MIN_LATER": 0.004158241208642721,
    "SEVEREST_SEVERITY_CHANGE": 0.0240686796605587,
    "INFORMATION_GAINED": 0.023711401969194412,
    "category": 0.008470130153000355
}