{
    "age": 0.008781114593148232,
    "tagged": 0.020479727536439896,
    "breathing": 0.00607009744271636,
    "hrpmin": 0.02052636630833149,
    "injured_count": 0.03302224352955818,
    "questioning": 0.16698230803012848,
    "assessing": 0.25678306818008423,
    "tagging": 0.12317707389593124,
    "leaving": 0.17351900041103363,
    "One-Bounce Priority": 0.05501233786344528,
    "pDeath": 0.009569094516336918,
    "pPain": 0.00584705313667655,
    "pInternalBleeding": 0.006094810552895069,
    "pExternalBleeding": 0.00354781374335289,
    "entropy": 0.00865206029266119,
    "AVERAGE_TIME_USED": 0.004583755042403936,
    "INFORMATION_GAINED": 0.04153257980942726,
    "treatment": 0.044376906007528305,
    "category": 0.011442642658948898
}