{
    "tagged": 0.025295315310359,
    "questioning": 0.31754401326179504,
    "assessing": 0.3328095078468323,
    "tagging": 0.205854594707489,
    "One-Bounce Priority": 0.014768848195672035,
    "pInternalBleeding": 0.008441009558737278,
    "entropy": 0.008095359429717064,
    "entropyDeath": 0.005408710800111294,
    "AVERAGE_TIME_USED": 0.017282385379076004,
    "INFORMATION_GAINED": 0.025989634916186333,
    "treatment": 0.031056778505444527,
    "category": 0.007453878875821829
}