{
    "tagged": 0.006305360235273838,
    "conscious": 0.12432260811328888,
    "breathing": 0.004180318675935268,
    "intent": 0.02676558680832386,
    "directness_of_causality": 0.05066447705030441,
    "aid_available": 0.02405528910458088,
    "treating": 0.07044832408428192,
    "HRA Strategy.risk_reward_ratio-system.one-bounce": 0.0944959744811058,
    "HRA Strategy.resources-risk_reward_ratio-system.one-bounce": 0.0011617664713412523,
    "pInternalBleeding": 0.014094891026616096,
    "SEVERITY": 0.012786459177732468,
    "AVERAGE_TIME_USED": 0.03422131389379501,
    "MEDSIM_P_DEATH_ONE_MIN_LATER": 0.16595977544784546,
    "SUPPLIES_USED": 0.04096001759171486,
    "SEVEREST_SEVERITY": 0.0028799246065318584,
    "SEVEREST_SEVERITY_CHANGE": 0.2313787043094635,
    "SMOL_MEDICAL_SOUNDNESS": 0.0953192487359047
}