{
    "intent": 0.20547397434711456,
    "aid_available": 0.002702493453398347,
    "treating": 0.20281021296977997,
    "SEVERITY": 0.058499835431575775,
    "SEVERITY_CHANGE": 0.3083077371120453,
    "WEIGHTED_RESOURCE_SCORE": 0.0032398970797657967,
    "SMOL_MEDICAL_SOUNDNESS": 0.11818207055330276,
    "category": 0.005272851325571537,
    "treatment": 0.09551090747117996
}