{
    "tagged": 1.8665570678422228e-05,
    "conscious": 0.0018036733381450176,
    "mental_status": 0.000134711925056763,
    "breathing": 1.0099985047418159e-05,
    "avpu": 6.293127808021381e-05,
    "intent": 0.057881906628608704,
    "directness_of_causality": 0.20457254350185394,
    "aid_available": 0.18938052654266357,
    "treating": 0.26815298199653625,
    "HRA Strategy.time-risk_reward_ratio.one-bounce": 0.0005815346958115697,
    "HRA Strategy.resources-system.take-the-best": 0.001086536911316216,
    "HRA Strategy.risk_reward_ratio-system.one-bounce": 0.0016113321762531996,
    "HRA Strategy.time-resources-system.one-bounce": 0.00015341039397753775,
    "HRA Strategy.time-resources-risk_reward_ratio-system.one-bounce": 0.00030779821099713445,
    "Take-The-Best Priority": 0.000733260705601424,
    "Satisfactory Priority": 0.0006809710175730288,
    "pDeath": 0.00010423015191918239,
    "pPain": 2.009850686590653e-05,
    "pBrainInjury": 0.0005196334677748382,
    "pAirwayBlocked": 0.00018055553664453328,
    "pInternalBleeding": 0.00026569183683022857,
    "entropy": 3.752749535124167e-06,
    "entropyDeath": 0.0004883425426669419,
    "SEVERITY": 0.0012855728855356574,
    "SUPPLIES_REMAINING": 0.0009370240732096136,
    "AVERAGE_TIME_USED": 0.00026012392481788993,
    "DAMAGE_PER_SECOND": 0.00015951307432260364,
    "SEVERITY_CHANGE": 0.00010672022472135723,
    "SUPPLIES_USED": 0.26609447598457336,
    "SEVEREST_SEVERITY": 0.00011578797420952469,
    "SEVEREST_SEVERITY_CHANGE": 0.0007783300243318081,
    "WEIGHTED_RESOURCE_SCORE": 0.0008658207952976227,
    "treatment": 0.0006414683302864432
}