{
    "assessing": 0.5503985285758972,
    "tagging": 0.18135009706020355,
    "treatment": 0.1125989556312561,
    "Satisfactory Priority": 0.0394107811152935,
    "AVERAGE_TIME_USED": 0.11624164879322052
}