{
    "age": 0.00764768710359931,
    "tagged": 0.0391806960105896,
    "visited": 0.0027594156563282013,
    "breathing": 0.0035504496190696955,
    "hrpmin": 0.0034758641850203276,
    "avpu": 0.0024625149089843035,
    "unvisited_count": 0.008000814355909824,
    "injured_count": 0.010804963298141956,
    "environment_type": 0.0011346529936417937,
    "questioning": 0.1939546763896942,
    "assessing": 0.1479087471961975,
    "tagging": 0.19618326425552368,
    "leaving": 0.22563306987285614,
    "HRA Strategy.time-resources.take-the-best": 0.0015945445047691464,
    "HRA Strategy.time-system.exhaustive": 0.0015029776841402054,
    "HRA Strategy.resources-system.exhaustive": 0.0024115389678627253,
    "Satisfactory Priority": 0.004124304745346308,
    "One-Bounce Priority": 0.027785304933786392,
    "pDeath": 0.003334170440211892,
    "pPain": 0.005900995340198278,
    "pBrainInjury": 0.0010629218304529786,
    "pAirwayBlocked": 0.005851595662534237,
    "pInternalBleeding": 0.005296691786497831,
    "pExternalBleeding": 0.00879970844835043,
    "entropy": 0.00841305498033762,
    "entropyDeath": 0.0017438228242099285,
    "SEVERITY": 0.0021524578332901,
    "AVERAGE_TIME_USED": 0.006170130334794521,
    "MEDSIM_P_DEATH": 0.0034102383069694042,
    "MEDSIM_P_DEATH_ONE_MIN_LATER": 0.0014719282044097781,
    "SEVEREST_SEVERITY": 0.0015497766435146332,
    "WEIGHTED_RESOURCE_SCORE": 0.002412942238152027,
    "SMOL_MEDICAL_SOUNDNESS": 0.00315676792524755,
    "INFORMATION_GAINED": 0.018732255324721336,
    "treatment": 0.03310516104102135,
    "category": 0.007319872733205557
}