{
    "aid_available": 0.25251641869544983,
    "treating": 0.7474836111068726
}