{
    "intent": 0.41902825236320496,
    "treating": 0.5809717178344727
}