{
    "intent": 0.18980373442173004,
    "directness_of_causality": 0.08115444332361221,
    "treating": 0.1675860732793808,
    "SEVERITY": 0.07617441564798355,
    "AVERAGE_TIME_USED": 0.09695390611886978,
    "SEVERITY_CHANGE": 0.01543729193508625,
    "SMOL_MEDICAL_SOUNDNESS": 0.3728901147842407
}