{
    "tagged": 5.185920963413082e-05,
    "conscious": 0.0022827761713415384,
    "mental_status": 2.3848810087656602e-05,
    "avpu": 0.001196842989884317,
    "intent": 0.03807516023516655,
    "directness_of_causality": 0.2032349407672882,
    "aid_available": 0.18470169603824615,
    "treating": 0.2794923484325409,
    "HRA Strategy.time-resources.take-the-best": 0.000129366570035927,
    "HRA Strategy.time-risk_reward_ratio.take-the-best": 0.0006189430714584887,
    "HRA Strategy.time-risk_reward_ratio.one-bounce": 0.0006269340519793332,
    "HRA Strategy.resources-system.take-the-best": 0.00019364335457794368,
    "HRA Strategy.risk_reward_ratio-system.one-bounce": 0.0008403885876759887,
    "HRA Strategy.time-resources-system.tallying": 0.0013550345320254564,
    "HRA Strategy.time-resources-system.one-bounce": 0.0002205047640018165,
    "HRA Strategy.resources-risk_reward_ratio-system.one-bounce": 0.0009552841074764729,
    "HRA Strategy.time-resources-risk_reward_ratio-system.one-bounce": 0.0005562648293562233,
    "Take-The-Best Priority": 0.000586950802244246,
    "Satisfactory Priority": 0.0012022219598293304,
    "pDeath": 0.0001008641702355817,
    "pPain": 6.494144327007234e-05,
    "pBrainInjury": 0.0003154458536300808,
    "pAirwayBlocked": 9.620811033528298e-05,
    "pInternalBleeding": 0.0004350906237959862,
    "entropy": 4.791130049852654e-05,
    "entropyDeath": 0.00045474382932297885,
    "SEVERITY": 0.006183891091495752,
    "SUPPLIES_REMAINING": 0.0006489024381153286,
    "AVERAGE_TIME_USED": 0.0003407218318898231,
    "MEDSIM_P_DEATH": 8.922574488678947e-05,
    "SEVERITY_CHANGE": 0.0001016034439089708,
    "SUPPLIES_USED": 0.2732481360435486,
    "SEVEREST_SEVERITY": 0.0001619040413061157,
    "SEVEREST_SEVERITY_CHANGE": 0.0002703581121750176,
    "WEIGHTED_RESOURCE_SCORE": 0.00046131861745379865,
    "treatment": 0.0006335052312351763
}