{
    "tagged": 0.017259318381547928,
    "breathing": 0.01599583402276039,
    "hrpmin": 0.03882905840873718,
    "intent": 0.17243942618370056,
    "directness_of_causality": 0.10620727390050888,
    "aid_available": 0.12985002994537354,
    "treating": 0.22243653237819672,
    "SEVERITY": 0.016517356038093567,
    "AVERAGE_TIME_USED": 0.057810090482234955,
    "SUPPLIES_USED": 0.1877882480621338,
    "treatment": 0.03486673906445503
}