{
    "age": 0.010764550417661667,
    "tagged": 0.021387504413723946,
    "breathing": 0.006555602885782719,
    "unvisited_count": 0.012055818922817707,
    "injured_count": 0.01751907542347908,
    "questioning": 0.22165386378765106,
    "assessing": 0.24417920410633087,
    "tagging": 0.15079893171787262,
    "leaving": 0.1801781803369522,
    "treatment": 0.029040299355983734,
    "One-Bounce Priority": 0.03878265991806984,
    "pExternalBleeding": 0.005436602979898453,
    "entropy": 0.006642519496381283,
    "INFORMATION_GAINED": 0.04319096356630325,
    "category": 0.01181424967944622
}