{
    "directness_of_causality": 0.1573013812303543,
    "treating": 0.8426986336708069
}