{
    "tagged": 0.07022524625062943,
    "visited": 0.06614082306623459,
    "unvisited_count": 0.010778483934700489,
    "injured_count": 0.034232351928949356,
    "assessing": 0.4751055836677551,
    "tagging": 0.16664239764213562,
    "category": 0.01987653225660324,
    "One-Bounce Priority": 0.04949674755334854,
    "treatment": 0.10750184953212738
}