{
    "age": 0.005302092060446739,
    "tagged": 0.026490071788430214,
    "breathing": 0.006441585253924131,
    "hrpmin": 0.0016103506786748767,
    "unvisited_count": 0.013691392727196217,
    "injured_count": 0.011325208470225334,
    "questioning": 0.1428127884864807,
    "assessing": 0.1397029161453247,
    "tagging": 0.1530856341123581,
    "leaving": 0.37514087557792664,
    "HRA Strategy.time-resources.take-the-best": 0.0017466815188527107,
    "Satisfactory Priority": 0.001821939367800951,
    "One-Bounce Priority": 0.019760267809033394,
    "pDeath": 0.0018638722831383348,
    "pPain": 0.0032420398201793432,
    "pBrainInjury": 0.005092876497656107,
    "pAirwayBlocked": 0.004031442571431398,
    "pInternalBleeding": 0.006919093895703554,
    "pExternalBleeding": 0.006866428069770336,
    "entropy": 0.007123867515474558,
    "entropyDeath": 0.012798517942428589,
    "SEVERITY": 0.0027958606369793415,
    "AVERAGE_TIME_USED": 0.0027281020302325487,
    "MEDSIM_P_DEATH": 0.00503933010622859,
    "SEVEREST_SEVERITY": 0.00339681189507246,
    "INFORMATION_GAINED": 0.004331962671130896,
    "treatment": 0.028508665040135384,
    "category": 0.006329283118247986
}