{
    "tagged": 0.02814536727964878,
    "conscious": 0.0040646749548614025,
    "breathing": 0.05963161960244179,
    "intent": 0.1867956966161728,
    "directness_of_causality": 0.128348708152771,
    "aid_available": 0.02144623175263405,
    "treating": 0.2789160907268524,
    "HRA Strategy.time-resources.take-the-best": 0.004877327010035515,
    "HRA Strategy.time-resources.one-bounce": 0.014356672763824463,
    "HRA Strategy.time-risk_reward_ratio.one-bounce": 0.003962854389101267,
    "HRA Strategy.time-system.one-bounce": 0.00011853148316731676,
    "HRA Strategy.resources-risk_reward_ratio.one-bounce": 0.04522868990898132,
    "HRA Strategy.resources-system.take-the-best": 0.025443755090236664,
    "HRA Strategy.risk_reward_ratio-system.one-bounce": 0.0008951338822953403,
    "HRA Strategy.resources-risk_reward_ratio-system.one-bounce": 0.0007345215417444706,
    "Satisfactory Priority": 0.0005690143443644047,
    "pDeath": 0.11868707090616226,
    "pPain": 8.765586244408041e-05,
    "pBrainInjury": 0.00019850934040732682,
    "pAirwayBlocked": 0.00027087621856480837,
    "pExternalBleeding": 0.020272821187973022,
    "entropyDeath": 0.01001378521323204,
    "SEVERITY": 0.004160969518125057,
    "SUPPLIES_REMAINING": 0.001956820022314787,
    "AVERAGE_TIME_USED": 0.0038376408629119396,
    "SUPPLIES_USED": 0.036514174193143845,
    "WEIGHTED_RESOURCE_SCORE": 0.00034675284405238926,
    "treatment": 0.00011812833690783009
}