{
    "tagged": 0.015182252041995525,
    "conscious": 0.002229142002761364,
    "breathing": 0.022986290976405144,
    "intent": 0.13161365687847137,
    "directness_of_causality": 0.031125757843255997,
    "aid_available": 0.041598692536354065,
    "treating": 0.10668481141328812,
    "HRA Strategy.time-resources.take-the-best": 0.000658830045722425,
    "Take-The-Best Priority": 0.0006778857205063105,
    "pInternalBleeding": 0.010502125136554241,
    "pExternalBleeding": 0.006193612702190876,
    "entropyDeath": 0.0011668768711388111,
    "SEVERITY": 0.007081524468958378,
    "SUPPLIES_REMAINING": 0.00498221954330802,
    "AVERAGE_TIME_USED": 0.010107703506946564,
    "MEDSIM_P_DEATH_ONE_MIN_LATER": 0.36765560507774353,
    "SUPPLIES_USED": 0.05516171455383301,
    "SEVEREST_SEVERITY": 0.0007925826357677579,
    "SEVEREST_SEVERITY_CHANGE": 0.030737964436411858,
    "SMOL_MEDICAL_SOUNDNESS": 0.15286067128181458
}