{
    "tagged": 0.01156699750572443,
    "conscious": 0.0017290861578658223,
    "breathing": 0.025200746953487396,
    "intent": 0.11876297742128372,
    "directness_of_causality": 0.03074401430785656,
    "injured_count": 0.00010572490282356739,
    "aid_available": 0.04168127477169037,
    "treating": 0.09858349710702896,
    "HRA Strategy.time-resources.take-the-best": 0.000789123005233705,
    "HRA Strategy.resources-risk_reward_ratio.one-bounce": 0.0005034226342104375,
    "HRA Strategy.resources-system.take-the-best": 0.0002804006799124181,
    "HRA Strategy.risk_reward_ratio-system.one-bounce": 0.0005909588071517646,
    "HRA Strategy.resources-risk_reward_ratio-system.one-bounce": 0.0005276264855638146,
    "HRA Strategy.time-resources-risk_reward_ratio-system.one-bounce": 0.00014663327601738274,
    "Take-The-Best Priority": 0.000601129955612123,
    "pDeath": 0.0007335728732869029,
    "pPain": 0.0002789885038509965,
    "pBrainInjury": 0.00012878394045401365,
    "pAirwayBlocked": 0.00013912573922425508,
    "pInternalBleeding": 0.014715568162500858,
    "pExternalBleeding": 0.009833022952079773,
    "entropyDeath": 0.002077921060845256,
    "SEVERITY": 0.013956651091575623,
    "SUPPLIES_REMAINING": 0.005405138246715069,
    "AVERAGE_TIME_USED": 0.01356914360076189,
    "DAMAGE_PER_SECOND": 0.0001442557550035417,
    "MEDSIM_P_DEATH_ONE_MIN_LATER": 0.3358907699584961,
    "SEVERITY_CHANGE": 2.7500633223098703e-05,
    "SUPPLIES_USED": 0.05323389172554016,
    "SEVEREST_SEVERITY": 0.002231883816421032,
    "SEVEREST_SEVERITY_CHANGE": 0.07466818392276764,
    "WEIGHTED_RESOURCE_SCORE": 0.00046488491352647543,
    "SMOL_MEDICAL_SOUNDNESS": 0.1396537721157074,
    "treatment": 0.0010333363898098469
}