{
    "age": 0.01641722582280636,
    "tagged": 0.09461452066898346,
    "visited": 0.21544571220874786,
    "unvisited_count": 0.04312986135482788,
    "injured_count": 0.03169351816177368,
    "environment_type": 0.011479836888611317,
    "assessing": 0.23664528131484985,
    "tagging": 0.1458882838487625,
    "category": 0.015292106196284294,
    "One-Bounce Priority": 0.04406823217868805,
    "pDeath": 0.007513880729675293,
    "pPain": 0.02225429005920887,
    "pInternalBleeding": 0.008534706197679043,
    "pExternalBleeding": 0.008408808149397373,
    "SEVERITY": 0.0069296774454414845,
    "AVERAGE_TIME_USED": 0.006452334113419056,
    "treatment": 0.08523177355527878
}