{
    "conscious": 0.0007272211369127035,
    "breathing": 0.017131399363279343,
    "intent": 0.08299411088228226,
    "directness_of_causality": 0.13945484161376953,
    "aid_available": 0.09939438849687576,
    "treating": 0.20898380875587463,
    "HRA Strategy.risk_reward_ratio-system.one-bounce": 0.001323870848864317,
    "HRA Strategy.resources-risk_reward_ratio-system.one-bounce": 0.0015879925340414047,
    "HRA Strategy.time-resources-risk_reward_ratio-system.one-bounce": 0.0003056361456401646,
    "Take-The-Best Priority": 0.0010886838426813483,
    "pAirwayBlocked": 0.00030586018692702055,
    "SEVERITY": 0.013014853931963444,
    "SUPPLIES_REMAINING": 0.0016515491297468543,
    "AVERAGE_TIME_USED": 0.06789381802082062,
    "DAMAGE_PER_SECOND": 0.00018219591584056616,
    "MEDSIM_P_DEATH": 0.000885599001776427,
    "SEVERITY_CHANGE": 0.00024439991102553904,
    "SUPPLIES_USED": 0.14129246771335602,
    "SEVEREST_SEVERITY_CHANGE": 0.035649146884679794,
    "WEIGHTED_RESOURCE_SCORE": 0.00017528797616250813,
    "SMOL_MEDICAL_SOUNDNESS": 0.122581847012043,
    "treatment": 0.06313104182481766
}