{
    "age": 0.01155776996165514,
    "tagged": 0.0320020467042923,
    "breathing": 0.00893897470086813,
    "injured_count": 0.009059412404894829,
    "questioning": 0.23736754059791565,
    "assessing": 0.2509995102882385,
    "treating": 0.008508832193911076,
    "tagging": 0.19076712429523468,
    "leaving": 0.1608860343694687,
    "One-Bounce Priority": 0.014077942818403244,
    "pPain": 0.010639696381986141,
    "treatment": 0.05507951229810715,
    "category": 0.010115652345120907
}