{
    "intent": 0.3363005816936493,
    "treating": 0.3059394657611847,
    "AVERAGE_TIME_USED": 0.2655998468399048,
    "SMOL_MEDICAL_SOUNDNESS": 0.09216012805700302
}