{
    "age": 0.13139627873897552,
    "tagged": 0.4461035132408142,
    "conscious": 0.026573488488793373,
    "environment_type": 0.03921520709991455,
    "category": 0.06873980164527893,
    "Satisfactory Priority": 0.020923389121890068,
    "AVERAGE_TIME_USED": 0.08529835939407349,
    "DAMAGE_PER_SECOND": 0.08422180265188217,
    "WEIGHTED_RESOURCE_SCORE": 0.051208607852458954,
    "treatment": 0.04631957784295082
}