{
    "directness_of_causality": 0.15511749684810638,
    "treating": 0.41261059045791626,
    "SEVERITY": 0.006405149586498737,
    "SEVEREST_SEVERITY_CHANGE": 0.4258667826652527
}