{
    "tagged": 8.703119965502992e-05,
    "conscious": 0.0015183348441496491,
    "mental_status": 0.043485261499881744,
    "breathing": 0.12125366181135178,
    "hrpmin": 1.2276783309062012e-05,
    "intent": 0.38201335072517395,
    "directness_of_causality": 0.08975841104984283,
    "aid_available": 0.0072199320420622826,
    "questioning": 0.014615514315664768,
    "treating": 0.1655159443616867,
    "HRA Strategy.risk_reward_ratio-system.one-bounce": 0.017949696630239487,
    "HRA Strategy.resources-risk_reward_ratio-system.one-bounce": 0.010412449948489666,
    "pPain": 0.00012115680874558166,
    "pAirwayBlocked": 0.00015284116670954973,
    "entropy": 0.00014861936506349593,
    "SEVERITY": 0.03284519910812378,
    "SUPPLIES_REMAINING": 0.0030411493498831987,
    "AVERAGE_TIME_USED": 0.020930122584104538,
    "SEVERITY_CHANGE": 0.0001720703294267878,
    "SUPPLIES_USED": 0.05984973534941673,
    "SEVEREST_SEVERITY": 0.02269061654806137,
    "SEVEREST_SEVERITY_CHANGE": 5.0707112677628174e-05,
    "WEIGHTED_RESOURCE_SCORE": 0.0010101412190124393,
    "category": 0.0047460594214499,
    "treatment": 0.00039965350879356265
}