{
    "tagged": 0.017166495323181152,
    "conscious": 0.0047586034052073956,
    "breathing": 0.016529317945241928,
    "hrpmin": 0.0386202298104763,
    "intent": 0.17151202261447906,
    "directness_of_causality": 0.10563607513904572,
    "aid_available": 0.12915167212486267,
    "treating": 0.22124022245407104,
    "SEVERITY": 0.016428524628281593,
    "AVERAGE_TIME_USED": 0.057499177753925323,
    "SUPPLIES_USED": 0.18677829205989838,
    "treatment": 0.034679219126701355
}