{
    "questioning": 0.4210815727710724,
    "assessing": 0.4357061982154846,
    "INFORMATION_GAINED": 0.14321228861808777
}