{
    "age": 0.0033269142732024193,
    "tagged": 0.03133147209882736,
    "visited": 0.002532677026465535,
    "conscious": 0.0004303751920815557,
    "breathing": 0.003440107451751828,
    "hrpmin": 0.002552549820393324,
    "avpu": 0.0005386279080994427,
    "unvisited_count": 0.00669360626488924,
    "injured_count": 0.00831155851483345,
    "environment_type": 0.0005962016293779016,
    "questioning": 0.16452443599700928,
    "assessing": 0.11776398122310638,
    "tagging": 0.13749653100967407,
    "leaving": 0.4206961989402771,
    "HRA Strategy.time-resources.take-the-best": 0.0021437520626932383,
    "HRA Strategy.time-system.exhaustive": 0.001121272100135684,
    "HRA Strategy.resources-system.take-the-best": 0.000775765220168978,
    "HRA Strategy.resources-system.exhaustive": 0.0006237713387235999,
    "Satisfactory Priority": 0.005532493349164724,
    "One-Bounce Priority": 0.01557350717484951,
    "pDeath": 0.0021688640117645264,
    "pPain": 0.003374636173248291,
    "pBrainInjury": 0.0015664153033867478,
    "pAirwayBlocked": 0.007531948387622833,
    "pInternalBleeding": 0.005029913503676653,
    "pExternalBleeding": 0.007497110869735479,
    "entropy": 0.005379118956625462,
    "entropyDeath": 0.001550515298731625,
    "SEVERITY": 0.0016186035936698318,
    "AVERAGE_TIME_USED": 0.00597860012203455,
    "MEDSIM_P_DEATH": 0.0012257079361006618,
    "SEVERITY_CHANGE": 0.00030696290195919573,
    "SEVEREST_SEVERITY": 0.0022736412938684225,
    "WEIGHTED_RESOURCE_SCORE": 0.001365778036415577,
    "SMOL_MEDICAL_SOUNDNESS": 0.0008334530284628272,
    "INFORMATION_GAINED": 0.001852526911534369,
    "treatment": 0.019481012597680092,
    "category": 0.004959392827004194
}