{
    "assessing": 0.7074127793312073,
    "tagging": 0.13791422545909882,
    "treatment": 0.1546730399131775
}