age,tagged,relationship,breathing,avpu,injured_count,questioning,assessing,tagging,leaving,pDeath,pPain,pBrainInjury,pAirwayBlocked,pInternalBleeding,pExternalBleeding,entropy,entropyDeath,SUPPLIES_REMAINING,AVERAGE_TIME_USED,treatment,category
0.14765174686908722,0.0629948228597641,0.10859309881925583,0.020030353218317032,0.006030438467860222,0.025741714984178543,0.107193723320961,0.21140624582767487,0.055124178528785706,0.12092814594507217,0.004955695476382971,0.01235983893275261,0.006963713094592094,0.0078035383485257626,0.006104129366576672,0.009909236803650856,0.012149255722761154,0.012656589969992638,0.007710002828389406,0.0040625049732625484,0.03662646934390068,0.013004506938159466
