{
    "questioning": 0.34772083163261414,
    "assessing": 0.3888319730758667,
    "tagging": 0.03785666450858116,
    "leaving": 0.16694726049900055,
    "One-Bounce Priority": 0.020196910947561264,
    "INFORMATION_GAINED": 0.01907161809504032,
    "treatment": 0.019374744966626167
}