{
    "tagged": 0.005075360648334026,
    "breathing": 0.0011339259799569845,
    "intent": 0.004834530409425497,
    "directness_of_causality": 0.14936015009880066,
    "injured_count": 0.001087179291062057,
    "aid_available": 0.15926137566566467,
    "treating": 0.32020193338394165,
    "HRA Strategy.risk_reward_ratio-system.one-bounce": 0.0015245928661897779,
    "HRA Strategy.time-resources-system.one-bounce": 0.0004303137247916311,
    "HRA Strategy.time-resources-risk_reward_ratio-system.one-bounce": 0.0003121015033684671,
    "Take-The-Best Priority": 0.00023580061679240316,
    "Satisfactory Priority": 0.0013379399897530675,
    "SEVERITY": 0.005118571221828461,
    "SUPPLIES_REMAINING": 0.0009968836093321443,
    "AVERAGE_TIME_USED": 0.005019832868129015,
    "SUPPLIES_USED": 0.2259358912706375,
    "SEVEREST_SEVERITY": 0.0005791245494037867,
    "WEIGHTED_RESOURCE_SCORE": 0.0008679089951328933,
    "SMOL_MEDICAL_SOUNDNESS": 0.08548720926046371,
    "treatment": 0.031199326738715172
}