{
    "age": 0.02978132665157318,
    "questioning": 0.25505632162094116,
    "assessing": 0.540712833404541,
    "tagging": 0.06952261924743652,
    "category": 0.04135105758905411,
    "INFORMATION_GAINED": 0.042309872806072235,
    "treatment": 0.021265853196382523
}