age,tagged,visited,relationship,conscious,breathing,hrpmin,avpu,unvisited_count,injured_count,environment_type,questioning,assessing,tagging,leaving,HRA Strategy.time-resources.take-the-best,HRA Strategy.time-risk_reward_ratio.take-the-best,HRA Strategy.time-system.exhaustive,HRA Strategy.time-system.one-bounce,HRA Strategy.resources-risk_reward_ratio.take-the-best,HRA Strategy.resources-system.take-the-best,HRA Strategy.resources-system.exhaustive,HRA Strategy.time-risk_reward_ratio-system.one-bounce,HRA Strategy.resources-risk_reward_ratio-system.exhaustive,One-Bounce Priority,pDeath,pPain,pBrainInjury,pAirwayBlocked,pInternalBleeding,pExternalBleeding,entropy,entropyDeath,SEVERITY,SUPPLIES_REMAINING,AVERAGE_TIME_USED,DAMAGE_PER_SECOND,MEDSIM_P_DEATH,MEDSIM_P_DEATH_ONE_MIN_LATER,SEVERITY_CHANGE,SEVEREST_SEVERITY,SEVEREST_SEVERITY_CHANGE,WEIGHTED_RESOURCE_SCORE,SMOL_MEDICAL_SOUNDNESS,INFORMATION_GAINED,treatment,category
0.13675007224082947,0.06585658341646194,0.004183182492852211,0.08479470759630203,0.0010407086228951812,0.018917640671133995,0.002717234194278717,0.005976173095405102,0.00391133688390255,0.027288144454360008,0.003920563030987978,0.09069007635116577,0.1783050000667572,0.06581385433673859,0.1167169138789177,0.002536253072321415,0.0016462788917124271,0.0013726020697504282,0.0016104198293760419,0.00015751727914903313,0.0009102020994760096,0.004301059525460005,0.0007764451438561082,0.0001987248833756894,0.0018153729615733027,0.009448100812733173,0.0135452039539814,0.005748029798269272,0.01076830830425024,0.0053908079862594604,0.011215977370738983,0.01279836893081665,0.008773302659392357,0.002529270015656948,0.017931604757905006,0.003935754764825106,0.0013278825208544731,0.008997942321002483,0.0027690548449754715,0.0012250617146492004,0.0011690532555803657,0.001577618415467441,0.0008644452900625765,0.0014124353183433414,0.0008603622554801404,0.04131999984383583,0.014184270985424519
