age,tagged,relationship,breathing,injured_count,questioning,assessing,tagging,leaving,pPain,pBrainInjury,pAirwayBlocked,pInternalBleeding,pExternalBleeding,entropy,entropyDeath,SUPPLIES_REMAINING,treatment,category
0.14848679304122925,0.05170799791812897,0.10874281078577042,0.017132636159658432,0.02868986316025257,0.11275514960289001,0.2232731431722641,0.05966978520154953,0.1324029564857483,0.011287274770438671,0.004737543407827616,0.009694990701973438,0.00523395836353302,0.011501172557473183,0.011119090020656586,0.010384436696767807,0.008166845887899399,0.03134170174598694,0.013671839609742165
