{
    "age": 0.007176933344453573,
    "tagged": 0.03612998500466347,
    "visited": 0.00311549985781312,
    "conscious": 0.0007872377173043787,
    "breathing": 0.006226181518286467,
    "hrpmin": 0.0031940042972564697,
    "avpu": 0.0027992965187877417,
    "unvisited_count": 0.01132879313081503,
    "injured_count": 0.01369817927479744,
    "environment_type": 0.0012053207028657198,
    "questioning": 0.15986725687980652,
    "assessing": 0.1480168253183365,
    "tagging": 0.23055952787399292,
    "leaving": 0.19248759746551514,
    "HRA Strategy.time-resources.take-the-best": 0.0020534603390842676,
    "HRA Strategy.time-system.one-bounce": 0.0015949896769598126,
    "HRA Strategy.resources-system.take-the-best": 0.001109231961891055,
    "HRA Strategy.risk_reward_ratio-system.exhaustive": 0.0007141247042454779,
    "Satisfactory Priority": 0.0037941730115562677,
    "One-Bounce Priority": 0.0235371645539999,
    "pDeath": 0.0032622837461531162,
    "pPain": 0.005687287542968988,
    "pBrainInjury": 0.0027592654805630445,
    "pAirwayBlocked": 0.003452532459050417,
    "pInternalBleeding": 0.005894961301237345,
    "pExternalBleeding": 0.008213314227759838,
    "entropy": 0.009277611039578915,
    "entropyDeath": 0.0063344757072627544,
    "SEVERITY": 0.003112712176516652,
    "SUPPLIES_REMAINING": 0.000722269294783473,
    "AVERAGE_TIME_USED": 0.0036741557996720076,
    "DAMAGE_PER_SECOND": 0.0010642807465046644,
    "MEDSIM_P_DEATH": 0.0073314388282597065,
    "MEDSIM_P_DEATH_ONE_MIN_LATER": 0.0017792553408071399,
    "SEVERITY_CHANGE": 0.0007718915003351867,
    "SEVEREST_SEVERITY": 0.004794921260327101,
    "WEIGHTED_RESOURCE_SCORE": 0.0011584657477214932,
    "INFORMATION_GAINED": 0.03549378365278244,
    "treatment": 0.037563007324934006,
    "category": 0.008256277069449425
}