{
    "age": 0.006466627586632967,
    "tagged": 0.053616806864738464,
    "visited": 0.008246922865509987,
    "conscious": 0.028695251792669296,
    "breathing": 0.0010463891085237265,
    "environment_type": 0.02492859773337841,
    "assessing": 0.09939909726381302,
    "treating": 0.002567499177530408,
    "tagging": 0.005704434122890234,
    "category": 0.016547415405511856,
    "HRA Strategy.time-resources.take-the-best": 0.045547548681497574,
    "pPain": 0.005294278264045715,
    "SEVERITY": 0.01699872873723507,
    "AVERAGE_TIME_USED": 0.0030078075360506773,
    "DAMAGE_PER_SECOND": 0.02903618849813938,
    "SEVEREST_SEVERITY_CHANGE": 0.6067625284194946,
    "WEIGHTED_RESOURCE_SCORE": 0.012720812112092972,
    "treatment": 0.033413052558898926
}