{
    "tagged": 0.057271428406238556,
    "conscious": 0.03692952170968056,
    "injured_count": 0.11419278383255005,
    "environment_type": 0.017583580687642097,
    "questioning": 0.2704465389251709,
    "assessing": 0.17497867345809937,
    "tagging": 0.08952200412750244,
    "category": 0.02457268349826336,
    "pDeath": 0.035660162568092346,
    "pBrainInjury": 0.035743165761232376,
    "SEVERITY": 0.016589175909757614,
    "SEVEREST_SEVERITY": 0.05806508660316467,
    "treatment": 0.06844519078731537
}