{
    "age": 0.02006543055176735,
    "tagged": 0.03787532448768616,
    "visited": 0.0015125659992918372,
    "breathing": 0.008282635360956192,
    "unvisited_count": 0.011874886229634285,
    "environment_type": 0.011827487498521805,
    "questioning": 0.13204598426818848,
    "assessing": 0.21825285255908966,
    "tagging": 0.1739550530910492,
    "HRA Strategy.time-resources.take-the-best": 0.003276473842561245,
    "Satisfactory Priority": 0.04964723438024521,
    "One-Bounce Priority": 0.044485658407211304,
    "pDeath": 0.010810037143528461,
    "pPain": 0.020768746733665466,
    "pBrainInjury": 0.005057807080447674,
    "pInternalBleeding": 0.01779094524681568,
    "entropy": 0.005239737685769796,
    "SEVERITY": 0.012462913058698177,
    "AVERAGE_TIME_USED": 0.0064980871975421906,
    "MEDSIM_P_DEATH": 0.020797204226255417,
    "WEIGHTED_RESOURCE_SCORE": 0.01851833425462246,
    "SMOL_MEDICAL_SOUNDNESS": 0.004327136557549238,
    "INFORMATION_GAINED": 0.07618217170238495,
    "treatment": 0.07412271946668625,
    "category": 0.01432254072278738
}