{
    "intent": 0.0306938998401165,
    "directness_of_causality": 0.19123689830303192,
    "aid_available": 0.1436295062303543,
    "treating": 0.2501193881034851,
    "HRA Strategy.time-resources.take-the-best": 0.006520492024719715,
    "SEVERITY": 0.004596424754709005,
    "AVERAGE_TIME_USED": 0.008906889706850052,
    "SUPPLIES_USED": 0.20905308425426483,
    "SMOL_MEDICAL_SOUNDNESS": 0.1465812623500824,
    "treatment": 0.008662163279950619
}