{
    "age": 0.0032103294506669044,
    "tagged": 0.015372070483863354,
    "visited": 0.005640448071062565,
    "breathing": 0.0067200991325080395,
    "hrpmin": 0.0011178397107869387,
    "unvisited_count": 0.011500966735184193,
    "injured_count": 0.011508398689329624,
    "questioning": 0.10956770181655884,
    "assessing": 0.1366279274225235,
    "tagging": 0.13034512102603912,
    "leaving": 0.45424240827560425,
    "HRA Strategy.time-resources.take-the-best": 0.004065899644047022,
    "HRA Strategy.resources-system.exhaustive": 0.0007859712350182235,
    "Satisfactory Priority": 0.0030753607861697674,
    "One-Bounce Priority": 0.015388003550469875,
    "pDeath": 0.0012747833970934153,
    "pPain": 0.0031340501736849546,
    "pBrainInjury": 0.0022268809843808413,
    "pAirwayBlocked": 0.003549875458702445,
    "pInternalBleeding": 0.004643663763999939,
    "pExternalBleeding": 0.005083212163299322,
    "entropy": 0.004475021734833717,
    "entropyDeath": 0.008176524192094803,
    "SEVERITY": 0.002552789170295,
    "AVERAGE_TIME_USED": 0.0038038191851228476,
    "MEDSIM_P_DEATH": 0.006516128778457642,
    "WEIGHTED_RESOURCE_SCORE": 0.007363796234130859,
    "SMOL_MEDICAL_SOUNDNESS": 0.001200188067741692,
    "INFORMATION_GAINED": 0.00488088047131896,
    "treatment": 0.026885120198130608,
    "category": 0.005064703058451414
}