{
    "age": 0.02905350923538208,
    "tagged": 0.05962619557976723,
    "visited": 0.03359857574105263,
    "breathing": 0.009954746812582016,
    "hrpmin": 0.018764553591609,
    "unvisited_count": 0.021057110279798508,
    "environment_type": 0.013925445266067982,
    "questioning": 0.09654170274734497,
    "assessing": 0.13495133817195892,
    "tagging": 0.0969984158873558,
    "leaving": 0.27410292625427246,
    "One-Bounce Priority": 0.05762400105595589,
    "pDeath": 0.011554058641195297,
    "pPain": 0.01922156661748886,
    "pBrainInjury": 0.012937145307660103,
    "pExternalBleeding": 0.006041035056114197,
    "entropy": 0.014979485422372818,
    "AVERAGE_TIME_USED": 0.011449156329035759,
    "SEVEREST_SEVERITY_CHANGE": 0.008441688492894173,
    "WEIGHTED_RESOURCE_SCORE": 0.009670226834714413,
    "treatment": 0.03693370521068573,
    "category": 0.022573500871658325
}