{
    "age": 0.004960633814334869,
    "tagged": 0.022723251953721046,
    "visited": 0.0011100353440269828,
    "conscious": 2.3793429136276245e-05,
    "breathing": 0.006743779871612787,
    "hrpmin": 0.0011189280776306987,
    "avpu": 0.0016201672842726111,
    "unvisited_count": 0.01623496040701866,
    "injured_count": 0.010616074316203594,
    "questioning": 0.14628931879997253,
    "assessing": 0.14256036281585693,
    "tagging": 0.15162260830402374,
    "leaving": 0.36295902729034424,
    "HRA Strategy.time-resources.take-the-best": 0.0017842577071860433,
    "Satisfactory Priority": 0.0024931549560278654,
    "One-Bounce Priority": 0.019683411344885826,
    "pDeath": 0.0019613741897046566,
    "pPain": 0.0036836485378444195,
    "pBrainInjury": 0.005992255173623562,
    "pAirwayBlocked": 0.005008287262171507,
    "pInternalBleeding": 0.005422360263764858,
    "pExternalBleeding": 0.007687009871006012,
    "entropy": 0.007755323778837919,
    "entropyDeath": 0.013287097215652466,
    "SEVERITY": 0.003359682857990265,
    "AVERAGE_TIME_USED": 0.0028418637812137604,
    "MEDSIM_P_DEATH": 0.00527484156191349,
    "MEDSIM_P_DEATH_ONE_MIN_LATER": 0.0009057894931174815,
    "SEVEREST_SEVERITY": 0.00246407906524837,
    "WEIGHTED_RESOURCE_SCORE": 0.0007337881834246218,
    "INFORMATION_GAINED": 0.004205179400742054,
    "treatment": 0.03047383762896061,
    "category": 0.006399860605597496
}