{
    "conscious": 0.0020190500654280186,
    "intent": 0.05360293388366699,
    "directness_of_causality": 0.18992020189762115,
    "aid_available": 0.1907668113708496,
    "treating": 0.2761467397212982,
    "HRA Strategy.risk_reward_ratio-system.one-bounce": 0.0016558250645175576,
    "HRA Strategy.time-resources-risk_reward_ratio-system.one-bounce": 0.00032410697895102203,
    "Take-The-Best Priority": 0.0007073181914165616,
    "Satisfactory Priority": 0.0007257902761921287,
    "pBrainInjury": 0.0002811895392369479,
    "pAirwayBlocked": 0.00018025812460109591,
    "pInternalBleeding": 0.0003636681067291647,
    "entropyDeath": 0.0002710668486543,
    "SEVERITY": 0.00029500326490961015,
    "SUPPLIES_REMAINING": 0.000983988051302731,
    "AVERAGE_TIME_USED": 0.008854400366544724,
    "DAMAGE_PER_SECOND": 0.00010340846347389743,
    "SUPPLIES_USED": 0.2717532217502594,
    "WEIGHTED_RESOURCE_SCORE": 0.0003025329497177154,
    "treatment": 0.0007424775394611061
}