{
    "age": 0.01394710037857294,
    "tagged": 0.017795713618397713,
    "conscious": 0.006906761787831783,
    "breathing": 0.01211349107325077,
    "hrpmin": 0.04033375531435013,
    "unvisited_count": 0.006607403978705406,
    "environment_type": 0.004106601234525442,
    "questioning": 0.20877406001091003,
    "assessing": 0.23882201313972473,
    "treating": 0.025921015068888664,
    "tagging": 0.12293501943349838,
    "Satisfactory Priority": 0.007265402935445309,
    "One-Bounce Priority": 0.05211713910102844,
    "pPain": 0.015543244779109955,
    "pExternalBleeding": 0.01037541963160038,
    "entropy": 0.017799310386180878,
    "entropyDeath": 0.00921214371919632,
    "SEVERITY": 0.005077894777059555,
    "AVERAGE_TIME_USED": 0.037315256893634796,
    "MEDSIM_P_DEATH": 0.021135540679097176,
    "INFORMATION_GAINED": 0.04914282634854317,
    "treatment": 0.062168560922145844,
    "category": 0.01458444818854332
}