{
    "intent": 0.18226300179958344,
    "directness_of_causality": 0.07698895037174225,
    "treating": 0.14880874752998352,
    "treatment": 0.020077738910913467,
    "Satisfactory Priority": 0.011860957369208336,
    "pBrainInjury": 0.016113480553030968,
    "SEVERITY": 0.07000812143087387,
    "AVERAGE_TIME_USED": 0.08665251731872559,
    "SEVERITY_CHANGE": 0.024499131366610527,
    "SMOL_MEDICAL_SOUNDNESS": 0.3627273440361023
}