{
    "age": 0.012033957988023758,
    "tagged": 0.02415158599615097,
    "conscious": 0.00465490622445941,
    "breathing": 0.005919537506997585,
    "avpu": 0.006974255666136742,
    "injured_count": 0.012229898013174534,
    "environment_type": 0.015159591101109982,
    "questioning": 0.18477420508861542,
    "assessing": 0.14110898971557617,
    "tagging": 0.11157786101102829,
    "leaving": 0.3432594835758209,
    "category": 0.005439199041575193,
    "Satisfactory Priority": 0.009241864085197449,
    "One-Bounce Priority": 0.0071260565891861916,
    "pDeath": 0.014214074239134789,
    "pPain": 0.00898235198110342,
    "pBrainInjury": 0.006493765395134687,
    "pInternalBleeding": 0.009672162123024464,
    "SEVERITY": 0.005349438637495041,
    "SUPPLIES_REMAINING": 0.00542978523299098,
    "AVERAGE_TIME_USED": 0.00814406294375658,
    "DAMAGE_PER_SECOND": 0.0033696149475872517,
    "MEDSIM_P_DEATH_ONE_MIN_LATER": 0.005000201519578695,
    "INFORMATION_GAINED": 0.01750786602497101,
    "treatment": 0.03218528628349304
}