{
    "age": 0.007027841173112392,
    "tagged": 0.034575797617435455,
    "visited": 0.002772195264697075,
    "conscious": 0.001507813693024218,
    "breathing": 0.006382313556969166,
    "hrpmin": 0.008131704293191433,
    "avpu": 0.0008501713746227324,
    "unvisited_count": 0.010425993241369724,
    "injured_count": 0.01503264531493187,
    "environment_type": 0.0013258010149002075,
    "questioning": 0.19748885929584503,
    "assessing": 0.17995473742485046,
    "tagging": 0.18720664083957672,
    "leaving": 0.14722470939159393,
    "HRA Strategy.time-resources.take-the-best": 0.0018179521430283785,
    "HRA Strategy.time-system.exhaustive": 0.001106454525142908,
    "HRA Strategy.time-system.one-bounce": 0.0019379905425012112,
    "HRA Strategy.resources-system.take-the-best": 0.0008079709368757904,
    "Satisfactory Priority": 0.005167517811059952,
    "One-Bounce Priority": 0.01975017599761486,
    "pDeath": 0.003563250880688429,
    "pPain": 0.006313072517514229,
    "pBrainInjury": 0.001340526039712131,
    "pAirwayBlocked": 0.014271237887442112,
    "pInternalBleeding": 0.005458573345094919,
    "pExternalBleeding": 0.016890013590455055,
    "entropy": 0.010067496448755264,
    "entropyDeath": 0.0026460064109414816,
    "SEVERITY": 0.0025865754578262568,
    "SUPPLIES_REMAINING": 0.0005252013797871768,
    "AVERAGE_TIME_USED": 0.003856466617435217,
    "DAMAGE_PER_SECOND": 0.0008877916261553764,
    "MEDSIM_P_DEATH": 0.006005490198731422,
    "MEDSIM_P_DEATH_ONE_MIN_LATER": 0.00426279054954648,
    "SEVERITY_CHANGE": 0.000845119240693748,
    "SEVEREST_SEVERITY": 0.003793449141085148,
    "WEIGHTED_RESOURCE_SCORE": 0.0025315608363598585,
    "SMOL_MEDICAL_SOUNDNESS": 0.001719738356769085,
    "INFORMATION_GAINED": 0.041260719299316406,
    "treatment": 0.030993100255727768,
    "category": 0.009686509147286415
}