{
    "age": 0.008951391093432903,
    "tagged": 0.02253299206495285,
    "breathing": 0.008103368803858757,
    "injured_count": 0.019766101613640785,
    "questioning": 0.23153060674667358,
    "assessing": 0.239716038107872,
    "tagging": 0.14966966211795807,
    "leaving": 0.19676871597766876,
    "Satisfactory Priority": 0.006828872486948967,
    "One-Bounce Priority": 0.0398150235414505,
    "entropy": 0.006157067138701677,
    "INFORMATION_GAINED": 0.0336591899394989,
    "treatment": 0.028006013482809067,
    "category": 0.00849486980587244
}