{
    "age": 0.003722398541867733,
    "tagged": 0.051729973405599594,
    "visited": 0.0027096550911664963,
    "conscious": 0.0017185299657285213,
    "breathing": 0.010513238608837128,
    "hrpmin": 0.0012172169517725706,
    "avpu": 0.0016303620068356395,
    "unvisited_count": 0.007616749033331871,
    "environment_type": 0.002118985401466489,
    "questioning": 0.20206919312477112,
    "assessing": 0.2331274449825287,
    "treating": 2.3141141355154105e-05,
    "tagging": 0.2791061997413635,
    "leaving": 0.0013109422288835049,
    "HRA Strategy.time-resources.take-the-best": 0.001518196309916675,
    "HRA Strategy.time-resources.one-bounce": 0.0005606289487332106,
    "HRA Strategy.time-system.tallying": 0.0006937983562238514,
    "HRA Strategy.resources-risk_reward_ratio.take-the-best": 0.00013350724475458264,
    "HRA Strategy.resources-risk_reward_ratio.one-bounce": 0.0007496412144973874,
    "HRA Strategy.resources-system.take-the-best": 0.0004739142896141857,
    "Take-The-Best Priority": 0.00017403758829459548,
    "Satisfactory Priority": 0.0007798479637131095,
    "One-Bounce Priority": 0.012263975106179714,
    "pDeath": 0.013722257688641548,
    "pPain": 0.006247302517294884,
    "pBrainInjury": 0.006950210779905319,
    "pAirwayBlocked": 0.0035744481720030308,
    "pInternalBleeding": 0.01591983065009117,
    "pExternalBleeding": 0.00475119287148118,
    "entropy": 0.012154125608503819,
    "entropyDeath": 0.003406623611226678,
    "SEVERITY": 0.0021165991201996803,
    "SUPPLIES_REMAINING": 0.0008093242649920285,
    "AVERAGE_TIME_USED": 0.03250524401664734,
    "DAMAGE_PER_SECOND": 0.0002370893198531121,
    "MEDSIM_P_DEATH": 0.009325056336820126,
    "MEDSIM_P_DEATH_ONE_MIN_LATER": 0.0018144416389986873,
    "SEVEREST_SEVERITY": 0.002924666041508317,
    "SEVEREST_SEVERITY_CHANGE": 0.0003132219426333904,
    "WEIGHTED_RESOURCE_SCORE": 0.0034415568225085735,
    "SMOL_MEDICAL_SOUNDNESS": 0.0003843431477434933,
    "INFORMATION_GAINED": 0.0163336880505085,
    "treatment": 0.04177064076066017,
    "category": 0.00533649604767561
}