{
    "intent": 0.1258203387260437,
    "treating": 0.4736801087856293,
    "SMOL_MEDICAL_SOUNDNESS": 0.23315700888633728,
    "treatment": 0.16734251379966736
}