{
    "tagged": 0.034753404557704926,
    "mental_status": 0.004635326564311981,
    "breathing": 0.0022771600633859634,
    "intent": 0.1370348036289215,
    "directness_of_causality": 0.1152612641453743,
    "treating": 0.11455677449703217,
    "SEVERITY": 0.023942358791828156,
    "SEVERITY_CHANGE": 0.290218323469162,
    "SMOL_MEDICAL_SOUNDNESS": 0.19297628104686737,
    "treatment": 0.07509629428386688,
    "category": 0.009248103015124798
}