{
    "tagged": 0.009202852845191956,
    "conscious": 0.001001126365736127,
    "mental_status": 0.0010638006497174501,
    "breathing": 0.04059970751404762,
    "intent": 0.01983070932328701,
    "directness_of_causality": 0.07484602183103561,
    "injured_count": 0.2630424201488495,
    "aid_available": 0.06290426850318909,
    "treating": 0.13182823359966278,
    "HRA Strategy.time-risk_reward_ratio.one-bounce": 0.030728425830602646,
    "HRA Strategy.resources-risk_reward_ratio.one-bounce": 0.0036782335955649614,
    "HRA Strategy.resources-system.take-the-best": 0.03588177636265755,
    "HRA Strategy.risk_reward_ratio-system.one-bounce": 0.001621840288862586,
    "HRA Strategy.time-resources-system.one-bounce": 0.0005389822763390839,
    "HRA Strategy.resources-risk_reward_ratio-system.one-bounce": 0.0010115739423781633,
    "HRA Strategy.time-resources-risk_reward_ratio-system.one-bounce": 0.0002916934317909181,
    "Take-The-Best Priority": 0.001004139194265008,
    "Satisfactory Priority": 4.851257108384743e-05,
    "pPain": 0.0016533777816221118,
    "pBrainInjury": 0.0003420388384256512,
    "pAirwayBlocked": 0.0007130496669560671,
    "entropy": 0.024691011756658554,
    "SEVERITY": 0.0641665831208229,
    "SUPPLIES_REMAINING": 0.002271936507895589,
    "AVERAGE_TIME_USED": 0.019792603328824043,
    "SUPPLIES_USED": 0.12135440856218338,
    "SEVEREST_SEVERITY": 0.000467573176138103,
    "SEVEREST_SEVERITY_CHANGE": 0.00041690937359817326,
    "WEIGHTED_RESOURCE_SCORE": 0.020283250138163567,
    "SMOL_MEDICAL_SOUNDNESS": 0.0638604536652565,
    "treatment": 0.0008626456838101149
}