{
    "age": 0.006915456149727106,
    "tagged": 0.013771506026387215,
    "breathing": 0.0049195196479558945,
    "hrpmin": 0.0029088736046105623,
    "unvisited_count": 0.005389002151787281,
    "injured_count": 0.006144161801785231,
    "environment_type": 0.0028931256383657455,
    "questioning": 0.15679369866847992,
    "assessing": 0.11870722472667694,
    "tagging": 0.08502926677465439,
    "leaving": 0.5117378234863281,
    "treatment": 0.014488865621387959,
    "Satisfactory Priority": 0.003253011731430888,
    "One-Bounce Priority": 0.021953534334897995,
    "pPain": 0.003434042911976576,
    "pBrainInjury": 0.004618992563337088,
    "pInternalBleeding": 0.003274110844358802,
    "entropy": 0.008607694879174232,
    "AVERAGE_TIME_USED": 0.005206167232245207,
    "INFORMATION_GAINED": 0.01405935175716877,
    "category": 0.005894436966627836
}