{
    "breathing": 0.07911685109138489,
    "intent": 0.5071917772293091,
    "directness_of_causality": 0.08481520414352417,
    "treating": 0.2526535093784332,
    "SEVERITY": 0.01603749394416809,
    "SUPPLIES_USED": 0.06018514558672905
}