{
    "age": 0.003935135900974274,
    "tagged": 0.016423266381025314,
    "unvisited_count": 0.005592118948698044,
    "injured_count": 0.0181775763630867,
    "questioning": 0.24663248658180237,
    "assessing": 0.28531911969184875,
    "tagging": 0.14632250368595123,
    "leaving": 0.14688394963741302,
    "One-Bounce Priority": 0.04051152616739273,
    "AVERAGE_TIME_USED": 0.0059442464262247086,
    "INFORMATION_GAINED": 0.039998963475227356,
    "treatment": 0.033889640122652054,
    "category": 0.01036951132118702
}