age,relationship,assessing,leaving
0.15752629935741425,0.12133875489234924,0.17866818606853485,0.5424667596817017
