{
    "tagged": 0.20443086326122284,
    "assessing": 0.19045378267765045,
    "tagging": 0.2715517282485962,
    "HRA Strategy.time-resources.take-the-best": 0.046643681824207306,
    "HRA Strategy.time-system.tallying": 0.05385814607143402,
    "DAMAGE_PER_SECOND": 0.18843984603881836,
    "WEIGHTED_RESOURCE_SCORE": 0.04462188109755516
}