{
    "age": 0.0015953690744936466,
    "tagged": 0.04264993965625763,
    "visited": 0.00155587587505579,
    "conscious": 0.0016407504444941878,
    "breathing": 0.008432933129370213,
    "hrpmin": 0.00900982040911913,
    "avpu": 0.0029722005128860474,
    "unvisited_count": 0.00891859270632267,
    "injured_count": 0.002658626064658165,
    "environment_type": 0.0012841500574722886,
    "questioning": 0.18001477420330048,
    "assessing": 0.1570865511894226,
    "treating": 0.0003634986642282456,
    "tagging": 0.17425638437271118,
    "leaving": 0.26504138112068176,
    "HRA Strategy.time-resources.take-the-best": 0.0004278361448086798,
    "HRA Strategy.time-risk_reward_ratio.take-the-best": 0.00196163821965456,
    "HRA Strategy.time-risk_reward_ratio.one-bounce": 0.0005485521978698671,
    "Take-The-Best Priority": 0.0005675428546965122,
    "Satisfactory Priority": 0.0009735762141644955,
    "One-Bounce Priority": 0.012248019687831402,
    "pDeath": 0.002585513051599264,
    "pPain": 0.00632650637999177,
    "pBrainInjury": 0.010196792893111706,
    "pAirwayBlocked": 0.0031662483233958483,
    "pInternalBleeding": 0.01115941908210516,
    "pExternalBleeding": 0.0005442938418127596,
    "entropy": 0.010871262289583683,
    "entropyDeath": 0.0017086430452764034,
    "SEVERITY": 0.002180286915972829,
    "SUPPLIES_REMAINING": 0.0006757800001651049,
    "AVERAGE_TIME_USED": 0.00107614288572222,
    "DAMAGE_PER_SECOND": 0.0005485849105753005,
    "MEDSIM_P_DEATH": 0.0018525422783568501,
    "MEDSIM_P_DEATH_ONE_MIN_LATER": 0.005616141017526388,
    "SEVEREST_SEVERITY": 0.0005538669065572321,
    "WEIGHTED_RESOURCE_SCORE": 0.0045953611843287945,
    "SMOL_MEDICAL_SOUNDNESS": 0.002181751187890768,
    "INFORMATION_GAINED": 0.010830861516296864,
    "treatment": 0.04313526675105095,
    "category": 0.005986769217997789
}