{
    "age": 0.008967068046331406,
    "tagged": 0.015517760999500751,
    "visited": 0.005958923604339361,
    "breathing": 0.006875284481793642,
    "hrpmin": 0.014966988936066628,
    "injured_count": 0.02263460122048855,
    "questioning": 0.21341758966445923,
    "assessing": 0.17837342619895935,
    "tagging": 0.14862681925296783,
    "leaving": 0.24496324360370636,
    "HRA Strategy.time-system.exhaustive": 0.0026456271298229694,
    "One-Bounce Priority": 0.030455254018306732,
    "pPain": 0.004997368901968002,
    "pAirwayBlocked": 0.0033927075564861298,
    "pInternalBleeding": 0.004068862646818161,
    "pExternalBleeding": 0.00879774708300829,
    "entropy": 0.00943105760961771,
    "entropyDeath": 0.005020280368626118,
    "AVERAGE_TIME_USED": 0.013102561235427856,
    "MEDSIM_P_DEATH": 0.003158834995701909,
    "INFORMATION_GAINED": 0.023414304479956627,
    "treatment": 0.022536827251315117,
    "category": 0.008676707744598389
}