{
    "age": 0.007372007705271244,
    "tagged": 0.019219480454921722,
    "breathing": 0.006549902260303497,
    "unvisited_count": 0.009008520282804966,
    "injured_count": 0.015565345995128155,
    "questioning": 0.242291659116745,
    "assessing": 0.17949524521827698,
    "tagging": 0.11513644456863403,
    "leaving": 0.2911989986896515,
    "One-Bounce Priority": 0.03162044659256935,
    "pExternalBleeding": 0.0033116478007286787,
    "entropy": 0.005459336563944817,
    "AVERAGE_TIME_USED": 0.006814199965447187,
    "MEDSIM_P_DEATH": 0.005613029934465885,
    "INFORMATION_GAINED": 0.024133136495947838,
    "treatment": 0.027021499350667,
    "category": 0.010189095512032509
}