{
    "age": 0.026392709463834763,
    "tagged": 0.03417588397860527,
    "visited": 0.011570311151444912,
    "conscious": 0.006581815890967846,
    "breathing": 0.017624396830797195,
    "hrpmin": 0.018483832478523254,
    "avpu": 0.006724822800606489,
    "unvisited_count": 0.00832030363380909,
    "injured_count": 0.009410074912011623,
    "environment_type": 0.008757148869335651,
    "questioning": 0.21881797909736633,
    "assessing": 0.15814200043678284,
    "tagging": 0.15961836278438568,
    "HRA Strategy.time-resources.take-the-best": 0.0023632883094251156,
    "HRA Strategy.time-risk_reward_ratio.take-the-best": 0.004645234905183315,
    "HRA Strategy.time-system.tallying": 0.0024145699571818113,
    "HRA Strategy.resources-risk_reward_ratio.take-the-best": 0.0004428815736901015,
    "HRA Strategy.resources-system.take-the-best": 0.0023919332306832075,
    "Satisfactory Priority": 0.0027136418502777815,
    "One-Bounce Priority": 0.04528215900063515,
    "pDeath": 0.006232468411326408,
    "pPain": 0.012159954756498337,
    "pBrainInjury": 0.002914002863690257,
    "pAirwayBlocked": 0.006643111351877451,
    "pInternalBleeding": 0.020140059292316437,
    "pExternalBleeding": 0.007901517674326897,
    "entropy": 0.01009857002645731,
    "entropyDeath": 0.010094917379319668,
    "SEVERITY": 0.004086493048816919,
    "SUPPLIES_REMAINING": 0.0007915787282399833,
    "AVERAGE_TIME_USED": 0.021428953856229782,
    "DAMAGE_PER_SECOND": 0.0030062480363994837,
    "MEDSIM_P_DEATH": 0.008236207999289036,
    "MEDSIM_P_DEATH_ONE_MIN_LATER": 0.01327203307300806,
    "SEVEREST_SEVERITY_CHANGE": 0.002431662054732442,
    "WEIGHTED_RESOURCE_SCORE": 0.01661098562180996,
    "SMOL_MEDICAL_SOUNDNESS": 0.004189320374280214,
    "INFORMATION_GAINED": 0.06186877191066742,
    "treatment": 0.032079149037599564,
    "category": 0.010940641164779663
}