{
    "conscious": 0.0016341269947588444,
    "intent": 0.15230248868465424,
    "directness_of_causality": 0.09640660136938095,
    "aid_available": 0.11417501419782639,
    "treating": 0.2177707850933075,
    "treatment": 0.11284592002630234,
    "HRA Strategy.time-resources.take-the-best": 0.006666175089776516,
    "HRA Strategy.risk_reward_ratio-system.one-bounce": 0.0018878703704103827,
    "HRA Strategy.time-resources-system.one-bounce": 0.0006513628759421408,
    "HRA Strategy.resources-risk_reward_ratio-system.one-bounce": 0.0013723080046474934,
    "HRA Strategy.time-resources-risk_reward_ratio-system.one-bounce": 0.00041569952736608684,
    "Take-The-Best Priority": 0.0020680807065218687,
    "Satisfactory Priority": 0.002190555678680539,
    "pDeath": 0.0019836679566651583,
    "pPain": 0.0004939049831591547,
    "pBrainInjury": 0.000207381701329723,
    "pAirwayBlocked": 0.0001573908084537834,
    "pInternalBleeding": 0.0009337274241261184,
    "entropy": 0.0011226061033084989,
    "SEVERITY": 0.03470311686396599,
    "SUPPLIES_REMAINING": 0.0025862418115139008,
    "AVERAGE_TIME_USED": 0.021639278158545494,
    "DAMAGE_PER_SECOND": 0.00029304379131644964,
    "MEDSIM_P_DEATH_ONE_MIN_LATER": 0.0004571109311655164,
    "SEVERITY_CHANGE": 0.00028645756538026035,
    "SUPPLIES_USED": 0.20360635221004486,
    "SEVEREST_SEVERITY": 0.02078215219080448,
    "SMOL_MEDICAL_SOUNDNESS": 0.0003605425881687552
}