{
    "tagged": 0.10637758672237396,
    "visited": 0.06913792341947556,
    "injured_count": 0.037640880793333054,
    "assessing": 0.46234437823295593,
    "tagging": 0.12489885836839676,
    "One-Bounce Priority": 0.05740359053015709,
    "treatment": 0.14219684898853302
}