{
    "tagged": 0.023318665102124214,
    "environment_type": 0.010793324559926987,
    "questioning": 0.2099549025297165,
    "assessing": 0.2398163229227066,
    "tagging": 0.07048487663269043,
    "leaving": 0.3581910729408264,
    "One-Bounce Priority": 0.010862398892641068,
    "pDeath": 0.006691031623631716,
    "pInternalBleeding": 0.006176452152431011,
    "AVERAGE_TIME_USED": 0.01392277516424656,
    "INFORMATION_GAINED": 0.007094535976648331,
    "treatment": 0.042693644762039185
}