{
    "directness_of_causality": 0.09424211829900742,
    "aid_available": 0.09533243626356125,
    "treating": 0.18809577822685242,
    "MEDSIM_P_DEATH_ONE_MIN_LATER": 0.1008293628692627,
    "SUPPLIES_USED": 0.1806904524564743,
    "SEVEREST_SEVERITY_CHANGE": 0.2048916518688202,
    "SMOL_MEDICAL_SOUNDNESS": 0.13591808080673218
}