{
    "visited": 0.0003428866039030254,
    "intent": 0.2626630663871765,
    "directness_of_causality": 0.34706762433052063,
    "injured_count": 0.010669323615729809,
    "treating": 0.34714022278785706,
    "HRA Strategy.time-resources.one-bounce": 0.00024483026936650276,
    "HRA Strategy.resources-system.take-the-best": 0.0026893732137978077,
    "HRA Strategy.time-resources-system.one-bounce": 0.0016813630936667323,
    "Satisfactory Priority": 0.00012639007763937116,
    "pDeath": 0.0003267571737524122,
    "pBrainInjury": 0.016616394743323326,
    "entropyDeath": 4.9839662096928805e-05,
    "SEVERITY": 0.0011038656812161207,
    "AVERAGE_TIME_USED": 0.002785703167319298,
    "DAMAGE_PER_SECOND": 0.0034985304810106754,
    "SEVERITY_CHANGE": 0.00046718819066882133,
    "SEVEREST_SEVERITY_CHANGE": 0.0012141898041591048,
    "WEIGHTED_RESOURCE_SCORE": 0.001107633113861084,
    "treatment": 0.00020484995911829174
}