{
    "age": 0.010150759480893612,
    "tagged": 0.03777576610445976,
    "conscious": 0.00649612583220005,
    "breathing": 0.007159348111599684,
    "questioning": 0.29906952381134033,
    "assessing": 0.24617436528205872,
    "tagging": 0.2288569211959839,
    "category": 0.010198847390711308,
    "One-Bounce Priority": 0.028108198195695877,
    "pDeath": 0.007934989407658577,
    "pPain": 0.019287141039967537,
    "pExternalBleeding": 0.006141838617622852,
    "entropy": 0.015583516098558903,
    "AVERAGE_TIME_USED": 0.018793491646647453,
    "WEIGHTED_RESOURCE_SCORE": 0.00970920268446207,
    "INFORMATION_GAINED": 0.012083702720701694,
    "treatment": 0.03647632524371147
}