{
    "age": 0.14865608513355255,
    "tagged": 0.2971690595149994,
    "SEVERITY": 0.09953312575817108,
    "DAMAGE_PER_SECOND": 0.2317172735929489,
    "WEIGHTED_RESOURCE_SCORE": 0.013157797046005726,
    "treatment": 0.20976664125919342
}