conscious,intent,directness_of_causality,aid_available,treating,HRA Strategy.time-risk_reward_ratio.one-bounce,HRA Strategy.risk_reward_ratio-system.one-bounce,HRA Strategy.time-resources-risk_reward_ratio-system.one-bounce,Take-The-Best Priority,Satisfactory Priority,One-Bounce Priority,pBrainInjury,pAirwayBlocked,pInternalBleeding,entropyDeath,SEVERITY,SUPPLIES_REMAINING,AVERAGE_TIME_USED,DAMAGE_PER_SECOND,MEDSIM_P_DEATH,SUPPLIES_USED,SEVEREST_SEVERITY_CHANGE,SMOL_MEDICAL_SOUNDNESS,treatment
0.0010631522163748741,0.045288633555173874,0.18246528506278992,0.17268159985542297,0.28351327776908875,0.0007991536404006183,0.0015677993651479483,0.00042145626503042877,0.00047509901924058795,0.0005051172338426113,0.0002833788748830557,0.0002525542804505676,0.00012639205669984221,0.0002426775317871943,0.0005896997754462063,0.00034067980595864356,0.10162181407213211,0.007041848264634609,0.0004605568537954241,0.00033837385126389563,0.19880081713199615,0.00019610923482105136,0.0003292942710686475,0.00059523741947487
