{
    "conscious": 0.0010631522163748741,
    "intent": 0.045288633555173874,
    "directness_of_causality": 0.18246528506278992,
    "aid_available": 0.17268159985542297,
    "treating": 0.28351327776908875,
    "HRA Strategy.time-risk_reward_ratio.one-bounce": 0.0007991536404006183,
    "HRA Strategy.risk_reward_ratio-system.one-bounce": 0.0015677993651479483,
    "HRA Strategy.time-resources-risk_reward_ratio-system.one-bounce": 0.00042145626503042877,
    "Take-The-Best Priority": 0.00047509901924058795,
    "Satisfactory Priority": 0.0005051172338426113,
    "One-Bounce Priority": 0.0002833788748830557,
    "pBrainInjury": 0.0002525542804505676,
    "pAirwayBlocked": 0.00012639205669984221,
    "pInternalBleeding": 0.0002426775317871943,
    "entropyDeath": 0.0005896997754462063,
    "SEVERITY": 0.00034067980595864356,
    "SUPPLIES_REMAINING": 0.10162181407213211,
    "AVERAGE_TIME_USED": 0.007041848264634609,
    "DAMAGE_PER_SECOND": 0.0004605568537954241,
    "MEDSIM_P_DEATH": 0.00033837385126389563,
    "SUPPLIES_USED": 0.19880081713199615,
    "SEVEREST_SEVERITY_CHANGE": 0.00019610923482105136,
    "SMOL_MEDICAL_SOUNDNESS": 0.0003292942710686475,
    "treatment": 0.00059523741947487
}