{
    "questioning": 0.48478877544403076,
    "assessing": 0.5152112245559692
}