{
    "tagged": 5.8918602007906884e-05,
    "mental_status": 6.942485924810171e-05,
    "avpu": 0.00015147215162869543,
    "intent": 0.057705800980329514,
    "directness_of_causality": 0.20110483467578888,
    "aid_available": 0.19111444056034088,
    "treating": 0.27648448944091797,
    "HRA Strategy.resources-system.take-the-best": 0.0010187686420977116,
    "HRA Strategy.risk_reward_ratio-system.one-bounce": 0.0016079628840088844,
    "HRA Strategy.time-resources-risk_reward_ratio-system.one-bounce": 0.0005126590840518475,
    "Take-The-Best Priority": 0.00041869949200190604,
    "Satisfactory Priority": 0.0007840709295123816,
    "One-Bounce Priority": 0.0005572045920416713,
    "pDeath": 8.395736949751154e-05,
    "pPain": 0.0001362633192911744,
    "pBrainInjury": 0.0032042593229562044,
    "pAirwayBlocked": 0.00018362740229349583,
    "pInternalBleeding": 0.000758666021283716,
    "pExternalBleeding": 3.946599463233724e-05,
    "entropyDeath": 0.001099547604098916,
    "SEVERITY": 0.0011748606339097023,
    "SUPPLIES_REMAINING": 0.002530920086428523,
    "AVERAGE_TIME_USED": 0.010991167277097702,
    "SEVERITY_CHANGE": 0.00013284791202750057,
    "SUPPLIES_USED": 0.24629293382167816,
    "SEVEREST_SEVERITY": 7.01743338140659e-05,
    "WEIGHTED_RESOURCE_SCORE": 0.0008149220957420766,
    "treatment": 0.0008976305834949017
}