{
    "directness_of_causality": 0.2644466161727905,
    "treating": 0.7355533838272095
}