{
    "tagged": 0.15082603693008423,
    "breathing": 0.03399204835295677,
    "intent": 0.06635787338018417,
    "directness_of_causality": 0.4033094048500061,
    "SMOL_MEDICAL_SOUNDNESS": 0.34551459550857544
}