{
    "age": 0.016419582068920135,
    "tagged": 0.05488770455121994,
    "visited": 0.05488550290465355,
    "conscious": 0.007104232907295227,
    "breathing": 0.014650300145149231,
    "hrpmin": 0.011100959032773972,
    "unvisited_count": 0.02486676163971424,
    "environment_type": 0.0344201885163784,
    "questioning": 0.21897205710411072,
    "assessing": 0.1766231209039688,
    "tagging": 0.11686333268880844,
    "leaving": 0.12568064033985138,
    "treatment": 0.08691684156656265,
    "Satisfactory Priority": 0.018035102635622025,
    "SUPPLIES_REMAINING": 0.005332825239747763,
    "AVERAGE_TIME_USED": 0.00642662588506937,
    "MEDSIM_P_DEATH_ONE_MIN_LATER": 0.0129427844658494,
    "category": 0.013871440663933754
}