{
    "questioning": 0.3271109163761139,
    "assessing": 0.36524367332458496,
    "tagging": 0.09552159905433655,
    "leaving": 0.2121238112449646
}