{
    "tagged": 0.03144444152712822,
    "breathing": 0.005719429813325405,
    "injured_count": 0.010658415965735912,
    "questioning": 0.25710055232048035,
    "assessing": 0.2746884226799011,
    "tagging": 0.19673429429531097,
    "leaving": 0.11561571061611176,
    "One-Bounce Priority": 0.017864294350147247,
    "pPain": 0.00550371827557683,
    "pInternalBleeding": 0.006393801420927048,
    "entropy": 0.009260797873139381,
    "WEIGHTED_RESOURCE_SCORE": 0.00936717540025711,
    "INFORMATION_GAINED": 0.015442506410181522,
    "treatment": 0.03589516133069992,
    "category": 0.008311367593705654
}