{
    "age": 0.005328403320163488,
    "tagged": 0.02016710303723812,
    "breathing": 0.0073209949769079685,
    "unvisited_count": 0.01346431765705347,
    "injured_count": 0.012792836874723434,
    "questioning": 0.16102197766304016,
    "assessing": 0.167756587266922,
    "tagging": 0.20492902398109436,
    "leaving": 0.23616857826709747,
    "HRA Strategy.time-resources.take-the-best": 0.0019624093547463417,
    "Satisfactory Priority": 0.004523043986409903,
    "One-Bounce Priority": 0.0223432257771492,
    "pDeath": 0.0024921607691794634,
    "pPain": 0.003834336996078491,
    "pBrainInjury": 0.002410041866824031,
    "pAirwayBlocked": 0.004404260776937008,
    "pInternalBleeding": 0.0059991516172885895,
    "pExternalBleeding": 0.008595246821641922,
    "entropy": 0.007907473482191563,
    "entropyDeath": 0.021584106609225273,
    "AVERAGE_TIME_USED": 0.004136315081268549,
    "MEDSIM_P_DEATH": 0.005264563485980034,
    "INFORMATION_GAINED": 0.03509197756648064,
    "treatment": 0.03237074986100197,
    "category": 0.008131074719130993
}