{
    "age": 0.14025188982486725,
    "tagged": 0.05686469003558159,
    "visited": 0.0043390002101659775,
    "relationship": 0.09282845258712769,
    "breathing": 0.022136768326163292,
    "hrpmin": 0.00402127904817462,
    "avpu": 0.006231115665286779,
    "unvisited_count": 0.004465989302843809,
    "injured_count": 0.029773129150271416,
    "environment_type": 0.003994866274297237,
    "questioning": 0.09059107303619385,
    "assessing": 0.1951902061700821,
    "tagging": 0.04501067474484444,
    "leaving": 0.12773637473583221,
    "pDeath": 0.009733153507113457,
    "pPain": 0.013508548960089684,
    "pBrainInjury": 0.005627807695418596,
    "pAirwayBlocked": 0.010627638548612595,
    "pInternalBleeding": 0.005775283556431532,
    "pExternalBleeding": 0.013680028729140759,
    "entropy": 0.013112355954945087,
    "entropyDeath": 0.009797560051083565,
    "SEVERITY": 0.0019363323226571083,
    "SUPPLIES_REMAINING": 0.01860387623310089,
    "AVERAGE_TIME_USED": 0.004637423902750015,
    "MEDSIM_P_DEATH": 0.009890448302030563,
    "MEDSIM_P_DEATH_ONE_MIN_LATER": 0.002182307420298457,
    "SEVEREST_SEVERITY_CHANGE": 0.002378238830715418,
    "treatment": 0.03961602598428726,
    "category": 0.015457439236342907
}