age,tagged,visited,relationship,breathing,hrpmin,avpu,unvisited_count,injured_count,environment_type,questioning,assessing,tagging,leaving,pDeath,pPain,pBrainInjury,pAirwayBlocked,pInternalBleeding,pExternalBleeding,entropy,entropyDeath,SEVERITY,SUPPLIES_REMAINING,AVERAGE_TIME_USED,MEDSIM_P_DEATH,MEDSIM_P_DEATH_ONE_MIN_LATER,SEVEREST_SEVERITY_CHANGE,treatment,category
0.14025188982486725,0.05686469003558159,0.0043390002101659775,0.09282845258712769,0.022136768326163292,0.00402127904817462,0.006231115665286779,0.004465989302843809,0.029773129150271416,0.003994866274297237,0.09059107303619385,0.1951902061700821,0.04501067474484444,0.12773637473583221,0.009733153507113457,0.013508548960089684,0.005627807695418596,0.010627638548612595,0.005775283556431532,0.013680028729140759,0.013112355954945087,0.009797560051083565,0.0019363323226571083,0.01860387623310089,0.004637423902750015,0.009890448302030563,0.002182307420298457,0.002378238830715418,0.03961602598428726,0.015457439236342907
