{
    "tagged": 0.23104634881019592,
    "assessing": 0.5139249563217163,
    "treatment": 0.25502875447273254
}