{
    "age": 0.008291542530059814,
    "tagged": 0.047620296478271484,
    "breathing": 0.011581704020500183,
    "hrpmin": 0.03174519166350365,
    "questioning": 0.2101166695356369,
    "assessing": 0.24765463173389435,
    "tagging": 0.18385423719882965,
    "One-Bounce Priority": 0.06250952929258347,
    "pExternalBleeding": 0.009948143735527992,
    "AVERAGE_TIME_USED": 0.035476766526699066,
    "MEDSIM_P_DEATH": 0.01033041626214981,
    "INFORMATION_GAINED": 0.06349136680364609,
    "treatment": 0.061001215130090714,
    "category": 0.016378216445446014
}