{
    "age": 0.012164601124823093,
    "tagged": 0.034972429275512695,
    "conscious": 0.0010426836088299751,
    "breathing": 0.006705674342811108,
    "hrpmin": 0.0060849906876683235,
    "avpu": 0.008183460682630539,
    "unvisited_count": 0.006066428031772375,
    "others_tagged_or_uninjured": 0.0006494172266684473,
    "environment_type": 0.0029399434570223093,
    "questioning": 0.12663350999355316,
    "assessing": 0.16294316947460175,
    "treating": 0.0008721476187929511,
    "tagging": 0.1630675196647644,
    "leaving": 0.2547345757484436,
    "HRA Strategy.time-resources.take-the-best": 0.002293429570272565,
    "HRA Strategy.time-system.exhaustive": 0.013131299987435341,
    "HRA Strategy.resources-system.take-the-best": 0.0016838597366586328,
    "HRA Strategy.resources-system.exhaustive": 0.0028467823285609484,
    "Satisfactory Priority": 0.0020996530074626207,
    "One-Bounce Priority": 0.029606381431221962,
    "pDeath": 0.005098779685795307,
    "pPain": 0.008742397651076317,
    "pBrainInjury": 0.003183988621458411,
    "pAirwayBlocked": 0.012212914414703846,
    "pInternalBleeding": 0.008873458951711655,
    "pExternalBleeding": 0.006113071925938129,
    "entropy": 0.00794036965817213,
    "entropyDeath": 0.008073924109339714,
    "SEVERITY": 0.004518735222518444,
    "SUPPLIES_REMAINING": 0.0006671425071544945,
    "AVERAGE_TIME_USED": 0.008333106525242329,
    "MEDSIM_P_DEATH": 0.008347168564796448,
    "MEDSIM_P_DEATH_ONE_MIN_LATER": 0.001468650996685028,
    "SEVERITY_CHANGE": 0.0007124004769138992,
    "SEVEREST_SEVERITY": 0.0007213972276076674,
    "SEVEREST_SEVERITY_CHANGE": 0.003694431856274605,
    "WEIGHTED_RESOURCE_SCORE": 0.0037443567998707294,
    "SMOL_MEDICAL_SOUNDNESS": 0.0029608241748064756,
    "INFORMATION_GAINED": 0.020354270935058594,
    "treatment": 0.03635674715042114,
    "category": 0.009159850887954235
}