{
    "age": 0.019439643248915672,
    "tagged": 0.03330199420452118,
    "breathing": 0.008316057734191418,
    "injured_count": 0.09931961447000504,
    "environment_type": 0.050172045826911926,
    "questioning": 0.17748016119003296,
    "assessing": 0.20864880084991455,
    "tagging": 0.24083386361598969,
    "category": 0.016121679916977882,
    "HRA Strategy.time-system.exhaustive": 0.009520981460809708,
    "SEVERITY": 0.019219297915697098,
    "AVERAGE_TIME_USED": 0.03201322630047798,
    "MEDSIM_P_DEATH": 0.015440060757100582,
    "WEIGHTED_RESOURCE_SCORE": 0.012562951073050499,
    "INFORMATION_GAINED": 0.03070753440260887,
    "treatment": 0.02690214104950428
}