{
    "intent": 0.0650491714477539,
    "directness_of_causality": 0.16795854270458221,
    "aid_available": 0.12024427205324173,
    "treating": 0.24901080131530762,
    "AVERAGE_TIME_USED": 0.07038041204214096,
    "SUPPLIES_USED": 0.16594430804252625,
    "SMOL_MEDICAL_SOUNDNESS": 0.09697303920984268,
    "treatment": 0.06443947553634644
}