{
    "tagged": 0.022400984540581703,
    "injured_count": 0.03300820291042328,
    "questioning": 0.3418501317501068,
    "assessing": 0.47343650460243225,
    "tagging": 0.06138981133699417,
    "AVERAGE_TIME_USED": 0.020106185227632523,
    "WEIGHTED_RESOURCE_SCORE": 0.013225008733570576,
    "treatment": 0.03458315506577492
}