{
    "age": 0.0049910638481378555,
    "tagged": 0.018849192187190056,
    "breathing": 0.003998661879450083,
    "unvisited_count": 0.00771627202630043,
    "injured_count": 0.01948925480246544,
    "questioning": 0.23356914520263672,
    "assessing": 0.28384658694267273,
    "tagging": 0.15803773701190948,
    "leaving": 0.11659368872642517,
    "One-Bounce Priority": 0.04025036841630936,
    "AVERAGE_TIME_USED": 0.00755930133163929,
    "INFORMATION_GAINED": 0.05938173457980156,
    "treatment": 0.03667135164141655,
    "category": 0.009045672602951527
}