{
    "breathing": 0.22937779128551483,
    "directness_of_causality": 0.17020656168460846,
    "aid_available": 0.015166998840868473,
    "treating": 0.34806618094444275,
    "HRA Strategy.time-resources.take-the-best": 0.008791260421276093,
    "HRA Strategy.time-resources.one-bounce": 0.007151802070438862,
    "HRA Strategy.resources-risk_reward_ratio.one-bounce": 0.011870634742081165,
    "HRA Strategy.resources-system.take-the-best": 0.02139957807958126,
    "Take-The-Best Priority": 0.002139199525117874,
    "entropyDeath": 0.03227720037102699,
    "SEVERITY": 0.026349635794758797,
    "AVERAGE_TIME_USED": 0.005021184217184782,
    "SUPPLIES_USED": 0.11410222202539444,
    "SEVEREST_SEVERITY": 0.00807972438633442
}