{
    "others_tagged_or_uninjured": 0.22521881759166718,
    "aid_available": 0.09207622706890106,
    "treating": 0.13633668422698975,
    "Take-The-Best Priority": 0.04655934125185013,
    "AVERAGE_TIME_USED": 0.055970966815948486,
    "SMOL_MEDICAL_SOUNDNESS": 0.05668824538588524,
    "HRA Strategy.time-resources-risk_reward_ratio.one-bounce": 0.0712752640247345,
    "directness_of_causality": 0.18173140287399292,
    "treatment": 0.13414300978183746
}