{
    "questioning": 0.6705330610275269,
    "leaving": 0.32946693897247314
}