{
    "questioning": 0.3312346041202545,
    "assessing": 0.3775061070919037,
    "tagging": 0.053869109600782394,
    "leaving": 0.2012115716934204,
    "One-Bounce Priority": 0.014088848605751991,
    "treatment": 0.02208974026143551
}