{
    "conscious": 0.0008636706625111401,
    "breathing": 0.000353703711880371,
    "intent": 0.16762566566467285,
    "directness_of_causality": 0.15124987065792084,
    "aid_available": 0.1658458262681961,
    "treating": 0.27401626110076904,
    "HRA Strategy.resources-system.take-the-best": 0.0010084746172651649,
    "HRA Strategy.risk_reward_ratio-system.one-bounce": 0.0012600419577211142,
    "HRA Strategy.time-resources-system.one-bounce": 0.0003129107935819775,
    "HRA Strategy.time-resources-risk_reward_ratio-system.one-bounce": 0.00028173215105198324,
    "Take-The-Best Priority": 0.000382779398933053,
    "Satisfactory Priority": 0.0009625036618672311,
    "pDeath": 9.986913937609643e-05,
    "pAirwayBlocked": 0.0002426665450911969,
    "SUPPLIES_REMAINING": 0.0008451963076367974,
    "AVERAGE_TIME_USED": 0.0034057567827403545,
    "SUPPLIES_USED": 0.23069697618484497,
    "SMOL_MEDICAL_SOUNDNESS": 0.0001792164403013885,
    "treatment": 0.00036691571585834026
}