{
    "intent": 0.07189363986253738,
    "treating": 0.8620803356170654,
    "HRA Strategy.time-resources.take-the-best": 0.01889304257929325,
    "HRA Strategy.resources-system.take-the-best": 0.025710100308060646,
    "Take-The-Best Priority": 0.02142280712723732
}