{
    "age": 0.03407976031303406,
    "tagged": 0.33335089683532715,
    "breathing": 0.004003253765404224,
    "hrpmin": 0.06855975091457367,
    "avpu": 0.0038248521741479635,
    "injured_count": 0.04350782558321953,
    "environment_type": 0.01899123750627041,
    "category": 0.0169305969029665,
    "HRA Strategy.time-resources.take-the-best": 0.027246152982115746,
    "One-Bounce Priority": 0.03258255869150162,
    "pDeath": 0.011967978440225124,
    "pPain": 0.008988353423774242,
    "pAirwayBlocked": 0.017491688951849937,
    "pInternalBleeding": 0.019369589164853096,
    "pExternalBleeding": 0.03280046582221985,
    "entropy": 0.026865512132644653,
    "entropyDeath": 0.010830121114850044,
    "SEVERITY": 0.012507781386375427,
    "AVERAGE_TIME_USED": 0.10510290414094925,
    "DAMAGE_PER_SECOND": 0.004363676533102989,
    "MEDSIM_P_DEATH": 0.004403963219374418,
    "MEDSIM_P_DEATH_ONE_MIN_LATER": 0.02551666460931301,
    "SEVEREST_SEVERITY": 0.011113690212368965,
    "SMOL_MEDICAL_SOUNDNESS": 0.034970637410879135,
    "treatment": 0.09063009172677994
}