{
    "intent": 0.08133329451084137,
    "directness_of_causality": 0.15361282229423523,
    "injured_count": 0.1246582567691803,
    "treating": 0.5596908926963806,
    "SUPPLIES_USED": 0.08070477843284607
}