{
    "age": 0.11509624868631363,
    "tagged": 0.20645415782928467,
    "visited": 0.01605299301445484,
    "conscious": 0.07387989014387131,
    "breathing": 0.02721429616212845,
    "questioning": 0.14737951755523682,
    "tagging": 0.04567864164710045,
    "category": 0.0972803607583046,
    "HRA Strategy.time-resources.take-the-best": 0.003410527715459466,
    "HRA Strategy.time-risk_reward_ratio.take-the-best": 0.005642390344291925,
    "pAirwayBlocked": 0.003692388068884611,
    "entropy": 0.040779922157526016,
    "SEVERITY": 0.03865602985024452,
    "SUPPLIES_REMAINING": 0.026871763169765472,
    "AVERAGE_TIME_USED": 0.00475291907787323,
    "DAMAGE_PER_SECOND": 0.04162571579217911,
    "MEDSIM_P_DEATH": 0.014283964410424232,
    "MEDSIM_P_DEATH_ONE_MIN_LATER": 0.004916118457913399,
    "WEIGHTED_RESOURCE_SCORE": 0.007654436398297548,
    "SMOL_MEDICAL_SOUNDNESS": 0.02861856296658516,
    "INFORMATION_GAINED": 0.013529191724956036,
    "treatment": 0.036529846489429474
}