{
    "age": 0.005612407345324755,
    "tagged": 0.03780773654580116,
    "visited": 0.0038117761723697186,
    "conscious": 0.0007032929570414126,
    "breathing": 0.005380412098020315,
    "hrpmin": 0.004326765425503254,
    "avpu": 0.0006836957763880491,
    "unvisited_count": 0.011013967916369438,
    "injured_count": 0.01228618249297142,
    "environment_type": 0.0009572486160323024,
    "questioning": 0.21615499258041382,
    "assessing": 0.15794390439987183,
    "tagging": 0.1611633449792862,
    "leaving": 0.22316314280033112,
    "HRA Strategy.time-resources.take-the-best": 0.0034471394028514624,
    "HRA Strategy.resources-system.take-the-best": 0.0011213901452720165,
    "Satisfactory Priority": 0.00860249437391758,
    "One-Bounce Priority": 0.024450551718473434,
    "pDeath": 0.003199143335223198,
    "pPain": 0.005332773085683584,
    "pBrainInjury": 0.0027441412676125765,
    "pAirwayBlocked": 0.014213649556040764,
    "pInternalBleeding": 0.007271431386470795,
    "pExternalBleeding": 0.011000419035553932,
    "entropy": 0.008102154359221458,
    "entropyDeath": 0.0017786850221455097,
    "SEVERITY": 0.0022994528990238905,
    "AVERAGE_TIME_USED": 0.010003753937780857,
    "MEDSIM_P_DEATH": 0.0020080246031284332,
    "SEVEREST_SEVERITY": 0.002767022466287017,
    "WEIGHTED_RESOURCE_SCORE": 0.0027882084250450134,
    "SMOL_MEDICAL_SOUNDNESS": 0.006631952244788408,
    "INFORMATION_GAINED": 0.004407218191772699,
    "treatment": 0.029232706874608994,
    "category": 0.007588799577206373
}