{
    "conscious": 0.006438667420297861,
    "mental_status": 0.0009499472216702998,
    "breathing": 0.0002284108632011339,
    "intent": 0.07355573773384094,
    "directness_of_causality": 0.06227589026093483,
    "aid_available": 0.06868859380483627,
    "treating": 0.11217378824949265,
    "HRA Strategy.risk_reward_ratio-system.one-bounce": 0.0004924455424770713,
    "HRA Strategy.resources-risk_reward_ratio-system.one-bounce": 0.000656053947750479,
    "Take-The-Best Priority": 0.0006582433707080781,
    "SEVERITY": 0.012175412848591805,
    "SUPPLIES_REMAINING": 0.0004778897564392537,
    "AVERAGE_TIME_USED": 0.011446366086602211,
    "DAMAGE_PER_SECOND": 0.0005352171720005572,
    "MEDSIM_P_DEATH_ONE_MIN_LATER": 0.40352576971054077,
    "SUPPLIES_USED": 0.12147040665149689,
    "SEVEREST_SEVERITY_CHANGE": 0.00045570055954158306,
    "SMOL_MEDICAL_SOUNDNESS": 0.12169991433620453,
    "treatment": 0.0020954988431185484
}