{
    "age": 0.01268723327666521,
    "tagged": 0.025108525529503822,
    "unvisited_count": 0.03433844819664955,
    "environment_type": 0.015865039080381393,
    "questioning": 0.12775437533855438,
    "assessing": 0.15368160605430603,
    "tagging": 0.21774281561374664,
    "leaving": 0.24647612869739532,
    "category": 0.01924140565097332,
    "One-Bounce Priority": 0.0697973296046257,
    "pDeath": 0.01798354461789131,
    "pInternalBleeding": 0.013269778341054916,
    "SEVEREST_SEVERITY_CHANGE": 0.014188497327268124,
    "treatment": 0.0318652018904686
}