{
    "age": 0.032502468675374985,
    "tagged": 0.04624737426638603,
    "visited": 0.01113557256758213,
    "breathing": 0.013551763258874416,
    "hrpmin": 0.02530663087964058,
    "avpu": 0.005972719751298428,
    "injured_count": 0.0159029308706522,
    "environment_type": 0.01070410292595625,
    "questioning": 0.287285715341568,
    "assessing": 0.17879928648471832,
    "tagging": 0.08507762104272842,
    "One-Bounce Priority": 0.060192469507455826,
    "pDeath": 0.009827409870922565,
    "pPain": 0.016914548352360725,
    "pInternalBleeding": 0.0177578404545784,
    "pExternalBleeding": 0.015284419991075993,
    "entropy": 0.010600929148495197,
    "entropyDeath": 0.018299704417586327,
    "AVERAGE_TIME_USED": 0.02393733710050583,
    "MEDSIM_P_DEATH_ONE_MIN_LATER": 0.00997322890907526,
    "WEIGHTED_RESOURCE_SCORE": 0.01968662068247795,
    "INFORMATION_GAINED": 0.03265602886676788,
    "treatment": 0.03705443814396858,
    "category": 0.015328834764659405
}