{
    "age": 0.001597323571331799,
    "tagged": 0.042702190577983856,
    "visited": 0.0015577820595353842,
    "conscious": 0.0016427605878561735,
    "breathing": 0.008443265222012997,
    "hrpmin": 0.009020858444273472,
    "avpu": 0.0029758417513221502,
    "unvisited_count": 0.008929518982768059,
    "injured_count": 0.0026618833653628826,
    "environment_type": 0.0012857232941314578,
    "questioning": 0.18023531138896942,
    "assessing": 0.15727899968624115,
    "tagging": 0.17446987330913544,
    "leaving": 0.2653660774230957,
    "HRA Strategy.time-resources.take-the-best": 0.0004283603047952056,
    "HRA Strategy.time-risk_reward_ratio.take-the-best": 0.0019640414975583553,
    "HRA Strategy.time-risk_reward_ratio.one-bounce": 0.000549224263522774,
    "Take-The-Best Priority": 0.0005682382034137845,
    "Satisfactory Priority": 0.0009747689473442733,
    "One-Bounce Priority": 0.012263025157153606,
    "pDeath": 0.0025886804796755314,
    "pPain": 0.006334257312119007,
    "pBrainInjury": 0.010209285654127598,
    "pAirwayBlocked": 0.0031701275147497654,
    "pInternalBleeding": 0.011173090897500515,
    "pExternalBleeding": 0.0005449606687761843,
    "entropy": 0.010884581133723259,
    "entropyDeath": 0.0017107363091781735,
    "SEVERITY": 0.002182957949116826,
    "SUPPLIES_REMAINING": 0.000676607945933938,
    "AVERAGE_TIME_USED": 0.0010713390074670315,
    "DAMAGE_PER_SECOND": 0.0005492569762282073,
    "MEDSIM_P_DEATH": 0.001854811911471188,
    "MEDSIM_P_DEATH_ONE_MIN_LATER": 0.00562302116304636,
    "SEVEREST_SEVERITY": 0.0005545454914681613,
    "WEIGHTED_RESOURCE_SCORE": 0.0037459011655300856,
    "SMOL_MEDICAL_SOUNDNESS": 0.0021844240836799145,
    "INFORMATION_GAINED": 0.010844131000339985,
    "treatment": 0.04318811371922493,
    "category": 0.005994103848934174
}