{
    "age": 0.01031801663339138,
    "tagged": 0.02588314190506935,
    "visited": 0.008290594443678856,
    "breathing": 0.008702736347913742,
    "hrpmin": 0.010048058815300465,
    "unvisited_count": 0.001432224060408771,
    "injured_count": 0.01808006316423416,
    "environment_type": 0.002019160659983754,
    "questioning": 0.20263630151748657,
    "assessing": 0.17646193504333496,
    "treating": 0.003928121645003557,
    "tagging": 0.13958001136779785,
    "leaving": 0.20075273513793945,
    "HRA Strategy.time-resources.take-the-best": 0.0020032585598528385,
    "HRA Strategy.time-system.exhaustive": 0.015539522282779217,
    "HRA Strategy.resources-system.exhaustive": 0.0007159286760725081,
    "Satisfactory Priority": 0.0014195118565112352,
    "One-Bounce Priority": 0.02694479376077652,
    "pDeath": 0.0026432916056364775,
    "pPain": 0.00488995760679245,
    "pBrainInjury": 0.0023197720292955637,
    "pAirwayBlocked": 0.0037063092458993196,
    "pInternalBleeding": 0.007067466154694557,
    "pExternalBleeding": 0.01033630408346653,
    "entropy": 0.009135453961789608,
    "entropyDeath": 0.005713771563023329,
    "SEVERITY": 0.0008902624249458313,
    "SUPPLIES_REMAINING": 0.0008284258656203747,
    "AVERAGE_TIME_USED": 0.012864934280514717,
    "MEDSIM_P_DEATH": 0.009196871891617775,
    "SEVEREST_SEVERITY": 0.002983019920065999,
    "WEIGHTED_RESOURCE_SCORE": 0.0033802995458245277,
    "SMOL_MEDICAL_SOUNDNESS": 0.005788832437247038,
    "INFORMATION_GAINED": 0.02703208103775978,
    "treatment": 0.026809148490428925,
    "category": 0.00965767353773117
}