{
    "breathing": 0.008749240078032017,
    "intent": 0.09052669256925583,
    "directness_of_causality": 0.16842131316661835,
    "aid_available": 0.07062765955924988,
    "treating": 0.31874316930770874,
    "Take-The-Best Priority": 0.00378609262406826,
    "SUPPLIES_REMAINING": 0.0030781698878854513,
    "AVERAGE_TIME_USED": 0.010369963012635708,
    "SUPPLIES_USED": 0.2281304895877838,
    "SMOL_MEDICAL_SOUNDNESS": 0.09756717085838318
}