{
    "age": 0.008298389613628387,
    "tagged": 0.04478546231985092,
    "visited": 0.002466991078108549,
    "conscious": 0.0021481674630194902,
    "breathing": 0.006794307846575975,
    "hrpmin": 0.005407637916505337,
    "avpu": 0.0006892364472150803,
    "unvisited_count": 0.011702385731041431,
    "injured_count": 0.011579903773963451,
    "environment_type": 0.0015567957889288664,
    "questioning": 0.23942670226097107,
    "assessing": 0.17416247725486755,
    "tagging": 0.2083539366722107,
    "leaving": 0.09942939877510071,
    "HRA Strategy.time-resources.take-the-best": 0.0015445578610524535,
    "HRA Strategy.time-system.one-bounce": 0.0019968273118138313,
    "HRA Strategy.resources-system.take-the-best": 0.0013149973237887025,
    "Satisfactory Priority": 0.0021995308343321085,
    "One-Bounce Priority": 0.020728696137666702,
    "pDeath": 0.0037030440289527178,
    "pPain": 0.007561283651739359,
    "pBrainInjury": 0.002004287438467145,
    "pAirwayBlocked": 0.004794122651219368,
    "pInternalBleeding": 0.0057145156897604465,
    "pExternalBleeding": 0.01281301211565733,
    "entropy": 0.012547075748443604,
    "entropyDeath": 0.003974364139139652,
    "SEVERITY": 0.002161538228392601,
    "SUPPLIES_REMAINING": 0.0006327411974780262,
    "AVERAGE_TIME_USED": 0.0035983610432595015,
    "DAMAGE_PER_SECOND": 0.0009801185224205256,
    "MEDSIM_P_DEATH": 0.008162234909832478,
    "MEDSIM_P_DEATH_ONE_MIN_LATER": 0.005538679659366608,
    "SEVERITY_CHANGE": 0.0008799831848591566,
    "SEVEREST_SEVERITY": 0.0035124265123158693,
    "WEIGHTED_RESOURCE_SCORE": 0.0026692464016377926,
    "SMOL_MEDICAL_SOUNDNESS": 0.0022399916779249907,
    "INFORMATION_GAINED": 0.02722959592938423,
    "treatment": 0.03528216481208801,
    "category": 0.009414770640432835
}