{
    "age": 0.013774160295724869,
    "tagged": 0.09849435836076736,
    "visited": 0.017169587314128876,
    "conscious": 0.006299647968262434,
    "unvisited_count": 0.017596235498785973,
    "injured_count": 0.021405868232250214,
    "environment_type": 0.009232532232999802,
    "questioning": 0.20236989855766296,
    "assessing": 0.2682758867740631,
    "treating": 0.010104390792548656,
    "tagging": 0.00942730437964201,
    "leaving": 0.06546846032142639,
    "treatment": 0.06656897068023682,
    "HRA Strategy.time-resources.take-the-best": 0.0018971911631524563,
    "HRA Strategy.time-risk_reward_ratio.take-the-best": 0.013331613503396511,
    "HRA Strategy.resources-system.take-the-best": 0.0011855384800583124,
    "HRA Strategy.time-resources-system.exhaustive": 0.0008495609508827329,
    "Satisfactory Priority": 0.002132886089384556,
    "One-Bounce Priority": 0.02589222602546215,
    "pDeath": 0.0064065479673445225,
    "pPain": 0.01843300648033619,
    "pAirwayBlocked": 0.0005632526590488851,
    "pExternalBleeding": 0.02144942246377468,
    "entropyDeath": 0.0009442759910598397,
    "SEVERITY": 0.0008218202856369317,
    "SUPPLIES_REMAINING": 0.0005496771191246808,
    "AVERAGE_TIME_USED": 0.0034314817748963833,
    "MEDSIM_P_DEATH_ONE_MIN_LATER": 0.02532617747783661,
    "SEVEREST_SEVERITY": 0.031734973192214966,
    "WEIGHTED_RESOURCE_SCORE": 0.008927869610488415,
    "SMOL_MEDICAL_SOUNDNESS": 0.005275885574519634,
    "INFORMATION_GAINED": 0.011411278508603573,
    "category": 0.013248078525066376
}