{
    "conscious": 0.09509063512086868,
    "mental_status": 0.00893902126699686,
    "intent": 0.03240847587585449,
    "directness_of_causality": 0.17399941384792328,
    "aid_available": 0.1590752750635147,
    "treating": 0.2520316243171692,
    "HRA Strategy.time-resources.take-the-best": 0.005127043928951025,
    "HRA Strategy.resources-risk_reward_ratio.one-bounce": 0.019665878266096115,
    "HRA Strategy.resources-system.take-the-best": 0.019012823700904846,
    "HRA Strategy.risk_reward_ratio-system.one-bounce": 0.0017646304331719875,
    "HRA Strategy.time-resources-system.one-bounce": 0.00047504311078228056,
    "HRA Strategy.resources-risk_reward_ratio-system.one-bounce": 0.0015612385468557477,
    "HRA Strategy.time-resources-risk_reward_ratio-system.one-bounce": 0.0007771588279865682,
    "Take-The-Best Priority": 0.002115566050633788,
    "Satisfactory Priority": 0.0012636043829843402,
    "pDeath": 0.001103358343243599,
    "pBrainInjury": 0.0006865873583592474,
    "pAirwayBlocked": 0.0005789564456790686,
    "entropy": 0.0004335547564551234,
    "entropyDeath": 0.005456393584609032,
    "SEVERITY": 0.0016659403918311,
    "SUPPLIES_REMAINING": 0.0012284471886232495,
    "AVERAGE_TIME_USED": 0.0007940764189697802,
    "SUPPLIES_USED": 0.21384836733341217,
    "SEVEREST_SEVERITY": 0.0002481647243257612,
    "treatment": 0.0006487215869128704
}