{
    "age": 0.012513017281889915,
    "tagged": 0.03221726045012474,
    "visited": 0.002628931775689125,
    "conscious": 0.0009397784597240388,
    "breathing": 0.0077107627876102924,
    "avpu": 0.0026881846133619547,
    "unvisited_count": 0.005756175611168146,
    "injured_count": 0.014435617253184319,
    "environment_type": 0.0018171437550336123,
    "questioning": 0.15975327789783478,
    "assessing": 0.1793314814567566,
    "treating": 0.0015841008862480521,
    "tagging": 0.17050491273403168,
    "leaving": 0.20634381473064423,
    "HRA Strategy.time-resources.take-the-best": 0.0017942513804882765,
    "HRA Strategy.time-system.exhaustive": 0.0064569623209536076,
    "Satisfactory Priority": 0.002137181581929326,
    "One-Bounce Priority": 0.025115421041846275,
    "pDeath": 0.0047376747243106365,
    "pPain": 0.005260273348540068,
    "pBrainInjury": 0.006680151913315058,
    "pAirwayBlocked": 0.004674920812249184,
    "pInternalBleeding": 0.007999904453754425,
    "pExternalBleeding": 0.0070970626547932625,
    "entropy": 0.01082577183842659,
    "entropyDeath": 0.010311217047274113,
    "SEVERITY": 0.0036465374287217855,
    "SUPPLIES_REMAINING": 0.0007726355688646436,
    "AVERAGE_TIME_USED": 0.007062844000756741,
    "DAMAGE_PER_SECOND": 0.0012557989684864879,
    "MEDSIM_P_DEATH": 0.017384884878993034,
    "MEDSIM_P_DEATH_ONE_MIN_LATER": 0.0034202169626951218,
    "SEVERITY_CHANGE": 0.0012740852544084191,
    "SEVEREST_SEVERITY_CHANGE": 0.0008550501079298556,
    "WEIGHTED_RESOURCE_SCORE": 0.0025500517804175615,
    "SMOL_MEDICAL_SOUNDNESS": 0.001262545003555715,
    "INFORMATION_GAINED": 0.025766795501112938,
    "treatment": 0.03508397936820984,
    "category": 0.008349336683750153
}