{
    "age": 0.05496266484260559,
    "tagged": 0.07381410896778107,
    "conscious": 0.02465374581515789,
    "breathing": 0.06436746567487717,
    "injured_count": 0.08255212008953094,
    "questioning": 0.2589499354362488,
    "category": 0.06897090375423431,
    "HRA Strategy.time-resources.take-the-best": 0.02184491790831089,
    "pAirwayBlocked": 0.015416225418448448,
    "pInternalBleeding": 0.15195490419864655,
    "entropyDeath": 0.04418051242828369,
    "SUPPLIES_REMAINING": 0.017326004803180695,
    "DAMAGE_PER_SECOND": 0.02210896648466587,
    "MEDSIM_P_DEATH_ONE_MIN_LATER": 0.03269723057746887,
    "SMOL_MEDICAL_SOUNDNESS": 0.025385789573192596,
    "treatment": 0.040814489126205444
}