{
    "tagged": 0.000575051992200315,
    "intent": 0.0756579115986824,
    "directness_of_causality": 0.20409515500068665,
    "treating": 0.38354039192199707,
    "HRA Strategy.time-resources.take-the-best": 0.3101397454738617,
    "HRA Strategy.time-risk_reward_ratio.one-bounce": 0.0036378814838826656,
    "Satisfactory Priority": 0.0017441005911678076,
    "pBrainInjury": 0.0096375597640872,
    "AVERAGE_TIME_USED": 0.0010434931609779596,
    "DAMAGE_PER_SECOND": 0.0008354163728654385,
    "SEVEREST_SEVERITY_CHANGE": 0.0013494803570210934,
    "WEIGHTED_RESOURCE_SCORE": 0.0009879122953861952,
    "treatment": 0.006755840964615345
}