{
    "age": 0.016808217391371727,
    "tagged": 0.08785061538219452,
    "visited": 0.002971392124891281,
    "conscious": 0.0030910007189959288,
    "breathing": 0.008338343352079391,
    "hrpmin": 0.020311489701271057,
    "avpu": 0.0019376619020476937,
    "unvisited_count": 0.002446897327899933,
    "injured_count": 0.06143956258893013,
    "others_tagged_or_uninjured": 0.004464993253350258,
    "environment_type": 0.013278043828904629,
    "questioning": 0.1781928390264511,
    "assessing": 0.18351584672927856,
    "tagging": 0.15096372365951538,
    "category": 0.012904593721032143,
    "HRA Strategy.time-resources.take-the-best": 0.0028798666317015886,
    "HRA Strategy.time-risk_reward_ratio.take-the-best": 0.010127078741788864,
    "Satisfactory Priority": 0.016141321510076523,
    "One-Bounce Priority": 0.04051176458597183,
    "pDeath": 0.0027313404716551304,
    "pPain": 0.009959197603166103,
    "pAirwayBlocked": 0.013744976371526718,
    "entropy": 0.006811050232499838,
    "SEVERITY": 0.005182495340704918,
    "AVERAGE_TIME_USED": 0.003899631090462208,
    "DAMAGE_PER_SECOND": 0.0025166573468595743,
    "MEDSIM_P_DEATH": 0.005637729540467262,
    "MEDSIM_P_DEATH_ONE_MIN_LATER": 0.0018115647835657,
    "SMOL_MEDICAL_SOUNDNESS": 0.00609069736674428,
    "INFORMATION_GAINED": 0.08919312059879303,
    "treatment": 0.03424622491002083
}