{
    "treating": 0.8574409484863281,
    "SUPPLIES_USED": 0.014444449916481972,
    "directness_of_causality": 0.12811456620693207
}