{
    "aid_available": 0.2252427190542221,
    "treating": 0.4744099974632263,
    "MEDSIM_P_DEATH_ONE_MIN_LATER": 0.07934972643852234,
    "SUPPLIES_USED": 0.11687207967042923,
    "SMOL_MEDICAL_SOUNDNESS": 0.1041254848241806
}