{
    "age": 0.024527879431843758,
    "tagged": 0.03678249567747116,
    "visited": 0.002891744952648878,
    "conscious": 0.0005764059606008232,
    "breathing": 0.016843147575855255,
    "avpu": 0.005658430978655815,
    "injured_count": 0.10800879448652267,
    "environment_type": 0.04455222934484482,
    "questioning": 0.160922572016716,
    "assessing": 0.17308983206748962,
    "treating": 0.0006613066652789712,
    "tagging": 0.19889232516288757,
    "category": 0.01645580492913723,
    "HRA Strategy.time-resources.take-the-best": 0.006211505737155676,
    "HRA Strategy.time-system.exhaustive": 0.022245869040489197,
    "HRA Strategy.resources-system.take-the-best": 0.0009736473439261317,
    "HRA Strategy.resources-system.exhaustive": 0.0007214569486677647,
    "Take-The-Best Priority": 0.002278743777424097,
    "Satisfactory Priority": 0.0026522702537477016,
    "pDeath": 0.0062475185841321945,
    "pPain": 0.007462947629392147,
    "pBrainInjury": 0.002497429493814707,
    "pAirwayBlocked": 0.010695756413042545,
    "pInternalBleeding": 0.00037367414915934205,
    "pExternalBleeding": 0.001202189363539219,
    "entropy": 0.015623265877366066,
    "entropyDeath": 0.0009198414045386016,
    "SEVERITY": 0.01808779500424862,
    "SUPPLIES_REMAINING": 0.0013083773665130138,
    "AVERAGE_TIME_USED": 0.022687474265694618,
    "DAMAGE_PER_SECOND": 0.004124195780605078,
    "MEDSIM_P_DEATH": 0.017209293320775032,
    "MEDSIM_P_DEATH_ONE_MIN_LATER": 0.0006013285019434988,
    "WEIGHTED_RESOURCE_SCORE": 0.017762741073966026,
    "SMOL_MEDICAL_SOUNDNESS": 0.010032245889306068,
    "INFORMATION_GAINED": 0.015035408549010754,
    "treatment": 0.023181986063718796
}