{
    "intent": 0.06017494946718216,
    "directness_of_causality": 0.09312362223863602,
    "treating": 0.3764498233795166,
    "SUPPLIES_USED": 0.10648567974567413,
    "SMOL_MEDICAL_SOUNDNESS": 0.36376580595970154
}