{
    "tagged": 0.018581680953502655,
    "conscious": 0.06856934726238251,
    "breathing": 0.0152042917907238,
    "avpu": 0.005434195511043072,
    "environment_type": 0.03670539706945419,
    "questioning": 0.1552763134241104,
    "assessing": 0.13847866654396057,
    "treating": 0.006472555920481682,
    "tagging": 0.21842437982559204,
    "leaving": 0.16659922897815704,
    "category": 0.016652066260576248,
    "HRA Strategy.resources-risk_reward_ratio.one-bounce": 0.017848845571279526,
    "pAirwayBlocked": 0.005797204561531544,
    "pInternalBleeding": 0.01163433212786913,
    "entropyDeath": 0.00356253981590271,
    "SEVERITY": 0.02026008442044258,
    "SUPPLIES_REMAINING": 0.010591475293040276,
    "AVERAGE_TIME_USED": 0.02048972062766552,
    "MEDSIM_P_DEATH": 0.010795816779136658,
    "INFORMATION_GAINED": 0.009954879991710186,
    "treatment": 0.042666882276535034
}