{
    "tagged": 0.028007525950670242,
    "breathing": 0.01844603568315506,
    "avpu": 0.023083625361323357,
    "assessing": 0.17743287980556488,
    "tagging": 0.5866397023200989,
    "HRA Strategy.time-resources.take-the-best": 0.034460004419088364,
    "HRA Strategy.time-system.tallying": 0.05235590413212776,
    "SUPPLIES_REMAINING": 0.0017785843228921294,
    "AVERAGE_TIME_USED": 0.029400134459137917,
    "treatment": 0.0483955517411232
}