{
    "age": 0.01224823109805584,
    "tagged": 0.03819935396313667,
    "conscious": 0.0008320475462824106,
    "breathing": 0.00693504000082612,
    "hrpmin": 0.00670188432559371,
    "avpu": 0.0073571521788835526,
    "unvisited_count": 0.006081950385123491,
    "environment_type": 0.0028365785256028175,
    "questioning": 0.12399771809577942,
    "assessing": 0.15951448678970337,
    "treating": 0.0006359159015119076,
    "tagging": 0.1840955913066864,
    "leaving": 0.24937056005001068,
    "HRA Strategy.time-resources.take-the-best": 0.0023571145720779896,
    "HRA Strategy.time-system.exhaustive": 0.00858254637569189,
    "HRA Strategy.resources-system.take-the-best": 0.0015831744531169534,
    "HRA Strategy.resources-system.exhaustive": 0.002832550322636962,
    "Satisfactory Priority": 0.0014533440116792917,
    "One-Bounce Priority": 0.027949737384915352,
    "pDeath": 0.005130365956574678,
    "pPain": 0.009348555468022823,
    "pBrainInjury": 0.00311354361474514,
    "pAirwayBlocked": 0.010422121733427048,
    "pInternalBleeding": 0.008226842619478703,
    "pExternalBleeding": 0.005521066021174192,
    "entropy": 0.007581770420074463,
    "entropyDeath": 0.007169221993535757,
    "SEVERITY": 0.003871581517159939,
    "SUPPLIES_REMAINING": 0.0006354700890369713,
    "AVERAGE_TIME_USED": 0.008341427892446518,
    "MEDSIM_P_DEATH": 0.006978117395192385,
    "MEDSIM_P_DEATH_ONE_MIN_LATER": 0.0017931285547092557,
    "SEVERITY_CHANGE": 0.0005894631613045931,
    "SEVEREST_SEVERITY": 0.0005776084144599736,
    "SEVEREST_SEVERITY_CHANGE": 0.00278829550370574,
    "WEIGHTED_RESOURCE_SCORE": 0.003315953304991126,
    "SMOL_MEDICAL_SOUNDNESS": 0.0033680840861052275,
    "INFORMATION_GAINED": 0.024269018322229385,
    "treatment": 0.03460291400551796,
    "category": 0.008790466003119946
}