{
    "conscious": 0.0019345362670719624,
    "intent": 0.034856680780649185,
    "directness_of_causality": 0.20699821412563324,
    "aid_available": 0.21388259530067444,
    "treating": 0.28124624490737915,
    "HRA Strategy.risk_reward_ratio-system.one-bounce": 0.0004887694376520813,
    "HRA Strategy.time-resources-risk_reward_ratio-system.one-bounce": 0.0002658926823642105,
    "Take-The-Best Priority": 0.00024105056945700198,
    "Satisfactory Priority": 0.0008239286253228784,
    "pBrainInjury": 0.00044062311644665897,
    "entropyDeath": 0.0002221502218162641,
    "SEVERITY": 0.0002507117751520127,
    "SUPPLIES_REMAINING": 0.0009006879990920424,
    "SUPPLIES_USED": 0.25622180104255676,
    "WEIGHTED_RESOURCE_SCORE": 0.0009398425463587046,
    "treatment": 0.00028623774414882064
}