{
    "age": 0.0033539331052452326,
    "tagged": 0.0489572174847126,
    "visited": 0.0017153421649709344,
    "conscious": 0.0015016720863059163,
    "breathing": 0.010579252615571022,
    "hrpmin": 0.001374178216792643,
    "avpu": 0.0024961079470813274,
    "unvisited_count": 0.009708672761917114,
    "environment_type": 0.0021716926712542772,
    "questioning": 0.21397164463996887,
    "assessing": 0.23540735244750977,
    "tagging": 0.2817995846271515,
    "HRA Strategy.time-resources.take-the-best": 0.0013487192336469889,
    "HRA Strategy.time-resources.one-bounce": 0.0005431463359855115,
    "Satisfactory Priority": 0.0008147053304128349,
    "One-Bounce Priority": 0.012381032109260559,
    "pDeath": 0.00932845938950777,
    "pPain": 0.005704520735889673,
    "pBrainInjury": 0.006796811241656542,
    "pAirwayBlocked": 0.0027718297205865383,
    "pInternalBleeding": 0.017761344090104103,
    "pExternalBleeding": 0.00465775653719902,
    "entropy": 0.013075761497020721,
    "entropyDeath": 0.0033079630229622126,
    "SEVERITY": 0.0016486361855641007,
    "SUPPLIES_REMAINING": 0.0008778757764957845,
    "AVERAGE_TIME_USED": 0.02708788588643074,
    "MEDSIM_P_DEATH": 0.011286267079412937,
    "WEIGHTED_RESOURCE_SCORE": 0.0033486299216747284,
    "SMOL_MEDICAL_SOUNDNESS": 0.0010156029602512717,
    "INFORMATION_GAINED": 0.018038934096693993,
    "treatment": 0.03976665064692497,
    "category": 0.005400799680501223
}