{
    "intent": 0.13212724030017853,
    "aid_available": 0.2209819257259369,
    "treating": 0.4874594807624817,
    "SUPPLIES_USED": 0.1594313085079193
}