{
    "tagged": 0.013360933400690556,
    "breathing": 0.0287559162825346,
    "intent": 0.1735653281211853,
    "directness_of_causality": 0.0425063855946064,
    "aid_available": 0.05411144718527794,
    "treating": 0.1515999287366867,
    "pInternalBleeding": 0.012410634197294712,
    "pExternalBleeding": 0.007149212993681431,
    "SUPPLIES_REMAINING": 0.00532152783125639,
    "AVERAGE_TIME_USED": 0.010093074291944504,
    "MEDSIM_P_DEATH_ONE_MIN_LATER": 0.15826250612735748,
    "SUPPLIES_USED": 0.0781274363398552,
    "SEVEREST_SEVERITY_CHANGE": 0.049902934581041336,
    "SMOL_MEDICAL_SOUNDNESS": 0.21483272314071655
}