{
    "age": 0.009679214097559452,
    "tagged": 0.006114715710282326,
    "visited": 0.004670623689889908,
    "conscious": 0.004279972519725561,
    "breathing": 0.014650906436145306,
    "hrpmin": 0.016178501769900322,
    "avpu": 0.022196423262357712,
    "unvisited_count": 0.03407933562994003,
    "injured_count": 0.029579071328043938,
    "environment_type": 0.005548910703510046,
    "questioning": 0.19458886981010437,
    "assessing": 0.1954701840877533,
    "tagging": 0.30936846137046814,
    "category": 0.005693946499377489,
    "HRA Strategy.time-risk_reward_ratio.take-the-best": 0.002287279348820448,
    "Satisfactory Priority": 0.003906161757186055,
    "One-Bounce Priority": 0.020867014303803444,
    "pDeath": 0.0062056658789515495,
    "pPain": 0.006284915842115879,
    "pAirwayBlocked": 0.0020487408619374037,
    "entropy": 0.014338015578687191,
    "SEVERITY": 0.004052354954183102,
    "AVERAGE_TIME_USED": 0.02039109542965889,
    "MEDSIM_P_DEATH": 0.018785255029797554,
    "WEIGHTED_RESOURCE_SCORE": 0.0019502341747283936,
    "SMOL_MEDICAL_SOUNDNESS": 0.0025621165987104177,
    "treatment": 0.0442219115793705
}