{
    "aid_available": 0.035206716507673264,
    "treating": 0.45414167642593384,
    "SEVERITY": 0.011197184212505817,
    "AVERAGE_TIME_USED": 0.0008321686764247715,
    "SUPPLIES_USED": 0.06675542145967484,
    "HRA Strategy.time-system.satisfactory": 0.007695568259805441,
    "mental_status": 0.015392981469631195,
    "HRA Strategy.resources-risk_reward_ratio-system.satisfactory": 0.0015802852576598525,
    "pDeath": 0.09416355192661285,
    "HRA Strategy.resources-risk_reward_ratio.one-bounce": 0.002753295935690403,
    "HRA Strategy.risk_reward_ratio-system.one-bounce": 0.0019024453358724713,
    "intent": 0.026105327531695366,
    "entropyDeath": 0.022143883630633354,
    "directness_of_causality": 0.24827797710895538,
    "pBrainInjury": 0.011851610615849495
}