{
    "age": 0.012752528302371502,
    "tagged": 0.028255555778741837,
    "conscious": 0.002975666895508766,
    "breathing": 0.007594516966491938,
    "avpu": 0.004067992325872183,
    "unvisited_count": 0.01883520558476448,
    "environment_type": 0.007580089848488569,
    "questioning": 0.09270425140857697,
    "assessing": 0.08273422718048096,
    "treating": 0.0020346008241176605,
    "tagging": 0.20473544299602509,
    "leaving": 0.30830633640289307,
    "category": 0.010744201950728893,
    "HRA Strategy.time-resources.take-the-best": 0.0033453484065830708,
    "HRA Strategy.time-resources.one-bounce": 0.0010717762634158134,
    "HRA Strategy.time-system.tallying": 0.0006034222897142172,
    "Satisfactory Priority": 0.0017912948969751596,
    "One-Bounce Priority": 0.03898083046078682,
    "pDeath": 0.019604282453656197,
    "pBrainInjury": 0.003685537725687027,
    "pAirwayBlocked": 0.005425258539617062,
    "pInternalBleeding": 0.01603919267654419,
    "pExternalBleeding": 0.013594658114016056,
    "entropy": 0.0027818677481263876,
    "entropyDeath": 0.0007789237424731255,
    "SEVERITY": 0.003116967622190714,
    "SUPPLIES_REMAINING": 0.005514844786375761,
    "AVERAGE_TIME_USED": 0.0074467286467552185,
    "DAMAGE_PER_SECOND": 0.00944159459322691,
    "MEDSIM_P_DEATH": 0.006358805112540722,
    "MEDSIM_P_DEATH_ONE_MIN_LATER": 0.008388259448111057,
    "SEVEREST_SEVERITY_CHANGE": 0.02453596144914627,
    "SMOL_MEDICAL_SOUNDNESS": 0.0016818217700347304,
    "INFORMATION_GAINED": 0.015817712992429733,
    "treatment": 0.02667437680065632
}