{
    "tagged": 0.022872470319271088,
    "visited": 0.0004504465905483812,
    "conscious": 0.025886621326208115,
    "breathing": 0.01994405686855316,
    "hrpmin": 0.0016692625358700752,
    "avpu": 7.931673462735489e-05,
    "intent": 0.28738924860954285,
    "directness_of_causality": 0.05615425482392311,
    "aid_available": 0.002138115232810378,
    "questioning": 0.00818503275513649,
    "treating": 0.09151018410921097,
    "HRA Strategy.time-resources.take-the-best": 0.02201199159026146,
    "HRA Strategy.time-resources.one-bounce": 0.0004666433669626713,
    "HRA Strategy.time-risk_reward_ratio.one-bounce": 0.002178722061216831,
    "HRA Strategy.time-system.one-bounce": 0.000775960274040699,
    "HRA Strategy.resources-system.take-the-best": 0.02816462703049183,
    "HRA Strategy.risk_reward_ratio-system.one-bounce": 0.0023800923954695463,
    "HRA Strategy.time-resources-system.exhaustive": 0.004140854347497225,
    "HRA Strategy.time-resources-system.one-bounce": 0.0020685624331235886,
    "HRA Strategy.time-resources-risk_reward_ratio-system.one-bounce": 0.0005941142444498837,
    "Take-The-Best Priority": 0.0025429553352296352,
    "Satisfactory Priority": 0.0013521661749109626,
    "pDeath": 0.0006589018739759922,
    "pAirwayBlocked": 0.000154923225636594,
    "pInternalBleeding": 0.0011364482343196869,
    "entropy": 0.00010573452163953334,
    "entropyDeath": 0.003978222608566284,
    "SEVERITY": 0.03750963881611824,
    "AVERAGE_TIME_USED": 0.02944139763712883,
    "DAMAGE_PER_SECOND": 0.0004498655325733125,
    "SEVERITY_CHANGE": 0.008997094817459583,
    "SUPPLIES_USED": 0.09180742502212524,
    "WEIGHTED_RESOURCE_SCORE": 0.001576616195961833,
    "SMOL_MEDICAL_SOUNDNESS": 0.11826550215482712,
    "treatment": 0.12088355422019958,
    "category": 0.0020789187401533127
}