{
    "directness_of_causality": 0.13564468920230865,
    "treating": 0.8643553256988525
}