intent,directness_of_causality,aid_available,treating,HRA Strategy.risk_reward_ratio-system.one-bounce,Take-The-Best Priority,entropyDeath,SUPPLIES_REMAINING,AVERAGE_TIME_USED,SUPPLIES_USED
0.026743385940790176,0.1815161406993866,0.18536882102489471,0.29390594363212585,0.0009750555618666112,0.00048740528291091323,0.0006917468854226172,0.11264383047819138,0.005449778400361538,0.1922179013490677
