{
    "intent": 0.026743385940790176,
    "directness_of_causality": 0.1815161406993866,
    "aid_available": 0.18536882102489471,
    "treating": 0.29390594363212585,
    "HRA Strategy.risk_reward_ratio-system.one-bounce": 0.0009750555618666112,
    "Take-The-Best Priority": 0.00048740528291091323,
    "entropyDeath": 0.0006917468854226172,
    "SUPPLIES_REMAINING": 0.11264383047819138,
    "AVERAGE_TIME_USED": 0.005449778400361538,
    "SUPPLIES_USED": 0.1922179013490677
}