{
    "age": 0.043956685811281204,
    "tagged": 0.11035072058439255,
    "conscious": 0.02467607893049717,
    "breathing": 0.004169185645878315,
    "hrpmin": 0.005190702620893717,
    "environment_type": 0.009890278801321983,
    "questioning": 0.17989760637283325,
    "assessing": 0.15356239676475525,
    "category": 0.027610674500465393,
    "HRA Strategy.time-resources.take-the-best": 0.025197241455316544,
    "HRA Strategy.time-system.one-bounce": 0.012128268368542194,
    "HRA Strategy.resources-risk_reward_ratio.one-bounce": 0.003235757350921631,
    "HRA Strategy.resources-system.take-the-best": 0.003692472819238901,
    "Satisfactory Priority": 0.021735966205596924,
    "pDeath": 0.17363043129444122,
    "pPain": 0.005531728733330965,
    "pExternalBleeding": 0.008459297940135002,
    "entropy": 0.004462959244847298,
    "entropyDeath": 0.017321495339274406,
    "SEVERITY": 0.01667994074523449,
    "SUPPLIES_REMAINING": 0.0031300154514610767,
    "AVERAGE_TIME_USED": 0.044788576662540436,
    "DAMAGE_PER_SECOND": 0.006949646398425102,
    "SEVEREST_SEVERITY": 0.0011557008838281035,
    "INFORMATION_GAINED": 0.0197317935526371,
    "treatment": 0.07286437600851059
}