{
    "age": 0.013970271684229374,
    "tagged": 0.034623660147190094,
    "breathing": 0.01089978776872158,
    "hrpmin": 0.017156587913632393,
    "injured_count": 0.03823148086667061,
    "questioning": 0.19400988519191742,
    "assessing": 0.23012839257717133,
    "treating": 0.008986632339656353,
    "tagging": 0.10968402028083801,
    "leaving": 0.11424478888511658,
    "Satisfactory Priority": 0.010415900498628616,
    "One-Bounce Priority": 0.05589474365115166,
    "pPain": 0.009583385661244392,
    "pExternalBleeding": 0.009694595821201801,
    "entropyDeath": 0.01149731781333685,
    "SMOL_MEDICAL_SOUNDNESS": 0.0059110308066010475,
    "INFORMATION_GAINED": 0.07129096239805222,
    "treatment": 0.03789009898900986,
    "category": 0.015886496752500534
}