{
    "age": 0.014439212158322334,
    "tagged": 0.034099552780389786,
    "visited": 0.011141862720251083,
    "injured_count": 0.10942769795656204,
    "environment_type": 0.020256467163562775,
    "questioning": 0.19726470112800598,
    "assessing": 0.3459677994251251,
    "tagging": 0.08386022597551346,
    "category": 0.014637378044426441,
    "One-Bounce Priority": 0.011090931482613087,
    "AVERAGE_TIME_USED": 0.015023891814053059,
    "INFORMATION_GAINED": 0.09299405664205551,
    "treatment": 0.049796368926763535
}