{
    "intent": 0.025050176307559013,
    "directness_of_causality": 0.16230875253677368,
    "aid_available": 0.17196689546108246,
    "treating": 0.27134644985198975,
    "HRA Strategy.risk_reward_ratio-system.one-bounce": 0.0010996803175657988,
    "SEVERITY": 0.0009309563902206719,
    "SUPPLIES_REMAINING": 0.0009027085616253316,
    "AVERAGE_TIME_USED": 0.019405420869588852,
    "SUPPLIES_USED": 0.20465686917304993,
    "SMOL_MEDICAL_SOUNDNESS": 0.1252787858247757,
    "treatment": 0.0170532688498497
}