{
    "treating": 0.7348225116729736,
    "SUPPLIES_USED": 0.26517751812934875
}