{
    "tagged": 0.06261266767978668,
    "conscious": 0.016450097784399986,
    "breathing": 0.08921501040458679,
    "hrpmin": 0.005307535640895367,
    "intent": 0.15784789621829987,
    "directness_of_causality": 0.04091259464621544,
    "treating": 0.10944326967000961,
    "HRA Strategy.time-risk_reward_ratio.one-bounce": 0.02503514289855957,
    "HRA Strategy.resources-system.take-the-best": 0.12727349996566772,
    "pBrainInjury": 0.09226608276367188,
    "pInternalBleeding": 0.009125431068241596,
    "SEVERITY": 0.04033892974257469,
    "AVERAGE_TIME_USED": 0.04625348374247551,
    "SUPPLIES_USED": 0.08655671775341034,
    "treatment": 0.0913616344332695
}