{
    "age": 0.017025453969836235,
    "tagged": 0.17791999876499176,
    "questioning": 0.17787572741508484,
    "assessing": 0.18943363428115845,
    "tagging": 0.2916322946548462,
    "Satisfactory Priority": 0.0020075873471796513,
    "SEVERITY": 0.011052686721086502,
    "DAMAGE_PER_SECOND": 0.013182264752686024,
    "treatment": 0.10911402106285095,
    "category": 0.010756371542811394
}