{
    "age": 0.0016600684029981494,
    "tagged": 0.03864985704421997,
    "visited": 0.0013291208306327462,
    "conscious": 0.0017220070585608482,
    "breathing": 0.006715199910104275,
    "hrpmin": 0.011462888680398464,
    "avpu": 0.002189705381169915,
    "unvisited_count": 0.00832168385386467,
    "injured_count": 0.0030351222958415747,
    "environment_type": 0.0012703429674729705,
    "questioning": 0.1808791160583496,
    "assessing": 0.15428493916988373,
    "treating": 0.00028818967984989285,
    "tagging": 0.2058151811361313,
    "leaving": 0.24730253219604492,
    "HRA Strategy.time-resources.take-the-best": 0.000750622246414423,
    "HRA Strategy.time-resources.one-bounce": 0.00026930030435323715,
    "HRA Strategy.time-risk_reward_ratio.take-the-best": 0.0021565828938037157,
    "HRA Strategy.time-risk_reward_ratio.one-bounce": 0.0009176637977361679,
    "HRA Strategy.time-system.tallying": 0.00012259866343811154,
    "HRA Strategy.resources-risk_reward_ratio.one-bounce": 0.00020973282516933978,
    "HRA Strategy.resources-system.take-the-best": 0.00026806030655279756,
    "Take-The-Best Priority": 0.0006520131137222052,
    "Satisfactory Priority": 0.0007135870982892811,
    "One-Bounce Priority": 0.012262560427188873,
    "pDeath": 0.002260270295664668,
    "pPain": 0.005097792483866215,
    "pBrainInjury": 0.009829211048781872,
    "pAirwayBlocked": 0.002978205680847168,
    "pInternalBleeding": 0.010114014148712158,
    "pExternalBleeding": 0.0006813807412981987,
    "entropy": 0.010685697197914124,
    "entropyDeath": 0.0020532747730612755,
    "SEVERITY": 0.002163258148357272,
    "SUPPLIES_REMAINING": 0.0006649630377069116,
    "AVERAGE_TIME_USED": 0.0010851126862689853,
    "DAMAGE_PER_SECOND": 0.0005601037992164493,
    "MEDSIM_P_DEATH": 0.0016488578403368592,
    "MEDSIM_P_DEATH_ONE_MIN_LATER": 0.004637918900698423,
    "SEVERITY_CHANGE": 6.834020314272493e-05,
    "SEVEREST_SEVERITY": 0.0004124010447412729,
    "WEIGHTED_RESOURCE_SCORE": 0.003741327440366149,
    "SMOL_MEDICAL_SOUNDNESS": 0.0017232374520972371,
    "INFORMATION_GAINED": 0.011159867979586124,
    "treatment": 0.03974112123250961,
    "category": 0.005444998852908611
}