{
    "age": 0.005468909628689289,
    "tagged": 0.017779182642698288,
    "visited": 0.0016740377759560943,
    "breathing": 0.0038564903661608696,
    "hrpmin": 0.003506809938699007,
    "unvisited_count": 0.010505500249564648,
    "injured_count": 0.01535200048238039,
    "questioning": 0.16197237372398376,
    "assessing": 0.14332666993141174,
    "tagging": 0.1749688982963562,
    "leaving": 0.333309143781662,
    "HRA Strategy.time-resources.take-the-best": 0.00213821604847908,
    "Satisfactory Priority": 0.004043573047965765,
    "One-Bounce Priority": 0.023372309282422066,
    "pDeath": 0.002123437589034438,
    "pPain": 0.0036857444792985916,
    "pBrainInjury": 0.0029133970383554697,
    "pAirwayBlocked": 0.012846807949244976,
    "pInternalBleeding": 0.006735904607921839,
    "pExternalBleeding": 0.00797536876052618,
    "entropy": 0.007019324693828821,
    "entropyDeath": 0.002309880219399929,
    "AVERAGE_TIME_USED": 0.007126844488084316,
    "MEDSIM_P_DEATH": 0.004804362077265978,
    "SMOL_MEDICAL_SOUNDNESS": 0.003445793641731143,
    "INFORMATION_GAINED": 0.004163660574704409,
    "treatment": 0.025692660361528397,
    "category": 0.007882690988481045
}