{
    "tagged": 0.018691040575504303,
    "questioning": 0.4259927570819855,
    "assessing": 0.40180614590644836,
    "treatment": 0.15351013839244843
}