{
    "age": 0.0446346290409565,
    "tagged": 0.052262865006923676,
    "visited": 0.006685228552669287,
    "conscious": 0.0359482616186142,
    "breathing": 0.046865057200193405,
    "unvisited_count": 0.004279596731066704,
    "injured_count": 0.0612393394112587,
    "environment_type": 0.00533465389162302,
    "questioning": 0.1873416304588318,
    "category": 0.06853961199522018,
    "HRA Strategy.time-resources.take-the-best": 0.02871525101363659,
    "HRA Strategy.resources-risk_reward_ratio.one-bounce": 0.006980786565691233,
    "Satisfactory Priority": 0.015001388266682625,
    "pDeath": 0.0043556722812354565,
    "pBrainInjury": 0.006018609274178743,
    "pAirwayBlocked": 0.010443408042192459,
    "pInternalBleeding": 0.14359430968761444,
    "pExternalBleeding": 0.030271003022789955,
    "entropy": 0.00507261510938406,
    "entropyDeath": 0.03055461123585701,
    "SEVERITY": 0.00742785818874836,
    "SUPPLIES_REMAINING": 0.014075026847422123,
    "AVERAGE_TIME_USED": 0.004929013084620237,
    "DAMAGE_PER_SECOND": 0.01371499989181757,
    "MEDSIM_P_DEATH": 0.010496765375137329,
    "MEDSIM_P_DEATH_ONE_MIN_LATER": 0.02661702409386635,
    "SMOL_MEDICAL_SOUNDNESS": 0.09494776278734207,
    "treatment": 0.033653076738119125
}