{
    "age": 0.004466969519853592,
    "tagged": 0.026332704350352287,
    "visited": 0.0013781451852992177,
    "conscious": 0.0010838760063052177,
    "breathing": 0.005620995536446571,
    "hrpmin": 0.003445484908297658,
    "avpu": 0.0018696249462664127,
    "unvisited_count": 0.004374328535050154,
    "injured_count": 0.01074914913624525,
    "environment_type": 0.0021893945522606373,
    "questioning": 0.11803816258907318,
    "assessing": 0.14763516187667847,
    "treating": 0.0004205394652672112,
    "tagging": 0.21810388565063477,
    "leaving": 0.3111205995082855,
    "HRA Strategy.time-resources.take-the-best": 0.0020156195387244225,
    "HRA Strategy.time-risk_reward_ratio.take-the-best": 0.003453332232311368,
    "HRA Strategy.time-system.exhaustive": 0.0020668781362473965,
    "HRA Strategy.time-system.tallying": 0.00022887693194206804,
    "HRA Strategy.time-system.one-bounce": 0.00014609485515393317,
    "HRA Strategy.resources-system.take-the-best": 0.0010348596842959523,
    "HRA Strategy.resources-system.exhaustive": 0.0001890665735118091,
    "HRA Strategy.risk_reward_ratio-system.exhaustive": 0.00338402739726007,
    "HRA Strategy.time-resources-system.exhaustive": 0.001393460901454091,
    "Take-The-Best Priority": 0.00010058904445031658,
    "Satisfactory Priority": 0.003435082733631134,
    "One-Bounce Priority": 0.012390399351716042,
    "pDeath": 0.0010980629594996572,
    "pPain": 0.00832221657037735,
    "pBrainInjury": 0.0028656981885433197,
    "pAirwayBlocked": 0.007702989503741264,
    "pInternalBleeding": 0.004804219584912062,
    "pExternalBleeding": 0.006264579948037863,
    "entropy": 0.012449255213141441,
    "entropyDeath": 0.0021777425426989794,
    "SEVERITY": 0.0030271424911916256,
    "SUPPLIES_REMAINING": 0.0005984530434943736,
    "AVERAGE_TIME_USED": 0.007684871554374695,
    "DAMAGE_PER_SECOND": 0.0002954405499622226,
    "MEDSIM_P_DEATH": 0.004758020397275686,
    "MEDSIM_P_DEATH_ONE_MIN_LATER": 0.0005018428200855851,
    "SEVEREST_SEVERITY": 0.0032441981602460146,
    "SEVEREST_SEVERITY_CHANGE": 8.913222700357437e-05,
    "WEIGHTED_RESOURCE_SCORE": 0.0013989731669425964,
    "INFORMATION_GAINED": 0.0036358400247991085,
    "treatment": 0.03602280467748642,
    "category": 0.006391188129782677
}