{
    "age": 0.02685796469449997,
    "tagged": 0.05118304118514061,
    "visited": 0.02347160503268242,
    "breathing": 0.010005535557866096,
    "hrpmin": 0.017898933961987495,
    "unvisited_count": 0.013375251553952694,
    "environment_type": 0.015241621062159538,
    "questioning": 0.07489447295665741,
    "assessing": 0.12771005928516388,
    "tagging": 0.07595054060220718,
    "leaving": 0.3616718053817749,
    "One-Bounce Priority": 0.046977829188108444,
    "pDeath": 0.012644132599234581,
    "pPain": 0.015529382973909378,
    "pBrainInjury": 0.01844421960413456,
    "pInternalBleeding": 0.007030917331576347,
    "pExternalBleeding": 0.007638887036591768,
    "entropy": 0.01170332171022892,
    "AVERAGE_TIME_USED": 0.010608838871121407,
    "SEVEREST_SEVERITY_CHANGE": 0.007976341992616653,
    "WEIGHTED_RESOURCE_SCORE": 0.010721120052039623,
    "treatment": 0.031863000243902206,
    "category": 0.020601091906428337
}