{
    "conscious": 0.0014286607038229704,
    "mental_status": 6.467067578341812e-05,
    "intent": 0.03402815759181976,
    "directness_of_causality": 0.20329995453357697,
    "aid_available": 0.18875955045223236,
    "treating": 0.28638342022895813,
    "HRA Strategy.time-risk_reward_ratio.one-bounce": 0.000833686615806073,
    "HRA Strategy.resources-system.take-the-best": 0.0009513788390904665,
    "HRA Strategy.risk_reward_ratio-system.one-bounce": 0.0015561114996671677,
    "HRA Strategy.time-resources-system.one-bounce": 0.0002521803544368595,
    "HRA Strategy.time-resources-risk_reward_ratio-system.one-bounce": 0.00029943324625492096,
    "Take-The-Best Priority": 0.0005089854821562767,
    "Satisfactory Priority": 0.0007753178360871971,
    "pDeath": 0.00015706174599472433,
    "pBrainInjury": 0.0002545602328609675,
    "pAirwayBlocked": 0.0001994400518015027,
    "pInternalBleeding": 0.0004273245285730809,
    "entropyDeath": 0.0005714555154554546,
    "SEVERITY": 0.00031479590688832104,
    "SUPPLIES_REMAINING": 0.0012039740104228258,
    "AVERAGE_TIME_USED": 0.008396435528993607,
    "DAMAGE_PER_SECOND": 0.00011903610720764846,
    "MEDSIM_P_DEATH": 8.43884190544486e-05,
    "SUPPLIES_USED": 0.2682850658893585,
    "WEIGHTED_RESOURCE_SCORE": 0.0002969990309793502,
    "treatment": 0.0005479339160956442
}