{
    "age": 0.006656681653112173,
    "tagged": 0.03390108793973923,
    "questioning": 0.29740047454833984,
    "assessing": 0.257418692111969,
    "tagging": 0.27443307638168335,
    "category": 0.010257762856781483,
    "One-Bounce Priority": 0.0267927385866642,
    "pPain": 0.014480753801763058,
    "entropy": 0.0076363785192370415,
    "AVERAGE_TIME_USED": 0.013145881704986095,
    "WEIGHTED_RESOURCE_SCORE": 0.011119455099105835,
    "INFORMATION_GAINED": 0.013794499449431896,
    "treatment": 0.032962534576654434
}