{
    "age": 0.14564837515354156,
    "tagged": 0.11213820427656174,
    "visited": 0.03205428272485733,
    "conscious": 0.05688460171222687,
    "questioning": 0.23772606253623962,
    "tagging": 0.040727801620960236,
    "category": 0.17326445877552032,
    "entropy": 0.033411942422389984,
    "SEVERITY": 0.045120544731616974,
    "DAMAGE_PER_SECOND": 0.05681435018777847,
    "SMOL_MEDICAL_SOUNDNESS": 0.02275867946445942,
    "treatment": 0.043450694531202316
}