{
    "age": 0.01098980475217104,
    "tagged": 0.04552174359560013,
    "visited": 0.0029049506410956383,
    "conscious": 0.0008154778042808175,
    "breathing": 0.005154784303158522,
    "hrpmin": 0.00698998523876071,
    "avpu": 0.004668666049838066,
    "unvisited_count": 0.008586123585700989,
    "injured_count": 0.013330657966434956,
    "environment_type": 0.0015769458841532469,
    "questioning": 0.19346535205841064,
    "assessing": 0.166412353515625,
    "treating": 0.00016637059161439538,
    "tagging": 0.21037812530994415,
    "leaving": 0.14159902930259705,
    "HRA Strategy.time-resources.take-the-best": 0.0023247827775776386,
    "HRA Strategy.time-resources.one-bounce": 0.0005071414634585381,
    "HRA Strategy.time-system.exhaustive": 0.0020489110611379147,
    "HRA Strategy.time-system.tallying": 0.0010513385059311986,
    "HRA Strategy.time-system.one-bounce": 0.0032316495198756456,
    "HRA Strategy.resources-risk_reward_ratio.one-bounce": 0.000267810799414292,
    "HRA Strategy.resources-system.take-the-best": 0.0012724371626973152,
    "HRA Strategy.resources-system.exhaustive": 0.002137655857950449,
    "Satisfactory Priority": 0.002351437695324421,
    "One-Bounce Priority": 0.024765294045209885,
    "pDeath": 0.004150900524109602,
    "pPain": 0.007391944527626038,
    "pBrainInjury": 0.0017088879831135273,
    "pAirwayBlocked": 0.006093798670917749,
    "pInternalBleeding": 0.005851034540683031,
    "pExternalBleeding": 0.009900863282382488,
    "entropy": 0.009966440498828888,
    "entropyDeath": 0.002226652344688773,
    "SEVERITY": 0.002680012257769704,
    "SUPPLIES_REMAINING": 0.000531836471054703,
    "AVERAGE_TIME_USED": 0.006178476382046938,
    "DAMAGE_PER_SECOND": 0.0005093422369100153,
    "MEDSIM_P_DEATH": 0.005668170750141144,
    "MEDSIM_P_DEATH_ONE_MIN_LATER": 0.004275012295693159,
    "SEVEREST_SEVERITY": 0.0019380543380975723,
    "SEVEREST_SEVERITY_CHANGE": 0.0003707661817315966,
    "WEIGHTED_RESOURCE_SCORE": 0.001918502850458026,
    "SMOL_MEDICAL_SOUNDNESS": 0.002287909621372819,
    "INFORMATION_GAINED": 0.024710340425372124,
    "treatment": 0.03972996771335602,
    "category": 0.009392189793288708
}