{
    "intent": 0.023590639233589172,
    "directness_of_causality": 0.211735799908638,
    "aid_available": 0.19626078009605408,
    "treating": 0.2952795624732971,
    "SUPPLIES_REMAINING": 0.0010724689345806837,
    "AVERAGE_TIME_USED": 0.0062303850427269936,
    "SUPPLIES_USED": 0.26583030819892883
}