{
    "age": 0.010122652165591717,
    "tagged": 0.03435483202338219,
    "conscious": 0.005768179427832365,
    "breathing": 0.006130784749984741,
    "questioning": 0.27287691831588745,
    "assessing": 0.26291972398757935,
    "tagging": 0.254015177488327,
    "category": 0.009989836253225803,
    "One-Bounce Priority": 0.030167963355779648,
    "pDeath": 0.008413227275013924,
    "pPain": 0.014665921218693256,
    "entropy": 0.012891891412436962,
    "AVERAGE_TIME_USED": 0.0199434794485569,
    "WEIGHTED_RESOURCE_SCORE": 0.007741032168269157,
    "INFORMATION_GAINED": 0.014594504609704018,
    "treatment": 0.035403843969106674
}