{
    "age": 0.014416432939469814,
    "tagged": 0.10972640663385391,
    "visited": 0.022518767043948174,
    "conscious": 0.0040060244500637054,
    "unvisited_count": 0.018395351245999336,
    "injured_count": 0.022446945309638977,
    "environment_type": 0.009124496951699257,
    "questioning": 0.2107560634613037,
    "assessing": 0.2802150845527649,
    "tagging": 0.00882784090936184,
    "leaving": 0.06852713972330093,
    "treatment": 0.05841750651597977,
    "HRA Strategy.time-resources.take-the-best": 0.0015752400504425168,
    "HRA Strategy.time-risk_reward_ratio.take-the-best": 0.012842469848692417,
    "Satisfactory Priority": 0.0022496364545077085,
    "One-Bounce Priority": 0.02791089564561844,
    "pDeath": 0.005885872058570385,
    "pPain": 0.022500425577163696,
    "pAirwayBlocked": 0.0013274966040626168,
    "pExternalBleeding": 0.018252810463309288,
    "AVERAGE_TIME_USED": 0.004840427543967962,
    "MEDSIM_P_DEATH_ONE_MIN_LATER": 0.02190975658595562,
    "SEVEREST_SEVERITY": 0.01618237793445587,
    "WEIGHTED_RESOURCE_SCORE": 0.008277181535959244,
    "SMOL_MEDICAL_SOUNDNESS": 0.005974758416414261,
    "INFORMATION_GAINED": 0.009733540005981922,
    "category": 0.013158941641449928
}