{
    "age": 0.03510790318250656,
    "tagged": 0.02980910614132881,
    "assessing": 0.34018686413764954,
    "tagging": 0.3781891465187073,
    "treatment": 0.04880930110812187,
    "HRA Strategy.time-system.tallying": 0.019028440117836,
    "Satisfactory Priority": 0.031501445919275284,
    "AVERAGE_TIME_USED": 0.029837194830179214,
    "MEDSIM_P_DEATH": 0.012821434997022152,
    "SMOL_MEDICAL_SOUNDNESS": 0.07470914721488953
}