{
    "age": 0.020113486796617508,
    "tagged": 0.024916961789131165,
    "environment_type": 0.0065711247734725475,
    "assessing": 0.4245927929878235,
    "tagging": 0.2411913424730301,
    "treatment": 0.052910447120666504,
    "HRA Strategy.time-system.tallying": 0.030523985624313354,
    "Satisfactory Priority": 0.026430653408169746,
    "pPain": 0.01294832956045866,
    "SEVERITY": 0.003444804111495614,
    "SUPPLIES_REMAINING": 0.002494590124115348,
    "AVERAGE_TIME_USED": 0.02236091159284115,
    "DAMAGE_PER_SECOND": 0.007484927773475647,
    "MEDSIM_P_DEATH": 0.0323389507830143,
    "SEVEREST_SEVERITY": 0.049615371972322464,
    "SMOL_MEDICAL_SOUNDNESS": 0.04206130653619766
}