{
    "age": 0.011149432510137558,
    "tagged": 0.027510667219758034,
    "visited": 0.006705688778311014,
    "conscious": 0.0008834718028083444,
    "breathing": 0.006366271059960127,
    "hrpmin": 0.01421800535172224,
    "avpu": 0.012408405542373657,
    "unvisited_count": 0.0029549910686910152,
    "injured_count": 0.01709156669676304,
    "environment_type": 0.001604620018042624,
    "questioning": 0.14912253618240356,
    "assessing": 0.1987174153327942,
    "tagging": 0.164669007062912,
    "leaving": 0.1492776870727539,
    "HRA Strategy.time-resources.take-the-best": 0.003415805986151099,
    "HRA Strategy.time-system.exhaustive": 0.0008927620365284383,
    "HRA Strategy.resources-system.take-the-best": 0.0010667454916983843,
    "HRA Strategy.resources-system.exhaustive": 0.004598397295922041,
    "Satisfactory Priority": 0.006136156152933836,
    "One-Bounce Priority": 0.042084429413080215,
    "pDeath": 0.012184017337858677,
    "pPain": 0.0049134790897369385,
    "pBrainInjury": 0.001082332688383758,
    "pAirwayBlocked": 0.002331915544345975,
    "pInternalBleeding": 0.005907192826271057,
    "pExternalBleeding": 0.005539457313716412,
    "entropy": 0.010780991986393929,
    "entropyDeath": 0.003466215915977955,
    "SEVERITY": 0.0023809904232621193,
    "AVERAGE_TIME_USED": 0.0025069809053093195,
    "DAMAGE_PER_SECOND": 0.0015913055976852775,
    "MEDSIM_P_DEATH": 0.009236770682036877,
    "WEIGHTED_RESOURCE_SCORE": 0.012615013867616653,
    "INFORMATION_GAINED": 0.05086882412433624,
    "treatment": 0.046373818069696426,
    "category": 0.007346628699451685
}