{
    "conscious": 0.002064905595034361,
    "mental_status": 0.0012347932206466794,
    "breathing": 0.016453728079795837,
    "intent": 0.04257644712924957,
    "directness_of_causality": 0.18776659667491913,
    "aid_available": 0.18028804659843445,
    "treating": 0.26348090171813965,
    "HRA Strategy.time-risk_reward_ratio.one-bounce": 0.001124561415053904,
    "HRA Strategy.resources-system.take-the-best": 0.001047634519636631,
    "HRA Strategy.risk_reward_ratio-system.one-bounce": 0.0015918267890810966,
    "HRA Strategy.time-resources-risk_reward_ratio-system.one-bounce": 0.00039377156645059586,
    "Take-The-Best Priority": 0.0005182636668905616,
    "Satisfactory Priority": 0.0007214853540062904,
    "pBrainInjury": 0.0003033199463970959,
    "pAirwayBlocked": 0.00017888180445879698,
    "pInternalBleeding": 0.0003782217390835285,
    "entropyDeath": 0.0003328142629470676,
    "SEVERITY": 0.0018106262432411313,
    "SUPPLIES_REMAINING": 0.0008535449160262942,
    "AVERAGE_TIME_USED": 0.009825807064771652,
    "DAMAGE_PER_SECOND": 0.0006841213908046484,
    "SEVERITY_CHANGE": 0.00014099689724389464,
    "SUPPLIES_USED": 0.24098064005374908,
    "SEVEREST_SEVERITY": 0.00022400045418180525,
    "SEVEREST_SEVERITY_CHANGE": 0.043672945350408554,
    "WEIGHTED_RESOURCE_SCORE": 0.0002027415466727689,
    "SMOL_MEDICAL_SOUNDNESS": 0.0005226591601967812,
    "treatment": 0.0006256251945160329
}