{
    "conscious": 0.0010493776062503457,
    "mental_status": 0.00016027165111154318,
    "avpu": 2.929375295934733e-05,
    "intent": 0.05689845606684685,
    "directness_of_causality": 0.19657082855701447,
    "aid_available": 0.18920482695102692,
    "treating": 0.2759897708892822,
    "HRA Strategy.time-risk_reward_ratio.one-bounce": 0.0008057848899625242,
    "HRA Strategy.resources-system.take-the-best": 0.0009291344904340804,
    "HRA Strategy.risk_reward_ratio-system.one-bounce": 0.0016162805259227753,
    "HRA Strategy.time-resources-risk_reward_ratio-system.one-bounce": 0.00030514257377944887,
    "Take-The-Best Priority": 0.00046904763439670205,
    "Satisfactory Priority": 0.0007112428429536521,
    "pDeath": 0.00014780847413931042,
    "pPain": 2.1968429791741073e-05,
    "pBrainInjury": 0.00041026584221981466,
    "pAirwayBlocked": 0.00016122566012199968,
    "pInternalBleeding": 0.00029603755683638155,
    "entropyDeath": 0.000544689130038023,
    "SEVERITY": 0.0010323808528482914,
    "SUPPLIES_REMAINING": 0.0011715816799551249,
    "AVERAGE_TIME_USED": 0.01010091695934534,
    "DAMAGE_PER_SECOND": 0.000692833389621228,
    "SEVERITY_CHANGE": 0.00011003273539245129,
    "SUPPLIES_USED": 0.2578330636024475,
    "SEVEREST_SEVERITY": 5.257637531030923e-05,
    "SEVEREST_SEVERITY_CHANGE": 0.0012049247743561864,
    "WEIGHTED_RESOURCE_SCORE": 0.0008371586445719004,
    "treatment": 0.0006430718931369483
}