{
    "tagged": 0.023822179064154625,
    "mental_status": 0.007920727133750916,
    "intent": 0.05181168019771576,
    "directness_of_causality": 0.08630715310573578,
    "aid_available": 0.056945741176605225,
    "treating": 0.20647625625133514,
    "HRA Strategy.time-resources.take-the-best": 0.01971582882106304,
    "HRA Strategy.resources-system.take-the-best": 0.04544012248516083,
    "SEVERITY": 0.08467993140220642,
    "AVERAGE_TIME_USED": 0.023213570937514305,
    "DAMAGE_PER_SECOND": 0.034546636044979095,
    "SUPPLIES_USED": 0.18768323957920074,
    "SMOL_MEDICAL_SOUNDNESS": 0.1319860816001892,
    "treatment": 0.039450809359550476
}