{
    "tagged": 0.016933375969529152,
    "unvisited_count": 0.0067253015004098415,
    "injured_count": 0.013516808860003948,
    "questioning": 0.2790393829345703,
    "assessing": 0.3084234893321991,
    "tagging": 0.14755947887897491,
    "leaving": 0.1253902167081833,
    "treatment": 0.021232860162854195,
    "One-Bounce Priority": 0.02246435172855854,
    "INFORMATION_GAINED": 0.04309383034706116,
    "category": 0.015620911493897438
}