{
    "conscious": 0.0006944991182535887,
    "breathing": 0.0004803686460945755,
    "intent": 0.1590261459350586,
    "directness_of_causality": 0.16896098852157593,
    "aid_available": 0.16848844289779663,
    "treating": 0.26819485425949097,
    "HRA Strategy.resources-system.take-the-best": 0.000981794553808868,
    "HRA Strategy.risk_reward_ratio-system.one-bounce": 0.0010503369849175215,
    "HRA Strategy.time-resources-system.one-bounce": 0.00023001110821496695,
    "HRA Strategy.time-resources-risk_reward_ratio-system.one-bounce": 0.00027618370950222015,
    "Take-The-Best Priority": 0.0003669757570605725,
    "Satisfactory Priority": 0.000929437461309135,
    "pDeath": 0.00040279762470163405,
    "pPain": 1.6801537640276365e-05,
    "pBrainInjury": 1.445581074221991e-05,
    "pAirwayBlocked": 0.00022012593399267644,
    "pInternalBleeding": 0.00034014700213447213,
    "entropyDeath": 0.00011079735850216821,
    "SEVERITY": 0.0001485504035372287,
    "SUPPLIES_REMAINING": 0.0008910485194064677,
    "AVERAGE_TIME_USED": 0.004503145348280668,
    "SEVERITY_CHANGE": 2.4208842660300434e-05,
    "SUPPLIES_USED": 0.22291967272758484,
    "SEVEREST_SEVERITY": 4.877429091720842e-05,
    "WEIGHTED_RESOURCE_SCORE": 9.587320528225973e-05,
    "SMOL_MEDICAL_SOUNDNESS": 0.0003415493993088603,
    "treatment": 0.00024205165391322225
}