{
    "directness_of_causality": 0.1198064535856247,
    "treating": 0.8003798127174377,
    "HRA Strategy.time-resources.take-the-best": 0.018682509660720825,
    "Take-The-Best Priority": 0.005587917752563953,
    "Satisfactory Priority": 0.05554328113794327
}