{
    "age": 0.0048164548352360725,
    "tagged": 0.047173261642456055,
    "visited": 0.002317398088052869,
    "conscious": 0.005807706620544195,
    "breathing": 0.024715615436434746,
    "avpu": 0.03656655177474022,
    "environment_type": 0.038389913737773895,
    "assessing": 0.1204436719417572,
    "tagging": 0.43842121958732605,
    "category": 0.0060937609523534775,
    "HRA Strategy.time-resources.take-the-best": 0.02638193592429161,
    "HRA Strategy.time-system.tallying": 0.043262701481580734,
    "One-Bounce Priority": 0.005858277436345816,
    "pPain": 0.0013699145056307316,
    "pBrainInjury": 0.011899497359991074,
    "pAirwayBlocked": 0.006146994885057211,
    "pInternalBleeding": 0.00900718942284584,
    "entropy": 0.002691165078431368,
    "entropyDeath": 0.001958285691216588,
    "SEVERITY": 0.008943159133195877,
    "SUPPLIES_REMAINING": 0.019490990787744522,
    "AVERAGE_TIME_USED": 0.0488763190805912,
    "DAMAGE_PER_SECOND": 0.028654223307967186,
    "MEDSIM_P_DEATH": 0.00877334363758564,
    "SEVEREST_SEVERITY": 0.00013062423386145383,
    "WEIGHTED_RESOURCE_SCORE": 0.0021945161279290915,
    "SMOL_MEDICAL_SOUNDNESS": 0.0079713836312294,
    "treatment": 0.04164392873644829
}