{
    "tagged": 0.025229597464203835,
    "conscious": 0.0005061790579929948,
    "mental_status": 0.00043617901974357665,
    "breathing": 0.06425141543149948,
    "intent": 0.12085432559251785,
    "directness_of_causality": 0.03583599627017975,
    "injured_count": 0.27134278416633606,
    "aid_available": 0.014906372874975204,
    "assessing": 0.010223486460745335,
    "treating": 0.20422156155109406,
    "HRA Strategy.risk_reward_ratio-system.one-bounce": 0.0097804581746459,
    "HRA Strategy.time-resources-system.one-bounce": 0.00048367370618507266,
    "HRA Strategy.resources-risk_reward_ratio-system.one-bounce": 0.0025802762247622013,
    "pBrainInjury": 0.11889534443616867,
    "pInternalBleeding": 0.0007033538422547281,
    "entropyDeath": 0.00015709341096226126,
    "SEVERITY": 0.04863160476088524,
    "SUPPLIES_REMAINING": 0.001241424586623907,
    "AVERAGE_TIME_USED": 0.012796251103281975,
    "DAMAGE_PER_SECOND": 0.001007824786938727,
    "SUPPLIES_USED": 0.05461027845740318,
    "SEVEREST_SEVERITY": 0.00011563800217118114,
    "WEIGHTED_RESOURCE_SCORE": 0.0003460894513409585,
    "treatment": 0.000842672714497894
}