age,tagged,relationship,breathing,hrpmin,avpu,unvisited_count,injured_count,environment_type,questioning,assessing,tagging,leaving,pDeath,pPain,pBrainInjury,pAirwayBlocked,pInternalBleeding,pExternalBleeding,entropy,entropyDeath,SUPPLIES_REMAINING,AVERAGE_TIME_USED,treatment,category
0.15352694690227509,0.061280958354473114,0.10409943014383316,0.016549667343497276,0.0035445571411401033,0.006481927819550037,0.0038821224588900805,0.02249034121632576,0.004078626167029142,0.11170569807291031,0.20287425816059113,0.043172918260097504,0.11691545695066452,0.007870272733271122,0.012888159602880478,0.007468506693840027,0.008967934176325798,0.0055994377471506596,0.011034013703465462,0.011853765696287155,0.010172790847718716,0.01820405386388302,0.004208172671496868,0.03419053927063942,0.01693941093981266
