{
    "age": 0.15352694690227509,
    "tagged": 0.061280958354473114,
    "relationship": 0.10409943014383316,
    "breathing": 0.016549667343497276,
    "hrpmin": 0.0035445571411401033,
    "avpu": 0.006481927819550037,
    "unvisited_count": 0.0038821224588900805,
    "injured_count": 0.02249034121632576,
    "environment_type": 0.004078626167029142,
    "questioning": 0.11170569807291031,
    "assessing": 0.20287425816059113,
    "tagging": 0.043172918260097504,
    "leaving": 0.11691545695066452,
    "pDeath": 0.007870272733271122,
    "pPain": 0.012888159602880478,
    "pBrainInjury": 0.007468506693840027,
    "pAirwayBlocked": 0.008967934176325798,
    "pInternalBleeding": 0.0055994377471506596,
    "pExternalBleeding": 0.011034013703465462,
    "entropy": 0.011853765696287155,
    "entropyDeath": 0.010172790847718716,
    "SUPPLIES_REMAINING": 0.01820405386388302,
    "AVERAGE_TIME_USED": 0.004208172671496868,
    "treatment": 0.03419053927063942,
    "category": 0.01693941093981266
}