{
    "tagged": 0.012772612273693085,
    "intent": 0.023805800825357437,
    "directness_of_causality": 0.3364104628562927,
    "treating": 0.5442538857460022,
    "HRA Strategy.time-resources.take-the-best": 0.02579960972070694,
    "HRA Strategy.resources-system.take-the-best": 0.015561318024992943,
    "HRA Strategy.risk_reward_ratio-system.one-bounce": 0.0007792982505634427,
    "Take-The-Best Priority": 0.008718962781131268,
    "Satisfactory Priority": 0.03189811483025551
}