{
    "tagged": 0.006700857542455196,
    "conscious": 0.199996218085289,
    "mental_status": 0.0003509634989313781,
    "breathing": 0.005104796029627323,
    "intent": 0.020979098975658417,
    "directness_of_causality": 0.050118062645196915,
    "unvisited_count": 0.0005270562251098454,
    "aid_available": 0.020820580422878265,
    "treating": 0.057275187224149704,
    "HRA Strategy.resources-system.take-the-best": 0.0008862466202117503,
    "HRA Strategy.risk_reward_ratio-system.one-bounce": 0.06092081591486931,
    "HRA Strategy.resources-risk_reward_ratio-system.one-bounce": 0.0006154242437332869,
    "HRA Strategy.time-resources-risk_reward_ratio-system.one-bounce": 0.00020548657630570233,
    "Take-The-Best Priority": 0.00073647202225402,
    "pDeath": 0.0003070370585191995,
    "pPain": 0.00013579420919995755,
    "pAirwayBlocked": 5.239946403889917e-05,
    "pInternalBleeding": 0.013323230668902397,
    "SEVERITY": 0.011896822601556778,
    "SUPPLIES_REMAINING": 0.0008435071795247495,
    "AVERAGE_TIME_USED": 0.028275836259126663,
    "DAMAGE_PER_SECOND": 0.00021306148846633732,
    "MEDSIM_P_DEATH_ONE_MIN_LATER": 0.1631029099225998,
    "SUPPLIES_USED": 0.03826438635587692,
    "SEVEREST_SEVERITY": 0.002881755819544196,
    "SEVEREST_SEVERITY_CHANGE": 0.2324802726507187,
    "WEIGHTED_RESOURCE_SCORE": 0.0004446779494173825,
    "SMOL_MEDICAL_SOUNDNESS": 0.08197145909070969,
    "treatment": 0.0005696014850400388
}