age,tagged,visited,relationship,breathing,hrpmin,avpu,unvisited_count,injured_count,environment_type,questioning,assessing,tagging,leaving,pDeath,pPain,pBrainInjury,pAirwayBlocked,pInternalBleeding,pExternalBleeding,entropy,entropyDeath,SUPPLIES_REMAINING,AVERAGE_TIME_USED,SEVEREST_SEVERITY_CHANGE,treatment,category
0.15233013033866882,0.061067093163728714,0.0038884978275746107,0.11011559516191483,0.020349046215415,0.0025821838062256575,0.006792332045733929,0.003848325926810503,0.02711789682507515,0.004169390071183443,0.10585348308086395,0.17822271585464478,0.04702843725681305,0.11282320320606232,0.007530031725764275,0.014357523992657661,0.006416529882699251,0.010053585283458233,0.005862743593752384,0.015862345695495605,0.012714950367808342,0.010403404943645,0.021200088784098625,0.004929982591420412,0.0024769846349954605,0.034948673099279404,0.017054835334420204
