{
    "questioning": 0.5035396814346313,
    "assessing": 0.49646034836769104
}