{
    "visited": 0.00014251323591452092,
    "intent": 0.26359823346138,
    "directness_of_causality": 0.34830015897750854,
    "injured_count": 0.010707217268645763,
    "treating": 0.3483729958534241,
    "HRA Strategy.time-resources.one-bounce": 0.00024569983361288905,
    "HRA Strategy.resources-system.take-the-best": 0.0027136553544551134,
    "HRA Strategy.time-resources-system.one-bounce": 0.0016935525927692652,
    "pDeath": 0.00018633122090250254,
    "pBrainInjury": 0.012774785980582237,
    "SEVERITY": 0.00036199489841237664,
    "AVERAGE_TIME_USED": 0.0027984757907688618,
    "DAMAGE_PER_SECOND": 0.004501348827034235,
    "SEVERITY_CHANGE": 0.0005206260248087347,
    "SEVEREST_SEVERITY_CHANGE": 0.00121850217692554,
    "WEIGHTED_RESOURCE_SCORE": 0.001692119287326932,
    "treatment": 0.00017177511472254992
}