{
    "age": 0.07800962030887604,
    "tagged": 0.47211289405822754,
    "SEVERITY": 0.0662359893321991,
    "DAMAGE_PER_SECOND": 0.3836415410041809
}