{
    "questioning": 0.3510633707046509,
    "assessing": 0.3446086645126343,
    "tagging": 0.08759746700525284,
    "leaving": 0.21673040091991425
}