{
    "conscious": 0.001014387933537364,
    "breathing": 0.00021629032562486827,
    "intent": 0.160434752702713,
    "directness_of_causality": 0.15556126832962036,
    "aid_available": 0.16292420029640198,
    "treating": 0.27888041734695435,
    "HRA Strategy.resources-system.take-the-best": 0.001001373864710331,
    "HRA Strategy.risk_reward_ratio-system.one-bounce": 0.0011243373155593872,
    "HRA Strategy.time-resources-system.one-bounce": 0.00031954210135154426,
    "HRA Strategy.time-resources-risk_reward_ratio-system.one-bounce": 0.0002941516868304461,
    "Take-The-Best Priority": 0.00038734189001843333,
    "Satisfactory Priority": 0.001005929079838097,
    "pAirwayBlocked": 0.00026674181572161615,
    "SUPPLIES_REMAINING": 0.0009285896667279303,
    "AVERAGE_TIME_USED": 0.003398205153644085,
    "SUPPLIES_USED": 0.23187197744846344,
    "treatment": 0.00037051839171908796
}