{
    "age": 0.058143436908721924,
    "tagged": 0.010405762121081352,
    "visited": 0.01390458270907402,
    "assessing": 0.20884157717227936,
    "tagging": 0.40379995107650757,
    "treatment": 0.08668709546327591,
    "Satisfactory Priority": 0.045552659779787064,
    "One-Bounce Priority": 0.019363587722182274,
    "pAirwayBlocked": 0.012374570593237877,
    "SEVERITY": 0.005685488693416119,
    "SUPPLIES_REMAINING": 0.020047912374138832,
    "AVERAGE_TIME_USED": 0.06688029319047928,
    "MEDSIM_P_DEATH_ONE_MIN_LATER": 0.02133815735578537,
    "category": 0.026974987238645554
}