{
    "intent": 0.019985593855381012,
    "directness_of_causality": 0.22759410738945007,
    "aid_available": 0.2165033221244812,
    "treating": 0.3107931315898895,
    "SUPPLIES_REMAINING": 0.0006948887603357434,
    "SUPPLIES_USED": 0.2244289219379425
}