{
    "age": 0.0019354799296706915,
    "tagged": 0.042068805545568466,
    "breathing": 0.0042417049407958984,
    "hrpmin": 0.008343842811882496,
    "unvisited_count": 0.006083929445594549,
    "injured_count": 0.004420515149831772,
    "environment_type": 0.003330868436023593,
    "questioning": 0.19812409579753876,
    "assessing": 0.19942094385623932,
    "tagging": 0.17318253219127655,
    "leaving": 0.20978188514709473,
    "HRA Strategy.time-resources.take-the-best": 0.002714999718591571,
    "Satisfactory Priority": 0.0034302102867513895,
    "One-Bounce Priority": 0.02407030574977398,
    "pDeath": 0.0014174364041537046,
    "pPain": 0.005238708108663559,
    "pInternalBleeding": 0.0053887446410954,
    "pExternalBleeding": 0.014381853863596916,
    "entropy": 0.010474513284862041,
    "SEVERITY": 0.0017673192778602242,
    "AVERAGE_TIME_USED": 0.008690796792507172,
    "MEDSIM_P_DEATH": 0.007376179099082947,
    "MEDSIM_P_DEATH_ONE_MIN_LATER": 0.002746142912656069,
    "WEIGHTED_RESOURCE_SCORE": 0.0011768067488446832,
    "SMOL_MEDICAL_SOUNDNESS": 0.0020838503260165453,
    "treatment": 0.049790993332862854,
    "category": 0.008316600695252419
}