{
    "conscious": 0.01564691588282585,
    "breathing": 0.00014185038162395358,
    "hrpmin": 0.0030365902930498123,
    "intent": 0.19742360711097717,
    "directness_of_causality": 0.17035406827926636,
    "aid_available": 0.12316753715276718,
    "treating": 0.2128746211528778,
    "HRA Strategy.risk_reward_ratio-system.one-bounce": 0.0013511418364942074,
    "HRA Strategy.time-resources-system.one-bounce": 0.0004670718335546553,
    "HRA Strategy.resources-risk_reward_ratio-system.one-bounce": 0.001084917108528316,
    "HRA Strategy.time-resources-risk_reward_ratio-system.one-bounce": 0.00038974519702605903,
    "pBrainInjury": 2.2670745238428935e-05,
    "pAirwayBlocked": 0.00016458537720609456,
    "pExternalBleeding": 0.0004964597756043077,
    "SEVERITY": 0.0038582959678024054,
    "SUPPLIES_REMAINING": 0.0008782464428804815,
    "AVERAGE_TIME_USED": 0.018184423446655273,
    "DAMAGE_PER_SECOND": 0.0001524435356259346,
    "SEVERITY_CHANGE": 0.0003127270028926432,
    "SUPPLIES_USED": 0.1911224126815796,
    "SEVEREST_SEVERITY": 4.7828227252466604e-05,
    "WEIGHTED_RESOURCE_SCORE": 0.0001648346078582108,
    "SMOL_MEDICAL_SOUNDNESS": 0.05758238211274147,
    "treatment": 0.0010745696490630507
}