{
    "intent": 0.035389941185712814,
    "directness_of_causality": 0.17878490686416626,
    "aid_available": 0.17474254965782166,
    "treating": 0.28610917925834656,
    "HRA Strategy.time-risk_reward_ratio.one-bounce": 0.0008435467607341707,
    "HRA Strategy.risk_reward_ratio-system.one-bounce": 0.0012129491660743952,
    "Take-The-Best Priority": 0.0007258531404659152,
    "entropyDeath": 0.0005227418732829392,
    "SUPPLIES_REMAINING": 0.11695833504199982,
    "AVERAGE_TIME_USED": 0.006395107135176659,
    "SUPPLIES_USED": 0.19797976315021515,
    "treatment": 0.00033515668474137783
}