intent,directness_of_causality,aid_available,treating,HRA Strategy.time-risk_reward_ratio.one-bounce,HRA Strategy.risk_reward_ratio-system.one-bounce,Take-The-Best Priority,entropyDeath,SUPPLIES_REMAINING,AVERAGE_TIME_USED,SUPPLIES_USED,treatment
0.035389941185712814,0.17878490686416626,0.17474254965782166,0.28610917925834656,0.0008435467607341707,0.0012129491660743952,0.0007258531404659152,0.0005227418732829392,0.11695833504199982,0.006395107135176659,0.19797976315021515,0.00033515668474137783
