age,tagged,relationship,breathing,avpu,injured_count,environment_type,questioning,assessing,tagging,leaving,pDeath,pPain,pBrainInjury,pAirwayBlocked,pInternalBleeding,pExternalBleeding,entropy,entropyDeath,SUPPLIES_REMAINING,AVERAGE_TIME_USED,treatment,category
0.1434447020292282,0.055079612880945206,0.10252457857131958,0.026176979765295982,0.006485314574092627,0.02739434316754341,0.004212434869259596,0.107058085501194,0.19925521314144135,0.05228743329644203,0.1323554366827011,0.006338653154671192,0.012467248365283012,0.006787899881601334,0.010767713189125061,0.006177449598908424,0.009505451656877995,0.011584829539060593,0.01033819280564785,0.014884416945278645,0.004409496672451496,0.03592613339424133,0.014538411051034927
