{
    "others_tagged_or_uninjured": 0.15642808377742767,
    "aid_available": 0.10512083768844604,
    "treating": 0.104556143283844,
    "Take-The-Best Priority": 0.03340767323970795,
    "SEVERITY": 0.02548551745712757,
    "SUPPLIES_REMAINING": 0.004740848205983639,
    "AVERAGE_TIME_USED": 0.05966407060623169,
    "SUPPLIES_USED": 0.005572309251874685,
    "SEVEREST_SEVERITY": 1.8786551663652062e-05,
    "WEIGHTED_RESOURCE_SCORE": 0.005124201066792011,
    "SMOL_MEDICAL_SOUNDNESS": 0.041321299970149994,
    "HRA Strategy.time-system.satisfactory": 0.011757472530007362,
    "HRA Strategy.time-resources-risk_reward_ratio.one-bounce": 0.15718446671962738,
    "HRA Strategy.resources-system.exhaustive": 0.00551649322733283,
    "HRA Strategy.time-resources-system.one-bounce": 0.012371256947517395,
    "pExternalBleeding": 0.0011707303347066045,
    "pDeath": 0.004816124681383371,
    "HRA Strategy.risk_reward_ratio-system.one-bounce": 0.00407617399469018,
    "directness_of_causality": 0.12008201330900192,
    "treatment": 0.14158543944358826
}