{
    "age": 0.009679784066975117,
    "tagged": 0.04621642082929611,
    "visited": 0.0023443871177732944,
    "conscious": 0.0007984232506714761,
    "breathing": 0.004958415403962135,
    "hrpmin": 0.007749003358185291,
    "avpu": 0.00450983876362443,
    "unvisited_count": 0.008342215791344643,
    "injured_count": 0.012783451937139034,
    "environment_type": 0.001565864309668541,
    "questioning": 0.1856660097837448,
    "assessing": 0.16801133751869202,
    "tagging": 0.2083461582660675,
    "leaving": 0.15806204080581665,
    "HRA Strategy.time-resources.take-the-best": 0.0021532729733735323,
    "HRA Strategy.time-resources.one-bounce": 0.0004639936378225684,
    "HRA Strategy.time-system.exhaustive": 0.0021588564850389957,
    "HRA Strategy.time-system.tallying": 0.00030847566085867584,
    "HRA Strategy.time-system.one-bounce": 0.003100795205682516,
    "HRA Strategy.resources-system.take-the-best": 0.0012019103160127997,
    "HRA Strategy.resources-system.exhaustive": 0.0019426110666245222,
    "Satisfactory Priority": 0.0019192316103726625,
    "One-Bounce Priority": 0.022586490958929062,
    "pDeath": 0.004301390610635281,
    "pPain": 0.00650367233902216,
    "pBrainInjury": 0.0013248109025880694,
    "pAirwayBlocked": 0.005568936932832003,
    "pInternalBleeding": 0.005627742502838373,
    "pExternalBleeding": 0.009608333930373192,
    "entropy": 0.009433613158762455,
    "entropyDeath": 0.0021942739840596914,
    "SEVERITY": 0.002603753935545683,
    "SUPPLIES_REMAINING": 0.0005415655905380845,
    "AVERAGE_TIME_USED": 0.006071833427995443,
    "DAMAGE_PER_SECOND": 0.0004167761653661728,
    "MEDSIM_P_DEATH": 0.008673482574522495,
    "MEDSIM_P_DEATH_ONE_MIN_LATER": 0.0036032283678650856,
    "SEVEREST_SEVERITY": 0.0016103016678243876,
    "WEIGHTED_RESOURCE_SCORE": 0.0016531022265553474,
    "SMOL_MEDICAL_SOUNDNESS": 0.002138855867087841,
    "INFORMATION_GAINED": 0.02370978333055973,
    "treatment": 0.03996305167675018,
    "category": 0.009582425467669964
}