{
    "tagged": 0.020082900300621986,
    "questioning": 0.2640814185142517,
    "assessing": 0.3568372130393982,
    "tagging": 0.06360673159360886,
    "leaving": 0.22327227890491486,
    "One-Bounce Priority": 0.030959486961364746,
    "treatment": 0.041159894317388535
}