{
    "treating": 0.8864394426345825,
    "SUPPLIES_USED": 0.1135605052113533
}