{
    "age": 0.01387246698141098,
    "tagged": 0.05304866284132004,
    "conscious": 0.035808417946100235,
    "injured_count": 0.08597081899642944,
    "environment_type": 0.015098747797310352,
    "questioning": 0.21940511465072632,
    "assessing": 0.12953145802021027,
    "treating": 0.016894450411200523,
    "tagging": 0.06388095766305923,
    "category": 0.022426258772611618,
    "One-Bounce Priority": 0.00876666884869337,
    "pDeath": 0.03151533007621765,
    "pPain": 0.01008041575551033,
    "pBrainInjury": 0.02227025106549263,
    "pExternalBleeding": 0.013963788747787476,
    "SEVERITY": 0.024047501385211945,
    "AVERAGE_TIME_USED": 0.02218225598335266,
    "SEVEREST_SEVERITY": 0.08667256683111191,
    "treatment": 0.12456388026475906
}