{
    "age": 0.03812074661254883,
    "breathing": 0.02287467196583748,
    "environment_type": 0.060855403542518616,
    "questioning": 0.16939818859100342,
    "tagging": 0.21833500266075134,
    "category": 0.034899406135082245,
    "pPain": 0.04741493612527847,
    "entropy": 0.03269679844379425,
    "SEVERITY": 0.012719254940748215,
    "AVERAGE_TIME_USED": 0.16247998178005219,
    "MEDSIM_P_DEATH": 0.03238270804286003,
    "INFORMATION_GAINED": 0.03259684517979622,
    "treatment": 0.13522598147392273
}