{
    "tagged": 0.012680440209805965,
    "conscious": 0.0021208999678492546,
    "breathing": 0.020696232095360756,
    "intent": 0.1286650449037552,
    "directness_of_causality": 0.03219505399465561,
    "aid_available": 0.046837110072374344,
    "treating": 0.10805743932723999,
    "HRA Strategy.time-resources.take-the-best": 0.0006591700948774815,
    "HRA Strategy.resources-risk_reward_ratio.one-bounce": 0.0005500853294506669,
    "HRA Strategy.risk_reward_ratio-system.one-bounce": 0.0004506516852416098,
    "HRA Strategy.resources-risk_reward_ratio-system.one-bounce": 0.00042596968705765903,
    "Take-The-Best Priority": 0.000603002030402422,
    "pInternalBleeding": 0.01001356728374958,
    "pExternalBleeding": 0.009251192212104797,
    "entropyDeath": 0.0013425961369648576,
    "SEVERITY": 0.005822244565933943,
    "SUPPLIES_REMAINING": 0.005615593865513802,
    "AVERAGE_TIME_USED": 0.0098057696595788,
    "MEDSIM_P_DEATH_ONE_MIN_LATER": 0.36818206310272217,
    "SUPPLIES_USED": 0.05449327826499939,
    "SEVEREST_SEVERITY": 0.0010717477416619658,
    "SEVEREST_SEVERITY_CHANGE": 0.027381328865885735,
    "SMOL_MEDICAL_SOUNDNESS": 0.153079554438591
}