{
    "age": 0.0022529237903654575,
    "tagged": 0.03984694182872772,
    "breathing": 0.002531167585402727,
    "hrpmin": 0.007732207886874676,
    "unvisited_count": 0.006474203430116177,
    "injured_count": 0.004597205203026533,
    "environment_type": 0.0032741192262619734,
    "questioning": 0.20505163073539734,
    "assessing": 0.2066430151462555,
    "tagging": 0.1998157948255539,
    "leaving": 0.18638816475868225,
    "HRA Strategy.time-resources.take-the-best": 0.0024170291144400835,
    "Satisfactory Priority": 0.002768628066405654,
    "One-Bounce Priority": 0.0267594326287508,
    "pDeath": 0.001877853530459106,
    "pPain": 0.004997594282031059,
    "pInternalBleeding": 0.005761351902037859,
    "pExternalBleeding": 0.01625763811171055,
    "entropy": 0.009355772286653519,
    "AVERAGE_TIME_USED": 0.011354977265000343,
    "MEDSIM_P_DEATH": 0.003803703933954239,
    "MEDSIM_P_DEATH_ONE_MIN_LATER": 0.0019043592037633061,
    "SMOL_MEDICAL_SOUNDNESS": 0.0025933932047337294,
    "treatment": 0.03770500421524048,
    "category": 0.007836000993847847
}