{
    "age": 0.038540106266736984,
    "tagged": 0.0003730815660674125,
    "visited": 0.02614952065050602,
    "conscious": 0.010174384340643883,
    "breathing": 0.019920160993933678,
    "avpu": 0.0025329426862299442,
    "environment_type": 0.04284539446234703,
    "questioning": 0.1173986867070198,
    "tagging": 0.2623198330402374,
    "category": 0.028998209163546562,
    "HRA Strategy.time-resources.take-the-best": 0.005857040174305439,
    "HRA Strategy.time-risk_reward_ratio.take-the-best": 0.005654186941683292,
    "pPain": 0.047821901738643646,
    "pBrainInjury": 0.004341799300163984,
    "pAirwayBlocked": 0.0006520501337945461,
    "pInternalBleeding": 0.0013186191208660603,
    "entropy": 0.05222627520561218,
    "entropyDeath": 0.0012018331326544285,
    "SEVERITY": 0.014447218738496304,
    "SUPPLIES_REMAINING": 0.0020058362279087305,
    "AVERAGE_TIME_USED": 0.12096498906612396,
    "DAMAGE_PER_SECOND": 0.0007849202957004309,
    "MEDSIM_P_DEATH": 0.020979294553399086,
    "MEDSIM_P_DEATH_ONE_MIN_LATER": 0.0004542736569419503,
    "SEVEREST_SEVERITY": 0.0016621764516457915,
    "WEIGHTED_RESOURCE_SCORE": 0.01011460367590189,
    "SMOL_MEDICAL_SOUNDNESS": 0.03214658424258232,
    "INFORMATION_GAINED": 0.02935020998120308,
    "treatment": 0.09876388311386108
}