{
    "questioning": 0.33229508996009827,
    "assessing": 0.3742673695087433,
    "tagging": 0.0696621909737587,
    "leaving": 0.22377535700798035
}