conscious,intent,directness_of_causality,aid_available,treating,HRA Strategy.time-risk_reward_ratio.one-bounce,HRA Strategy.risk_reward_ratio-system.one-bounce,HRA Strategy.time-resources-risk_reward_ratio-system.one-bounce,Take-The-Best Priority,Satisfactory Priority,One-Bounce Priority,pBrainInjury,entropyDeath,SEVERITY,SUPPLIES_REMAINING,AVERAGE_TIME_USED,DAMAGE_PER_SECOND,MEDSIM_P_DEATH,SUPPLIES_USED,SMOL_MEDICAL_SOUNDNESS,treatment
0.001177314785309136,0.03834744915366173,0.18570545315742493,0.17795470356941223,0.2813761830329895,0.0005863762926310301,0.001570546068251133,0.00023685370979364961,0.0004919570055790246,0.0004235880041960627,0.0,0.00029584229923784733,0.0005198974395170808,0.00030338464421220124,0.1058620736002922,0.006753291469067335,0.0002235013380413875,0.00033896954846568406,0.19693562388420105,0.00032987233134917915,0.0005671607214026153
