{
    "age": 0.012415854260325432,
    "tagged": 0.039240457117557526,
    "visited": 0.012924608774483204,
    "breathing": 0.008957965299487114,
    "hrpmin": 0.027507102116942406,
    "avpu": 0.003341222880408168,
    "unvisited_count": 0.010454267263412476,
    "injured_count": 0.008124563843011856,
    "environment_type": 0.006707339081913233,
    "questioning": 0.2760722041130066,
    "assessing": 0.23290732502937317,
    "tagging": 0.11406609416007996,
    "leaving": 0.024693744257092476,
    "One-Bounce Priority": 0.024030938744544983,
    "pDeath": 0.004972737282514572,
    "pPain": 0.006958601530641317,
    "pBrainInjury": 0.009397879242897034,
    "pAirwayBlocked": 0.00617109052836895,
    "pInternalBleeding": 0.010086823254823685,
    "pExternalBleeding": 0.007909792475402355,
    "entropy": 0.009860286489129066,
    "entropyDeath": 0.027108261361718178,
    "SEVERITY": 0.007972675375640392,
    "AVERAGE_TIME_USED": 0.011373652145266533,
    "MEDSIM_P_DEATH": 0.00551691884174943,
    "SMOL_MEDICAL_SOUNDNESS": 0.010952952317893505,
    "INFORMATION_GAINED": 0.03570151329040527,
    "treatment": 0.03315132111310959,
    "category": 0.011421668343245983
}