{
    "tagged": 0.030948182567954063,
    "conscious": 0.008485376834869385,
    "breathing": 0.08632270991802216,
    "hrpmin": 0.003305170452222228,
    "intent": 0.08538256585597992,
    "directness_of_causality": 0.13884326815605164,
    "aid_available": 0.003310044063255191,
    "treating": 0.037888601422309875,
    "HRA Strategy.time-resources.take-the-best": 0.024402113631367683,
    "HRA Strategy.resources-system.take-the-best": 0.016352253034710884,
    "HRA Strategy.time-resources-system.one-bounce": 0.001065524062141776,
    "entropyDeath": 0.0015252348966896534,
    "SEVERITY": 0.04220328852534294,
    "AVERAGE_TIME_USED": 0.03716545179486275,
    "DAMAGE_PER_SECOND": 0.0009388627368025482,
    "SUPPLIES_USED": 0.0010366907808929682,
    "WEIGHTED_RESOURCE_SCORE": 0.0029653527308255434,
    "SMOL_MEDICAL_SOUNDNESS": 0.26631808280944824,
    "treatment": 0.21154122054576874
}