{
    "mental_status": 0.004306892864406109,
    "intent": 0.03386300429701805,
    "directness_of_causality": 0.19716708362102509,
    "aid_available": 0.13994838297367096,
    "treating": 0.24827145040035248,
    "HRA Strategy.time-resources.take-the-best": 0.006472170352935791,
    "SEVERITY": 0.005701757036149502,
    "AVERAGE_TIME_USED": 0.009251737035810947,
    "SUPPLIES_USED": 0.20750948786735535,
    "SMOL_MEDICAL_SOUNDNESS": 0.1375032365322113,
    "treatment": 0.010004834271967411
}