{
    "age": 0.0029633361846208572,
    "tagged": 0.009249270893633366,
    "breathing": 0.00425221212208271,
    "hrpmin": 0.01131634134799242,
    "injured_count": 0.006205788813531399,
    "questioning": 0.1527131050825119,
    "assessing": 0.12813276052474976,
    "tagging": 0.06877980381250381,
    "leaving": 0.533252477645874,
    "treatment": 0.014098526909947395,
    "Satisfactory Priority": 0.004686176776885986,
    "One-Bounce Priority": 0.01849357783794403,
    "pPain": 0.0035284897312521935,
    "pBrainInjury": 0.003790853777900338,
    "pInternalBleeding": 0.0034201075322926044,
    "entropy": 0.008236341178417206,
    "AVERAGE_TIME_USED": 0.005084764678031206,
    "INFORMATION_GAINED": 0.016383616253733635,
    "category": 0.005412524566054344
}