{
    "questioning": 0.3299653232097626,
    "assessing": 0.41680580377578735,
    "tagging": 0.05046268552541733,
    "leaving": 0.17825886607170105,
    "treatment": 0.02450731210410595
}