{
    "age": 0.0071842544712126255,
    "tagged": 0.029991390183568,
    "visited": 0.0045511177740991116,
    "conscious": 0.009551542811095715,
    "breathing": 0.027182064950466156,
    "hrpmin": 0.011579531244933605,
    "avpu": 0.001667494303546846,
    "environment_type": 0.0066055902279913425,
    "questioning": 0.12333806604146957,
    "assessing": 0.15238681435585022,
    "treating": 0.0006228606216609478,
    "tagging": 0.14356698095798492,
    "leaving": 0.30664703249931335,
    "treatment": 0.02286611683666706,
    "HRA Strategy.time-resources.take-the-best": 0.0015101731987670064,
    "HRA Strategy.time-system.exhaustive": 0.0015478456625714898,
    "HRA Strategy.resources-system.take-the-best": 0.00034332339419052005,
    "HRA Strategy.resources-system.exhaustive": 0.010580497793853283,
    "Satisfactory Priority": 0.0037712727207690477,
    "pDeath": 0.018479323014616966,
    "pPain": 0.006501944735646248,
    "pBrainInjury": 0.006462591700255871,
    "pAirwayBlocked": 0.003782309591770172,
    "pInternalBleeding": 0.009971524588763714,
    "entropy": 0.0021619212348014116,
    "entropyDeath": 0.011648294515907764,
    "SEVERITY": 0.0029425816610455513,
    "AVERAGE_TIME_USED": 0.0014792070724070072,
    "DAMAGE_PER_SECOND": 0.0013545588590204716,
    "MEDSIM_P_DEATH": 0.0076384940184652805,
    "MEDSIM_P_DEATH_ONE_MIN_LATER": 0.0010292596416547894,
    "SEVERITY_CHANGE": 0.0048665632493793964,
    "SEVEREST_SEVERITY": 0.0030222851783037186,
    "WEIGHTED_RESOURCE_SCORE": 0.0034146837424486876,
    "SMOL_MEDICAL_SOUNDNESS": 0.002975048730149865,
    "INFORMATION_GAINED": 0.03783339634537697,
    "category": 0.008942058309912682
}