{
    "tagged": 0.07937796413898468,
    "environment_type": 0.02591855637729168,
    "questioning": 0.34412604570388794,
    "assessing": 0.20190036296844482,
    "leaving": 0.14433079957962036,
    "category": 0.03422112017869949,
    "pBrainInjury": 0.03028964251279831,
    "entropyDeath": 0.05236852169036865,
    "INFORMATION_GAINED": 0.05516733229160309,
    "treatment": 0.032299693673849106
}