{
    "tagged": 2.3635982870473526e-05,
    "mental_status": 0.005960398819297552,
    "breathing": 0.00011331673158565536,
    "hrpmin": 3.94884918932803e-05,
    "avpu": 9.427551412954926e-05,
    "intent": 0.03852783516049385,
    "directness_of_causality": 0.17548584938049316,
    "aid_available": 0.14166152477264404,
    "treating": 0.24147453904151917,
    "HRA Strategy.time-risk_reward_ratio.one-bounce": 0.0006269540172070265,
    "HRA Strategy.risk_reward_ratio-system.one-bounce": 0.001262931851670146,
    "HRA Strategy.resources-risk_reward_ratio-system.one-bounce": 0.001178799313493073,
    "HRA Strategy.time-resources-risk_reward_ratio-system.one-bounce": 0.00034161939402110875,
    "Take-The-Best Priority": 0.0016454339493066072,
    "Satisfactory Priority": 0.0009624804370105267,
    "One-Bounce Priority": 0.0004938783240504563,
    "pDeath": 0.0006346480804495513,
    "pPain": 6.250916339922696e-05,
    "pBrainInjury": 0.00037936490844003856,
    "pAirwayBlocked": 0.0002863581757992506,
    "pInternalBleeding": 0.0002947061148006469,
    "SEVERITY": 0.0023408415727317333,
    "SUPPLIES_REMAINING": 0.0015473014209419489,
    "AVERAGE_TIME_USED": 0.0044734543189406395,
    "SEVERITY_CHANGE": 4.2627918446669355e-05,
    "SUPPLIES_USED": 0.2081402987241745,
    "SEVEREST_SEVERITY_CHANGE": 0.0008759548654779792,
    "WEIGHTED_RESOURCE_SCORE": 0.0005724634975194931,
    "SMOL_MEDICAL_SOUNDNESS": 0.16939020156860352,
    "treatment": 0.0010662348940968513
}