{
    "age": 0.008724600076675415,
    "tagged": 0.022765371948480606,
    "breathing": 0.008875913918018341,
    "unvisited_count": 0.01263644453138113,
    "injured_count": 0.020944159477949142,
    "questioning": 0.2234381139278412,
    "assessing": 0.24696771800518036,
    "tagging": 0.1594390720129013,
    "leaving": 0.16061249375343323,
    "One-Bounce Priority": 0.03401823714375496,
    "entropy": 0.005366702098399401,
    "AVERAGE_TIME_USED": 0.004401173908263445,
    "INFORMATION_GAINED": 0.04374902695417404,
    "treatment": 0.03769592195749283,
    "category": 0.010365010239183903
}