{
    "tagged": 1.4624010873376392e-05,
    "conscious": 0.001964893890544772,
    "mental_status": 0.003842464881017804,
    "breathing": 0.02234623208642006,
    "avpu": 0.00014841894153505564,
    "intent": 0.042539529502391815,
    "directness_of_causality": 0.1857597976922989,
    "aid_available": 0.17024081945419312,
    "treating": 0.2507215440273285,
    "HRA Strategy.time-risk_reward_ratio.one-bounce": 0.0008200480369850993,
    "HRA Strategy.resources-system.take-the-best": 0.0008580110152252018,
    "HRA Strategy.risk_reward_ratio-system.one-bounce": 0.0015147281810641289,
    "HRA Strategy.time-resources-system.one-bounce": 0.00013531075092032552,
    "HRA Strategy.time-resources-risk_reward_ratio-system.one-bounce": 0.00024655318702571094,
    "Take-The-Best Priority": 0.0006104924832470715,
    "Satisfactory Priority": 0.0006978200981393456,
    "One-Bounce Priority": 0.00023656095436308533,
    "pDeath": 7.139875378925353e-05,
    "pPain": 2.952867725980468e-05,
    "pBrainInjury": 0.0003027223574463278,
    "pAirwayBlocked": 0.00020616414258256555,
    "pInternalBleeding": 0.0005771339638158679,
    "entropy": 1.3840541214449331e-05,
    "entropyDeath": 0.0005253201234154403,
    "SEVERITY": 0.004673311486840248,
    "SUPPLIES_REMAINING": 0.000808184442576021,
    "AVERAGE_TIME_USED": 0.008964011445641518,
    "DAMAGE_PER_SECOND": 0.0006509866216219962,
    "SEVERITY_CHANGE": 0.00016215314099099487,
    "SUPPLIES_USED": 0.22930902242660522,
    "SEVEREST_SEVERITY": 0.00013229908654466271,
    "SEVEREST_SEVERITY_CHANGE": 0.06926348060369492,
    "WEIGHTED_RESOURCE_SCORE": 0.0002526582102291286,
    "SMOL_MEDICAL_SOUNDNESS": 0.0004973446484655142,
    "treatment": 0.0008626757771708071
}