{
    "environment_type": 0.28124499320983887,
    "category": 0.7172979116439819,
    "SUPPLIES_REMAINING": 0.001457073027268052
}