{
    "age": 0.00881966669112444,
    "tagged": 0.020831041038036346,
    "visited": 0.006005092058330774,
    "conscious": 0.0028760875575244427,
    "breathing": 0.006949872709810734,
    "hrpmin": 0.004243307281285524,
    "avpu": 0.0002597794809844345,
    "unvisited_count": 0.02666093222796917,
    "injured_count": 0.004761602729558945,
    "environment_type": 0.0026626568287611008,
    "questioning": 0.14436161518096924,
    "assessing": 0.1056501716375351,
    "treating": 0.0008347491384483874,
    "tagging": 0.13341139256954193,
    "leaving": 0.41013455390930176,
    "treatment": 0.018046949058771133,
    "HRA Strategy.time-resources.take-the-best": 0.0017227167263627052,
    "HRA Strategy.time-system.exhaustive": 0.0029100116807967424,
    "HRA Strategy.time-system.tallying": 0.0002682313206605613,
    "HRA Strategy.resources-risk_reward_ratio.take-the-best": 0.0002977588737849146,
    "HRA Strategy.resources-risk_reward_ratio.one-bounce": 0.0007197253871709108,
    "HRA Strategy.resources-system.take-the-best": 0.0005834390758536756,
    "HRA Strategy.resources-system.exhaustive": 0.0014349048724398017,
    "Satisfactory Priority": 0.001833472982980311,
    "One-Bounce Priority": 0.016513250768184662,
    "pDeath": 0.0010179852833971381,
    "pPain": 0.005026708357036114,
    "pBrainInjury": 0.010741136036813259,
    "pAirwayBlocked": 0.0021438447292894125,
    "pInternalBleeding": 0.005266210995614529,
    "pExternalBleeding": 0.004322520922869444,
    "entropy": 0.010024219751358032,
    "entropyDeath": 0.0013646242441609502,
    "SEVERITY": 0.0012657683109864593,
    "SUPPLIES_REMAINING": 0.0003878770221490413,
    "AVERAGE_TIME_USED": 0.006423779297620058,
    "MEDSIM_P_DEATH": 0.015220064669847488,
    "MEDSIM_P_DEATH_ONE_MIN_LATER": 0.0005899521638639271,
    "SEVEREST_SEVERITY": 0.0006420890567824244,
    "SEVEREST_SEVERITY_CHANGE": 0.0005324497469700873,
    "WEIGHTED_RESOURCE_SCORE": 0.0031832540407776833,
    "SMOL_MEDICAL_SOUNDNESS": 0.0008208139915950596,
    "INFORMATION_GAINED": 0.00325197190977633,
    "category": 0.0049817501567304134
}