{
    "age": 0.020305147394537926,
    "tagged": 0.02611839398741722,
    "visited": 0.026721108704805374,
    "unvisited_count": 0.0559866763651371,
    "environment_type": 0.027321405708789825,
    "questioning": 0.18533991277217865,
    "assessing": 0.13722911477088928,
    "tagging": 0.053274329751729965,
    "leaving": 0.250935822725296,
    "One-Bounce Priority": 0.10501480102539062,
    "pPain": 0.02135801687836647,
    "treatment": 0.05288469046354294,
    "category": 0.037510599941015244
}