{
    "age": 0.007067583967000246,
    "tagged": 0.03329673781991005,
    "conscious": 0.01410217210650444,
    "breathing": 0.059242088347673416,
    "hrpmin": 0.010290016420185566,
    "avpu": 0.0042629968374967575,
    "unvisited_count": 0.01608087867498398,
    "environment_type": 0.00991026870906353,
    "questioning": 0.17543236911296844,
    "assessing": 0.16076995432376862,
    "tagging": 0.30307039618492126,
    "leaving": 0.003921558614820242,
    "category": 0.0077699096873402596,
    "HRA Strategy.time-resources.take-the-best": 0.001731834257952869,
    "HRA Strategy.time-system.tallying": 0.01610269956290722,
    "HRA Strategy.time-system.one-bounce": 0.00029019222711212933,
    "HRA Strategy.resources-system.take-the-best": 0.000868912145961076,
    "Satisfactory Priority": 0.010152405127882957,
    "pDeath": 0.023321615532040596,
    "pPain": 0.005613211076706648,
    "pBrainInjury": 0.01366479229182005,
    "pAirwayBlocked": 0.0014586804900318384,
    "pInternalBleeding": 0.004292535595595837,
    "pExternalBleeding": 0.010845910757780075,
    "entropy": 0.000976143463049084,
    "entropyDeath": 0.015190167352557182,
    "SEVERITY": 0.0027912354562431574,
    "SUPPLIES_REMAINING": 0.0012705717235803604,
    "AVERAGE_TIME_USED": 0.01846054382622242,
    "DAMAGE_PER_SECOND": 0.0032607947941869497,
    "MEDSIM_P_DEATH": 0.0008460025419481099,
    "MEDSIM_P_DEATH_ONE_MIN_LATER": 0.009619858115911484,
    "SEVERITY_CHANGE": 0.0008784094825387001,
    "SEVEREST_SEVERITY": 0.0010204729624092579,
    "SEVEREST_SEVERITY_CHANGE": 0.0007975338958203793,
    "WEIGHTED_RESOURCE_SCORE": 0.005848572123795748,
    "INFORMATION_GAINED": 0.0037171775475144386,
    "treatment": 0.041762761771678925
}