{
    "age": 0.029496103525161743,
    "tagged": 0.2831380069255829,
    "hrpmin": 0.0340539813041687,
    "environment_type": 0.10645158588886261,
    "category": 0.03188304975628853,
    "HRA Strategy.time-resources.take-the-best": 0.002950455294921994,
    "pDeath": 0.00900948978960514,
    "SEVERITY": 0.06793534010648727,
    "SUPPLIES_REMAINING": 0.002350832801312208,
    "AVERAGE_TIME_USED": 0.0498870313167572,
    "WEIGHTED_RESOURCE_SCORE": 0.01549175102263689,
    "treatment": 0.3673523962497711
}