{
    "age": 0.009978940710425377,
    "tagged": 0.01636539027094841,
    "conscious": 0.005775938741862774,
    "breathing": 0.01138116605579853,
    "hrpmin": 0.02981865033507347,
    "avpu": 0.002354743191972375,
    "unvisited_count": 0.008251429535448551,
    "environment_type": 0.003855763701722026,
    "questioning": 0.14175570011138916,
    "assessing": 0.2565995156764984,
    "treating": 0.0261104516685009,
    "tagging": 0.1859283447265625,
    "HRA Strategy.time-resources.take-the-best": 0.004633919335901737,
    "Satisfactory Priority": 0.007393278647214174,
    "One-Bounce Priority": 0.042951904237270355,
    "pPain": 0.01156038511544466,
    "pInternalBleeding": 0.002549809170886874,
    "pExternalBleeding": 0.009383195079863071,
    "entropy": 0.023432396352291107,
    "entropyDeath": 0.007949773222208023,
    "SEVERITY": 0.004234972409904003,
    "AVERAGE_TIME_USED": 0.02838357724249363,
    "MEDSIM_P_DEATH": 0.0344274677336216,
    "MEDSIM_P_DEATH_ONE_MIN_LATER": 0.00296794343739748,
    "WEIGHTED_RESOURCE_SCORE": 0.002765784738585353,
    "INFORMATION_GAINED": 0.05333929508924484,
    "treatment": 0.05430860072374344,
    "category": 0.011541696265339851
}