{
    "conscious": 0.001827051630243659,
    "mental_status": 0.024973593652248383,
    "breathing": 0.19950087368488312,
    "intent": 0.04945770651102066,
    "directness_of_causality": 0.14737653732299805,
    "aid_available": 0.008045348338782787,
    "treating": 0.2317170351743698,
    "HRA Strategy.time-resources.take-the-best": 0.006167151965200901,
    "HRA Strategy.time-resources.one-bounce": 0.022431695833802223,
    "HRA Strategy.time-risk_reward_ratio.one-bounce": 0.0010137391509488225,
    "HRA Strategy.resources-risk_reward_ratio.one-bounce": 0.16088201105594635,
    "HRA Strategy.resources-system.take-the-best": 0.053950242698192596,
    "HRA Strategy.risk_reward_ratio-system.one-bounce": 0.002183535136282444,
    "HRA Strategy.resources-risk_reward_ratio-system.one-bounce": 0.0015730704180896282,
    "Take-The-Best Priority": 0.00024612818378955126,
    "pDeath": 0.0001362095063086599,
    "pPain": 0.00010228584869764745,
    "pInternalBleeding": 0.00019571771554183215,
    "entropy": 0.00025865124189294875,
    "entropyDeath": 0.007206201087683439,
    "SEVERITY": 0.0005428462172858417,
    "AVERAGE_TIME_USED": 0.03573215752840042,
    "SUPPLIES_USED": 0.04095133766531944,
    "SEVEREST_SEVERITY": 0.00023703838814981282,
    "WEIGHTED_RESOURCE_SCORE": 0.0013483783695846796,
    "treatment": 0.0019434982677921653
}