{
    "tagged": 0.055632494390010834,
    "conscious": 0.019447602331638336,
    "mental_status": 0.04256707802414894,
    "intent": 0.10138165205717087,
    "directness_of_causality": 0.0741989016532898,
    "aid_available": 0.01702192611992359,
    "treating": 0.09496108442544937,
    "HRA Strategy.time-resources.take-the-best": 0.020061835646629333,
    "Take-The-Best Priority": 0.02151056006550789,
    "pInternalBleeding": 0.03864981234073639,
    "SEVERITY": 0.09437201917171478,
    "AVERAGE_TIME_USED": 0.1617165207862854,
    "SUPPLIES_USED": 0.017437823116779327,
    "WEIGHTED_RESOURCE_SCORE": 0.022839253768324852,
    "SMOL_MEDICAL_SOUNDNESS": 0.17263410985469818,
    "treatment": 0.04556740075349808
}