{
    "age": 0.008633730001747608,
    "tagged": 0.03298596665263176,
    "visited": 0.00039857177762314677,
    "conscious": 0.002707945415750146,
    "breathing": 0.015316479839384556,
    "hrpmin": 0.01101882103830576,
    "avpu": 0.0019429160747677088,
    "unvisited_count": 0.0018301669042557478,
    "injured_count": 0.015145821496844292,
    "environment_type": 0.0036191903054714203,
    "questioning": 0.10646328330039978,
    "assessing": 0.188589945435524,
    "treating": 0.005151514429599047,
    "tagging": 0.15278853476047516,
    "leaving": 0.29774531722068787,
    "HRA Strategy.time-resources.take-the-best": 0.0050109149888157845,
    "HRA Strategy.time-system.exhaustive": 0.0008221413008868694,
    "HRA Strategy.resources-risk_reward_ratio.take-the-best": 0.0002780641079880297,
    "HRA Strategy.resources-system.take-the-best": 0.00032214619568549097,
    "HRA Strategy.resources-system.exhaustive": 0.003314295085147023,
    "Take-The-Best Priority": 0.0003126695519313216,
    "Satisfactory Priority": 0.0017642179736867547,
    "One-Bounce Priority": 0.022334976121783257,
    "pDeath": 0.002545264782384038,
    "pPain": 0.008399557322263718,
    "pBrainInjury": 0.0012232314329594374,
    "pAirwayBlocked": 0.006268260069191456,
    "pInternalBleeding": 0.0030628135427832603,
    "pExternalBleeding": 0.0030914938542991877,
    "entropy": 0.009123196825385094,
    "entropyDeath": 0.005307171959429979,
    "SEVERITY": 0.0050223227590322495,
    "SUPPLIES_REMAINING": 0.000723299861419946,
    "AVERAGE_TIME_USED": 0.0020098285749554634,
    "DAMAGE_PER_SECOND": 0.002962882397696376,
    "MEDSIM_P_DEATH": 0.012381627224385738,
    "MEDSIM_P_DEATH_ONE_MIN_LATER": 0.0027501836884766817,
    "SEVERITY_CHANGE": 0.004144288599491119,
    "SEVEREST_SEVERITY": 0.0004588777956087142,
    "SEVEREST_SEVERITY_CHANGE": 0.004436148796230555,
    "WEIGHTED_RESOURCE_SCORE": 0.0025422300677746534,
    "SMOL_MEDICAL_SOUNDNESS": 0.0034569124691188335,
    "INFORMATION_GAINED": 0.005671476945281029,
    "treatment": 0.029510892927646637,
    "category": 0.006410424597561359
}