{
    "age": 0.015866119414567947,
    "tagged": 0.04860994964838028,
    "visited": 0.004583459813147783,
    "conscious": 0.001201097620651126,
    "breathing": 0.006717405281960964,
    "hrpmin": 0.015008125454187393,
    "avpu": 0.002169462386518717,
    "unvisited_count": 0.001438512816093862,
    "injured_count": 0.020154127851128578,
    "environment_type": 0.0028827341739088297,
    "questioning": 0.11012758314609528,
    "assessing": 0.18308496475219727,
    "treating": 0.013713269494473934,
    "tagging": 0.20274481177330017,
    "leaving": 0.07669994235038757,
    "HRA Strategy.time-resources.take-the-best": 0.002945020329207182,
    "HRA Strategy.time-system.exhaustive": 0.007154135033488274,
    "HRA Strategy.resources-system.take-the-best": 0.0006823377916589379,
    "HRA Strategy.resources-system.exhaustive": 0.0006254182080738246,
    "Satisfactory Priority": 0.007732998114079237,
    "One-Bounce Priority": 0.03289090842008591,
    "pDeath": 0.002522624796256423,
    "pPain": 0.009997093118727207,
    "pBrainInjury": 0.00037470003007911146,
    "pAirwayBlocked": 0.010537835769355297,
    "pInternalBleeding": 0.0047075869515538216,
    "pExternalBleeding": 0.012628713622689247,
    "entropy": 0.013460750691592693,
    "entropyDeath": 0.017692478373646736,
    "SEVERITY": 0.003644020529463887,
    "SUPPLIES_REMAINING": 0.0010902711655944586,
    "AVERAGE_TIME_USED": 0.004005531780421734,
    "DAMAGE_PER_SECOND": 0.0004922589287161827,
    "MEDSIM_P_DEATH": 0.03560212627053261,
    "MEDSIM_P_DEATH_ONE_MIN_LATER": 0.0030825294088572264,
    "SEVEREST_SEVERITY": 0.00042625307105481625,
    "SEVEREST_SEVERITY_CHANGE": 0.0009409495396539569,
    "WEIGHTED_RESOURCE_SCORE": 0.0007009457913227379,
    "SMOL_MEDICAL_SOUNDNESS": 0.005042960401624441,
    "INFORMATION_GAINED": 0.06103194132447243,
    "treatment": 0.04238829389214516,
    "category": 0.01259777881205082
}