{
    "age": 0.015825528651475906,
    "tagged": 0.030077064409852028,
    "visited": 0.005484885070472956,
    "breathing": 0.005520592909306288,
    "hrpmin": 0.014474465511739254,
    "avpu": 0.0018292664317414165,
    "injured_count": 0.023126548156142235,
    "environment_type": 0.0027840733528137207,
    "questioning": 0.10968747735023499,
    "assessing": 0.19838586449623108,
    "treating": 0.015215389430522919,
    "tagging": 0.23606210947036743,
    "leaving": 0.09741520881652832,
    "HRA Strategy.time-resources.take-the-best": 0.0021264462266117334,
    "Satisfactory Priority": 0.012760354205965996,
    "One-Bounce Priority": 0.03896429389715195,
    "pPain": 0.007777058985084295,
    "pAirwayBlocked": 0.004426158498972654,
    "pInternalBleeding": 0.004017329309135675,
    "pExternalBleeding": 0.012678610160946846,
    "entropy": 0.012249304912984371,
    "entropyDeath": 0.014971739612519741,
    "SEVERITY": 0.002697024028748274,
    "AVERAGE_TIME_USED": 0.004303199704736471,
    "MEDSIM_P_DEATH": 0.015514172613620758,
    "SMOL_MEDICAL_SOUNDNESS": 0.0035970876924693584,
    "INFORMATION_GAINED": 0.060801368206739426,
    "treatment": 0.036273110657930374,
    "category": 0.010954353027045727
}