{
    "treating": 0.8951884508132935,
    "AVERAGE_TIME_USED": 0.10481154918670654
}