{
    "Take-The-Best Priority": 0.3885226845741272,
    "Satisfactory Priority": 0.002663929481059313,
    "SEVERITY": 0.008149245753884315,
    "SUPPLIES_USED": 0.005331334192305803,
    "SMOL_MEDICAL_SOUNDNESS": 0.5926154255867004,
    "mental_status": 0.002717358525842428
}