{
    "breathing": 0.06624897569417953,
    "intent": 0.4048630893230438,
    "directness_of_causality": 0.10364986956119537,
    "treating": 0.3722425103187561,
    "SUPPLIES_USED": 0.05299554765224457
}