{
    "age": 0.007219265680760145,
    "tagged": 0.035316843539476395,
    "visited": 0.0021233088336884975,
    "conscious": 0.002134189009666443,
    "breathing": 0.005658088251948357,
    "hrpmin": 0.004174969159066677,
    "avpu": 0.0012829622719436884,
    "unvisited_count": 0.010017217136919498,
    "injured_count": 0.009925716556608677,
    "environment_type": 0.0013059842167422175,
    "questioning": 0.17757467925548553,
    "assessing": 0.1851767599582672,
    "tagging": 0.24689510464668274,
    "leaving": 0.14509040117263794,
    "HRA Strategy.time-resources.take-the-best": 0.0016230725450441241,
    "HRA Strategy.resources-system.take-the-best": 0.0006732149049639702,
    "Satisfactory Priority": 0.003967150114476681,
    "One-Bounce Priority": 0.02296403981745243,
    "pDeath": 0.002869716379791498,
    "pPain": 0.00587652251124382,
    "pBrainInjury": 0.0022964864037930965,
    "pAirwayBlocked": 0.00398394325748086,
    "pInternalBleeding": 0.0054774354211986065,
    "pExternalBleeding": 0.012307540513575077,
    "entropy": 0.011736716143786907,
    "entropyDeath": 0.004492911044508219,
    "SEVERITY": 0.0021624057553708553,
    "AVERAGE_TIME_USED": 0.002999804215505719,
    "MEDSIM_P_DEATH": 0.006600738503038883,
    "MEDSIM_P_DEATH_ONE_MIN_LATER": 0.0016831415705382824,
    "SEVEREST_SEVERITY": 0.0032024006359279156,
    "WEIGHTED_RESOURCE_SCORE": 0.002456498099491,
    "SMOL_MEDICAL_SOUNDNESS": 0.0012678354978561401,
    "INFORMATION_GAINED": 0.02971775270998478,
    "treatment": 0.03039909154176712,
    "category": 0.0073460801504552364
}