{
    "questioning": 0.4874972105026245,
    "assessing": 0.3466470539569855,
    "tagging": 0.0813436433672905,
    "One-Bounce Priority": 0.027617495507001877,
    "treatment": 0.05689460411667824
}