{
    "tagged": 0.020774081349372864,
    "conscious": 0.023097719997167587,
    "breathing": 0.016198083758354187,
    "intent": 0.3036365509033203,
    "directness_of_causality": 0.05798019468784332,
    "aid_available": 0.0016429187962785363,
    "questioning": 0.008633864112198353,
    "treating": 0.09662328660488129,
    "HRA Strategy.time-resources.take-the-best": 0.02325359731912613,
    "HRA Strategy.resources-system.take-the-best": 0.029514379799365997,
    "HRA Strategy.risk_reward_ratio-system.one-bounce": 0.001987787429243326,
    "HRA Strategy.time-resources-system.exhaustive": 0.005934899672865868,
    "Take-The-Best Priority": 0.002180982381105423,
    "entropyDeath": 0.003347733523696661,
    "SEVERITY": 0.046631842851638794,
    "AVERAGE_TIME_USED": 0.0279923677444458,
    "SEVERITY_CHANGE": 0.007865273393690586,
    "SUPPLIES_USED": 0.07836588472127914,
    "WEIGHTED_RESOURCE_SCORE": 0.0019263658905401826,
    "SMOL_MEDICAL_SOUNDNESS": 0.12471337616443634,
    "treatment": 0.115507110953331,
    "category": 0.002191690495237708
}