{
    "tagged": 0.024157682433724403,
    "mental_status": 0.0050028045661747456,
    "intent": 0.1357572376728058,
    "directness_of_causality": 0.1137043684720993,
    "treating": 0.12783180177211761,
    "SEVERITY": 0.02399812638759613,
    "SEVERITY_CHANGE": 0.22908838093280792,
    "SMOL_MEDICAL_SOUNDNESS": 0.24428384006023407,
    "treatment": 0.08522649854421616,
    "category": 0.010949213057756424
}