{
    "age": 0.015997959300875664,
    "conscious": 0.06324360519647598,
    "breathing": 0.046502601355314255,
    "avpu": 0.016069762408733368,
    "environment_type": 0.15041084587574005,
    "assessing": 0.17363998293876648,
    "tagging": 0.21739421784877777,
    "category": 0.024475758895277977,
    "HRA Strategy.time-resources.take-the-best": 0.0009011616348288953,
    "HRA Strategy.time-system.tallying": 0.0013967062113806605,
    "HRA Strategy.time-system.one-bounce": 0.0016371114179491997,
    "Satisfactory Priority": 0.015593050047755241,
    "pDeath": 0.0014890521997585893,
    "pPain": 0.022274348884820938,
    "pBrainInjury": 0.0035413173027336597,
    "pInternalBleeding": 0.02457238733768463,
    "pExternalBleeding": 0.00610289117321372,
    "entropy": 0.008751855231821537,
    "entropyDeath": 0.020763961598277092,
    "SEVERITY": 0.026531066745519638,
    "SUPPLIES_REMAINING": 0.0034087642561644316,
    "AVERAGE_TIME_USED": 0.057336922734975815,
    "DAMAGE_PER_SECOND": 0.005170667544007301,
    "MEDSIM_P_DEATH": 0.03695150092244148,
    "SEVEREST_SEVERITY": 0.0008203948964364827,
    "WEIGHTED_RESOURCE_SCORE": 0.02877483144402504,
    "treatment": 0.026247268542647362
}