{
    "age": 0.03865502029657364,
    "tagged": 0.055730462074279785,
    "conscious": 0.03045472502708435,
    "breathing": 0.060182418674230576,
    "injured_count": 0.06530251353979111,
    "environment_type": 0.00606699101626873,
    "questioning": 0.19780611991882324,
    "category": 0.06936437636613846,
    "HRA Strategy.time-resources.take-the-best": 0.020015228539705276,
    "HRA Strategy.resources-risk_reward_ratio.one-bounce": 0.008842541836202145,
    "Satisfactory Priority": 0.011774132028222084,
    "pBrainInjury": 0.007179508917033672,
    "pAirwayBlocked": 0.012143588624894619,
    "pInternalBleeding": 0.15311697125434875,
    "pExternalBleeding": 0.015380713157355785,
    "entropy": 0.009094216860830784,
    "entropyDeath": 0.03422758728265762,
    "SEVERITY": 0.006536244880408049,
    "SUPPLIES_REMAINING": 0.01859743706882,
    "DAMAGE_PER_SECOND": 0.013501202687621117,
    "MEDSIM_P_DEATH": 0.007248593959957361,
    "MEDSIM_P_DEATH_ONE_MIN_LATER": 0.033397126942873,
    "SMOL_MEDICAL_SOUNDNESS": 0.08940082788467407,
    "treatment": 0.03598150610923767
}