{
    "conscious": 0.0006333977798931301,
    "intent": 0.170200914144516,
    "directness_of_causality": 0.14894504845142365,
    "aid_available": 0.16056007146835327,
    "treating": 0.2797182500362396,
    "HRA Strategy.resources-system.take-the-best": 0.0010461865458637476,
    "HRA Strategy.risk_reward_ratio-system.one-bounce": 0.0011316909221932292,
    "Take-The-Best Priority": 0.00012012364459224045,
    "Satisfactory Priority": 0.001006752485409379,
    "SUPPLIES_REMAINING": 0.0008279132889583707,
    "AVERAGE_TIME_USED": 0.003476119600236416,
    "SUPPLIES_USED": 0.23194517195224762,
    "treatment": 0.00038840313209220767
}