{
    "mental_status": 0.002488094847649336,
    "intent": 0.030034851282835007,
    "directness_of_causality": 0.17461510002613068,
    "aid_available": 0.1663653701543808,
    "treating": 0.2671258747577667,
    "Take-The-Best Priority": 0.0022553494200110435,
    "SEVERITY": 0.0013420560862869024,
    "SUPPLIES_REMAINING": 0.0014785192906856537,
    "AVERAGE_TIME_USED": 0.003180884290486574,
    "SUPPLIES_USED": 0.2214718461036682,
    "SMOL_MEDICAL_SOUNDNESS": 0.12964202463626862
}