{
    "age": 0.008975787088274956,
    "tagged": 0.015809858217835426,
    "visited": 0.004862056579440832,
    "conscious": 0.0027674874290823936,
    "breathing": 0.006584270857274532,
    "hrpmin": 0.004167377017438412,
    "avpu": 0.00048090078053064644,
    "unvisited_count": 0.022975439205765724,
    "injured_count": 0.004688781686127186,
    "environment_type": 0.0027034012600779533,
    "questioning": 0.1421540528535843,
    "assessing": 0.10403458774089813,
    "treating": 0.0008221365278586745,
    "tagging": 0.15763579308986664,
    "leaving": 0.403862863779068,
    "treatment": 0.017613984644412994,
    "HRA Strategy.time-resources.take-the-best": 0.0029890190344303846,
    "HRA Strategy.time-resources.one-bounce": 0.00015618905308656394,
    "HRA Strategy.time-system.exhaustive": 0.00288883107714355,
    "HRA Strategy.time-system.tallying": 0.0006526806391775608,
    "HRA Strategy.resources-risk_reward_ratio.take-the-best": 0.0002905392902903259,
    "HRA Strategy.resources-risk_reward_ratio.one-bounce": 0.0007078714552335441,
    "HRA Strategy.resources-system.take-the-best": 0.0004726601473521441,
    "HRA Strategy.resources-system.exhaustive": 0.001288923667743802,
    "Satisfactory Priority": 0.001727510360069573,
    "One-Bounce Priority": 0.01653886027634144,
    "pDeath": 0.0011178740533068776,
    "pPain": 0.004635540768504143,
    "pBrainInjury": 0.010553916916251183,
    "pAirwayBlocked": 0.003036077367141843,
    "pInternalBleeding": 0.004951891489326954,
    "pExternalBleeding": 0.004716862458735704,
    "entropy": 0.009713437408208847,
    "entropyDeath": 0.001400445937179029,
    "SEVERITY": 0.0012911411467939615,
    "SUPPLIES_REMAINING": 0.00038520939415320754,
    "AVERAGE_TIME_USED": 0.00644346559420228,
    "DAMAGE_PER_SECOND": 0.00022268510656431317,
    "MEDSIM_P_DEATH": 0.009265358559787273,
    "MEDSIM_P_DEATH_ONE_MIN_LATER": 0.0015112014953047037,
    "SEVERITY_CHANGE": 0.00011409261060180143,
    "SEVEREST_SEVERITY": 0.0009263813844881952,
    "SEVEREST_SEVERITY_CHANGE": 0.0007820012397132814,
    "WEIGHTED_RESOURCE_SCORE": 0.002245830139145255,
    "SMOL_MEDICAL_SOUNDNESS": 0.0008082622662186623,
    "INFORMATION_GAINED": 0.0032022432424128056,
    "category": 0.004824134521186352
}