{
    "tagged": 5.6423905334668234e-05,
    "conscious": 0.15693649649620056,
    "hrpmin": 7.515909965150058e-05,
    "intent": 0.03159622475504875,
    "injured_count": 0.07518810033798218,
    "assessing": 0.0002962836006190628,
    "treating": 0.2736966609954834,
    "Take-The-Best Priority": 0.000472232059109956,
    "pDeath": 0.00017066318832803518,
    "pPain": 0.00030437775421887636,
    "pBrainInjury": 0.11841569095849991,
    "pAirwayBlocked": 0.0002961416612379253,
    "pInternalBleeding": 0.00018934714898932725,
    "SEVERITY": 0.015905167907476425,
    "SUPPLIES_REMAINING": 0.00017321719496976584,
    "AVERAGE_TIME_USED": 0.03076949156820774,
    "DAMAGE_PER_SECOND": 0.0009305690764449537,
    "SUPPLIES_USED": 0.09265066683292389,
    "SEVEREST_SEVERITY": 0.011340382508933544,
    "SEVEREST_SEVERITY_CHANGE": 0.0003867406048811972,
    "WEIGHTED_RESOURCE_SCORE": 0.0012947145150974393,
    "HRA Strategy.time-resources-risk_reward_ratio-system.one-bounce": 0.0003552509588189423,
    "HRA Strategy.time-system.one-bounce": 0.00209982180967927,
    "treatment": 0.006251264363527298,
    "HRA Strategy.time-risk_reward_ratio.one-bounce": 0.1801489144563675
}