{
    "age": 0.022477224469184875,
    "tagged": 0.046022918075323105,
    "conscious": 0.004015940707176924,
    "unvisited_count": 0.030706873163580894,
    "injured_count": 0.00857133325189352,
    "environment_type": 0.010104846209287643,
    "questioning": 0.13616828620433807,
    "assessing": 0.18102237582206726,
    "treating": 0.006333496887236834,
    "tagging": 0.17402002215385437,
    "category": 0.012587690725922585,
    "HRA Strategy.time-resources.take-the-best": 0.0036051853094249964,
    "Satisfactory Priority": 0.0036942840088158846,
    "One-Bounce Priority": 0.05416339635848999,
    "pDeath": 0.00508269015699625,
    "pPain": 0.011191719211637974,
    "pAirwayBlocked": 0.028917746618390083,
    "pInternalBleeding": 0.009322438389062881,
    "pExternalBleeding": 0.016726044937968254,
    "entropy": 0.004525348544120789,
    "entropyDeath": 0.010081803426146507,
    "SEVERITY": 0.0084975091740489,
    "AVERAGE_TIME_USED": 0.02080087549984455,
    "DAMAGE_PER_SECOND": 0.01499299518764019,
    "MEDSIM_P_DEATH": 0.0037061756011098623,
    "SEVERITY_CHANGE": 0.002989603905007243,
    "SEVEREST_SEVERITY": 0.0024365170393139124,
    "SEVEREST_SEVERITY_CHANGE": 0.05314533784985542,
    "WEIGHTED_RESOURCE_SCORE": 0.015111913904547691,
    "INFORMATION_GAINED": 0.054468147456645966,
    "treatment": 0.04450923949480057
}