{
    "conscious": 0.002095380099490285,
    "mental_status": 0.0010436951415613294,
    "breathing": 0.016694340854883194,
    "intent": 0.04252937063574791,
    "directness_of_causality": 0.19200143218040466,
    "aid_available": 0.18294858932495117,
    "treating": 0.2673688530921936,
    "HRA Strategy.time-risk_reward_ratio.one-bounce": 0.0011411579325795174,
    "HRA Strategy.resources-system.take-the-best": 0.0010395679855719209,
    "HRA Strategy.risk_reward_ratio-system.one-bounce": 0.0016153192846104503,
    "HRA Strategy.time-resources-risk_reward_ratio-system.one-bounce": 0.0004074314783792943,
    "Take-The-Best Priority": 0.0006559237954206765,
    "Satisfactory Priority": 0.0006693196482956409,
    "pBrainInjury": 0.00028382008895277977,
    "pAirwayBlocked": 0.0001810922403819859,
    "pInternalBleeding": 0.0003851355577353388,
    "entropyDeath": 0.00033704243833199143,
    "SEVERITY": 0.0016627266304567456,
    "SUPPLIES_REMAINING": 0.0008714459836483002,
    "AVERAGE_TIME_USED": 0.009297461248934269,
    "DAMAGE_PER_SECOND": 0.0006942178588360548,
    "SUPPLIES_USED": 0.24453644454479218,
    "SEVEREST_SEVERITY": 0.00020131416385993361,
    "SEVEREST_SEVERITY_CHANGE": 0.029559776186943054,
    "WEIGHTED_RESOURCE_SCORE": 0.0006084350170567632,
    "SMOL_MEDICAL_SOUNDNESS": 0.0005303726647980511,
    "treatment": 0.0006403263541869819
}