{
    "age": 0.01364833302795887,
    "tagged": 0.0357523187994957,
    "conscious": 0.005730228498578072,
    "breathing": 0.0024281139485538006,
    "avpu": 0.0047872490249574184,
    "unvisited_count": 0.00816629733890295,
    "injured_count": 0.04428371414542198,
    "environment_type": 0.004682126920670271,
    "questioning": 0.052644431591033936,
    "assessing": 0.10714267194271088,
    "treating": 0.0010757980635389686,
    "tagging": 0.1493707150220871,
    "leaving": 0.3605773448944092,
    "treatment": 0.024683652445673943,
    "HRA Strategy.time-resources.take-the-best": 0.006325198337435722,
    "HRA Strategy.time-system.one-bounce": 0.003547811880707741,
    "Satisfactory Priority": 0.00978647917509079,
    "One-Bounce Priority": 0.024029958993196487,
    "pDeath": 0.001398112392053008,
    "pPain": 0.016802560538053513,
    "pBrainInjury": 0.035822793841362,
    "pAirwayBlocked": 0.0022353052627295256,
    "pExternalBleeding": 0.001395098166540265,
    "entropy": 0.0012137035373598337,
    "entropyDeath": 0.004810163285583258,
    "SEVERITY": 0.0014727687230333686,
    "SUPPLIES_REMAINING": 0.001049141283147037,
    "AVERAGE_TIME_USED": 0.0008276429143734276,
    "DAMAGE_PER_SECOND": 0.0011876674834638834,
    "MEDSIM_P_DEATH": 0.002626938745379448,
    "MEDSIM_P_DEATH_ONE_MIN_LATER": 0.005328051280230284,
    "SEVEREST_SEVERITY": 0.0012882719747722149,
    "SEVEREST_SEVERITY_CHANGE": 0.03753079101443291,
    "SMOL_MEDICAL_SOUNDNESS": 0.0005470692995004356,
    "INFORMATION_GAINED": 0.017865831032395363,
    "category": 0.007935723289847374
}