{
    "age": 0.01995079591870308,
    "tagged": 0.030526697635650635,
    "visited": 0.04535377398133278,
    "conscious": 0.012801839038729668,
    "breathing": 0.01115878950804472,
    "unvisited_count": 0.019989460706710815,
    "environment_type": 0.029557518661022186,
    "questioning": 0.2632439434528351,
    "assessing": 0.19836582243442535,
    "tagging": 0.1002405658364296,
    "leaving": 0.17598332464694977,
    "treatment": 0.06655599176883698,
    "MEDSIM_P_DEATH_ONE_MIN_LATER": 0.013792864978313446,
    "category": 0.012478563003242016
}