{
    "hrpmin": 0.013723860494792461,
    "questioning": 0.31972983479499817,
    "assessing": 0.3548083007335663,
    "tagging": 0.0892772451043129,
    "category": 0.01387281809002161,
    "One-Bounce Priority": 0.029658162966370583,
    "INFORMATION_GAINED": 0.1479519009590149,
    "treatment": 0.030977895483374596
}