{
    "age": 0.002662268467247486,
    "tagged": 0.03899998590350151,
    "visited": 0.002245656680315733,
    "conscious": 0.0019396340940147638,
    "questioning": 0.19367972016334534,
    "assessing": 0.1702493280172348,
    "tagging": 0.3333962559700012,
    "leaving": 0.1438957303762436,
    "HRA Strategy.time-resources.take-the-best": 0.0008824918186292052,
    "HRA Strategy.resources-system.take-the-best": 0.005507970694452524,
    "Take-The-Best Priority": 0.00082109757931903,
    "pAirwayBlocked": 0.0006566168158315122,
    "entropy": 0.0011695517459884286,
    "AVERAGE_TIME_USED": 0.009592801332473755,
    "DAMAGE_PER_SECOND": 0.005525301676243544,
    "MEDSIM_P_DEATH": 0.0019728799816221,
    "WEIGHTED_RESOURCE_SCORE": 0.001513452734798193,
    "SMOL_MEDICAL_SOUNDNESS": 0.032270971685647964,
    "treatment": 0.05301828309893608
}