{
    "unvisited_count": 0.10290758311748505,
    "questioning": 0.3864825665950775,
    "assessing": 0.43934062123298645,
    "treatment": 0.07126928865909576
}