{
    "breathing": 0.009625005535781384,
    "intent": 0.09356380999088287,
    "directness_of_causality": 0.1645125150680542,
    "aid_available": 0.07083497196435928,
    "treating": 0.3342582881450653,
    "HRA Strategy.risk_reward_ratio-system.one-bounce": 0.0027424776926636696,
    "Take-The-Best Priority": 0.003542720340192318,
    "SUPPLIES_REMAINING": 0.0032035470940172672,
    "AVERAGE_TIME_USED": 0.01052709948271513,
    "SUPPLIES_USED": 0.22884288430213928,
    "SMOL_MEDICAL_SOUNDNESS": 0.0783466324210167
}