{
    "directness_of_causality": 0.07868900150060654,
    "treating": 0.9213110208511353
}