{
    "age": 0.013699367642402649,
    "tagged": 0.04762789607048035,
    "conscious": 0.031712595373392105,
    "injured_count": 0.08534373342990875,
    "environment_type": 0.015325131826102734,
    "questioning": 0.22475293278694153,
    "assessing": 0.1403116136789322,
    "treating": 0.01834968291223049,
    "tagging": 0.05758236348628998,
    "category": 0.023372972384095192,
    "pDeath": 0.032615870237350464,
    "pPain": 0.011722270399332047,
    "pBrainInjury": 0.022766215726733208,
    "pExternalBleeding": 0.013655937276780605,
    "SEVERITY": 0.023754410445690155,
    "AVERAGE_TIME_USED": 0.02214716374874115,
    "SEVEREST_SEVERITY": 0.09255566447973251,
    "treatment": 0.12270423769950867
}