age,relationship,questioning,assessing,tagging,leaving,treatment
0.06434431672096252,0.129248708486557,0.04375243932008743,0.22925685346126556,0.04416768625378609,0.45610642433166504,0.03312351927161217
