{
    "age": 0.06434431672096252,
    "relationship": 0.129248708486557,
    "questioning": 0.04375243932008743,
    "assessing": 0.22925685346126556,
    "tagging": 0.04416768625378609,
    "leaving": 0.45610642433166504,
    "treatment": 0.03312351927161217
}