{
    "age": 0.00875198096036911,
    "tagged": 0.023374952375888824,
    "breathing": 0.011071588844060898,
    "unvisited_count": 0.01514839194715023,
    "injured_count": 0.018542958423495293,
    "questioning": 0.2052316665649414,
    "assessing": 0.23025304079055786,
    "tagging": 0.137143075466156,
    "leaving": 0.20023171603679657,
    "Satisfactory Priority": 0.004275919869542122,
    "One-Bounce Priority": 0.03140363469719887,
    "pPain": 0.00540130864828825,
    "pInternalBleeding": 0.004822125192731619,
    "pExternalBleeding": 0.0067272004671394825,
    "entropy": 0.011010570451617241,
    "entropyDeath": 0.011291250586509705,
    "MEDSIM_P_DEATH": 0.0075518665835261345,
    "INFORMATION_GAINED": 0.024336472153663635,
    "treatment": 0.032261017709970474,
    "category": 0.01116926595568657
}