age,tagged,visited,relationship,conscious,breathing,hrpmin,avpu,unvisited_count,injured_count,environment_type,questioning,assessing,tagging,leaving,HRA Strategy.time-resources.take-the-best,HRA Strategy.time-risk_reward_ratio.take-the-best,HRA Strategy.time-risk_reward_ratio.one-bounce,HRA Strategy.time-system.exhaustive,HRA Strategy.time-system.tallying,HRA Strategy.time-system.one-bounce,HRA Strategy.resources-risk_reward_ratio.take-the-best,HRA Strategy.resources-system.take-the-best,HRA Strategy.resources-system.exhaustive,HRA Strategy.risk_reward_ratio-system.exhaustive,HRA Strategy.time-resources-risk_reward_ratio.take-the-best,HRA Strategy.time-resources-system.exhaustive,HRA Strategy.time-risk_reward_ratio-system.one-bounce,HRA Strategy.resources-risk_reward_ratio-system.take-the-best,HRA Strategy.resources-risk_reward_ratio-system.exhaustive,HRA Strategy.resources-risk_reward_ratio-system.one-bounce,Satisfactory Priority,One-Bounce Priority,pDeath,pPain,pBrainInjury,pAirwayBlocked,pInternalBleeding,pExternalBleeding,entropy,entropyDeath,SEVERITY,SUPPLIES_REMAINING,AVERAGE_TIME_USED,DAMAGE_PER_SECOND,MEDSIM_P_DEATH,MEDSIM_P_DEATH_ONE_MIN_LATER,SEVERITY_CHANGE,SUPPLIES_USED,SEVEREST_SEVERITY,SEVEREST_SEVERITY_CHANGE,WEIGHTED_RESOURCE_SCORE,SMOL_MEDICAL_SOUNDNESS,INFORMATION_GAINED,treatment,category
0.13627900183200836,0.0608488954603672,0.003251942340284586,0.08251214772462845,0.0009643029188737273,0.02267552725970745,0.002521499292925,0.005673880688846111,0.003814132185652852,0.02654733695089817,0.003849199041724205,0.08825824409723282,0.1735398918390274,0.07588867843151093,0.11358364671468735,0.004351722542196512,0.004532976541668177,0.0001040814386215061,0.001927621546201408,0.0011969392653554678,0.002178302500396967,0.0005317942705005407,0.0015819348627701402,0.00463235704228282,0.00022569183784071356,9.271192539017648e-05,0.0005654021515510976,0.0017692901892587543,0.0005212175310589373,0.0003253778559155762,0.00013251065684016794,0.0002603877510409802,0.0015073136892169714,0.009232253767549992,0.013692681677639484,0.005225582048296928,0.010944160632789135,0.005426176358014345,0.009811029769480228,0.01252819038927555,0.008136644028127193,0.0025282150600105524,0.017601484432816505,0.0037681106477975845,0.0015807794407010078,0.0073553817346692085,0.0029860485810786486,0.001479512546211481,0.0,0.0012349808821454644,0.001530806883238256,0.0011620811419561505,0.0013629685854539275,0.0008571475627832115,0.04103165864944458,0.013878040947020054
