{
    "tagged": 0.000453265878604725,
    "mental_status": 0.04370536655187607,
    "breathing": 0.12416204065084457,
    "directness_of_causality": 0.1250351071357727,
    "aid_available": 0.026346608996391296,
    "treating": 0.2003576010465622,
    "HRA Strategy.time-resources.one-bounce": 0.01299607940018177,
    "HRA Strategy.time-risk_reward_ratio.one-bounce": 0.004180265590548515,
    "HRA Strategy.risk_reward_ratio-system.one-bounce": 0.0019769365899264812,
    "HRA Strategy.time-resources-system.take-the-best": 0.0019917357712984085,
    "HRA Strategy.time-resources-system.one-bounce": 0.0002106341125909239,
    "HRA Strategy.resources-risk_reward_ratio-system.one-bounce": 0.0017510094912722707,
    "pDeath": 0.0002369719441048801,
    "pInternalBleeding": 0.010865316726267338,
    "entropy": 0.2385379672050476,
    "SEVERITY": 0.017088426277041435,
    "AVERAGE_TIME_USED": 0.009743776172399521,
    "DAMAGE_PER_SECOND": 0.0006043011671863496,
    "SEVERITY_CHANGE": 0.00015041683218441904,
    "SUPPLIES_USED": 0.09376811981201172,
    "SEVEREST_SEVERITY": 0.0002120327262673527,
    "WEIGHTED_RESOURCE_SCORE": 0.0003847908810712397,
    "treatment": 0.08524125069379807
}