{
    "age": 0.025202695280313492,
    "tagged": 0.038892585784196854,
    "visited": 1.3869421309209429e-05,
    "breathing": 0.016094127669930458,
    "avpu": 0.0038326228968799114,
    "injured_count": 0.10608337074518204,
    "environment_type": 0.045256927609443665,
    "questioning": 0.16306129097938538,
    "assessing": 0.1993100941181183,
    "tagging": 0.22039537131786346,
    "category": 0.017632687464356422,
    "HRA Strategy.time-system.exhaustive": 0.0100612323731184,
    "pAirwayBlocked": 0.004903019405901432,
    "entropy": 0.010587947443127632,
    "SEVERITY": 0.02150880917906761,
    "AVERAGE_TIME_USED": 0.02401619590818882,
    "MEDSIM_P_DEATH": 0.021174732595682144,
    "WEIGHTED_RESOURCE_SCORE": 0.015408731997013092,
    "SMOL_MEDICAL_SOUNDNESS": 0.008026753552258015,
    "INFORMATION_GAINED": 0.021840356290340424,
    "treatment": 0.026696663349866867
}