{
    "treating": 0.9104351997375488,
    "SUPPLIES_USED": 0.08956483006477356
}