{
    "conscious": 0.0006894732359796762,
    "mental_status": 0.00024019365082494915,
    "breathing": 0.10862641036510468,
    "avpu": 0.00010414979624329135,
    "intent": 0.024847645312547684,
    "directness_of_causality": 0.19469402730464935,
    "aid_available": 0.11016672849655151,
    "treating": 0.231422558426857,
    "HRA Strategy.time-resources.take-the-best": 0.00161792803555727,
    "HRA Strategy.time-risk_reward_ratio.one-bounce": 0.0027747286949306726,
    "HRA Strategy.resources-risk_reward_ratio.one-bounce": 0.0317409373819828,
    "HRA Strategy.resources-system.take-the-best": 0.02529536746442318,
    "HRA Strategy.risk_reward_ratio-system.one-bounce": 0.0012950367527082562,
    "HRA Strategy.time-resources-system.one-bounce": 0.0006181850912980735,
    "HRA Strategy.resources-risk_reward_ratio-system.one-bounce": 0.0009245891706086695,
    "HRA Strategy.time-resources-risk_reward_ratio-system.one-bounce": 0.0002810808946378529,
    "Take-The-Best Priority": 0.001365710748359561,
    "One-Bounce Priority": 0.0005659815506078303,
    "pDeath": 0.061653975397348404,
    "pPain": 0.0003431543300393969,
    "pAirwayBlocked": 0.0009346544975414872,
    "pInternalBleeding": 0.00019199463713448495,
    "entropy": 0.000333946431055665,
    "entropyDeath": 0.005417932756245136,
    "SEVERITY": 0.006211308762431145,
    "SUPPLIES_REMAINING": 0.029215287417173386,
    "AVERAGE_TIME_USED": 0.004048340488225222,
    "SEVERITY_CHANGE": 9.753392077982426e-05,
    "SUPPLIES_USED": 0.15178337693214417,
    "SEVEREST_SEVERITY_CHANGE": 5.688532837666571e-05,
    "WEIGHTED_RESOURCE_SCORE": 0.0006238297210074961,
    "treatment": 0.0018170352559536695
}