{
    "tagged": 0.027966737747192383,
    "environment_type": 0.008544550277292728,
    "questioning": 0.26487115025520325,
    "assessing": 0.32238829135894775,
    "tagging": 0.07269250601530075,
    "leaving": 0.23806393146514893,
    "One-Bounce Priority": 0.017128726467490196,
    "AVERAGE_TIME_USED": 0.010369829833507538,
    "treatment": 0.037974290549755096
}