{
    "age": 0.006878621410578489,
    "tagged": 0.03584570437669754,
    "visited": 0.0045981439761817455,
    "conscious": 0.013955703005194664,
    "breathing": 0.024016886949539185,
    "hrpmin": 0.009077404625713825,
    "avpu": 0.0012128056259825826,
    "unvisited_count": 0.0017015524208545685,
    "environment_type": 0.007150476798415184,
    "questioning": 0.11038663983345032,
    "assessing": 0.15669769048690796,
    "treating": 0.0005240685422904789,
    "tagging": 0.14420954883098602,
    "leaving": 0.29754140973091125,
    "treatment": 0.022068727761507034,
    "HRA Strategy.time-resources.take-the-best": 0.002237984212115407,
    "HRA Strategy.time-resources.one-bounce": 0.00031777366530150175,
    "HRA Strategy.time-system.exhaustive": 0.0013063708320260048,
    "HRA Strategy.resources-system.take-the-best": 0.00025299921981059015,
    "HRA Strategy.resources-system.exhaustive": 0.011024213396012783,
    "Take-The-Best Priority": 0.0003452439559623599,
    "Satisfactory Priority": 0.003205799963325262,
    "pDeath": 0.015875469893217087,
    "pPain": 0.007718842942267656,
    "pBrainInjury": 0.0061996025033295155,
    "pAirwayBlocked": 0.00442045321688056,
    "pInternalBleeding": 0.012132947333157063,
    "pExternalBleeding": 0.0006595319136977196,
    "entropy": 0.0027461859863251448,
    "entropyDeath": 0.014637811109423637,
    "SEVERITY": 0.0028353529050946236,
    "SUPPLIES_REMAINING": 0.00019673608767334372,
    "AVERAGE_TIME_USED": 0.0014082124689593911,
    "DAMAGE_PER_SECOND": 0.001555740600451827,
    "MEDSIM_P_DEATH": 0.00645055528730154,
    "MEDSIM_P_DEATH_ONE_MIN_LATER": 0.0006413216469809413,
    "SEVERITY_CHANGE": 0.0034104736987501383,
    "SEVEREST_SEVERITY": 0.001976276282221079,
    "WEIGHTED_RESOURCE_SCORE": 0.003425179747864604,
    "SMOL_MEDICAL_SOUNDNESS": 0.00343293696641922,
    "INFORMATION_GAINED": 0.04668409749865532,
    "category": 0.00903645996004343
}