{
    "age": 0.026933589950203896,
    "tagged": 0.03962254896759987,
    "visited": 0.021510493010282516,
    "conscious": 0.003882025135681033,
    "breathing": 0.014181636273860931,
    "avpu": 0.005374787375330925,
    "injured_count": 0.10458529740571976,
    "environment_type": 0.022696036845445633,
    "questioning": 0.15560729801654816,
    "assessing": 0.2227604240179062,
    "tagging": 0.11678807437419891,
    "category": 0.012476024217903614,
    "HRA Strategy.time-system.tallying": 0.004062562249600887,
    "Satisfactory Priority": 0.0031859350856393576,
    "One-Bounce Priority": 0.01478700339794159,
    "pDeath": 0.008492443710565567,
    "pBrainInjury": 0.004595338832587004,
    "pAirwayBlocked": 0.006640080362558365,
    "pInternalBleeding": 0.02592770755290985,
    "pExternalBleeding": 0.013793502934277058,
    "entropy": 0.01310803648084402,
    "entropyDeath": 0.003007043618708849,
    "SEVERITY": 0.0039518545381724834,
    "AVERAGE_TIME_USED": 0.021496014669537544,
    "MEDSIM_P_DEATH": 0.009673740714788437,
    "WEIGHTED_RESOURCE_SCORE": 0.005296741612255573,
    "INFORMATION_GAINED": 0.07478297501802444,
    "treatment": 0.04078078642487526
}