{
    "age": 0.07026675343513489,
    "tagged": 0.1526520997285843,
    "visited": 0.033492039889097214,
    "conscious": 0.0238904170691967,
    "breathing": 0.048197049647569656,
    "hrpmin": 0.005757011007517576,
    "environment_type": 0.009126202203333378,
    "questioning": 0.19005727767944336,
    "assessing": 0.18193766474723816,
    "tagging": 0.06314703077077866,
    "HRA Strategy.time-resources.take-the-best": 0.01464789267629385,
    "HRA Strategy.time-system.exhaustive": 0.008982667699456215,
    "pDeath": 0.008006230928003788,
    "pPain": 0.01850154809653759,
    "pAirwayBlocked": 0.027008986100554466,
    "pExternalBleeding": 0.012991362251341343,
    "entropy": 0.010878229513764381,
    "AVERAGE_TIME_USED": 0.006756331771612167,
    "DAMAGE_PER_SECOND": 0.00891373585909605,
    "INFORMATION_GAINED": 0.01822265237569809,
    "treatment": 0.05871420353651047,
    "category": 0.02785259485244751
}