{
    "age": 0.02303798496723175,
    "tagged": 0.19582709670066833,
    "environment_type": 0.03770947828888893,
    "category": 0.05023260414600372,
    "pBrainInjury": 0.09156051278114319,
    "SEVERITY": 0.055586349219083786,
    "SUPPLIES_REMAINING": 0.0074536739848554134,
    "AVERAGE_TIME_USED": 0.15370577573776245,
    "DAMAGE_PER_SECOND": 0.23747381567955017,
    "MEDSIM_P_DEATH_ONE_MIN_LATER": 0.10646707564592361,
    "treatment": 0.04094557836651802
}