{
    "questioning": 0.34151092171669006,
    "assessing": 0.4280746877193451,
    "leaving": 0.23041439056396484
}