{
    "age": 0.013136587105691433,
    "tagged": 0.04757161810994148,
    "visited": 0.004031619522720575,
    "conscious": 0.005623808596283197,
    "breathing": 0.03139789029955864,
    "hrpmin": 0.041812993586063385,
    "avpu": 0.007116841152310371,
    "assessing": 0.18116658926010132,
    "tagging": 0.3314742147922516,
    "category": 0.014451178722083569,
    "HRA Strategy.time-resources.take-the-best": 0.008486777544021606,
    "HRA Strategy.time-system.tallying": 0.026721011847257614,
    "pBrainInjury": 0.03038705885410309,
    "pAirwayBlocked": 0.03510316088795662,
    "pInternalBleeding": 0.009535900317132473,
    "entropy": 0.0036553912796080112,
    "entropyDeath": 0.06624839454889297,
    "SEVERITY": 0.028188245370984077,
    "SUPPLIES_REMAINING": 0.001910508144646883,
    "AVERAGE_TIME_USED": 0.0033940477296710014,
    "MEDSIM_P_DEATH": 0.013441994786262512,
    "MEDSIM_P_DEATH_ONE_MIN_LATER": 0.001141271204687655,
    "SEVEREST_SEVERITY_CHANGE": 0.016556983813643456,
    "WEIGHTED_RESOURCE_SCORE": 0.008089392445981503,
    "SMOL_MEDICAL_SOUNDNESS": 0.013070410117506981,
    "treatment": 0.05628605931997299
}