{
    "tagged": 0.04635842517018318,
    "conscious": 0.0053234095685184,
    "breathing": 0.0189974308013916,
    "avpu": 0.02313808538019657,
    "environment_type": 0.016786964610219002,
    "assessing": 0.1374644786119461,
    "tagging": 0.49967101216316223,
    "category": 0.00682978006079793,
    "HRA Strategy.time-resources.take-the-best": 0.024981137365102768,
    "HRA Strategy.time-system.tallying": 0.04681728780269623,
    "One-Bounce Priority": 0.007310690823942423,
    "pBrainInjury": 0.0064056310802698135,
    "SEVERITY": 0.008831748738884926,
    "SUPPLIES_REMAINING": 0.0223475880920887,
    "AVERAGE_TIME_USED": 0.04763592407107353,
    "DAMAGE_PER_SECOND": 0.029559781774878502,
    "SMOL_MEDICAL_SOUNDNESS": 0.006571029778569937,
    "treatment": 0.044969592243433
}