intent,directness_of_causality,aid_available,treating,HRA Strategy.time-risk_reward_ratio.one-bounce,HRA Strategy.risk_reward_ratio-system.one-bounce,HRA Strategy.time-resources-risk_reward_ratio-system.one-bounce,Take-The-Best Priority,entropyDeath,SUPPLIES_REMAINING,AVERAGE_TIME_USED,SUPPLIES_USED,SMOL_MEDICAL_SOUNDNESS,treatment
0.03535595163702965,0.1751907467842102,0.17641682922840118,0.2915443181991577,0.0009296460193581879,0.001292673870921135,0.00032416428439319134,0.0005584231112152338,0.0006024514441378415,0.10868076980113983,0.00646540941670537,0.2021336704492569,0.00016496279567945749,0.00033983204048126936
