{
    "age": 0.062263891100883484,
    "tagged": 0.033518701791763306,
    "relationship": 0.11732400208711624,
    "questioning": 0.04146189987659454,
    "assessing": 0.26119422912597656,
    "tagging": 0.04673125967383385,
    "leaving": 0.3992582857608795,
    "treatment": 0.03824777528643608
}