age,tagged,relationship,questioning,assessing,tagging,leaving,treatment
0.062263891100883484,0.033518701791763306,0.11732400208711624,0.04146189987659454,0.26119422912597656,0.04673125967383385,0.3992582857608795,0.03824777528643608
