{
    "conscious": 0.0018291119486093521,
    "mental_status": 0.0028567479457706213,
    "breathing": 0.0004923893138766289,
    "intent": 0.010288144461810589,
    "directness_of_causality": 0.16069020330905914,
    "aid_available": 0.14579007029533386,
    "treating": 0.19271187484264374,
    "HRA Strategy.time-risk_reward_ratio.one-bounce": 0.0007173835183493793,
    "HRA Strategy.risk_reward_ratio-system.one-bounce": 0.0011635313276201487,
    "HRA Strategy.resources-risk_reward_ratio-system.one-bounce": 0.0007914651068858802,
    "HRA Strategy.time-resources-risk_reward_ratio-system.one-bounce": 0.0002372887247474864,
    "Take-The-Best Priority": 0.001029829727485776,
    "Satisfactory Priority": 0.0007958612986840308,
    "pAirwayBlocked": 0.0002481630363035947,
    "pExternalBleeding": 0.0001749553921399638,
    "SEVERITY": 0.005681628827005625,
    "SUPPLIES_REMAINING": 0.0008807866834104061,
    "AVERAGE_TIME_USED": 0.008176037110388279,
    "SUPPLIES_USED": 0.19958779215812683,
    "SEVEREST_SEVERITY_CHANGE": 0.00019548548152670264,
    "WEIGHTED_RESOURCE_SCORE": 0.0006377752870321274,
    "SMOL_MEDICAL_SOUNDNESS": 0.2640938460826874,
    "treatment": 0.0009296213975176215
}