{
    "others_tagged_or_uninjured": 0.2698308527469635,
    "treating": 0.548283040523529,
    "directness_of_causality": 0.18188615143299103
}