{
    "age": 0.026925206184387207,
    "visited": 0.09951742738485336,
    "conscious": 0.0277267936617136,
    "breathing": 0.018085915595293045,
    "hrpmin": 0.006498610135167837,
    "avpu": 0.007632354274392128,
    "unvisited_count": 0.02875637449324131,
    "injured_count": 0.03925704583525658,
    "environment_type": 0.01015420164912939,
    "questioning": 0.08697979152202606,
    "assessing": 0.1359209269285202,
    "tagging": 0.2117522656917572,
    "HRA Strategy.time-resources.take-the-best": 0.06491400301456451,
    "Satisfactory Priority": 0.004951849579811096,
    "One-Bounce Priority": 0.017377866432070732,
    "pDeath": 0.01638578437268734,
    "pPain": 0.02688942849636078,
    "pBrainInjury": 0.0045109279453754425,
    "pInternalBleeding": 0.014913284219801426,
    "pExternalBleeding": 0.018532712012529373,
    "entropy": 0.017772236838936806,
    "SEVERITY": 0.010892373509705067,
    "SUPPLIES_REMAINING": 0.007511836010962725,
    "AVERAGE_TIME_USED": 0.012895803898572922,
    "MEDSIM_P_DEATH": 0.005992718040943146,
    "treatment": 0.06454392522573471,
    "category": 0.012708478607237339
}