{
    "age": 0.01348839607089758,
    "tagged": 0.05878502503037453,
    "conscious": 0.007369648199528456,
    "breathing": 0.006703441962599754,
    "unvisited_count": 0.002817908301949501,
    "environment_type": 0.0027653805445879698,
    "questioning": 0.2275189459323883,
    "assessing": 0.19777895510196686,
    "tagging": 0.28328126668930054,
    "category": 0.008701303973793983,
    "HRA Strategy.time-resources.take-the-best": 0.001435623038560152,
    "HRA Strategy.time-risk_reward_ratio.take-the-best": 0.0021202126517891884,
    "HRA Strategy.time-system.tallying": 0.0019600247032940388,
    "One-Bounce Priority": 0.02322283945977688,
    "pDeath": 0.014463181607425213,
    "pPain": 0.02135350927710533,
    "pAirwayBlocked": 0.004785798490047455,
    "pInternalBleeding": 0.005695660598576069,
    "pExternalBleeding": 0.009294038638472557,
    "entropy": 0.013408875092864037,
    "SEVERITY": 0.0017790620913729072,
    "AVERAGE_TIME_USED": 0.031473446637392044,
    "DAMAGE_PER_SECOND": 0.0019022050546482205,
    "MEDSIM_P_DEATH": 0.0013338442659005523,
    "WEIGHTED_RESOURCE_SCORE": 0.003943649586290121,
    "SMOL_MEDICAL_SOUNDNESS": 0.011108795180916786,
    "INFORMATION_GAINED": 0.005641761235892773,
    "treatment": 0.03586731478571892
}