{
    "age": 0.005412774160504341,
    "tagged": 0.04473244026303291,
    "visited": 0.0024972695391625166,
    "conscious": 0.0006660246872343123,
    "breathing": 0.006704132072627544,
    "hrpmin": 0.0030453039798885584,
    "avpu": 0.001908930134959519,
    "unvisited_count": 0.010265085846185684,
    "injured_count": 0.01132245920598507,
    "environment_type": 0.0014377220068126917,
    "questioning": 0.1677226722240448,
    "assessing": 0.1436213254928589,
    "treating": 0.0006063535693101585,
    "tagging": 0.19155935943126678,
    "leaving": 0.22706018388271332,
    "HRA Strategy.time-resources.take-the-best": 0.0020932366605848074,
    "HRA Strategy.time-resources.one-bounce": 0.00020728704112116247,
    "HRA Strategy.time-system.exhaustive": 0.0004321533197071403,
    "HRA Strategy.time-system.tallying": 0.0012645766837522388,
    "HRA Strategy.time-system.one-bounce": 0.0005464688874781132,
    "HRA Strategy.resources-risk_reward_ratio.take-the-best": 0.0004424225480761379,
    "HRA Strategy.resources-system.take-the-best": 0.001203410211019218,
    "HRA Strategy.resources-system.exhaustive": 0.0003726258291862905,
    "Take-The-Best Priority": 0.012276235036551952,
    "Satisfactory Priority": 0.00404356187209487,
    "One-Bounce Priority": 0.019585812464356422,
    "pDeath": 0.002875996520742774,
    "pPain": 0.006566954776644707,
    "pBrainInjury": 0.0019163801334798336,
    "pAirwayBlocked": 0.005310611799359322,
    "pInternalBleeding": 0.004726148210465908,
    "pExternalBleeding": 0.008533044718205929,
    "entropy": 0.006324396468698978,
    "entropyDeath": 0.006985582411289215,
    "SEVERITY": 0.0024262554943561554,
    "SUPPLIES_REMAINING": 0.000584164634346962,
    "AVERAGE_TIME_USED": 0.0035229655914008617,
    "DAMAGE_PER_SECOND": 0.0008022835245355964,
    "MEDSIM_P_DEATH": 0.004328806884586811,
    "MEDSIM_P_DEATH_ONE_MIN_LATER": 0.0006384294829331338,
    "SEVERITY_CHANGE": 0.0009581464109942317,
    "SEVEREST_SEVERITY": 0.0025584413670003414,
    "SEVEREST_SEVERITY_CHANGE": 0.00016297184629365802,
    "WEIGHTED_RESOURCE_SCORE": 0.0020044827833771706,
    "SMOL_MEDICAL_SOUNDNESS": 0.0022245103027671576,
    "INFORMATION_GAINED": 0.03188246488571167,
    "treatment": 0.03515487536787987,
    "category": 0.00848227646201849
}