{
    "conscious": 0.017694177106022835,
    "mental_status": 0.0017962296260520816,
    "breathing": 0.014724557287991047,
    "intent": 0.005253245588392019,
    "directness_of_causality": 0.17448043823242188,
    "aid_available": 0.17431782186031342,
    "treating": 0.24811139702796936,
    "Take-The-Best Priority": 0.005923538934439421,
    "pAirwayBlocked": 0.0016742153093218803,
    "entropyDeath": 0.002015152480453253,
    "SEVERITY": 0.03045245073735714,
    "AVERAGE_TIME_USED": 0.01867639273405075,
    "DAMAGE_PER_SECOND": 0.002147913910448551,
    "SEVERITY_CHANGE": 0.05870082601904869,
    "SUPPLIES_USED": 0.19671134650707245,
    "SEVEREST_SEVERITY": 0.04732024669647217
}