{
    "tagged": 0.02001361735165119,
    "questioning": 0.17128130793571472,
    "assessing": 0.21161438524723053,
    "tagging": 0.13351371884346008,
    "leaving": 0.25881797075271606,
    "Satisfactory Priority": 0.04442840442061424,
    "One-Bounce Priority": 0.04965716600418091,
    "INFORMATION_GAINED": 0.053329724818468094,
    "treatment": 0.037380002439022064,
    "category": 0.019963698461651802
}