{
    "tagged": 0.029090121388435364,
    "mental_status": 0.008267364464700222,
    "breathing": 0.0042071654461324215,
    "avpu": 5.3281579312169924e-05,
    "intent": 0.05620596557855606,
    "directness_of_causality": 0.09273810684680939,
    "aid_available": 0.04904819279909134,
    "treating": 0.15146668255329132,
    "HRA Strategy.time-resources.take-the-best": 0.012607919052243233,
    "HRA Strategy.time-system.tallying": 0.000856033235322684,
    "HRA Strategy.resources-system.take-the-best": 0.06487724930047989,
    "HRA Strategy.risk_reward_ratio-system.one-bounce": 0.0011491820914670825,
    "HRA Strategy.resources-risk_reward_ratio-system.one-bounce": 0.00150892767123878,
    "HRA Strategy.time-resources-risk_reward_ratio-system.one-bounce": 0.00025050825206562877,
    "Take-The-Best Priority": 0.0010559934889897704,
    "Satisfactory Priority": 0.0005235710996203125,
    "pPain": 0.006952744908630848,
    "pBrainInjury": 0.0002763558877632022,
    "pInternalBleeding": 0.0005917545640841126,
    "pExternalBleeding": 0.0004935474717058241,
    "SEVERITY": 0.0788288339972496,
    "AVERAGE_TIME_USED": 0.020797159522771835,
    "DAMAGE_PER_SECOND": 0.09518315643072128,
    "SEVERITY_CHANGE": 0.0008236422436311841,
    "SUPPLIES_USED": 0.1560189127922058,
    "SEVEREST_SEVERITY": 0.00031998040503822267,
    "WEIGHTED_RESOURCE_SCORE": 0.0003640352515503764,
    "SMOL_MEDICAL_SOUNDNESS": 0.09405546635389328,
    "treatment": 0.0713881105184555
}