{
    "tagged": 0.027311189100146294,
    "conscious": 0.003944205120205879,
    "breathing": 0.05783863738179207,
    "avpu": 6.256464985199273e-05,
    "intent": 0.1812593787908554,
    "directness_of_causality": 0.1259133368730545,
    "aid_available": 0.021443501114845276,
    "treating": 0.27379119396209717,
    "HRA Strategy.time-resources.take-the-best": 0.004732771776616573,
    "HRA Strategy.time-resources.one-bounce": 0.013931166380643845,
    "HRA Strategy.time-risk_reward_ratio.one-bounce": 0.0038454020395874977,
    "HRA Strategy.time-system.one-bounce": 0.00011501841800054535,
    "HRA Strategy.resources-risk_reward_ratio.one-bounce": 0.043888188898563385,
    "HRA Strategy.resources-system.take-the-best": 0.024689648300409317,
    "HRA Strategy.risk_reward_ratio-system.one-bounce": 0.0008568469202145934,
    "HRA Strategy.resources-risk_reward_ratio-system.one-bounce": 0.0007127955323085189,
    "Satisfactory Priority": 0.0005521497223526239,
    "pDeath": 0.12845531105995178,
    "pPain": 0.00014787926920689642,
    "pBrainInjury": 0.00023117585806176066,
    "pAirwayBlocked": 0.00020186882466077805,
    "pInternalBleeding": 5.240528116701171e-05,
    "pExternalBleeding": 0.02944994904100895,
    "entropyDeath": 0.010856393724679947,
    "SEVERITY": 0.0039059289265424013,
    "SUPPLIES_REMAINING": 0.0018988234223797917,
    "AVERAGE_TIME_USED": 0.00398604990914464,
    "SUPPLIES_USED": 0.035431958734989166,
    "SEVEREST_SEVERITY_CHANGE": 4.73469881399069e-05,
    "WEIGHTED_RESOURCE_SCORE": 0.00033707916736602783,
    "treatment": 0.00010981954983435571
}