{
    "intent": 0.046521831303834915,
    "directness_of_causality": 0.19055917859077454,
    "aid_available": 0.15816660225391388,
    "treating": 0.25510749220848083,
    "HRA Strategy.time-risk_reward_ratio.one-bounce": 0.0005329606938175857,
    "HRA Strategy.risk_reward_ratio-system.one-bounce": 0.0018245168030261993,
    "HRA Strategy.resources-risk_reward_ratio-system.one-bounce": 0.000773660431150347,
    "HRA Strategy.time-resources-risk_reward_ratio-system.one-bounce": 0.00036406988510861993,
    "Take-The-Best Priority": 0.00032735674176365137,
    "Satisfactory Priority": 0.0005983511218801141,
    "One-Bounce Priority": 0.000228964228881523,
    "pDeath": 5.1808707212330773e-05,
    "pBrainInjury": 0.0008526471210643649,
    "pInternalBleeding": 0.00048200073069892824,
    "entropyDeath": 0.00021455169189721346,
    "SEVERITY": 0.0010074538877233863,
    "SUPPLIES_REMAINING": 0.0005841177189722657,
    "AVERAGE_TIME_USED": 0.02358940802514553,
    "DAMAGE_PER_SECOND": 0.00012566043005790561,
    "SEVERITY_CHANGE": 0.0002438010269543156,
    "SUPPLIES_USED": 0.19425953924655914,
    "WEIGHTED_RESOURCE_SCORE": 0.0011249205563217402,
    "SMOL_MEDICAL_SOUNDNESS": 0.09031970798969269,
    "treatment": 0.032139409333467484
}