{
    "tagged": 0.0067064776085317135,
    "intent": 0.18172705173492432,
    "treating": 0.13117475807666779,
    "SEVERITY": 0.046162862330675125,
    "SUPPLIES_REMAINING": 0.004181151278316975,
    "AVERAGE_TIME_USED": 0.17884132266044617,
    "DAMAGE_PER_SECOND": 0.0357479453086853,
    "MEDSIM_P_DEATH_ONE_MIN_LATER": 0.01679915376007557,
    "SUPPLIES_USED": 0.010445836931467056,
    "SMOL_MEDICAL_SOUNDNESS": 0.3882134258747101
}