{
    "intent": 0.23348724842071533,
    "directness_of_causality": 0.07062481343746185,
    "aid_available": 0.173643097281456,
    "treating": 0.3145923912525177,
    "SUPPLIES_USED": 0.2076524794101715
}