{
    "conscious": 0.0006856993422843516,
    "breathing": 8.0997655459214e-05,
    "intent": 0.22780244052410126,
    "directness_of_causality": 0.14590543508529663,
    "aid_available": 0.1588534116744995,
    "treating": 0.2433268427848816,
    "HRA Strategy.resources-system.take-the-best": 0.0008857282227836549,
    "HRA Strategy.risk_reward_ratio-system.one-bounce": 0.0012398187536746264,
    "HRA Strategy.resources-risk_reward_ratio-system.one-bounce": 0.0009034047834575176,
    "HRA Strategy.time-resources-risk_reward_ratio-system.one-bounce": 0.00028804264729842544,
    "Take-The-Best Priority": 2.9105183784849942e-05,
    "Satisfactory Priority": 0.0006586771341972053,
    "pDeath": 0.0004206402809359133,
    "pAirwayBlocked": 0.0005461007240228355,
    "pInternalBleeding": 4.247757533448748e-05,
    "entropyDeath": 4.2994193790946156e-05,
    "SEVERITY": 9.280084486817941e-05,
    "SUPPLIES_REMAINING": 0.0006140973418951035,
    "AVERAGE_TIME_USED": 0.005845676176249981,
    "MEDSIM_P_DEATH": 2.8796981496270746e-05,
    "SEVERITY_CHANGE": 6.49281864752993e-05,
    "SUPPLIES_USED": 0.20949845016002655,
    "SEVEREST_SEVERITY": 0.00045386585406959057,
    "SEVEREST_SEVERITY_CHANGE": 3.9080550777725875e-05,
    "WEIGHTED_RESOURCE_SCORE": 3.195676617906429e-05,
    "SMOL_MEDICAL_SOUNDNESS": 0.001358087989501655,
    "treatment": 0.0002604543406050652
}