{
    "questioning": 0.46280089020729065,
    "assessing": 0.537199079990387
}