{
    "age": 0.007670181803405285,
    "tagged": 0.01937858760356903,
    "breathing": 0.010072547942399979,
    "unvisited_count": 0.013931830413639545,
    "injured_count": 0.018268661573529243,
    "questioning": 0.21407896280288696,
    "assessing": 0.21679851412773132,
    "tagging": 0.1503211259841919,
    "leaving": 0.18908359110355377,
    "Satisfactory Priority": 0.006017796695232391,
    "One-Bounce Priority": 0.032290756702423096,
    "pPain": 0.0057400865480303764,
    "pAirwayBlocked": 0.0032332942355424166,
    "pInternalBleeding": 0.007152364123612642,
    "pExternalBleeding": 0.007194974459707737,
    "entropy": 0.01052260771393776,
    "entropyDeath": 0.013511484488844872,
    "MEDSIM_P_DEATH": 0.006032795645296574,
    "INFORMATION_GAINED": 0.024515878409147263,
    "treatment": 0.03254564106464386,
    "category": 0.011638260446488857
}