{
    "aid_available": 0.014316805638372898,
    "treating": 0.25252097845077515,
    "intent": 0.5957955718040466,
    "directness_of_causality": 0.13736659288406372
}