{
    "aid_available": 0.3031374514102936,
    "treating": 0.696862518787384
}