{
    "questioning": 0.28038957715034485,
    "assessing": 0.30198511481285095,
    "tagging": 0.059524402022361755,
    "leaving": 0.2787977159023285,
    "One-Bounce Priority": 0.03745383024215698,
    "treatment": 0.04184943810105324
}