{
    "tagged": 0.272097110748291,
    "hrpmin": 0.04051993787288666,
    "environment_type": 0.10607362538576126,
    "category": 0.03406049311161041,
    "SEVERITY": 0.06249848008155823,
    "AVERAGE_TIME_USED": 0.0738447904586792,
    "treatment": 0.41090548038482666
}