{
    "directness_of_causality": 0.10771805047988892,
    "treating": 0.8922820091247559
}