{
    "tagged": 0.014755558222532272,
    "questioning": 0.3028453290462494,
    "assessing": 0.43904581665992737,
    "tagging": 0.045204680413007736,
    "leaving": 0.1639566868543625,
    "treatment": 0.020335523411631584,
    "INFORMATION_GAINED": 0.013856395147740841
}