{
    "age": 0.01617380976676941,
    "tagged": 0.06819629669189453,
    "visited": 0.05117877945303917,
    "conscious": 0.010336344130337238,
    "breathing": 0.010478852316737175,
    "hrpmin": 0.012121779844164848,
    "avpu": 0.0004423341597430408,
    "unvisited_count": 0.018723711371421814,
    "environment_type": 0.034516479820013046,
    "questioning": 0.16345223784446716,
    "assessing": 0.15344402194023132,
    "tagging": 0.1849314123392105,
    "leaving": 0.0934128537774086,
    "treatment": 0.0891197919845581,
    "HRA Strategy.time-resources.take-the-best": 0.00038093747571110725,
    "HRA Strategy.resources-system.take-the-best": 0.001210537040606141,
    "Satisfactory Priority": 0.02619405835866928,
    "pDeath": 0.007324215490370989,
    "pBrainInjury": 0.0009543469059281051,
    "pAirwayBlocked": 0.0011349247070029378,
    "pExternalBleeding": 0.0016534629976376891,
    "entropy": 0.00047806804650463164,
    "entropyDeath": 0.00032970818574540317,
    "SEVERITY": 0.003005863865837455,
    "SUPPLIES_REMAINING": 0.004453054163604975,
    "AVERAGE_TIME_USED": 0.005550575442612171,
    "MEDSIM_P_DEATH_ONE_MIN_LATER": 0.015916679054498672,
    "SEVEREST_SEVERITY": 0.0022479239851236343,
    "SMOL_MEDICAL_SOUNDNESS": 0.011322680860757828,
    "category": 0.011314328759908676
}