{
    "questioning": 0.2386452704668045,
    "assessing": 0.35253849625587463,
    "tagging": 0.11273689568042755,
    "leaving": 0.20879612863063812,
    "category": 0.028366222977638245,
    "One-Bounce Priority": 0.022912941873073578,
    "treatment": 0.036004044115543365
}