{
    "age": 0.026988448575139046,
    "tagged": 0.03648044168949127,
    "visited": 0.011047802865505219,
    "conscious": 0.006448919884860516,
    "breathing": 0.0197785422205925,
    "hrpmin": 0.015182552859187126,
    "avpu": 0.005846929736435413,
    "unvisited_count": 0.008182414807379246,
    "injured_count": 0.009254125878214836,
    "environment_type": 0.008587263524532318,
    "questioning": 0.21519161760807037,
    "assessing": 0.14753322303295135,
    "treating": 0.00040596883627586067,
    "tagging": 0.1568770706653595,
    "HRA Strategy.time-resources.take-the-best": 0.0068816873244941235,
    "HRA Strategy.time-resources.one-bounce": 0.0005102648865431547,
    "HRA Strategy.time-risk_reward_ratio.take-the-best": 0.01023731380701065,
    "HRA Strategy.time-risk_reward_ratio.one-bounce": 0.0002928133762907237,
    "HRA Strategy.time-system.exhaustive": 8.77753336681053e-05,
    "HRA Strategy.time-system.tallying": 0.0029525537975132465,
    "HRA Strategy.time-system.one-bounce": 0.00014250585809350014,
    "HRA Strategy.resources-risk_reward_ratio.take-the-best": 0.0010313639650121331,
    "HRA Strategy.resources-risk_reward_ratio.one-bounce": 0.0013640846591442823,
    "HRA Strategy.resources-system.take-the-best": 0.00293590291403234,
    "HRA Strategy.time-resources-system.exhaustive": 7.422530325129628e-05,
    "Satisfactory Priority": 0.0010990897426381707,
    "One-Bounce Priority": 0.04455174133181572,
    "pDeath": 0.0066904351115226746,
    "pPain": 0.014492767862975597,
    "pBrainInjury": 0.0028603682294487953,
    "pAirwayBlocked": 0.006455591414123774,
    "pInternalBleeding": 0.017042340710759163,
    "pExternalBleeding": 0.009087815880775452,
    "entropy": 0.00843345932662487,
    "entropyDeath": 0.010229026898741722,
    "SEVERITY": 0.004412113688886166,
    "SUPPLIES_REMAINING": 0.0007717089611105621,
    "AVERAGE_TIME_USED": 0.023450545966625214,
    "DAMAGE_PER_SECOND": 0.0029462266247719526,
    "MEDSIM_P_DEATH": 0.006648154463618994,
    "MEDSIM_P_DEATH_ONE_MIN_LATER": 0.018160570412874222,
    "SEVERITY_CHANGE": 0.00020500581013038754,
    "SEVEREST_SEVERITY": 0.000865093432366848,
    "SEVEREST_SEVERITY_CHANGE": 0.0024276021867990494,
    "WEIGHTED_RESOURCE_SCORE": 0.02040078118443489,
    "SMOL_MEDICAL_SOUNDNESS": 0.002198815578594804,
    "INFORMATION_GAINED": 0.06084344908595085,
    "treatment": 0.03035643696784973,
    "category": 0.011055061593651772
}