{
    "intent": 0.017597636207938194,
    "directness_of_causality": 0.2153000831604004,
    "aid_available": 0.20663027465343475,
    "treating": 0.34470513463020325,
    "SUPPLIES_USED": 0.20485839247703552,
    "SMOL_MEDICAL_SOUNDNESS": 0.010908513329923153
}