{
    "intent": 0.020781299099326134,
    "directness_of_causality": 0.21552328765392303,
    "aid_available": 0.1937762200832367,
    "treating": 0.3147464394569397,
    "SUPPLIES_REMAINING": 0.0011600091820582747,
    "SUPPLIES_USED": 0.25331735610961914,
    "WEIGHTED_RESOURCE_SCORE": 0.0006953862612135708
}