{
    "tagged": 0.0667237713932991,
    "breathing": 0.05689146742224693,
    "hrpmin": 0.05399184301495552,
    "assessing": 0.2611992061138153,
    "tagging": 0.3769356608390808,
    "entropyDeath": 0.0692872554063797,
    "treatment": 0.11497091501951218
}