{
    "age": 0.01477493904531002,
    "tagged": 0.02543974108994007,
    "hrpmin": 0.013167760334908962,
    "injured_count": 0.0354316309094429,
    "questioning": 0.1617138534784317,
    "assessing": 0.2687709927558899,
    "tagging": 0.1425527185201645,
    "leaving": 0.11940360814332962,
    "One-Bounce Priority": 0.0629417896270752,
    "entropyDeath": 0.008735044859349728,
    "INFORMATION_GAINED": 0.09223750978708267,
    "treatment": 0.03906930610537529,
    "category": 0.0157609973102808
}