{
    "age": 0.05981237441301346,
    "tagged": 0.020664123818278313,
    "visited": 0.005877990275621414,
    "breathing": 0.02362629398703575,
    "assessing": 0.233439639210701,
    "tagging": 0.24112388491630554,
    "HRA Strategy.time-resources.take-the-best": 0.02834521420300007,
    "HRA Strategy.time-resources.one-bounce": 0.006902958732098341,
    "HRA Strategy.time-system.tallying": 0.02161436341702938,
    "HRA Strategy.resources-risk_reward_ratio.take-the-best": 0.017084073275327682,
    "Satisfactory Priority": 0.09050145745277405,
    "pAirwayBlocked": 0.036846086382865906,
    "SEVERITY": 0.008043639361858368,
    "SUPPLIES_REMAINING": 0.006413165479898453,
    "AVERAGE_TIME_USED": 0.0033642537891864777,
    "MEDSIM_P_DEATH_ONE_MIN_LATER": 0.0028520955238491297,
    "SEVERITY_CHANGE": 0.0008832696476019919,
    "SEVEREST_SEVERITY": 0.031304746866226196,
    "WEIGHTED_RESOURCE_SCORE": 0.08163025230169296,
    "treatment": 0.07967011630535126
}