{
    "tagged": 0.028543571010231972,
    "visited": 0.0015390892513096333,
    "conscious": 0.001185843488201499,
    "mental_status": 0.0037019767332822084,
    "breathing": 0.0024649305269122124,
    "intent": 0.11461903899908066,
    "directness_of_causality": 0.09926196187734604,
    "aid_available": 0.0011264249915257096,
    "treating": 0.09147673845291138,
    "HRA Strategy.risk_reward_ratio-system.one-bounce": 0.0011864861007779837,
    "pBrainInjury": 0.0010331985540688038,
    "pAirwayBlocked": 0.0037773263175040483,
    "pInternalBleeding": 0.0015267094131559134,
    "SEVERITY": 0.05676962435245514,
    "SUPPLIES_REMAINING": 0.0016462020576000214,
    "SEVERITY_CHANGE": 0.3143831789493561,
    "WEIGHTED_RESOURCE_SCORE": 0.0014886182034388185,
    "SMOL_MEDICAL_SOUNDNESS": 0.18384423851966858,
    "treatment": 0.08303900808095932,
    "category": 0.00738594401627779
}