{
    "tagged": 5.8836591051658615e-05,
    "conscious": 2.9851646104361862e-05,
    "mental_status": 4.0363000152865425e-05,
    "avpu": 3.475388075457886e-05,
    "intent": 0.046270862221717834,
    "directness_of_causality": 0.18953154981136322,
    "aid_available": 0.15731281042099,
    "treating": 0.25373196601867676,
    "HRA Strategy.time-risk_reward_ratio.one-bounce": 0.0005300869233906269,
    "HRA Strategy.risk_reward_ratio-system.one-bounce": 0.001814686693251133,
    "HRA Strategy.resources-risk_reward_ratio-system.one-bounce": 0.0007697277469560504,
    "HRA Strategy.time-resources-risk_reward_ratio-system.one-bounce": 0.0003595731395762414,
    "Take-The-Best Priority": 0.000325115310261026,
    "Satisfactory Priority": 0.0005939481197856367,
    "One-Bounce Priority": 0.00022589870786760002,
    "pDeath": 5.1464256102917716e-05,
    "pPain": 1.3226800547272433e-05,
    "pBrainInjury": 0.00092272215988487,
    "pInternalBleeding": 0.0004763022589031607,
    "entropyDeath": 0.0002576904371380806,
    "SEVERITY": 0.0031684297136962414,
    "SUPPLIES_REMAINING": 0.0005804810207337141,
    "AVERAGE_TIME_USED": 0.02535402588546276,
    "DAMAGE_PER_SECOND": 0.0001256236428162083,
    "SEVERITY_CHANGE": 0.0002424564299872145,
    "SUPPLIES_USED": 0.19321192800998688,
    "SEVEREST_SEVERITY": 4.634272409020923e-05,
    "WEIGHTED_RESOURCE_SCORE": 0.0011184242321178317,
    "SMOL_MEDICAL_SOUNDNESS": 0.08983556926250458,
    "treatment": 0.032965287566185
}