{
    "tagged": 0.028109287843108177,
    "visited": 0.001558814779855311,
    "conscious": 0.0013028677785769105,
    "mental_status": 0.003423183225095272,
    "breathing": 0.002296570921316743,
    "intent": 0.1059781089425087,
    "directness_of_causality": 0.08720798790454865,
    "aid_available": 0.0010808048537001014,
    "treating": 0.08457867801189423,
    "HRA Strategy.time-risk_reward_ratio.one-bounce": 0.000812907179351896,
    "HRA Strategy.risk_reward_ratio-system.one-bounce": 0.0010719592683017254,
    "HRA Strategy.time-resources-risk_reward_ratio-system.one-bounce": 0.0008483894052915275,
    "pBrainInjury": 0.0010086381807923317,
    "pAirwayBlocked": 0.0018146956572309136,
    "pInternalBleeding": 0.0014226388884708285,
    "SEVERITY": 0.05116844177246094,
    "SUPPLIES_REMAINING": 0.001547774183563888,
    "SEVERITY_CHANGE": 0.3698614537715912,
    "WEIGHTED_RESOURCE_SCORE": 0.001278006355278194,
    "SMOL_MEDICAL_SOUNDNESS": 0.17001253366470337,
    "treatment": 0.0767865851521492,
    "category": 0.006829708814620972
}