{
    "tagged": 0.018000062555074692,
    "visited": 0.0011362037621438503,
    "conscious": 0.0006247776327654719,
    "mental_status": 0.002409885637462139,
    "breathing": 0.0016717530088499188,
    "hrpmin": 0.00024496272089891136,
    "intent": 0.0746074914932251,
    "directness_of_causality": 0.06461072713136673,
    "aid_available": 0.0008097648969851434,
    "treating": 0.06143293157219887,
    "HRA Strategy.time-risk_reward_ratio.one-bounce": 0.0005722782225348055,
    "HRA Strategy.risk_reward_ratio-system.one-bounce": 0.0009735060739330947,
    "HRA Strategy.time-resources-risk_reward_ratio-system.one-bounce": 0.0008662136970087886,
    "pBrainInjury": 0.0007349415100179613,
    "pAirwayBlocked": 0.0012948999647051096,
    "pInternalBleeding": 0.0010001607006415725,
    "SEVERITY": 0.07557540386915207,
    "SUPPLIES_REMAINING": 0.0011373716406524181,
    "AVERAGE_TIME_USED": 0.00041122123366221786,
    "DAMAGE_PER_SECOND": 0.001501351362094283,
    "MEDSIM_P_DEATH": 0.00024343440600205213,
    "SEVERITY_CHANGE": 0.47687625885009766,
    "SEVEREST_SEVERITY": 0.000797468121163547,
    "WEIGHTED_RESOURCE_SCORE": 0.0012179502518847585,
    "SMOL_MEDICAL_SOUNDNESS": 0.148263081908226,
    "treatment": 0.05817798525094986,
    "category": 0.0048080445267260075
}