{
    "age": 0.007113967556506395,
    "tagged": 0.037562306970357895,
    "visited": 0.0017655780538916588,
    "conscious": 0.0005839343066327274,
    "breathing": 0.008364452049136162,
    "hrpmin": 0.0040092081762850285,
    "avpu": 0.00239789136685431,
    "unvisited_count": 0.013583577238023281,
    "injured_count": 0.01609898917376995,
    "environment_type": 0.0014256630092859268,
    "questioning": 0.14738225936889648,
    "assessing": 0.17607545852661133,
    "tagging": 0.2251463234424591,
    "leaving": 0.17704123258590698,
    "HRA Strategy.time-resources.take-the-best": 0.003444488625973463,
    "HRA Strategy.time-resources.one-bounce": 0.00020829986897297204,
    "HRA Strategy.time-system.exhaustive": 0.0008195194532163441,
    "HRA Strategy.time-system.tallying": 0.00017400032083969563,
    "HRA Strategy.time-system.one-bounce": 0.0021889584604650736,
    "HRA Strategy.resources-system.take-the-best": 0.0008872274192981422,
    "HRA Strategy.resources-system.exhaustive": 0.0002556205145083368,
    "Satisfactory Priority": 0.00315149687230587,
    "One-Bounce Priority": 0.020186593756079674,
    "pDeath": 0.004761389922350645,
    "pPain": 0.005369654856622219,
    "pBrainInjury": 0.001890118233859539,
    "pAirwayBlocked": 0.004791958723217249,
    "pInternalBleeding": 0.0064926124177873135,
    "pExternalBleeding": 0.008308461867272854,
    "entropy": 0.010056988336145878,
    "entropyDeath": 0.008013639599084854,
    "SEVERITY": 0.0023847795091569424,
    "SUPPLIES_REMAINING": 0.0007218755781650543,
    "AVERAGE_TIME_USED": 0.003708943724632263,
    "DAMAGE_PER_SECOND": 0.001063490635715425,
    "MEDSIM_P_DEATH": 0.01390684861689806,
    "MEDSIM_P_DEATH_ONE_MIN_LATER": 0.005779394879937172,
    "SEVERITY_CHANGE": 0.0006330815376713872,
    "SEVEREST_SEVERITY": 0.0006198874325491488,
    "WEIGHTED_RESOURCE_SCORE": 0.0045740860514342785,
    "SMOL_MEDICAL_SOUNDNESS": 0.0013834978453814983,
    "INFORMATION_GAINED": 0.017942482605576515,
    "treatment": 0.039299093186855316,
    "category": 0.008430657908320427
}