{
    "intent": 0.17388884723186493,
    "aid_available": 0.17271853983402252,
    "treating": 0.6533926129341125
}