{
    "tagged": 0.04209797456860542,
    "conscious": 0.009010897018015385,
    "breathing": 0.02547393925487995,
    "avpu": 0.02910926192998886,
    "environment_type": 0.0200370941311121,
    "assessing": 0.13219277560710907,
    "tagging": 0.4794384241104126,
    "category": 0.0065633454360067844,
    "HRA Strategy.time-resources.take-the-best": 0.025808677077293396,
    "HRA Strategy.time-system.tallying": 0.0399145632982254,
    "One-Bounce Priority": 0.007682516239583492,
    "pBrainInjury": 0.01492358185350895,
    "pInternalBleeding": 0.005531521514058113,
    "SEVERITY": 0.008794771507382393,
    "SUPPLIES_REMAINING": 0.028200916945934296,
    "AVERAGE_TIME_USED": 0.046090248972177505,
    "DAMAGE_PER_SECOND": 0.03015167824923992,
    "SMOL_MEDICAL_SOUNDNESS": 0.0073018972761929035,
    "treatment": 0.04167589172720909
}