{
    "breathing": 0.021178146824240685,
    "intent": 0.025285255163908005,
    "directness_of_causality": 0.18431907892227173,
    "aid_available": 0.19781312346458435,
    "treating": 0.3617781102657318,
    "HRA Strategy.resources-system.take-the-best": 0.0005648609949275851,
    "SUPPLIES_USED": 0.20906145870685577
}