{
    "age": 0.02702534757554531,
    "tagged": 0.03353738412261009,
    "visited": 0.01088683120906353,
    "conscious": 0.003993481397628784,
    "breathing": 0.015416361391544342,
    "hrpmin": 0.015592219308018684,
    "avpu": 0.006886822637170553,
    "unvisited_count": 0.01544127706438303,
    "injured_count": 0.00743945874273777,
    "environment_type": 0.007878822274506092,
    "questioning": 0.27289143204689026,
    "assessing": 0.1570093035697937,
    "tagging": 0.13270018994808197,
    "HRA Strategy.time-risk_reward_ratio.take-the-best": 0.004695633426308632,
    "HRA Strategy.time-system.tallying": 0.001935451989993453,
    "HRA Strategy.resources-system.take-the-best": 0.003794026095420122,
    "One-Bounce Priority": 0.043470729142427444,
    "pDeath": 0.008413180708885193,
    "pPain": 0.012960154563188553,
    "pBrainInjury": 0.003804873675107956,
    "pAirwayBlocked": 0.006822980009019375,
    "pInternalBleeding": 0.01591786928474903,
    "pExternalBleeding": 0.012632809579372406,
    "entropy": 0.009904003702104092,
    "entropyDeath": 0.010846419259905815,
    "SEVERITY": 0.0051107401959598064,
    "AVERAGE_TIME_USED": 0.023174505680799484,
    "DAMAGE_PER_SECOND": 0.002961085643619299,
    "MEDSIM_P_DEATH": 0.0068389191292226315,
    "MEDSIM_P_DEATH_ONE_MIN_LATER": 0.00950630009174347,
    "SEVEREST_SEVERITY_CHANGE": 0.0017357131000608206,
    "WEIGHTED_RESOURCE_SCORE": 0.013880934566259384,
    "SMOL_MEDICAL_SOUNDNESS": 0.003431577468290925,
    "INFORMATION_GAINED": 0.04965249076485634,
    "treatment": 0.031671371310949326,
    "category": 0.0101392837241292
}