{
    "age": 0.030399905517697334,
    "injured_count": 0.02016431838274002,
    "questioning": 0.26405343413352966,
    "assessing": 0.4988575875759125,
    "tagging": 0.06229596212506294,
    "category": 0.04542902112007141,
    "SEVEREST_SEVERITY_CHANGE": 0.013428394682705402,
    "INFORMATION_GAINED": 0.04087356477975845,
    "treatment": 0.024497879669070244
}