{
    "tagged": 0.01763794757425785,
    "injured_count": 0.012972445227205753,
    "questioning": 0.3072291314601898,
    "assessing": 0.34654927253723145,
    "tagging": 0.054554130882024765,
    "leaving": 0.21078777313232422,
    "One-Bounce Priority": 0.020215634256601334,
    "INFORMATION_GAINED": 0.00942002609372139,
    "treatment": 0.020633606240153313
}