{
    "age": 0.05044780299067497,
    "tagged": 0.009627104736864567,
    "visited": 0.020458616316318512,
    "assessing": 0.19328047335147858,
    "treating": 0.0005681780749000609,
    "tagging": 0.37396156787872314,
    "treatment": 0.0902993381023407,
    "HRA Strategy.time-resources.take-the-best": 0.003142654662951827,
    "HRA Strategy.time-system.tallying": 0.002866945695132017,
    "Satisfactory Priority": 0.05181672051548958,
    "One-Bounce Priority": 0.03968511149287224,
    "pAirwayBlocked": 0.011092049069702625,
    "entropy": 0.0028189236763864756,
    "SEVERITY": 0.004830812104046345,
    "SUPPLIES_REMAINING": 0.020311877131462097,
    "AVERAGE_TIME_USED": 0.06171181797981262,
    "DAMAGE_PER_SECOND": 0.0011065116850659251,
    "MEDSIM_P_DEATH_ONE_MIN_LATER": 0.033734846860170364,
    "WEIGHTED_RESOURCE_SCORE": 0.004525240510702133,
    "category": 0.02371341548860073
}