{
    "tagged": 0.038375623524188995,
    "intent": 0.2957553267478943,
    "directness_of_causality": 0.27997273206710815,
    "treating": 0.37448081374168396,
    "Satisfactory Priority": 0.011415504850447178
}