{
    "age": 0.013376524671912193,
    "tagged": 0.09127291291952133,
    "visited": 0.010288326069712639,
    "unvisited_count": 0.013268754817545414,
    "injured_count": 0.019052604213356972,
    "environment_type": 0.008200396783649921,
    "questioning": 0.24437028169631958,
    "assessing": 0.32390278577804565,
    "tagging": 0.020935602486133575,
    "leaving": 0.07984375208616257,
    "treatment": 0.058705300092697144,
    "HRA Strategy.time-risk_reward_ratio.take-the-best": 0.008753139525651932,
    "One-Bounce Priority": 0.022215664386749268,
    "MEDSIM_P_DEATH_ONE_MIN_LATER": 0.026673002168536186,
    "SEVEREST_SEVERITY": 0.019413555040955544,
    "WEIGHTED_RESOURCE_SCORE": 0.010008217766880989,
    "INFORMATION_GAINED": 0.01334311068058014,
    "category": 0.01637619361281395
}