{
    "age": 0.006897278130054474,
    "tagged": 0.019995437934994698,
    "breathing": 0.006202029064297676,
    "injured_count": 0.03062775544822216,
    "questioning": 0.21602608263492584,
    "assessing": 0.2978155016899109,
    "tagging": 0.11149770021438599,
    "leaving": 0.16368237137794495,
    "One-Bounce Priority": 0.05156145244836807,
    "INFORMATION_GAINED": 0.05214567109942436,
    "treatment": 0.03367678448557854,
    "category": 0.00987191591411829
}