{
    "tagged": 0.0153184924274683,
    "conscious": 0.0010073394514620304,
    "breathing": 0.020524626597762108,
    "intent": 0.13058783113956451,
    "directness_of_causality": 0.02975129522383213,
    "aid_available": 0.04378923028707504,
    "treating": 0.10759720951318741,
    "pInternalBleeding": 0.010691706091165543,
    "pExternalBleeding": 0.006039985455572605,
    "SEVERITY": 0.002857532585039735,
    "SUPPLIES_REMAINING": 0.00422739889472723,
    "AVERAGE_TIME_USED": 0.008452841080725193,
    "MEDSIM_P_DEATH_ONE_MIN_LATER": 0.37093931436538696,
    "SUPPLIES_USED": 0.05854065343737602,
    "SEVEREST_SEVERITY_CHANGE": 0.0354485847055912,
    "SMOL_MEDICAL_SOUNDNESS": 0.15422594547271729
}