{
    "directness_of_causality": 0.40682023763656616,
    "treating": 0.2301667332649231,
    "SEVERITY_CHANGE": 0.11559392511844635,
    "SMOL_MEDICAL_SOUNDNESS": 0.2474190592765808
}