{
    "age": 0.02351282723248005,
    "tagged": 0.042937807738780975,
    "breathing": 0.016345499083399773,
    "hrpmin": 0.024644257500767708,
    "injured_count": 0.017068203538656235,
    "environment_type": 0.012217299081385136,
    "questioning": 0.19626832008361816,
    "assessing": 0.2735540568828583,
    "tagging": 0.0955885723233223,
    "One-Bounce Priority": 0.07359619438648224,
    "pPain": 0.01651982218027115,
    "pInternalBleeding": 0.013034668751060963,
    "pExternalBleeding": 0.0209143478423357,
    "entropy": 0.012961352244019508,
    "entropyDeath": 0.01834566704928875,
    "AVERAGE_TIME_USED": 0.026013191789388657,
    "WEIGHTED_RESOURCE_SCORE": 0.016091246157884598,
    "INFORMATION_GAINED": 0.03812672942876816,
    "treatment": 0.043881841003894806,
    "category": 0.01837819628417492
}