{
    "conscious": 0.0007531103328801692,
    "breathing": 0.01781577244400978,
    "intent": 0.09292152523994446,
    "directness_of_causality": 0.15208204090595245,
    "aid_available": 0.0886978879570961,
    "treating": 0.21756520867347717,
    "HRA Strategy.risk_reward_ratio-system.one-bounce": 0.0015008843038231134,
    "HRA Strategy.resources-risk_reward_ratio-system.one-bounce": 0.0016536143375560641,
    "HRA Strategy.time-resources-risk_reward_ratio-system.one-bounce": 0.00033281088690273464,
    "Take-The-Best Priority": 0.0011292174458503723,
    "SEVERITY": 0.012638431042432785,
    "SUPPLIES_REMAINING": 0.0017584995366632938,
    "AVERAGE_TIME_USED": 0.06808679550886154,
    "MEDSIM_P_DEATH": 0.0009219591738656163,
    "SUPPLIES_USED": 0.14358139038085938,
    "SEVEREST_SEVERITY_CHANGE": 0.021438175812363625,
    "SMOL_MEDICAL_SOUNDNESS": 0.1223207414150238,
    "treatment": 0.05480191111564636
}