age,tagged,relationship,breathing,injured_count,questioning,assessing,tagging,leaving,pPain,pExternalBleeding,SUPPLIES_REMAINING,treatment,category
0.11909914761781693,0.03688379377126694,0.12005101144313812,0.00986386276781559,0.03254183009266853,0.12756919860839844,0.27428916096687317,0.062356796115636826,0.13963861763477325,0.010113625787198544,0.00798045564442873,0.008651848882436752,0.035303883254528046,0.01565655879676342
