{
    "age": 0.11909914761781693,
    "tagged": 0.03688379377126694,
    "relationship": 0.12005101144313812,
    "breathing": 0.00986386276781559,
    "injured_count": 0.03254183009266853,
    "questioning": 0.12756919860839844,
    "assessing": 0.27428916096687317,
    "tagging": 0.062356796115636826,
    "leaving": 0.13963861763477325,
    "pPain": 0.010113625787198544,
    "pExternalBleeding": 0.00798045564442873,
    "SUPPLIES_REMAINING": 0.008651848882436752,
    "treatment": 0.035303883254528046,
    "category": 0.01565655879676342
}