{
    "age": 0.00436213007196784,
    "tagged": 0.02584400586783886,
    "visited": 0.0018381191184744239,
    "conscious": 0.0008906783768907189,
    "breathing": 0.005444060545414686,
    "hrpmin": 0.0033404973801225424,
    "avpu": 0.0022442955523729324,
    "unvisited_count": 0.004563748370856047,
    "injured_count": 0.010690407827496529,
    "environment_type": 0.0021555114071816206,
    "questioning": 0.1173931211233139,
    "assessing": 0.14682839810848236,
    "treating": 0.00040856076520867646,
    "tagging": 0.22413745522499084,
    "leaving": 0.3094204366207123,
    "HRA Strategy.time-resources.take-the-best": 0.0020028536673635244,
    "HRA Strategy.time-risk_reward_ratio.take-the-best": 0.003442940302193165,
    "HRA Strategy.time-system.exhaustive": 0.002062576822936535,
    "HRA Strategy.time-system.tallying": 0.0002169742510886863,
    "HRA Strategy.time-system.one-bounce": 0.00016560748917981982,
    "HRA Strategy.resources-system.take-the-best": 0.0011907395673915744,
    "HRA Strategy.resources-system.exhaustive": 0.00019233861530665308,
    "HRA Strategy.risk_reward_ratio-system.exhaustive": 0.0033655348233878613,
    "HRA Strategy.time-resources-system.exhaustive": 0.00138584163505584,
    "Satisfactory Priority": 0.004100027959793806,
    "One-Bounce Priority": 0.012319146655499935,
    "pDeath": 0.001217941171489656,
    "pPain": 0.007754388730973005,
    "pBrainInjury": 0.0031173231545835733,
    "pAirwayBlocked": 0.007340649608522654,
    "pInternalBleeding": 0.004739917349070311,
    "pExternalBleeding": 0.00604212936013937,
    "entropy": 0.012710925191640854,
    "entropyDeath": 0.002005162416025996,
    "SEVERITY": 0.0028410726226866245,
    "SUPPLIES_REMAINING": 0.0005841886741109192,
    "AVERAGE_TIME_USED": 0.007312906440347433,
    "DAMAGE_PER_SECOND": 0.00028184341499581933,
    "MEDSIM_P_DEATH": 0.0037552497815340757,
    "MEDSIM_P_DEATH_ONE_MIN_LATER": 0.0004911859286949039,
    "SEVEREST_SEVERITY": 0.0025400908198207617,
    "WEIGHTED_RESOURCE_SCORE": 0.001301351934671402,
    "INFORMATION_GAINED": 0.0036159714218229055,
    "treatment": 0.03582300618290901,
    "category": 0.006518802139908075
}