{
    "questioning": 0.3471282720565796,
    "assessing": 0.3599408268928528,
    "leaving": 0.2929309010505676
}