{
    "questioning": 0.32585790753364563,
    "assessing": 0.3810756504535675,
    "tagging": 0.05562540888786316,
    "leaving": 0.19688177108764648,
    "One-Bounce Priority": 0.016031404957175255,
    "treatment": 0.02452795021235943
}