{
    "age": 0.021306272596120834,
    "tagged": 0.005258122459053993,
    "visited": 0.07831098139286041,
    "conscious": 0.02160169556736946,
    "breathing": 0.015448862686753273,
    "hrpmin": 0.007941754534840584,
    "avpu": 0.007613332476466894,
    "unvisited_count": 0.02128671109676361,
    "injured_count": 0.03264107555150986,
    "environment_type": 0.008205640129745007,
    "questioning": 0.07353758066892624,
    "assessing": 0.10635261982679367,
    "tagging": 0.3044299781322479,
    "HRA Strategy.time-resources.take-the-best": 0.08092952519655228,
    "HRA Strategy.time-resources.one-bounce": 0.0005483691347762942,
    "HRA Strategy.resources-risk_reward_ratio.take-the-best": 0.0015694067114964128,
    "HRA Strategy.resources-risk_reward_ratio.one-bounce": 0.014188440516591072,
    "HRA Strategy.resources-system.take-the-best": 0.0002893808705266565,
    "Satisfactory Priority": 0.005544895306229591,
    "One-Bounce Priority": 0.013727220706641674,
    "pDeath": 0.012998010031878948,
    "pPain": 0.020601944997906685,
    "pBrainInjury": 0.00442880392074585,
    "pAirwayBlocked": 0.001116229803301394,
    "pInternalBleeding": 0.011808320879936218,
    "pExternalBleeding": 0.013559607788920403,
    "entropy": 0.01501252967864275,
    "entropyDeath": 0.0005339899798855186,
    "SEVERITY": 0.008440842851996422,
    "SUPPLIES_REMAINING": 0.006208647042512894,
    "AVERAGE_TIME_USED": 0.010396348312497139,
    "DAMAGE_PER_SECOND": 0.00043451390229165554,
    "MEDSIM_P_DEATH": 0.007263809442520142,
    "WEIGHTED_RESOURCE_SCORE": 0.0015587691450491548,
    "SMOL_MEDICAL_SOUNDNESS": 0.001251597423106432,
    "treatment": 0.05359876900911331,
    "category": 0.010055488906800747
}