{
    "conscious": 0.0006945603527128696,
    "mental_status": 0.0002026997972279787,
    "breathing": 0.10395754128694534,
    "avpu": 0.00011579430429264903,
    "intent": 0.024373825639486313,
    "directness_of_causality": 0.19613100588321686,
    "aid_available": 0.11195289343595505,
    "treating": 0.23313000798225403,
    "HRA Strategy.time-resources.take-the-best": 0.0016298653790727258,
    "HRA Strategy.time-risk_reward_ratio.one-bounce": 0.00279520102776587,
    "HRA Strategy.resources-risk_reward_ratio.one-bounce": 0.03197512775659561,
    "HRA Strategy.resources-system.take-the-best": 0.025482000783085823,
    "HRA Strategy.risk_reward_ratio-system.one-bounce": 0.0013064797967672348,
    "HRA Strategy.time-resources-system.one-bounce": 0.0006227461853995919,
    "HRA Strategy.resources-risk_reward_ratio-system.one-bounce": 0.0009297275100834668,
    "HRA Strategy.time-resources-risk_reward_ratio-system.one-bounce": 0.00028178177308291197,
    "Take-The-Best Priority": 0.001375787309370935,
    "One-Bounce Priority": 0.0005701574846170843,
    "pDeath": 0.05962582305073738,
    "pPain": 0.000346351764164865,
    "pAirwayBlocked": 0.0009415505919605494,
    "pInternalBleeding": 0.00019341122242622077,
    "entropy": 0.000272721255896613,
    "entropyDeath": 0.005457907449454069,
    "SEVERITY": 0.006614217069000006,
    "SUPPLIES_REMAINING": 0.029430845752358437,
    "AVERAGE_TIME_USED": 0.004078058060258627,
    "SEVERITY_CHANGE": 6.288745498750359e-05,
    "SUPPLIES_USED": 0.15290327370166779,
    "WEIGHTED_RESOURCE_SCORE": 0.0007152970065362751,
    "treatment": 0.0018304417608305812
}