{
    "intent": 0.08392118662595749,
    "directness_of_causality": 0.16303659975528717,
    "SUPPLIES_REMAINING": 0.015878258273005486,
    "AVERAGE_TIME_USED": 0.25994667410850525,
    "SMOL_MEDICAL_SOUNDNESS": 0.47721725702285767
}