{
    "age": 0.009929506108164787,
    "tagged": 0.007261719089001417,
    "visited": 0.0012541661271825433,
    "conscious": 0.004465493373572826,
    "breathing": 0.016242196783423424,
    "hrpmin": 0.017725210636854172,
    "avpu": 0.01868906430900097,
    "unvisited_count": 0.03748580068349838,
    "injured_count": 0.027933331206440926,
    "others_tagged_or_uninjured": 0.0022605732083320618,
    "environment_type": 0.005788718815892935,
    "questioning": 0.19347494840621948,
    "assessing": 0.18180805444717407,
    "tagging": 0.274716317653656,
    "category": 0.005172619596123695,
    "HRA Strategy.time-resources.take-the-best": 0.004517825786024332,
    "HRA Strategy.time-risk_reward_ratio.take-the-best": 0.0022528842091560364,
    "HRA Strategy.time-system.exhaustive": 0.0006591564742848277,
    "HRA Strategy.time-system.one-bounce": 0.0004395694413688034,
    "HRA Strategy.resources-risk_reward_ratio.take-the-best": 0.00018656908650882542,
    "HRA Strategy.resources-system.take-the-best": 0.00039504346204921603,
    "HRA Strategy.resources-system.exhaustive": 0.00022513183648698032,
    "HRA Strategy.time-resources-system.exhaustive": 0.0004441399942152202,
    "Satisfactory Priority": 0.003764617955312133,
    "One-Bounce Priority": 0.020613212138414383,
    "pDeath": 0.007378901820629835,
    "pPain": 0.008178322575986385,
    "pBrainInjury": 0.0014739522011950612,
    "pAirwayBlocked": 0.00405088160187006,
    "pInternalBleeding": 0.0012784003047272563,
    "pExternalBleeding": 0.0021204031072556973,
    "entropy": 0.020214736461639404,
    "entropyDeath": 0.0018166947411373258,
    "SEVERITY": 0.005690252874046564,
    "SUPPLIES_REMAINING": 0.0005192337557673454,
    "AVERAGE_TIME_USED": 0.021726876497268677,
    "DAMAGE_PER_SECOND": 0.0008672381518408656,
    "MEDSIM_P_DEATH": 0.024415694177150726,
    "MEDSIM_P_DEATH_ONE_MIN_LATER": 0.0009309570305049419,
    "SEVEREST_SEVERITY": 0.00034000389860011637,
    "SEVEREST_SEVERITY_CHANGE": 0.001140875043347478,
    "WEIGHTED_RESOURCE_SCORE": 0.0025001736357808113,
    "SMOL_MEDICAL_SOUNDNESS": 0.004122753161936998,
    "INFORMATION_GAINED": 0.007285735569894314,
    "treatment": 0.046242114156484604
}