{
    "tagged": 0.0472467876970768,
    "breathing": 0.01371045596897602,
    "hrpmin": 0.0034599662758409977,
    "intent": 0.18607431650161743,
    "aid_available": 0.001698238542303443,
    "treating": 0.09753076732158661,
    "HRA Strategy.time-resources.one-bounce": 0.00880260020494461,
    "HRA Strategy.time-system.tallying": 0.003544956911355257,
    "HRA Strategy.resources-system.take-the-best": 0.0054211849346756935,
    "HRA Strategy.risk_reward_ratio-system.one-bounce": 0.0013348542852327228,
    "HRA Strategy.resources-risk_reward_ratio-system.one-bounce": 0.001217427896335721,
    "pDeath": 0.00016992969904094934,
    "pAirwayBlocked": 0.00016066285024862736,
    "pInternalBleeding": 0.0011281220940873027,
    "pExternalBleeding": 0.00025326397735625505,
    "SEVERITY": 0.08263229578733444,
    "SUPPLIES_REMAINING": 0.001948737190105021,
    "AVERAGE_TIME_USED": 0.147099569439888,
    "DAMAGE_PER_SECOND": 0.08530503511428833,
    "MEDSIM_P_DEATH_ONE_MIN_LATER": 0.0018056093249469995,
    "SUPPLIES_USED": 0.005651393439620733,
    "SEVEREST_SEVERITY": 0.0014724846696481109,
    "WEIGHTED_RESOURCE_SCORE": 0.0029522012919187546,
    "SMOL_MEDICAL_SOUNDNESS": 0.29687830805778503,
    "treatment": 0.0025009014643728733
}