{
    "injured_count": 0.2375405877828598,
    "questioning": 0.6772866249084473,
    "category": 0.08517272770404816
}