{
    "questioning": 0.303068071603775,
    "assessing": 0.4135955274105072,
    "tagging": 0.061700668185949326,
    "leaving": 0.194833904504776,
    "treatment": 0.026801811531186104
}