{
    "tagged": 0.030239319428801537,
    "conscious": 0.008297138847410679,
    "mental_status": 0.0009161536581814289,
    "breathing": 0.09836120903491974,
    "hrpmin": 0.003623775439336896,
    "intent": 0.08647849410772324,
    "directness_of_causality": 0.13564176857471466,
    "aid_available": 0.003055820008739829,
    "treating": 0.03702270984649658,
    "HRA Strategy.time-resources.take-the-best": 0.023839890956878662,
    "HRA Strategy.time-risk_reward_ratio.one-bounce": 0.000451916508609429,
    "HRA Strategy.resources-system.take-the-best": 0.015975497663021088,
    "HRA Strategy.time-resources-risk_reward_ratio.one-bounce": 0.000807650329079479,
    "HRA Strategy.time-resources-system.one-bounce": 0.002072727307677269,
    "HRA Strategy.time-resources-risk_reward_ratio-system.one-bounce": 0.0009216436301358044,
    "pPain": 0.0002870344032999128,
    "pBrainInjury": 0.00025424297200515866,
    "pInternalBleeding": 8.557701949030161e-05,
    "entropyDeath": 0.0013203227426856756,
    "SEVERITY": 0.042993076145648956,
    "AVERAGE_TIME_USED": 0.03588708117604256,
    "DAMAGE_PER_SECOND": 0.0009929583175107837,
    "SUPPLIES_USED": 0.0009734974591992795,
    "WEIGHTED_RESOURCE_SCORE": 0.002628588816151023,
    "SMOL_MEDICAL_SOUNDNESS": 0.2601831257343292,
    "treatment": 0.2066888064146042
}