{
    "age": 0.00756112253293395,
    "tagged": 0.03597981110215187,
    "visited": 0.0031328434124588966,
    "conscious": 0.0013152628671377897,
    "breathing": 0.0057204063050448895,
    "hrpmin": 0.005949835292994976,
    "avpu": 0.0008234867127612233,
    "unvisited_count": 0.012309660203754902,
    "injured_count": 0.013835340738296509,
    "environment_type": 0.0012004115851595998,
    "questioning": 0.18335843086242676,
    "assessing": 0.15551632642745972,
    "treating": 0.0003083895717281848,
    "tagging": 0.18740426003932953,
    "leaving": 0.21864165365695953,
    "HRA Strategy.time-resources.take-the-best": 0.0049993428401649,
    "HRA Strategy.time-resources.one-bounce": 0.00022194524353835732,
    "HRA Strategy.time-system.exhaustive": 0.0018484947504475713,
    "HRA Strategy.time-system.tallying": 0.00039536255644634366,
    "HRA Strategy.time-system.one-bounce": 0.0003799953847192228,
    "HRA Strategy.resources-system.take-the-best": 0.001743145054206252,
    "HRA Strategy.resources-system.exhaustive": 0.0008567048353143036,
    "HRA Strategy.risk_reward_ratio-system.exhaustive": 0.0030876838136464357,
    "Satisfactory Priority": 0.005229749251157045,
    "One-Bounce Priority": 0.02157946117222309,
    "pDeath": 0.0031972574070096016,
    "pPain": 0.006885390728712082,
    "pBrainInjury": 0.002256576204672456,
    "pAirwayBlocked": 0.01196315884590149,
    "pInternalBleeding": 0.009343563579022884,
    "pExternalBleeding": 0.01166552770882845,
    "entropy": 0.009679277427494526,
    "entropyDeath": 0.001623045071028173,
    "SEVERITY": 0.002901633270084858,
    "SUPPLIES_REMAINING": 0.0003807322937063873,
    "AVERAGE_TIME_USED": 0.010032741352915764,
    "DAMAGE_PER_SECOND": 0.0005457811057567596,
    "MEDSIM_P_DEATH": 0.0027657547034323215,
    "MEDSIM_P_DEATH_ONE_MIN_LATER": 0.000907357782125473,
    "SEVERITY_CHANGE": 0.0025660633109509945,
    "SEVEREST_SEVERITY": 0.005152679514139891,
    "SEVEREST_SEVERITY_CHANGE": 0.0002858869847841561,
    "WEIGHTED_RESOURCE_SCORE": 0.000978781026788056,
    "SMOL_MEDICAL_SOUNDNESS": 0.0010766059858724475,
    "INFORMATION_GAINED": 0.002323392778635025,
    "treatment": 0.03196220099925995,
    "category": 0.008107461035251617
}