{
    "questioning": 0.33583593368530273,
    "assessing": 0.3831365406513214,
    "tagging": 0.05843421071767807,
    "leaving": 0.1929110586643219,
    "treatment": 0.02968228980898857
}