{
    "tagged": 0.03040952794253826,
    "questioning": 0.3552645146846771,
    "assessing": 0.5046333074569702,
    "tagging": 0.08139415830373764,
    "treatment": 0.028298450633883476
}