{
    "age": 0.008698305115103722,
    "tagged": 0.02772720530629158,
    "breathing": 0.0068344431929290295,
    "avpu": 0.004192851483821869,
    "unvisited_count": 0.010571803897619247,
    "injured_count": 0.01875530742108822,
    "questioning": 0.24277979135513306,
    "assessing": 0.1888425350189209,
    "tagging": 0.12753835320472717,
    "leaving": 0.1896480768918991,
    "One-Bounce Priority": 0.03593294695019722,
    "pDeath": 0.0031205874402076006,
    "pPain": 0.0074477228336036205,
    "pAirwayBlocked": 0.0056973169557750225,
    "pInternalBleeding": 0.00907217152416706,
    "pExternalBleeding": 0.012141627259552479,
    "entropy": 0.010010592639446259,
    "SEVERITY": 0.003095869440585375,
    "AVERAGE_TIME_USED": 0.003309869207441807,
    "MEDSIM_P_DEATH": 0.005101341288536787,
    "INFORMATION_GAINED": 0.02925553172826767,
    "treatment": 0.03958893194794655,
    "category": 0.010636708699166775
}