{
    "age": 0.03402695059776306,
    "tagged": 0.04233749955892563,
    "visited": 0.010374430567026138,
    "breathing": 0.01738116517663002,
    "hrpmin": 0.018767639994621277,
    "avpu": 0.009176990948617458,
    "unvisited_count": 0.014362076297402382,
    "injured_count": 0.01172093115746975,
    "environment_type": 0.010003597475588322,
    "questioning": 0.29914990067481995,
    "assessing": 0.15439312160015106,
    "tagging": 0.07367832958698273,
    "One-Bounce Priority": 0.05986976996064186,
    "pDeath": 0.01060410588979721,
    "pPain": 0.015108227729797363,
    "pAirwayBlocked": 0.006117422133684158,
    "pInternalBleeding": 0.019942091777920723,
    "pExternalBleeding": 0.020702719688415527,
    "entropy": 0.013501343317329884,
    "entropyDeath": 0.013417571783065796,
    "SEVERITY": 0.00593864731490612,
    "AVERAGE_TIME_USED": 0.02715170942246914,
    "MEDSIM_P_DEATH_ONE_MIN_LATER": 0.009364656172692776,
    "WEIGHTED_RESOURCE_SCORE": 0.0132570406422019,
    "INFORMATION_GAINED": 0.04110421612858772,
    "treatment": 0.035299595445394516,
    "category": 0.013248352333903313
}