{
    "tagged": 0.02317827381193638,
    "questioning": 0.23001891374588013,
    "assessing": 0.22042708098888397,
    "tagging": 0.37743839621543884,
    "leaving": 0.11955910921096802,
    "treatment": 0.02937820740044117
}