{
    "age": 0.005426289513707161,
    "tagged": 0.045485999435186386,
    "visited": 0.003943456336855888,
    "conscious": 0.0009194697486236691,
    "breathing": 0.005238378886133432,
    "hrpmin": 0.003953955136239529,
    "avpu": 0.0006583798094652593,
    "unvisited_count": 0.011773624457418919,
    "injured_count": 0.012366890907287598,
    "environment_type": 0.0009371048072353005,
    "questioning": 0.21278423070907593,
    "assessing": 0.15548090636730194,
    "tagging": 0.1672283262014389,
    "leaving": 0.21968311071395874,
    "HRA Strategy.time-resources.take-the-best": 0.0035532612819224596,
    "HRA Strategy.time-system.exhaustive": 0.0004137314099352807,
    "HRA Strategy.resources-system.take-the-best": 0.001184806227684021,
    "Satisfactory Priority": 0.008063608780503273,
    "One-Bounce Priority": 0.02442215010523796,
    "pDeath": 0.002872526878491044,
    "pPain": 0.00516138831153512,
    "pBrainInjury": 0.0024119862355291843,
    "pAirwayBlocked": 0.01399173028767109,
    "pInternalBleeding": 0.007146972231566906,
    "pExternalBleeding": 0.010146877728402615,
    "entropy": 0.008590754121541977,
    "entropyDeath": 0.002312954980880022,
    "SEVERITY": 0.002172985812649131,
    "AVERAGE_TIME_USED": 0.009537783451378345,
    "MEDSIM_P_DEATH": 0.0017735586734488606,
    "SEVEREST_SEVERITY": 0.002268916927278042,
    "WEIGHTED_RESOURCE_SCORE": 0.0026029960718005896,
    "SMOL_MEDICAL_SOUNDNESS": 0.004433749243617058,
    "INFORMATION_GAINED": 0.00433849124237895,
    "treatment": 0.029287980869412422,
    "category": 0.00743061164394021
}