{
    "age": 0.03723117336630821,
    "visited": 0.01366463117301464,
    "conscious": 0.00997899193316698,
    "breathing": 0.025026511400938034,
    "avpu": 0.0037919124588370323,
    "environment_type": 0.05276487395167351,
    "questioning": 0.1343313306570053,
    "tagging": 0.26200416684150696,
    "category": 0.03292688727378845,
    "HRA Strategy.time-resources.take-the-best": 0.00691031152382493,
    "HRA Strategy.time-risk_reward_ratio.take-the-best": 0.00494595430791378,
    "pPain": 0.05254478380084038,
    "pBrainInjury": 0.004091563168913126,
    "entropy": 0.03949282318353653,
    "SEVERITY": 0.013906395062804222,
    "SUPPLIES_REMAINING": 0.002488761907443404,
    "AVERAGE_TIME_USED": 0.11630305647850037,
    "MEDSIM_P_DEATH": 0.01853252202272415,
    "WEIGHTED_RESOURCE_SCORE": 0.012996288016438484,
    "SMOL_MEDICAL_SOUNDNESS": 0.006145124323666096,
    "INFORMATION_GAINED": 0.03134409710764885,
    "treatment": 0.11857789009809494
}