{
    "aid_available": 0.050218697637319565,
    "treating": 0.07875890284776688,
    "SEVERITY": 0.0282219797372818,
    "AVERAGE_TIME_USED": 0.0755615159869194,
    "SUPPLIES_USED": 0.036685846745967865,
    "SMOL_MEDICAL_SOUNDNESS": 0.48529380559921265,
    "HRA Strategy.time-system.satisfactory": 0.002020137617364526,
    "conscious": 0.0057694800198078156,
    "intent": 0.07605355978012085,
    "treatment": 0.0684395432472229,
    "directness_of_causality": 0.09297652542591095
}