{
    "age": 0.007404792588204145,
    "tagged": 0.02042572759091854,
    "breathing": 0.007729513570666313,
    "unvisited_count": 0.012141247279942036,
    "injured_count": 0.01899789646267891,
    "questioning": 0.18891273438930511,
    "assessing": 0.21014918386936188,
    "tagging": 0.17067979276180267,
    "leaving": 0.2329222857952118,
    "Satisfactory Priority": 0.004904008004814386,
    "One-Bounce Priority": 0.03077913634479046,
    "pPain": 0.0045190295204520226,
    "entropy": 0.0065039945766329765,
    "AVERAGE_TIME_USED": 0.00653780298307538,
    "INFORMATION_GAINED": 0.034681662917137146,
    "treatment": 0.033492561429739,
    "category": 0.009218547493219376
}