{
    "age": 0.01297913771122694,
    "tagged": 0.034559447318315506,
    "unvisited_count": 0.013970782980322838,
    "environment_type": 0.025055047124624252,
    "questioning": 0.10148359835147858,
    "assessing": 0.11176866292953491,
    "tagging": 0.1659918874502182,
    "leaving": 0.29262375831604004,
    "Satisfactory Priority": 0.06184139475226402,
    "One-Bounce Priority": 0.06306737661361694,
    "pInternalBleeding": 0.008632742799818516,
    "entropy": 0.010482804849743843,
    "AVERAGE_TIME_USED": 0.009256050921976566,
    "SEVEREST_SEVERITY_CHANGE": 0.009614141657948494,
    "INFORMATION_GAINED": 0.027296001091599464,
    "treatment": 0.0355227030813694,
    "category": 0.01585453934967518
}