{
    "age": 0.016555873677134514,
    "tagged": 0.04868093505501747,
    "visited": 0.004589603748172522,
    "conscious": 0.0014734743162989616,
    "breathing": 0.006307780742645264,
    "hrpmin": 0.014514987356960773,
    "avpu": 0.002234294079244137,
    "unvisited_count": 0.0012040778528898954,
    "injured_count": 0.02060617320239544,
    "environment_type": 0.0029144336003810167,
    "questioning": 0.11027520895004272,
    "assessing": 0.18333038687705994,
    "treating": 0.021133894100785255,
    "tagging": 0.21013203263282776,
    "leaving": 0.07680275291204453,
    "HRA Strategy.time-resources.take-the-best": 0.0027475899551063776,
    "HRA Strategy.time-system.exhaustive": 0.006516351830214262,
    "HRA Strategy.resources-system.take-the-best": 0.0008206074126064777,
    "HRA Strategy.resources-system.exhaustive": 0.0005727232783101499,
    "Satisfactory Priority": 0.006780201103538275,
    "One-Bounce Priority": 0.03294062986969948,
    "pDeath": 0.0027435701340436935,
    "pPain": 0.010074572637677193,
    "pAirwayBlocked": 0.00820724293589592,
    "pInternalBleeding": 0.0049706799909472466,
    "pExternalBleeding": 0.01250535063445568,
    "entropy": 0.012551232241094112,
    "entropyDeath": 0.013071776367723942,
    "SEVERITY": 0.00312519702129066,
    "SUPPLIES_REMAINING": 0.0010675096418708563,
    "AVERAGE_TIME_USED": 0.004217544104903936,
    "DAMAGE_PER_SECOND": 0.00043857310083694756,
    "MEDSIM_P_DEATH": 0.031759921461343765,
    "MEDSIM_P_DEATH_ONE_MIN_LATER": 0.003142670728266239,
    "SEVEREST_SEVERITY_CHANGE": 0.0007844271021895111,
    "WEIGHTED_RESOURCE_SCORE": 0.0007221972919069231,
    "SMOL_MEDICAL_SOUNDNESS": 0.0042106471955776215,
    "INFORMATION_GAINED": 0.06111375242471695,
    "treatment": 0.04182118922472,
    "category": 0.012337942607700825
}