{
    "environment_type": 0.09939870238304138,
    "DAMAGE_PER_SECOND": 0.900601327419281
}