{
    "tagged": 0.13648200035095215,
    "breathing": 0.026514390483498573,
    "intent": 0.065270334482193,
    "directness_of_causality": 0.3636825978755951,
    "Satisfactory Priority": 0.027461137622594833,
    "SMOL_MEDICAL_SOUNDNESS": 0.3805895447731018
}