{
    "age": 0.010678552091121674,
    "tagged": 0.018340326845645905,
    "breathing": 0.00568634457886219,
    "unvisited_count": 0.007798726204782724,
    "injured_count": 0.020747844129800797,
    "questioning": 0.20797277987003326,
    "assessing": 0.21240077912807465,
    "tagging": 0.12469805032014847,
    "leaving": 0.2067694216966629,
    "Satisfactory Priority": 0.010747424326837063,
    "One-Bounce Priority": 0.04024039953947067,
    "pDeath": 0.0044075059704482555,
    "pPain": 0.004721073433756828,
    "pBrainInjury": 0.0037817000411450863,
    "pInternalBleeding": 0.007593526970595121,
    "pExternalBleeding": 0.0066404808312654495,
    "entropy": 0.008440431207418442,
    "entropyDeath": 0.020353984087705612,
    "AVERAGE_TIME_USED": 0.006046747788786888,
    "MEDSIM_P_DEATH": 0.006577082443982363,
    "INFORMATION_GAINED": 0.02697969228029251,
    "treatment": 0.03005211055278778,
    "category": 0.00832498911768198
}