{
    "tagged": 0.603550374507904,
    "directness_of_causality": 0.27994784712791443,
    "HRA Strategy.resources-system.take-the-best": 0.058349061757326126,
    "HRA Strategy.risk_reward_ratio-system.one-bounce": 0.05815276876091957
}