{
    "tagged": 0.003696145722642541,
    "breathing": 0.0011744890362024307,
    "intent": 0.003961408976465464,
    "directness_of_causality": 0.14173772931098938,
    "unvisited_count": 0.0001505737309344113,
    "injured_count": 0.0009379502153024077,
    "aid_available": 0.14001505076885223,
    "treating": 0.2762509286403656,
    "HRA Strategy.risk_reward_ratio-system.one-bounce": 0.0013141739182174206,
    "HRA Strategy.time-resources-system.one-bounce": 0.0003713362675625831,
    "HRA Strategy.time-resources-risk_reward_ratio-system.one-bounce": 0.0002683003549464047,
    "Take-The-Best Priority": 0.00020436251361388713,
    "Satisfactory Priority": 0.0011544653680175543,
    "pPain": 2.4143360860762186e-05,
    "pBrainInjury": 3.589462357922457e-05,
    "pAirwayBlocked": 9.117474110098556e-05,
    "pInternalBleeding": 6.824888987466693e-05,
    "pExternalBleeding": 3.249283690820448e-05,
    "SEVERITY": 0.008830064907670021,
    "SUPPLIES_REMAINING": 0.0008536440436728299,
    "AVERAGE_TIME_USED": 0.004609747789800167,
    "SEVERITY_CHANGE": 3.0955448892200366e-05,
    "SUPPLIES_USED": 0.19492334127426147,
    "SEVEREST_SEVERITY": 0.0005886995350010693,
    "WEIGHTED_RESOURCE_SCORE": 0.000747431127820164,
    "SMOL_MEDICAL_SOUNDNESS": 0.1842896193265915,
    "treatment": 0.033637650310993195
}