{
    "intent": 0.44545015692710876,
    "treating": 0.5106635689735413,
    "pPain": 0.043886300176382065
}