{
    "age": 0.017062850296497345,
    "tagged": 0.030588261783123016,
    "visited": 0.0024626736994832754,
    "breathing": 0.00614085653796792,
    "hrpmin": 0.0158346276730299,
    "avpu": 0.0024439343251287937,
    "injured_count": 0.024525389075279236,
    "environment_type": 0.002893512137234211,
    "questioning": 0.13717128336429596,
    "assessing": 0.20013050734996796,
    "treating": 0.017284659668803215,
    "tagging": 0.201241135597229,
    "leaving": 0.08529657870531082,
    "HRA Strategy.time-resources.take-the-best": 0.0025228734593838453,
    "HRA Strategy.time-system.exhaustive": 0.0014670314267277718,
    "Satisfactory Priority": 0.008430646732449532,
    "One-Bounce Priority": 0.041378118097782135,
    "pDeath": 0.0017628310015425086,
    "pPain": 0.009207380004227161,
    "pAirwayBlocked": 0.008628134615719318,
    "pInternalBleeding": 0.004690855275839567,
    "pExternalBleeding": 0.01211036927998066,
    "entropy": 0.012090908363461494,
    "entropyDeath": 0.014803673140704632,
    "SEVERITY": 0.0027203052304685116,
    "AVERAGE_TIME_USED": 0.003988464362919331,
    "MEDSIM_P_DEATH": 0.013524314388632774,
    "SMOL_MEDICAL_SOUNDNESS": 0.004137235693633556,
    "INFORMATION_GAINED": 0.05972597002983093,
    "treatment": 0.04369897022843361,
    "category": 0.012035616673529148
}