{
    "questioning": 0.27656877040863037,
    "assessing": 0.38159507513046265,
    "tagging": 0.10498606413602829,
    "leaving": 0.23685012757778168
}