{
    "age": 0.004820748697966337,
    "tagged": 0.021113084629178047,
    "breathing": 0.004374409094452858,
    "injured_count": 0.018379494547843933,
    "questioning": 0.2489970475435257,
    "assessing": 0.29095807671546936,
    "tagging": 0.12557651102542877,
    "leaving": 0.1369686871767044,
    "One-Bounce Priority": 0.038023971021175385,
    "AVERAGE_TIME_USED": 0.005114717409014702,
    "INFORMATION_GAINED": 0.05321124568581581,
    "treatment": 0.04304045811295509,
    "category": 0.009421453811228275
}