{
    "conscious": 0.09667638689279556,
    "mental_status": 0.011258542537689209,
    "intent": 0.03245231509208679,
    "directness_of_causality": 0.16486136615276337,
    "aid_available": 0.15268681943416595,
    "treating": 0.258775532245636,
    "HRA Strategy.time-resources.take-the-best": 0.0052124145440757275,
    "HRA Strategy.resources-risk_reward_ratio.one-bounce": 0.019993336871266365,
    "HRA Strategy.resources-system.take-the-best": 0.019329408183693886,
    "HRA Strategy.risk_reward_ratio-system.one-bounce": 0.0018028762424364686,
    "HRA Strategy.resources-risk_reward_ratio-system.one-bounce": 0.0010630354518070817,
    "Take-The-Best Priority": 0.0020210377406328917,
    "Satisfactory Priority": 0.0013405721401795745,
    "pDeath": 0.0008491586777381599,
    "pBrainInjury": 0.0006872519152238965,
    "entropyDeath": 0.0057136076502501965,
    "SEVERITY": 0.0019064585212618113,
    "SUPPLIES_REMAINING": 0.00130634312517941,
    "AVERAGE_TIME_USED": 0.0008396122138947248,
    "SUPPLIES_USED": 0.22045528888702393,
    "treatment": 0.0007686713943257928
}