{
    "age": 0.04545838385820389,
    "tagged": 0.00039113109232857823,
    "visited": 0.003041850868612528,
    "conscious": 0.0040604667738080025,
    "breathing": 0.007200409192591906,
    "injured_count": 0.01430999580770731,
    "environment_type": 0.043538253754377365,
    "questioning": 0.11995361745357513,
    "treating": 0.0004426977538969368,
    "tagging": 0.34743189811706543,
    "leaving": 0.0976969376206398,
    "category": 0.017109060660004616,
    "HRA Strategy.time-resources.take-the-best": 0.010772092267870903,
    "HRA Strategy.time-risk_reward_ratio.take-the-best": 0.0010855017462745309,
    "pDeath": 0.006002198439091444,
    "pPain": 0.006031018681824207,
    "pBrainInjury": 0.006819594651460648,
    "pInternalBleeding": 0.007148659788072109,
    "entropy": 0.0013062328798696399,
    "SEVERITY": 0.03952812775969505,
    "SUPPLIES_REMAINING": 0.0018236705800518394,
    "AVERAGE_TIME_USED": 0.007486529648303986,
    "DAMAGE_PER_SECOND": 0.05232784524559975,
    "WEIGHTED_RESOURCE_SCORE": 0.06708799302577972,
    "INFORMATION_GAINED": 0.004517632536590099,
    "treatment": 0.08742822706699371
}