{
    "age": 0.011912905611097813,
    "tagged": 0.02477148175239563,
    "visited": 0.006936509162187576,
    "conscious": 0.00047715657274238765,
    "breathing": 0.009194728918373585,
    "hrpmin": 0.011693105101585388,
    "avpu": 0.0008741895435377955,
    "unvisited_count": 0.002500767819583416,
    "injured_count": 0.019457755610346794,
    "environment_type": 0.002042321255430579,
    "questioning": 0.19770100712776184,
    "assessing": 0.1844332069158554,
    "treating": 0.004247985780239105,
    "tagging": 0.16009506583213806,
    "leaving": 0.158202663064003,
    "HRA Strategy.time-resources.take-the-best": 0.0021349734161049128,
    "HRA Strategy.time-system.exhaustive": 0.018509522080421448,
    "HRA Strategy.time-system.tallying": 0.00026739138411358,
    "HRA Strategy.resources-system.take-the-best": 0.0006121487822383642,
    "HRA Strategy.resources-system.exhaustive": 0.0014078366803005338,
    "Satisfactory Priority": 0.001786034437827766,
    "One-Bounce Priority": 0.025805164128541946,
    "pDeath": 0.0045404997654259205,
    "pPain": 0.006315365433692932,
    "pBrainInjury": 0.0019543704111129045,
    "pAirwayBlocked": 0.004335931967943907,
    "pInternalBleeding": 0.006668932735919952,
    "pExternalBleeding": 0.012416194193065166,
    "entropy": 0.010147214867174625,
    "entropyDeath": 0.005324179772287607,
    "SEVERITY": 0.0009943322511389852,
    "SUPPLIES_REMAINING": 0.0008893166086636484,
    "AVERAGE_TIME_USED": 0.011764497496187687,
    "MEDSIM_P_DEATH": 0.015208140946924686,
    "MEDSIM_P_DEATH_ONE_MIN_LATER": 0.0007504839450120926,
    "SEVEREST_SEVERITY": 0.004013958852738142,
    "WEIGHTED_RESOURCE_SCORE": 0.005627279635518789,
    "SMOL_MEDICAL_SOUNDNESS": 0.0030742171220481396,
    "INFORMATION_GAINED": 0.0239762794226408,
    "treatment": 0.02695993334054947,
    "category": 0.009975001215934753
}