{
    "conscious": 0.02115190587937832,
    "mental_status": 0.003667723387479782,
    "breathing": 0.0018997592851519585,
    "intent": 0.027803119271993637,
    "directness_of_causality": 0.1394086331129074,
    "aid_available": 0.11376141011714935,
    "treating": 0.17753510177135468,
    "HRA Strategy.time-resources.take-the-best": 0.012160922400653362,
    "HRA Strategy.time-risk_reward_ratio.one-bounce": 0.0006896813865751028,
    "HRA Strategy.resources-system.take-the-best": 0.021292921155691147,
    "HRA Strategy.risk_reward_ratio-system.one-bounce": 0.0012836025562137365,
    "HRA Strategy.resources-risk_reward_ratio-system.one-bounce": 0.0009520654566586018,
    "HRA Strategy.time-resources-risk_reward_ratio-system.one-bounce": 0.00040461678872816265,
    "Take-The-Best Priority": 0.0004083281382918358,
    "Satisfactory Priority": 0.0010318825952708721,
    "pBrainInjury": 0.0004667625471483916,
    "pInternalBleeding": 0.00041293518734164536,
    "SEVERITY": 0.005459289066493511,
    "SUPPLIES_REMAINING": 0.010770204477012157,
    "AVERAGE_TIME_USED": 0.004096449818462133,
    "SUPPLIES_USED": 0.18384964764118195,
    "SEVEREST_SEVERITY_CHANGE": 0.1800311952829361,
    "WEIGHTED_RESOURCE_SCORE": 0.00043433616519905627,
    "SMOL_MEDICAL_SOUNDNESS": 0.08871863037347794,
    "treatment": 0.002308824099600315
}