{
    "tagged": 5.857889118487947e-05,
    "conscious": 0.00040546662057749927,
    "mental_status": 2.4675704480614513e-05,
    "breathing": 7.403010386042297e-05,
    "intent": 0.030163539573550224,
    "directness_of_causality": 0.21680282056331635,
    "aid_available": 0.15880559384822845,
    "treating": 0.27794739603996277,
    "HRA Strategy.time-resources.take-the-best": 0.008785595186054707,
    "HRA Strategy.resources-system.take-the-best": 0.0227831918746233,
    "HRA Strategy.risk_reward_ratio-system.one-bounce": 0.0014794381568208337,
    "HRA Strategy.time-resources-system.one-bounce": 0.0006670589791610837,
    "HRA Strategy.resources-risk_reward_ratio-system.one-bounce": 0.0009866692125797272,
    "HRA Strategy.time-resources-risk_reward_ratio-system.one-bounce": 0.00031789575587026775,
    "Take-The-Best Priority": 0.0004941138322465122,
    "Satisfactory Priority": 0.0011839170474559069,
    "pDeath": 0.08533888310194016,
    "pPain": 1.7346979802823626e-05,
    "pAirwayBlocked": 0.0003251157177146524,
    "entropy": 0.00022493876167573035,
    "entropyDeath": 0.00014387293776962906,
    "SEVERITY": 0.017726365476846695,
    "SUPPLIES_REMAINING": 0.014787368476390839,
    "AVERAGE_TIME_USED": 0.003255249001085758,
    "DAMAGE_PER_SECOND": 4.6764034777879715e-05,
    "SEVERITY_CHANGE": 8.75314581207931e-05,
    "SUPPLIES_USED": 0.15593071281909943,
    "SEVEREST_SEVERITY": 2.7315056286170147e-05,
    "WEIGHTED_RESOURCE_SCORE": 4.49178260168992e-05,
    "SMOL_MEDICAL_SOUNDNESS": 0.00035143588320352137,
    "treatment": 0.000712094537448138
}