{
    "tagged": 0.09095261245965958,
    "SEVERITY": 0.1539749801158905,
    "AVERAGE_TIME_USED": 0.2578825354576111,
    "DAMAGE_PER_SECOND": 0.16463837027549744,
    "treatment": 0.3325514495372772
}