{
    "age": 0.005531116854399443,
    "tagged": 0.024002613499760628,
    "visited": 0.0020917372312396765,
    "breathing": 0.007258281111717224,
    "hrpmin": 0.0019891050178557634,
    "avpu": 0.0020643146708607674,
    "unvisited_count": 0.014451438561081886,
    "injured_count": 0.015026133507490158,
    "questioning": 0.16862249374389648,
    "assessing": 0.17354357242584229,
    "tagging": 0.1621345430612564,
    "leaving": 0.25762394070625305,
    "treatment": 0.02703987807035446,
    "HRA Strategy.time-resources.take-the-best": 0.0015955243725329638,
    "Satisfactory Priority": 0.006624971982091665,
    "One-Bounce Priority": 0.027123691514134407,
    "pDeath": 0.0021569253876805305,
    "pPain": 0.004210364073514938,
    "pBrainInjury": 0.004698578733950853,
    "pAirwayBlocked": 0.004329245071858168,
    "pInternalBleeding": 0.0056727249175310135,
    "pExternalBleeding": 0.007770119700580835,
    "entropy": 0.007506919093430042,
    "entropyDeath": 0.01405997946858406,
    "SEVERITY": 0.002391836140304804,
    "MEDSIM_P_DEATH": 0.0039622909389436245,
    "SEVEREST_SEVERITY": 0.0027037865947932005,
    "INFORMATION_GAINED": 0.036130379885435104,
    "category": 0.007683494593948126
}