{
    "age": 0.007518233731389046,
    "tagged": 0.02775369957089424,
    "breathing": 0.013099986128509045,
    "hrpmin": 0.015460286289453506,
    "injured_count": 0.0341467559337616,
    "questioning": 0.18944214284420013,
    "assessing": 0.24555830657482147,
    "tagging": 0.14837881922721863,
    "leaving": 0.1892627328634262,
    "HRA Strategy.time-resources.take-the-best": 0.006586989387869835,
    "One-Bounce Priority": 0.04364008456468582,
    "pPain": 0.006400261074304581,
    "SEVERITY": 0.0041733128018677235,
    "MEDSIM_P_DEATH": 0.009773111902177334,
    "INFORMATION_GAINED": 0.014566800557076931,
    "treatment": 0.03345812112092972,
    "category": 0.010780338197946548
}