{
    "intent": 0.10234333574771881,
    "directness_of_causality": 0.09265676885843277,
    "aid_available": 0.06230989098548889,
    "treating": 0.10845622420310974,
    "pAirwayBlocked": 0.00461952481418848,
    "pInternalBleeding": 0.007111913990229368,
    "entropy": 0.009584605693817139,
    "SEVERITY": 0.033292051404714584,
    "AVERAGE_TIME_USED": 0.011332488618791103,
    "DAMAGE_PER_SECOND": 0.024872884154319763,
    "SUPPLIES_USED": 0.09633689373731613,
    "SEVEREST_SEVERITY": 0.049207139760255814,
    "WEIGHTED_RESOURCE_SCORE": 0.02200440503656864,
    "SMOL_MEDICAL_SOUNDNESS": 0.3098497986793518,
    "treatment": 0.06602197140455246
}