{
    "age": 0.003762757172808051,
    "tagged": 0.022131122648715973,
    "conscious": 0.0012291722232475877,
    "breathing": 0.0035034390166401863,
    "hrpmin": 0.002670984948053956,
    "unvisited_count": 0.0018246835097670555,
    "injured_count": 0.007485420908778906,
    "environment_type": 0.0019358815625309944,
    "questioning": 0.0968126431107521,
    "assessing": 0.10894443839788437,
    "tagging": 0.15421317517757416,
    "leaving": 0.5101534724235535,
    "HRA Strategy.time-resources.take-the-best": 0.0011907306034117937,
    "HRA Strategy.time-risk_reward_ratio.take-the-best": 0.0026340067852288485,
    "Satisfactory Priority": 0.0038923416286706924,
    "One-Bounce Priority": 0.0096275070682168,
    "pDeath": 0.0014387938426807523,
    "pPain": 0.006221778225153685,
    "pBrainInjury": 0.001742794644087553,
    "pAirwayBlocked": 0.0029404161032289267,
    "pInternalBleeding": 0.00336730619892478,
    "pExternalBleeding": 0.0033303131349384785,
    "entropy": 0.009043591096997261,
    "SEVERITY": 0.0015675369650125504,
    "AVERAGE_TIME_USED": 0.006480204872786999,
    "WEIGHTED_RESOURCE_SCORE": 0.0017555707599967718,
    "treatment": 0.024990327656269073,
    "category": 0.005109594203531742
}