{
    "tagged": 0.18990212678909302,
    "conscious": 0.09645009785890579,
    "avpu": 0.022243572399020195,
    "category": 0.06480002403259277,
    "pPain": 0.17590291798114777,
    "SEVERITY": 0.04448094591498375,
    "AVERAGE_TIME_USED": 0.250731885433197,
    "DAMAGE_PER_SECOND": 0.037519533187150955,
    "MEDSIM_P_DEATH_ONE_MIN_LATER": 0.06839878112077713,
    "treatment": 0.049570098519325256
}