{
    "age": 0.023192374035716057,
    "visited": 0.10418833047151566,
    "conscious": 0.0240460317581892,
    "breathing": 0.0163983516395092,
    "unvisited_count": 0.02884789928793907,
    "injured_count": 0.05603538081049919,
    "environment_type": 0.010847189463675022,
    "questioning": 0.09113448858261108,
    "assessing": 0.14030280709266663,
    "tagging": 0.23274801671504974,
    "HRA Strategy.time-resources.take-the-best": 0.05795475095510483,
    "One-Bounce Priority": 0.018480028957128525,
    "pDeath": 0.011859966441988945,
    "pPain": 0.02438163571059704,
    "pInternalBleeding": 0.016208020970225334,
    "pExternalBleeding": 0.01272638514637947,
    "entropy": 0.01831563003361225,
    "SEVERITY": 0.011516605503857136,
    "SUPPLIES_REMAINING": 0.008408394642174244,
    "AVERAGE_TIME_USED": 0.011198846623301506,
    "treatment": 0.06779243052005768,
    "category": 0.013416329398751259
}