{
    "age": 0.0014675359707325697,
    "tagged": 0.03594736009836197,
    "visited": 0.0013000031467527151,
    "conscious": 0.0017275664722546935,
    "breathing": 0.00724130729213357,
    "hrpmin": 0.008255968801677227,
    "avpu": 0.0033967485651373863,
    "unvisited_count": 0.008820955641567707,
    "injured_count": 0.0027858985122293234,
    "environment_type": 0.0012977597070857882,
    "questioning": 0.19168305397033691,
    "assessing": 0.16338616609573364,
    "tagging": 0.1770266741514206,
    "leaving": 0.2620616853237152,
    "HRA Strategy.time-risk_reward_ratio.take-the-best": 0.000941021426115185,
    "Satisfactory Priority": 0.0011419466463848948,
    "One-Bounce Priority": 0.012313413433730602,
    "pDeath": 0.0022443721536546946,
    "pPain": 0.006348353810608387,
    "pBrainInjury": 0.00796400848776102,
    "pAirwayBlocked": 0.003036260372027755,
    "pInternalBleeding": 0.011840742081403732,
    "pExternalBleeding": 0.0006854676175862551,
    "entropy": 0.010386108420789242,
    "entropyDeath": 0.0022973136510699987,
    "SEVERITY": 0.0016157879726961255,
    "SUPPLIES_REMAINING": 0.000647130364086479,
    "AVERAGE_TIME_USED": 0.001042237039655447,
    "MEDSIM_P_DEATH": 0.0052436646074056625,
    "MEDSIM_P_DEATH_ONE_MIN_LATER": 0.0015016619581729174,
    "WEIGHTED_RESOURCE_SCORE": 0.002734813140705228,
    "SMOL_MEDICAL_SOUNDNESS": 0.0009218644700013101,
    "INFORMATION_GAINED": 0.012756227515637875,
    "treatment": 0.04213123396039009,
    "category": 0.005807673558592796
}