{
    "conscious": 0.0006507789948955178,
    "breathing": 0.019595935940742493,
    "intent": 0.07809071242809296,
    "directness_of_causality": 0.20730431377887726,
    "aid_available": 0.13589583337306976,
    "treating": 0.206523135304451,
    "HRA Strategy.time-resources.one-bounce": 0.0008329304400831461,
    "HRA Strategy.resources-system.take-the-best": 0.0015656495233997703,
    "HRA Strategy.risk_reward_ratio-system.one-bounce": 0.0020625870674848557,
    "HRA Strategy.resources-risk_reward_ratio-system.one-bounce": 0.001120688859373331,
    "HRA Strategy.time-resources-risk_reward_ratio-system.one-bounce": 0.0003112236736342311,
    "Take-The-Best Priority": 0.001494747819378972,
    "pDeath": 0.0015754629857838154,
    "pPain": 0.0004483584489207715,
    "pBrainInjury": 0.0003491674433462322,
    "entropy": 0.00027071949443779886,
    "SEVERITY": 0.03392906114459038,
    "SUPPLIES_REMAINING": 0.002516799606382847,
    "AVERAGE_TIME_USED": 0.008040981367230415,
    "SUPPLIES_USED": 0.20383937656879425,
    "treatment": 0.09358159452676773
}