{
    "tagged": 5.725770824938081e-05,
    "conscious": 0.0016812393441796303,
    "mental_status": 0.0003831018693745136,
    "avpu": 0.00014875808847136796,
    "intent": 0.05508415400981903,
    "directness_of_causality": 0.22147944569587708,
    "aid_available": 0.18021030724048615,
    "treating": 0.2743034362792969,
    "HRA Strategy.time-risk_reward_ratio.one-bounce": 0.0009410016355104744,
    "HRA Strategy.risk_reward_ratio-system.one-bounce": 0.0012802646961063147,
    "HRA Strategy.resources-risk_reward_ratio-system.one-bounce": 0.0009962490294128656,
    "HRA Strategy.time-resources-risk_reward_ratio-system.one-bounce": 0.00041655093082226813,
    "Take-The-Best Priority": 0.0007058596820570529,
    "Satisfactory Priority": 0.000710856809746474,
    "One-Bounce Priority": 0.00021211578859947622,
    "pDeath": 7.457344327121973e-05,
    "pPain": 4.06224062317051e-05,
    "pBrainInjury": 0.0004496809560805559,
    "pAirwayBlocked": 0.00022358349815476686,
    "pInternalBleeding": 0.0002791848382912576,
    "entropyDeath": 0.0004968083230778575,
    "SEVERITY": 0.0008251471444964409,
    "SUPPLIES_REMAINING": 0.0011041639372706413,
    "AVERAGE_TIME_USED": 0.00019196502398699522,
    "DAMAGE_PER_SECOND": 0.00023195642279461026,
    "SEVERITY_CHANGE": 6.369908805936575e-05,
    "SUPPLIES_USED": 0.2561069130897522,
    "SEVEREST_SEVERITY_CHANGE": 0.00011588846973609179,
    "WEIGHTED_RESOURCE_SCORE": 0.0002627279609441757,
    "treatment": 0.0009223973611369729
}