{
    "age": 0.01444152183830738,
    "tagged": 0.07703905552625656,
    "visited": 0.058174483478069305,
    "conscious": 0.011015874333679676,
    "breathing": 0.01190966460853815,
    "hrpmin": 0.009184048511087894,
    "avpu": 0.0023353754077106714,
    "unvisited_count": 0.016522562131285667,
    "environment_type": 0.036811478435993195,
    "questioning": 0.18577860295772552,
    "assessing": 0.1614951342344284,
    "tagging": 0.10259675979614258,
    "leaving": 0.10618159919977188,
    "treatment": 0.10510199517011642,
    "HRA Strategy.resources-system.take-the-best": 0.0008696660515852273,
    "Satisfactory Priority": 0.029774563387036324,
    "pDeath": 0.007559801917523146,
    "pAirwayBlocked": 0.00122285564430058,
    "pExternalBleeding": 0.0018062499584630132,
    "SEVERITY": 0.0036505975294858217,
    "SUPPLIES_REMAINING": 0.0050800871104002,
    "AVERAGE_TIME_USED": 0.005768639035522938,
    "MEDSIM_P_DEATH_ONE_MIN_LATER": 0.016035396605730057,
    "SMOL_MEDICAL_SOUNDNESS": 0.01715145818889141,
    "category": 0.012492576614022255
}