{
    "age": 0.007231613155454397,
    "tagged": 0.039938099682331085,
    "visited": 0.002473111730068922,
    "conscious": 0.0012343559646978974,
    "breathing": 0.00426482455804944,
    "hrpmin": 0.004046623595058918,
    "avpu": 0.0007204744615592062,
    "unvisited_count": 0.010958793573081493,
    "injured_count": 0.01304500363767147,
    "environment_type": 0.0010642571141943336,
    "questioning": 0.1713394969701767,
    "assessing": 0.1422467678785324,
    "tagging": 0.16797345876693726,
    "leaving": 0.28550398349761963,
    "HRA Strategy.time-resources.take-the-best": 0.0028598690405488014,
    "HRA Strategy.time-system.exhaustive": 0.0014940364053472877,
    "HRA Strategy.resources-system.take-the-best": 0.0009379336261190474,
    "HRA Strategy.resources-system.exhaustive": 0.0009622026118449867,
    "HRA Strategy.risk_reward_ratio-system.exhaustive": 0.00012783121201209724,
    "Satisfactory Priority": 0.003572170389816165,
    "One-Bounce Priority": 0.018039999529719353,
    "pDeath": 0.002856253180652857,
    "pPain": 0.005664254538714886,
    "pBrainInjury": 0.0020274478010833263,
    "pAirwayBlocked": 0.01120108924806118,
    "pInternalBleeding": 0.008587031625211239,
    "pExternalBleeding": 0.018413079902529716,
    "entropy": 0.007603101897984743,
    "entropyDeath": 0.0016332853119820356,
    "SEVERITY": 0.0024661587085574865,
    "SUPPLIES_REMAINING": 0.0003515926655381918,
    "AVERAGE_TIME_USED": 0.008082296699285507,
    "MEDSIM_P_DEATH": 0.0027207238599658012,
    "SEVERITY_CHANGE": 0.000575911661144346,
    "SEVEREST_SEVERITY": 0.004867289215326309,
    "WEIGHTED_RESOURCE_SCORE": 0.00259412988089025,
    "SMOL_MEDICAL_SOUNDNESS": 0.0010028898250311613,
    "INFORMATION_GAINED": 0.0035938832443207502,
    "treatment": 0.028682038187980652,
    "category": 0.0070426249876618385
}