{
    "age": 0.06786470860242844,
    "tagged": 0.03967388719320297,
    "assessing": 0.3562273383140564,
    "tagging": 0.5147280693054199,
    "AVERAGE_TIME_USED": 0.021506017073988914
}