{
    "others_tagged_or_uninjured": 0.15558888018131256,
    "aid_available": 0.09211500734090805,
    "treating": 0.09671160578727722,
    "Take-The-Best Priority": 0.03001694567501545,
    "Satisfactory Priority": 0.0008329914999194443,
    "SEVERITY": 0.022753847762942314,
    "SUPPLIES_REMAINING": 0.003541799494996667,
    "AVERAGE_TIME_USED": 0.06434924155473709,
    "MEDSIM_P_DEATH": 0.0010540566872805357,
    "SUPPLIES_USED": 0.004563468042761087,
    "SEVEREST_SEVERITY": 0.0016607515281066298,
    "WEIGHTED_RESOURCE_SCORE": 0.004340749233961105,
    "SMOL_MEDICAL_SOUNDNESS": 0.05807755887508392,
    "HRA Strategy.time-system.satisfactory": 0.008514242246747017,
    "HRA Strategy.time-resources-risk_reward_ratio.one-bounce": 0.12579035758972168,
    "HRA Strategy.resources-system.one-bounce": 0.003278554417192936,
    "mental_status": 0.002313649980351329,
    "HRA Strategy.resources-system.exhaustive": 0.00484192930161953,
    "HRA Strategy.time-resources-system.one-bounce": 0.020351048558950424,
    "pExternalBleeding": 0.0021629068069159985,
    "pDeath": 0.004918074235320091,
    "HRA Strategy.risk_reward_ratio-system.one-bounce": 0.004399292636662722,
    "HRA Strategy.time-resources-risk_reward_ratio-system.one-bounce": 0.0010439755860716105,
    "tagged": 0.0005401927628554404,
    "pInternalBleeding": 0.0013883569044992328,
    "breathing": 0.001038143178448081,
    "directness_of_causality": 0.11825928837060928,
    "treatment": 0.16555321216583252
}