{
    "questioning": 0.4452391266822815,
    "assessing": 0.5547608137130737
}