{
    "conscious": 0.0007354239351116121,
    "breathing": 7.88807519711554e-05,
    "intent": 0.21834950149059296,
    "directness_of_causality": 0.15158088505268097,
    "aid_available": 0.15846136212348938,
    "treating": 0.24455426633358002,
    "HRA Strategy.resources-system.take-the-best": 0.0009036411647684872,
    "HRA Strategy.risk_reward_ratio-system.one-bounce": 0.001251191832125187,
    "HRA Strategy.resources-risk_reward_ratio-system.one-bounce": 0.0009034094982780516,
    "HRA Strategy.time-resources-risk_reward_ratio-system.one-bounce": 0.0002980200806632638,
    "Take-The-Best Priority": 4.782978430739604e-05,
    "Satisfactory Priority": 0.0008393940515816212,
    "pDeath": 0.000420764263253659,
    "pAirwayBlocked": 0.0005830995505675673,
    "entropyDeath": 4.8723632062319666e-05,
    "SEVERITY": 0.0001228099426953122,
    "SUPPLIES_REMAINING": 0.0005749104311689734,
    "AVERAGE_TIME_USED": 0.005311721935868263,
    "SEVERITY_CHANGE": 5.7832607126329094e-05,
    "SUPPLIES_USED": 0.21335305273532867,
    "SEVEREST_SEVERITY": 0.0004217423847876489,
    "SMOL_MEDICAL_SOUNDNESS": 0.0008996559190563858,
    "treatment": 0.00020182272419333458
}