{
    "tagged": 0.017211437225341797,
    "injured_count": 0.014400315470993519,
    "questioning": 0.3006744682788849,
    "assessing": 0.32653898000717163,
    "tagging": 0.09441500157117844,
    "leaving": 0.15511059761047363,
    "One-Bounce Priority": 0.021152004599571228,
    "INFORMATION_GAINED": 0.03384603559970856,
    "treatment": 0.022852588444948196,
    "category": 0.013798453845083714
}