{
    "age": 0.012107725255191326,
    "tagged": 0.03875920921564102,
    "visited": 0.0037754892837256193,
    "conscious": 0.015857327729463577,
    "breathing": 0.011409621685743332,
    "hrpmin": 0.008348437026143074,
    "unvisited_count": 0.010746113024652004,
    "injured_count": 0.024021552875638008,
    "environment_type": 0.005414443090558052,
    "questioning": 0.11157967895269394,
    "assessing": 0.15380461513996124,
    "tagging": 0.21989178657531738,
    "leaving": 0.12715789675712585,
    "category": 0.00801585428416729,
    "HRA Strategy.time-resources.take-the-best": 0.003177057486027479,
    "HRA Strategy.resources-system.exhaustive": 0.003158907638862729,
    "Satisfactory Priority": 0.003777067642658949,
    "One-Bounce Priority": 0.011568708345293999,
    "pDeath": 0.012630206532776356,
    "pPain": 0.0036419304087758064,
    "pBrainInjury": 0.007929779589176178,
    "pAirwayBlocked": 0.0026008691638708115,
    "pInternalBleeding": 0.022599374875426292,
    "pExternalBleeding": 0.008746456354856491,
    "entropy": 0.006627150345593691,
    "entropyDeath": 0.01989874243736267,
    "SEVERITY": 0.0042128353379666805,
    "SUPPLIES_REMAINING": 0.001798823825083673,
    "AVERAGE_TIME_USED": 0.0035762444604188204,
    "DAMAGE_PER_SECOND": 0.0014623156748712063,
    "MEDSIM_P_DEATH": 0.025459421798586845,
    "MEDSIM_P_DEATH_ONE_MIN_LATER": 0.010578727349638939,
    "WEIGHTED_RESOURCE_SCORE": 0.005331101827323437,
    "SMOL_MEDICAL_SOUNDNESS": 0.005216220393776894,
    "INFORMATION_GAINED": 0.04321662709116936,
    "treatment": 0.041901689022779465
}