{
    "unvisited_count": 0.058077115565538406,
    "questioning": 0.4778991639614105,
    "assessing": 0.46402373909950256
}