{
    "conscious": 0.0004663535510189831,
    "breathing": 0.059514813125133514,
    "intent": 0.043614067137241364,
    "directness_of_causality": 0.18204213678836823,
    "aid_available": 0.1621856838464737,
    "treating": 0.27303609251976013,
    "HRA Strategy.time-resources.take-the-best": 0.005719215143471956,
    "HRA Strategy.resources-risk_reward_ratio.one-bounce": 0.029362564906477928,
    "HRA Strategy.resources-system.take-the-best": 0.026359187439084053,
    "HRA Strategy.risk_reward_ratio-system.one-bounce": 0.0011500455439090729,
    "HRA Strategy.resources-risk_reward_ratio-system.one-bounce": 0.0012261706870049238,
    "HRA Strategy.time-resources-risk_reward_ratio-system.one-bounce": 0.0005993654485791922,
    "Satisfactory Priority": 0.0009118158486671746,
    "One-Bounce Priority": 0.0006157381576485932,
    "pBrainInjury": 0.00047952905879355967,
    "pAirwayBlocked": 0.00038850854616612196,
    "entropyDeath": 0.0008441837271675467,
    "SEVERITY": 0.0013108004350215197,
    "SUPPLIES_REMAINING": 0.0014500344404950738,
    "AVERAGE_TIME_USED": 0.01399426069110632,
    "DAMAGE_PER_SECOND": 0.000734605360776186,
    "MEDSIM_P_DEATH": 0.0010721205035224557,
    "SEVERITY_CHANGE": 0.00024300059885717928,
    "SUPPLIES_USED": 0.1914086639881134,
    "SEVEREST_SEVERITY_CHANGE": 0.0004779638256877661,
    "WEIGHTED_RESOURCE_SCORE": 0.0004603897104971111,
    "treatment": 0.0003325795114506036
}