{
    "aid_available": 0.19412639737129211,
    "treating": 0.5947831869125366,
    "SUPPLIES_USED": 0.2110903412103653
}