{
    "age": 0.0040021236054599285,
    "tagged": 0.017071928828954697,
    "visited": 0.002992779714986682,
    "breathing": 0.0032984416466206312,
    "hrpmin": 0.0029191996436566114,
    "unvisited_count": 0.0077743991278111935,
    "injured_count": 0.011566538363695145,
    "questioning": 0.13496962189674377,
    "assessing": 0.09665941447019577,
    "tagging": 0.12824255228042603,
    "leaving": 0.4875108003616333,
    "HRA Strategy.time-resources.take-the-best": 0.002334811957553029,
    "Satisfactory Priority": 0.004132081754505634,
    "One-Bounce Priority": 0.01692134514451027,
    "pDeath": 0.0017713408451527357,
    "pPain": 0.0033788590226322412,
    "pBrainInjury": 0.0026420368812978268,
    "pAirwayBlocked": 0.006400781217962503,
    "pInternalBleeding": 0.006176291964948177,
    "pExternalBleeding": 0.00863364152610302,
    "entropy": 0.005444478243589401,
    "entropyDeath": 0.002301726257428527,
    "SEVERITY": 0.0014828895218670368,
    "AVERAGE_TIME_USED": 0.00522697763517499,
    "MEDSIM_P_DEATH": 0.001620274968445301,
    "SEVEREST_SEVERITY": 0.0017587995389476418,
    "SMOL_MEDICAL_SOUNDNESS": 0.002824460156261921,
    "INFORMATION_GAINED": 0.0030504476744681597,
    "treatment": 0.02148163691163063,
    "category": 0.005409335717558861
}