{
    "environment_type": 0.03236837312579155,
    "questioning": 0.3017398715019226,
    "assessing": 0.30832263827323914,
    "tagging": 0.19957271218299866,
    "leaving": 0.1063021570444107,
    "treatment": 0.051694296300411224
}