{
    "age": 0.012666071765124798,
    "tagged": 0.007078527472913265,
    "visited": 0.002873312449082732,
    "conscious": 0.0013331763911992311,
    "breathing": 0.01332679484039545,
    "hrpmin": 0.013769655488431454,
    "avpu": 0.0022259897086769342,
    "unvisited_count": 0.0007991229649633169,
    "environment_type": 0.002567715710029006,
    "questioning": 0.23456476628780365,
    "assessing": 0.21181105077266693,
    "treating": 0.002072056522592902,
    "tagging": 0.2242281287908554,
    "category": 0.00956686306744814,
    "HRA Strategy.time-resources.take-the-best": 0.0013676355592906475,
    "HRA Strategy.time-risk_reward_ratio.take-the-best": 0.005455609876662493,
    "HRA Strategy.time-system.exhaustive": 0.0006167482933960855,
    "HRA Strategy.time-system.tallying": 0.00027471326757222414,
    "HRA Strategy.resources-risk_reward_ratio.one-bounce": 0.0019271397031843662,
    "HRA Strategy.resources-system.take-the-best": 0.003075862070545554,
    "HRA Strategy.resources-system.exhaustive": 0.0015805556904524565,
    "HRA Strategy.risk_reward_ratio-system.exhaustive": 0.006311669480055571,
    "Satisfactory Priority": 0.0010074638994410634,
    "One-Bounce Priority": 0.01940556801855564,
    "pDeath": 0.0032871905714273453,
    "pPain": 0.011290843598544598,
    "pBrainInjury": 0.010960103943943977,
    "pAirwayBlocked": 0.0012936322018504143,
    "pInternalBleeding": 0.003312433836981654,
    "pExternalBleeding": 0.005099670961499214,
    "entropy": 0.04084623232483864,
    "entropyDeath": 0.01792750135064125,
    "SEVERITY": 0.010545770637691021,
    "SUPPLIES_REMAINING": 0.0006023049354553223,
    "AVERAGE_TIME_USED": 0.002780755516141653,
    "DAMAGE_PER_SECOND": 0.0019055184675380588,
    "MEDSIM_P_DEATH": 0.000979796634055674,
    "MEDSIM_P_DEATH_ONE_MIN_LATER": 0.0008278345339931548,
    "SEVEREST_SEVERITY": 0.0007335452828556299,
    "WEIGHTED_RESOURCE_SCORE": 0.003700816771015525,
    "SMOL_MEDICAL_SOUNDNESS": 0.0067166551016271114,
    "INFORMATION_GAINED": 0.03558662161231041,
    "treatment": 0.06169665604829788
}