{
    "age": 0.011893372051417828,
    "tagged": 0.022695844992995262,
    "conscious": 0.011723951436579227,
    "breathing": 0.0055652642622590065,
    "avpu": 0.004333737306296825,
    "unvisited_count": 0.022839045152068138,
    "environment_type": 0.008747651241719723,
    "questioning": 0.10741636902093887,
    "assessing": 0.09081990271806717,
    "treating": 0.0011247575748711824,
    "tagging": 0.10911502689123154,
    "leaving": 0.359066903591156,
    "category": 0.012513195164501667,
    "Satisfactory Priority": 0.002528316341340542,
    "One-Bounce Priority": 0.04647095501422882,
    "pDeath": 0.022086240351200104,
    "pBrainInjury": 0.003892655484378338,
    "pAirwayBlocked": 0.004594116937369108,
    "pInternalBleeding": 0.016720714047551155,
    "pExternalBleeding": 0.01717342995107174,
    "entropy": 0.0031273108907043934,
    "SEVERITY": 0.0038057761266827583,
    "SUPPLIES_REMAINING": 0.007049821317195892,
    "AVERAGE_TIME_USED": 0.007368267979472876,
    "DAMAGE_PER_SECOND": 0.010022719390690327,
    "MEDSIM_P_DEATH": 0.005099734291434288,
    "MEDSIM_P_DEATH_ONE_MIN_LATER": 0.009725646115839481,
    "SEVEREST_SEVERITY_CHANGE": 0.021722866222262383,
    "INFORMATION_GAINED": 0.019456252455711365,
    "treatment": 0.031300220638513565
}