{
    "questioning": 0.2928725779056549,
    "assessing": 0.3559699058532715,
    "tagging": 0.10500389337539673,
    "leaving": 0.24615360796451569
}