{
    "tagged": 3.153606303385459e-05,
    "conscious": 0.0007935274625197053,
    "breathing": 0.0165689866989851,
    "intent": 0.08618142455816269,
    "directness_of_causality": 0.14290431141853333,
    "aid_available": 0.1035599559545517,
    "treating": 0.20428615808486938,
    "HRA Strategy.risk_reward_ratio-system.one-bounce": 0.001635835855267942,
    "HRA Strategy.resources-risk_reward_ratio-system.one-bounce": 0.0012311459286138415,
    "HRA Strategy.time-resources-risk_reward_ratio-system.one-bounce": 0.00031019424204714596,
    "Take-The-Best Priority": 0.0011540035484358668,
    "pPain": 9.247424168279395e-05,
    "pAirwayBlocked": 0.00026601742138154805,
    "entropy": 4.599550084094517e-05,
    "SEVERITY": 0.02014518342912197,
    "SUPPLIES_REMAINING": 0.0021508827339857817,
    "AVERAGE_TIME_USED": 0.06820082664489746,
    "DAMAGE_PER_SECOND": 0.0007506314432248473,
    "MEDSIM_P_DEATH": 0.0008558869594708085,
    "SEVERITY_CHANGE": 0.0002070963237201795,
    "SUPPLIES_USED": 0.12991774082183838,
    "SEVEREST_SEVERITY": 0.0001535186602268368,
    "SEVEREST_SEVERITY_CHANGE": 0.034447748214006424,
    "WEIGHTED_RESOURCE_SCORE": 0.0002496484376024455,
    "SMOL_MEDICAL_SOUNDNESS": 0.11848486959934235,
    "treatment": 0.06537441164255142
}