{
    "conscious": 0.18161682784557343,
    "intent": 0.07761887460947037,
    "directness_of_causality": 0.11288271844387054,
    "aid_available": 0.024571018293499947,
    "treating": 0.3514002561569214,
    "pDeath": 0.09455940127372742,
    "entropyDeath": 0.013225534930825233,
    "SUPPLIES_USED": 0.04564069211483002,
    "treatment": 0.09848463535308838
}