{
    "tagged": 0.018444985151290894,
    "questioning": 0.30630502104759216,
    "assessing": 0.42306309938430786,
    "tagging": 0.05171651393175125,
    "leaving": 0.17359501123428345,
    "treatment": 0.0268754493445158
}