{
    "age": 0.00811960268765688,
    "tagged": 0.017353011295199394,
    "breathing": 0.0060540917329490185,
    "unvisited_count": 0.011591233313083649,
    "injured_count": 0.013692396692931652,
    "questioning": 0.22428633272647858,
    "assessing": 0.18623283505439758,
    "tagging": 0.10477268695831299,
    "leaving": 0.3363203704357147,
    "One-Bounce Priority": 0.03217850998044014,
    "entropy": 0.006017577834427357,
    "MEDSIM_P_DEATH": 0.0048606134951114655,
    "INFORMATION_GAINED": 0.015113483183085918,
    "treatment": 0.024395273998379707,
    "category": 0.009012054651975632
}