{
    "tagged": 0.022873355075716972,
    "unvisited_count": 0.02124728076159954,
    "environment_type": 0.011198371648788452,
    "questioning": 0.14856646955013275,
    "assessing": 0.25803428888320923,
    "tagging": 0.14778447151184082,
    "leaving": 0.181022047996521,
    "Satisfactory Priority": 0.03994441404938698,
    "One-Bounce Priority": 0.03744830936193466,
    "INFORMATION_GAINED": 0.08590922504663467,
    "treatment": 0.0330062210559845,
    "category": 0.012965524569153786
}