{
    "assessing": 0.5027393698692322,
    "treatment": 0.49726060032844543
}