{
    "age": 0.012091056443750858,
    "tagged": 0.030213892459869385,
    "visited": 0.0022591385059058666,
    "conscious": 0.0012779596727341413,
    "breathing": 0.007897065952420235,
    "avpu": 0.001580247189849615,
    "unvisited_count": 0.005620268173515797,
    "injured_count": 0.01342249009758234,
    "environment_type": 0.001603353419341147,
    "questioning": 0.16327348351478577,
    "assessing": 0.1613374948501587,
    "treating": 0.001640029950067401,
    "tagging": 0.21048258244991302,
    "leaving": 0.1855326145887375,
    "HRA Strategy.time-resources.take-the-best": 0.0020604687742888927,
    "HRA Strategy.time-system.exhaustive": 0.01877710223197937,
    "HRA Strategy.resources-system.exhaustive": 0.0007006562664173543,
    "Satisfactory Priority": 0.002175898291170597,
    "One-Bounce Priority": 0.022880351170897484,
    "pDeath": 0.004792172461748123,
    "pPain": 0.005257041193544865,
    "pBrainInjury": 0.004141306038945913,
    "pAirwayBlocked": 0.004415033385157585,
    "pInternalBleeding": 0.007397186942398548,
    "pExternalBleeding": 0.006091947667300701,
    "entropy": 0.00990501418709755,
    "entropyDeath": 0.008973195217549801,
    "SEVERITY": 0.0030499871354550123,
    "SUPPLIES_REMAINING": 0.0007159214583225548,
    "AVERAGE_TIME_USED": 0.006178742740303278,
    "DAMAGE_PER_SECOND": 0.0009111879044212401,
    "MEDSIM_P_DEATH": 0.020957281813025475,
    "MEDSIM_P_DEATH_ONE_MIN_LATER": 0.0038647709880024195,
    "SEVERITY_CHANGE": 0.0018046158365905285,
    "SEVEREST_SEVERITY_CHANGE": 0.0009292258182540536,
    "WEIGHTED_RESOURCE_SCORE": 0.0019679300021380186,
    "SMOL_MEDICAL_SOUNDNESS": 0.0011835300829261541,
    "INFORMATION_GAINED": 0.023156769573688507,
    "treatment": 0.0317964181303978,
    "category": 0.0076845488511025906
}