{
    "age": 0.007370718289166689,
    "tagged": 0.045355379581451416,
    "conscious": 0.02263598144054413,
    "breathing": 0.06160588189959526,
    "hrpmin": 0.012159769423305988,
    "avpu": 0.0047605945728719234,
    "unvisited_count": 0.014943578280508518,
    "environment_type": 0.01255086436867714,
    "questioning": 0.23092105984687805,
    "assessing": 0.21094851195812225,
    "tagging": 0.183778315782547,
    "leaving": 0.005907047539949417,
    "category": 0.010045308619737625,
    "HRA Strategy.time-system.tallying": 0.0054461234249174595,
    "Satisfactory Priority": 0.010372926481068134,
    "pDeath": 0.016867581754922867,
    "pPain": 0.006504892837256193,
    "pBrainInjury": 0.009815211407840252,
    "pInternalBleeding": 0.004504759330302477,
    "pExternalBleeding": 0.013727223500609398,
    "entropyDeath": 0.01614264026284218,
    "SEVERITY": 0.0034553920850157738,
    "AVERAGE_TIME_USED": 0.022654032334685326,
    "DAMAGE_PER_SECOND": 0.0030547683127224445,
    "MEDSIM_P_DEATH_ONE_MIN_LATER": 0.004345789551734924,
    "WEIGHTED_RESOURCE_SCORE": 0.008741040714085102,
    "treatment": 0.05138465017080307
}