{
    "age": 0.04981273040175438,
    "tagged": 0.5623109340667725,
    "conscious": 0.16327393054962158,
    "breathing": 0.02943897433578968,
    "HRA Strategy.time-resources.take-the-best": 0.058099932968616486,
    "pDeath": 0.04358384758234024,
    "DAMAGE_PER_SECOND": 0.040036264806985855,
    "treatment": 0.053443338721990585
}