{
    "tagged": 0.018162192776799202,
    "unvisited_count": 0.006324802991002798,
    "injured_count": 0.018575070425868034,
    "questioning": 0.27871695160865784,
    "assessing": 0.3183899521827698,
    "tagging": 0.12353567034006119,
    "leaving": 0.10997848212718964,
    "One-Bounce Priority": 0.02996286004781723,
    "AVERAGE_TIME_USED": 0.004417622461915016,
    "INFORMATION_GAINED": 0.046291083097457886,
    "treatment": 0.03058239072561264,
    "category": 0.01506292074918747
}