{
    "age": 0.010432175360620022,
    "tagged": 0.02461995929479599,
    "questioning": 0.2598726153373718,
    "assessing": 0.40926164388656616,
    "tagging": 0.07521636039018631,
    "category": 0.014570518396794796,
    "One-Bounce Priority": 0.08432372659444809,
    "INFORMATION_GAINED": 0.08027297258377075,
    "treatment": 0.04143001511693001
}