{
    "age": 0.006639054510742426,
    "tagged": 0.05165935680270195,
    "conscious": 0.0006231858278624713,
    "breathing": 0.005697795655578375,
    "hrpmin": 0.006839981768280268,
    "avpu": 0.0006574465660378337,
    "unvisited_count": 0.005826624110341072,
    "injured_count": 0.015359549783170223,
    "environment_type": 0.0011927899904549122,
    "questioning": 0.1862964630126953,
    "assessing": 0.15934909880161285,
    "tagging": 0.21033787727355957,
    "leaving": 0.16145548224449158,
    "HRA Strategy.time-resources.take-the-best": 0.003336602356284857,
    "HRA Strategy.time-resources.one-bounce": 0.00046843799646012485,
    "HRA Strategy.time-system.exhaustive": 0.0012709553120657802,
    "HRA Strategy.resources-system.take-the-best": 0.0008510613697580993,
    "Satisfactory Priority": 0.005434727296233177,
    "One-Bounce Priority": 0.02437487244606018,
    "pDeath": 0.0044162278063595295,
    "pPain": 0.007833674550056458,
    "pBrainInjury": 0.0012365205911919475,
    "pAirwayBlocked": 0.005296805407851934,
    "pInternalBleeding": 0.004984920844435692,
    "pExternalBleeding": 0.009166319854557514,
    "entropy": 0.010930090211331844,
    "entropyDeath": 0.008071919903159142,
    "SEVERITY": 0.0015169839607551694,
    "SUPPLIES_REMAINING": 0.0005406997515819967,
    "AVERAGE_TIME_USED": 0.00714857317507267,
    "DAMAGE_PER_SECOND": 0.0006326923612505198,
    "MEDSIM_P_DEATH": 0.005321206990629435,
    "MEDSIM_P_DEATH_ONE_MIN_LATER": 0.0003729435265995562,
    "SEVEREST_SEVERITY": 0.007354682311415672,
    "WEIGHTED_RESOURCE_SCORE": 0.001260511577129364,
    "SMOL_MEDICAL_SOUNDNESS": 0.0032393676228821278,
    "INFORMATION_GAINED": 0.025963854044675827,
    "treatment": 0.03765278309583664,
    "category": 0.009387820959091187
}