{
    "tagged": 0.011571580544114113,
    "hrpmin": 0.02148665301501751,
    "intent": 0.18956543505191803,
    "directness_of_causality": 0.1241995170712471,
    "aid_available": 0.13232815265655518,
    "treating": 0.2310558557510376,
    "AVERAGE_TIME_USED": 0.04927357658743858,
    "SUPPLIES_USED": 0.1980333924293518,
    "treatment": 0.04248587787151337
}