{
    "age": 0.01981993205845356,
    "tagged": 0.08198360353708267,
    "visited": 0.0047006444074213505,
    "conscious": 0.004694295581430197,
    "breathing": 0.010724211111664772,
    "hrpmin": 0.01656763255596161,
    "avpu": 0.0017743762582540512,
    "unvisited_count": 0.0034123954828828573,
    "injured_count": 0.059257447719573975,
    "others_tagged_or_uninjured": 0.0022135491017252207,
    "environment_type": 0.013001156039536,
    "questioning": 0.16177265346050262,
    "assessing": 0.16625386476516724,
    "tagging": 0.177915558218956,
    "category": 0.011190417222678661,
    "HRA Strategy.time-resources.take-the-best": 0.007579269353300333,
    "HRA Strategy.time-resources.one-bounce": 0.0002139574644388631,
    "HRA Strategy.time-risk_reward_ratio.take-the-best": 0.01119394600391388,
    "HRA Strategy.time-risk_reward_ratio.one-bounce": 0.00023698942095506936,
    "HRA Strategy.time-system.exhaustive": 0.0010369665687903762,
    "HRA Strategy.resources-system.take-the-best": 0.0003465707413852215,
    "HRA Strategy.time-resources-system.one-bounce": 0.00012088597577530891,
    "Take-The-Best Priority": 0.000398729695007205,
    "Satisfactory Priority": 0.019486865028738976,
    "One-Bounce Priority": 0.033059969544410706,
    "pDeath": 0.002915771445259452,
    "pPain": 0.014909218065440655,
    "pBrainInjury": 0.0014665343333035707,
    "pAirwayBlocked": 0.018960097804665565,
    "pInternalBleeding": 0.00048766922554932535,
    "pExternalBleeding": 0.0006550188991241157,
    "entropy": 0.008525867015123367,
    "entropyDeath": 0.0010339547879993916,
    "SEVERITY": 0.005410510580986738,
    "SUPPLIES_REMAINING": 0.0008966200985014439,
    "AVERAGE_TIME_USED": 0.0034327134490013123,
    "DAMAGE_PER_SECOND": 0.0037074568681418896,
    "MEDSIM_P_DEATH": 0.004771069623529911,
    "MEDSIM_P_DEATH_ONE_MIN_LATER": 0.0022346889600157738,
    "SEVERITY_CHANGE": 0.00019378436263650656,
    "SEVEREST_SEVERITY": 0.0020605381578207016,
    "SEVEREST_SEVERITY_CHANGE": 5.630548457702389e-06,
    "WEIGHTED_RESOURCE_SCORE": 0.0006565591902472079,
    "SMOL_MEDICAL_SOUNDNESS": 0.007060164585709572,
    "INFORMATION_GAINED": 0.08053872734308243,
    "treatment": 0.031121551990509033
}