{
    "aid_available": 0.037407856434583664,
    "treating": 0.34311532974243164,
    "Take-The-Best Priority": 0.00013061246136203408,
    "SEVERITY": 0.01157923974096775,
    "AVERAGE_TIME_USED": 0.0009472297970205545,
    "SUPPLIES_USED": 0.055191557854413986,
    "SEVEREST_SEVERITY": 0.0005935620865784585,
    "SEVEREST_SEVERITY_CHANGE": 0.00014447853027377278,
    "WEIGHTED_RESOURCE_SCORE": 0.001004053745418787,
    "HRA Strategy.time-system.satisfactory": 0.005597595125436783,
    "mental_status": 0.011607830412685871,
    "HRA Strategy.time-resources.one-bounce": 6.709398439852521e-05,
    "HRA Strategy.resources-risk_reward_ratio-system.satisfactory": 0.002697831718251109,
    "HRA Strategy.time-resources-system.one-bounce": 0.0003789813781622797,
    "pDeath": 0.12348341196775436,
    "HRA Strategy.resources-risk_reward_ratio.one-bounce": 0.002079996280372143,
    "HRA Strategy.risk_reward_ratio-system.one-bounce": 0.0011655549751594663,
    "HRA Strategy.time-resources-system.satisfactory": 0.0001908986596390605,
    "intent": 0.02276679314672947,
    "pInternalBleeding": 7.709761848673224e-05,
    "breathing": 0.0008850129088386893,
    "treatment": 0.0008045431459322572,
    "entropyDeath": 0.09575700759887695,
    "directness_of_causality": 0.2516894042491913,
    "pBrainInjury": 0.029813388362526894,
    "avpu": 8.810066356090829e-05,
    "HRA Strategy.resources-risk_reward_ratio-system.one-bounce": 0.0006736161303706467,
    "hrpmin": 6.190320709720254e-05
}