{
    "conscious": 0.0010527275735512376,
    "avpu": 0.00010898549226112664,
    "intent": 0.04360172152519226,
    "directness_of_causality": 0.18654978275299072,
    "aid_available": 0.17339366674423218,
    "treating": 0.27814462780952454,
    "HRA Strategy.time-risk_reward_ratio.one-bounce": 0.0009097614674828947,
    "HRA Strategy.resources-system.take-the-best": 0.0009364250581711531,
    "HRA Strategy.risk_reward_ratio-system.one-bounce": 0.0015524264890700579,
    "HRA Strategy.time-resources-risk_reward_ratio-system.one-bounce": 0.0002569942153058946,
    "Take-The-Best Priority": 0.0004502591327764094,
    "Satisfactory Priority": 0.00047744245966896415,
    "One-Bounce Priority": 0.00027092802338302135,
    "pBrainInjury": 0.0002854695194400847,
    "pAirwayBlocked": 0.00020221754675731063,
    "pInternalBleeding": 0.00023185797908809036,
    "entropyDeath": 0.0004575998173095286,
    "SEVERITY": 0.000452580425189808,
    "SUPPLIES_REMAINING": 0.10463651269674301,
    "AVERAGE_TIME_USED": 0.007220572326332331,
    "DAMAGE_PER_SECOND": 0.0003390535421203822,
    "MEDSIM_P_DEATH": 0.0003350559563841671,
    "SUPPLIES_USED": 0.19685149192810059,
    "SEVEREST_SEVERITY_CHANGE": 0.00023762803175486624,
    "WEIGHTED_RESOURCE_SCORE": 0.00011117510439362377,
    "SMOL_MEDICAL_SOUNDNESS": 0.00032606543391011655,
    "treatment": 0.0006069690571166575
}