conscious,avpu,intent,directness_of_causality,aid_available,treating,HRA Strategy.time-risk_reward_ratio.one-bounce,HRA Strategy.resources-system.take-the-best,HRA Strategy.risk_reward_ratio-system.one-bounce,HRA Strategy.time-resources-risk_reward_ratio-system.one-bounce,Take-The-Best Priority,Satisfactory Priority,One-Bounce Priority,pBrainInjury,pAirwayBlocked,pInternalBleeding,entropyDeath,SEVERITY,SUPPLIES_REMAINING,AVERAGE_TIME_USED,DAMAGE_PER_SECOND,MEDSIM_P_DEATH,SUPPLIES_USED,SEVEREST_SEVERITY_CHANGE,WEIGHTED_RESOURCE_SCORE,SMOL_MEDICAL_SOUNDNESS,treatment
0.0010527275735512376,0.00010898549226112664,0.04360172152519226,0.18654978275299072,0.17339366674423218,0.27814462780952454,0.0009097614674828947,0.0009364250581711531,0.0015524264890700579,0.0002569942153058946,0.0004502591327764094,0.00047744245966896415,0.00027092802338302135,0.0002854695194400847,0.00020221754675731063,0.00023185797908809036,0.0004575998173095286,0.000452580425189808,0.10463651269674301,0.007220572326332331,0.0003390535421203822,0.0003350559563841671,0.19685149192810059,0.00023762803175486624,0.00011117510439362377,0.00032606543391011655,0.0006069690571166575
