{
    "conscious": 0.0007528786081820726,
    "breathing": 0.08065886050462723,
    "intent": 0.02526285871863365,
    "directness_of_causality": 0.19647789001464844,
    "aid_available": 0.12033191323280334,
    "treating": 0.25298577547073364,
    "HRA Strategy.time-resources.take-the-best": 0.0012819322291761637,
    "HRA Strategy.time-risk_reward_ratio.one-bounce": 0.0016268587205559015,
    "HRA Strategy.resources-risk_reward_ratio.one-bounce": 0.03470319136977196,
    "HRA Strategy.resources-system.take-the-best": 0.027656080201268196,
    "HRA Strategy.risk_reward_ratio-system.one-bounce": 0.001605531433597207,
    "HRA Strategy.resources-risk_reward_ratio-system.one-bounce": 0.0009679966024123132,
    "Take-The-Best Priority": 0.0017034603515639901,
    "pDeath": 0.04508760944008827,
    "pAirwayBlocked": 0.000979497330263257,
    "entropyDeath": 0.002714200410991907,
    "SEVERITY": 0.003669688245281577,
    "SUPPLIES_REMAINING": 0.026595447212457657,
    "AVERAGE_TIME_USED": 0.0045017399825155735,
    "SUPPLIES_USED": 0.16819965839385986,
    "WEIGHTED_RESOURCE_SCORE": 0.0009826760506257415,
    "treatment": 0.0012543982593342662
}