{
    "age": 0.005331421736627817,
    "tagged": 0.03562941402196884,
    "visited": 0.0032081136014312506,
    "conscious": 0.0033520746510475874,
    "breathing": 0.004528766963630915,
    "hrpmin": 0.007057151757180691,
    "unvisited_count": 0.0052129365503787994,
    "environment_type": 0.0014924522256478667,
    "questioning": 0.11696036159992218,
    "assessing": 0.12409069389104843,
    "treating": 0.000533741491381079,
    "tagging": 0.09062248468399048,
    "leaving": 0.4319472312927246,
    "HRA Strategy.time-resources.take-the-best": 0.004938516300171614,
    "HRA Strategy.time-system.exhaustive": 0.003969486337155104,
    "HRA Strategy.resources-system.exhaustive": 0.0016029963735491037,
    "One-Bounce Priority": 0.025948137044906616,
    "pDeath": 0.0013891193084418774,
    "pPain": 0.004165531136095524,
    "pBrainInjury": 0.0014350935816764832,
    "pAirwayBlocked": 0.011905085295438766,
    "pExternalBleeding": 0.010725146159529686,
    "entropy": 0.007578668650239706,
    "entropyDeath": 0.004716372117400169,
    "SEVERITY": 0.0023768546525388956,
    "AVERAGE_TIME_USED": 0.004670790862292051,
    "MEDSIM_P_DEATH": 0.0023016594350337982,
    "MEDSIM_P_DEATH_ONE_MIN_LATER": 0.002945859218016267,
    "WEIGHTED_RESOURCE_SCORE": 0.02220173366367817,
    "INFORMATION_GAINED": 0.024081025272607803,
    "treatment": 0.024891700595617294,
    "category": 0.008189444430172443
}