{
    "directness_of_causality": 0.14113245904445648,
    "aid_available": 0.20439660549163818,
    "treating": 0.3842256963253021,
    "SUPPLIES_USED": 0.27024519443511963
}