{
    "conscious": 0.07321951538324356,
    "mental_status": 0.009010587818920612,
    "intent": 0.019600436091423035,
    "directness_of_causality": 0.18919821083545685,
    "aid_available": 0.18917521834373474,
    "treating": 0.2994270920753479,
    "HRA Strategy.time-resources.take-the-best": 0.006210315972566605,
    "HRA Strategy.resources-risk_reward_ratio.one-bounce": 0.023821000009775162,
    "HRA Strategy.resources-system.take-the-best": 0.023029964417219162,
    "HRA Strategy.risk_reward_ratio-system.one-bounce": 0.0005443332483991981,
    "HRA Strategy.resources-risk_reward_ratio-system.one-bounce": 0.00034373695962131023,
    "Take-The-Best Priority": 0.0013924286467954516,
    "Satisfactory Priority": 0.001777189550921321,
    "pDeath": 0.0006411031354218721,
    "entropyDeath": 0.002363576553761959,
    "SUPPLIES_REMAINING": 0.0015923419268801808,
    "SUPPLIES_USED": 0.15865297615528107
}