{
    "environment_type": 0.035758744925260544,
    "questioning": 0.30547547340393066,
    "assessing": 0.45589807629585266,
    "category": 0.03603023663163185,
    "HRA Strategy.time-resources.take-the-best": 0.02504909597337246,
    "INFORMATION_GAINED": 0.14178843796253204
}