{
    "intent": 0.1529473513364792,
    "directness_of_causality": 0.06184929236769676,
    "injured_count": 0.2013411819934845,
    "treating": 0.5838621854782104
}