{
    "age": 0.019497068598866463,
    "tagged": 0.05654585361480713,
    "visited": 0.0004192328779026866,
    "breathing": 0.01685272343456745,
    "avpu": 0.00883958674967289,
    "unvisited_count": 0.007349927444010973,
    "injured_count": 0.010730250738561153,
    "environment_type": 0.006394360680133104,
    "questioning": 0.20813550055027008,
    "assessing": 0.2166873663663864,
    "treating": 0.02596285752952099,
    "tagging": 0.13715790212154388,
    "leaving": 0.13965672254562378,
    "Satisfactory Priority": 0.002955254865810275,
    "One-Bounce Priority": 0.012415028177201748,
    "pPain": 0.010305282659828663,
    "entropy": 0.008029968477785587,
    "entropyDeath": 0.011436589993536472,
    "SEVERITY": 0.0022494408767670393,
    "SUPPLIES_REMAINING": 0.0018705929396674037,
    "AVERAGE_TIME_USED": 0.0033266404643654823,
    "DAMAGE_PER_SECOND": 0.003970145247876644,
    "SEVEREST_SEVERITY": 0.022238681092858315,
    "treatment": 0.05790248140692711,
    "category": 0.00907058548182249
}