{
    "age": 0.01428292691707611,
    "tagged": 0.044572941958904266,
    "visited": 0.007028704974800348,
    "breathing": 0.008351261727511883,
    "hrpmin": 0.029124846681952477,
    "unvisited_count": 0.009771101176738739,
    "injured_count": 0.008503909222781658,
    "environment_type": 0.0074681867845356464,
    "questioning": 0.3156101703643799,
    "assessing": 0.21394990384578705,
    "tagging": 0.13898725807666779,
    "leaving": 0.028624527156352997,
    "One-Bounce Priority": 0.02739677019417286,
    "pInternalBleeding": 0.006382637191563845,
    "entropy": 0.009695403277873993,
    "entropyDeath": 0.020197127014398575,
    "SEVERITY": 0.007572281174361706,
    "AVERAGE_TIME_USED": 0.011736057698726654,
    "INFORMATION_GAINED": 0.041660286486148834,
    "treatment": 0.03707035258412361,
    "category": 0.012013302184641361
}