{
    "age": 0.013802355155348778,
    "tagged": 0.03615495562553406,
    "conscious": 0.005920028779655695,
    "breathing": 0.00245055858977139,
    "avpu": 0.004760534502565861,
    "unvisited_count": 0.008258632384240627,
    "injured_count": 0.04478345811367035,
    "environment_type": 0.004644543398171663,
    "questioning": 0.05323852598667145,
    "assessing": 0.10835178196430206,
    "treating": 0.0010879384353756905,
    "tagging": 0.1441902369260788,
    "leaving": 0.36464646458625793,
    "treatment": 0.02475309558212757,
    "HRA Strategy.time-resources.take-the-best": 0.006306348834186792,
    "HRA Strategy.time-system.one-bounce": 0.0028865972999483347,
    "Satisfactory Priority": 0.009896918199956417,
    "One-Bounce Priority": 0.024301139637827873,
    "pDeath": 0.0013703769072890282,
    "pPain": 0.01683264970779419,
    "pBrainInjury": 0.03822808340191841,
    "pAirwayBlocked": 0.002526287455111742,
    "pExternalBleeding": 0.0013449201360344887,
    "entropy": 0.0012343297712504864,
    "entropyDeath": 0.005041958764195442,
    "SEVERITY": 0.0013962737284600735,
    "SUPPLIES_REMAINING": 0.0010666173184290528,
    "AVERAGE_TIME_USED": 0.0008370625437237322,
    "DAMAGE_PER_SECOND": 0.0012544518103823066,
    "MEDSIM_P_DEATH": 0.0026565836742520332,
    "MEDSIM_P_DEATH_ONE_MIN_LATER": 0.005876812152564526,
    "SEVEREST_SEVERITY": 0.0012672750744968653,
    "SEVEREST_SEVERITY_CHANGE": 0.03256768360733986,
    "INFORMATION_GAINED": 0.01806744746863842,
    "category": 0.007997126318514347
}