{
    "age": 0.03073510341346264,
    "tagged": 0.27525803446769714,
    "breathing": 0.0013827873626723886,
    "hrpmin": 0.03142860531806946,
    "environment_type": 0.10582239180803299,
    "category": 0.031899116933345795,
    "HRA Strategy.time-resources.take-the-best": 0.002952503738924861,
    "pDeath": 0.009975786320865154,
    "pPain": 0.0021070283837616444,
    "SEVERITY": 0.07814336568117142,
    "SUPPLIES_REMAINING": 0.002489142818376422,
    "AVERAGE_TIME_USED": 0.053191713988780975,
    "WEIGHTED_RESOURCE_SCORE": 0.015489013865590096,
    "treatment": 0.35912537574768066
}