{
    "tagged": 0.02722269296646118,
    "conscious": 0.003931401297450066,
    "mental_status": 1.574288762640208e-05,
    "breathing": 0.057651277631521225,
    "hrpmin": 8.027506737562362e-06,
    "avpu": 6.654836033703759e-05,
    "intent": 0.1806720495223999,
    "directness_of_causality": 0.1255052536725998,
    "unvisited_count": 6.447833129641367e-06,
    "aid_available": 0.021373892202973366,
    "treating": 0.27290409803390503,
    "HRA Strategy.time-resources.take-the-best": 0.0047174361534416676,
    "HRA Strategy.time-resources.one-bounce": 0.013886026106774807,
    "HRA Strategy.time-risk_reward_ratio.one-bounce": 0.0038329418748617172,
    "HRA Strategy.time-system.one-bounce": 0.00011464572162367404,
    "HRA Strategy.resources-risk_reward_ratio.one-bounce": 0.0437459796667099,
    "HRA Strategy.resources-system.take-the-best": 0.024609645828604698,
    "HRA Strategy.risk_reward_ratio-system.one-bounce": 0.0008544925367459655,
    "HRA Strategy.resources-risk_reward_ratio-system.one-bounce": 0.0007108871359378099,
    "Satisfactory Priority": 0.0005503736319951713,
    "pDeath": 0.12803906202316284,
    "pPain": 0.0004080062499269843,
    "pBrainInjury": 0.0003055880661122501,
    "pAirwayBlocked": 0.00020109189790673554,
    "pInternalBleeding": 9.559140744386241e-05,
    "pExternalBleeding": 0.029354523867368698,
    "entropyDeath": 0.012253696098923683,
    "SEVERITY": 0.004311989527195692,
    "SUPPLIES_REMAINING": 0.0018926706397905946,
    "AVERAGE_TIME_USED": 0.00493687903508544,
    "SEVERITY_CHANGE": 1.1616786650847644e-05,
    "SUPPLIES_USED": 0.03531695529818535,
    "SEVEREST_SEVERITY_CHANGE": 4.266725227353163e-05,
    "WEIGHTED_RESOURCE_SCORE": 0.0003182453801855445,
    "treatment": 0.00013149823644198477
}