{
    "age": 0.012614989653229713,
    "tagged": 0.029884062707424164,
    "visited": 0.006220220122486353,
    "breathing": 0.008472098037600517,
    "hrpmin": 0.012068839743733406,
    "avpu": 0.0005805694381706417,
    "unvisited_count": 0.0017704125493764877,
    "injured_count": 0.01822648011147976,
    "environment_type": 0.0020104253198951483,
    "questioning": 0.1986919641494751,
    "assessing": 0.1730886697769165,
    "treating": 0.002711211098358035,
    "tagging": 0.15022283792495728,
    "leaving": 0.19744300842285156,
    "HRA Strategy.time-resources.take-the-best": 0.0016542510129511356,
    "HRA Strategy.time-system.exhaustive": 0.01749049685895443,
    "HRA Strategy.resources-system.exhaustive": 0.0009148637182079256,
    "Satisfactory Priority": 0.0016498459735885262,
    "One-Bounce Priority": 0.024621253833174706,
    "pDeath": 0.004198616370558739,
    "pPain": 0.0059498753398656845,
    "pBrainInjury": 0.0024472710210829973,
    "pAirwayBlocked": 0.004730040207505226,
    "pInternalBleeding": 0.006830576807260513,
    "pExternalBleeding": 0.009786025620996952,
    "entropy": 0.01029337290674448,
    "entropyDeath": 0.004931187257170677,
    "SEVERITY": 0.0008970408234745264,
    "SUPPLIES_REMAINING": 0.0008263144991360605,
    "AVERAGE_TIME_USED": 0.011022550985217094,
    "MEDSIM_P_DEATH": 0.01180515717715025,
    "MEDSIM_P_DEATH_ONE_MIN_LATER": 0.0006979123572818935,
    "SEVEREST_SEVERITY": 0.0023747142404317856,
    "WEIGHTED_RESOURCE_SCORE": 0.004621786065399647,
    "SMOL_MEDICAL_SOUNDNESS": 0.0032623333390802145,
    "INFORMATION_GAINED": 0.019548963755369186,
    "treatment": 0.02619781717658043,
    "category": 0.00924190878868103
}