{
    "age": 0.0041963220573961735,
    "tagged": 0.024509618058800697,
    "breathing": 0.005341587588191032,
    "hrpmin": 0.0029854432214051485,
    "avpu": 0.0021032884251326323,
    "unvisited_count": 0.005191251635551453,
    "injured_count": 0.011944925412535667,
    "questioning": 0.15955990552902222,
    "assessing": 0.17539843916893005,
    "tagging": 0.2173154056072235,
    "leaving": 0.22716185450553894,
    "HRA Strategy.time-resources.take-the-best": 0.00250010727904737,
    "HRA Strategy.time-system.exhaustive": 0.004423224367201328,
    "HRA Strategy.resources-system.exhaustive": 0.0018907927442342043,
    "One-Bounce Priority": 0.020958492532372475,
    "pDeath": 0.0024897947441786528,
    "pPain": 0.005073449108749628,
    "pBrainInjury": 0.004794742446392775,
    "pAirwayBlocked": 0.00403464213013649,
    "pInternalBleeding": 0.004689679015427828,
    "pExternalBleeding": 0.00523440632969141,
    "entropy": 0.004097841680049896,
    "entropyDeath": 0.013658820651471615,
    "SEVERITY": 0.0020334888249635696,
    "AVERAGE_TIME_USED": 0.003326921258121729,
    "MEDSIM_P_DEATH": 0.003083455143496394,
    "MEDSIM_P_DEATH_ONE_MIN_LATER": 0.0023398303892463446,
    "INFORMATION_GAINED": 0.03976932168006897,
    "treatment": 0.03361762687563896,
    "category": 0.006275438703596592
}