{
    "intent": 0.13307344913482666,
    "aid_available": 0.13405437767505646,
    "treating": 0.7328722476959229
}