{
    "tagged": 0.0003163023793604225,
    "breathing": 0.000107537918665912,
    "intent": 0.14006869494915009,
    "aid_available": 0.002689473330974579,
    "treating": 0.13827599585056305,
    "HRA Strategy.time-resources.take-the-best": 0.0007368450751528144,
    "HRA Strategy.time-resources.one-bounce": 0.00016601270181126893,
    "HRA Strategy.resources-system.take-the-best": 0.00036603680928237736,
    "HRA Strategy.risk_reward_ratio-system.one-bounce": 0.000913937808945775,
    "HRA Strategy.resources-risk_reward_ratio-system.one-bounce": 0.0006211941945366561,
    "HRA Strategy.time-resources-risk_reward_ratio-system.one-bounce": 0.00047443844960071146,
    "Satisfactory Priority": 9.484934707870707e-05,
    "entropyDeath": 0.0008615443948656321,
    "SEVERITY": 0.058855511248111725,
    "SUPPLIES_REMAINING": 0.001372401136904955,
    "AVERAGE_TIME_USED": 0.00022158093634061515,
    "DAMAGE_PER_SECOND": 0.0017350370762869716,
    "MEDSIM_P_DEATH": 0.00024401425616815686,
    "SEVERITY_CHANGE": 0.3143787980079651,
    "SUPPLIES_USED": 0.0004863265494350344,
    "SEVEREST_SEVERITY": 0.0006503936601802707,
    "WEIGHTED_RESOURCE_SCORE": 0.0024748214054852724,
    "SMOL_MEDICAL_SOUNDNESS": 0.21689322590827942,
    "category": 0.0035951007157564163,
    "treatment": 0.11339988559484482
}