{
    "intent": 0.13933490216732025,
    "treating": 0.7209634780883789,
    "SUPPLIES_USED": 0.04070247709751129,
    "treatment": 0.09899917244911194
}