{
    "age": 0.5398572087287903,
    "tagged": 0.46014276146888733
}