{
    "age": 0.05698532611131668,
    "assessing": 0.4640207886695862,
    "treatment": 0.424150675535202,
    "SEVERITY": 0.04865612834692001,
    "SUPPLIES_REMAINING": 0.006187045015394688
}