{
    "aid_available": 0.03144043684005737,
    "treating": 0.6018595099449158,
    "SUPPLIES_USED": 0.04571380838751793,
    "pDeath": 0.04038594290614128,
    "intent": 0.015827396884560585,
    "directness_of_causality": 0.2647729516029358
}