{
    "aid_available": 0.06791486591100693,
    "treating": 0.06941797584295273,
    "Take-The-Best Priority": 0.021152792498469353,
    "SEVERITY": 0.03454658016562462,
    "AVERAGE_TIME_USED": 0.07674193382263184,
    "DAMAGE_PER_SECOND": 0.000807189557235688,
    "SEVERITY_CHANGE": 0.00031406115158461034,
    "SUPPLIES_USED": 0.035742975771427155,
    "SEVEREST_SEVERITY": 0.0001406606170348823,
    "SEVEREST_SEVERITY_CHANGE": 0.00023856766347307712,
    "WEIGHTED_RESOURCE_SCORE": 5.8569374232320115e-05,
    "SMOL_MEDICAL_SOUNDNESS": 0.4293786883354187,
    "HRA Strategy.time-system.satisfactory": 0.03047124482691288,
    "conscious": 0.014544821344316006,
    "mental_status": 0.0012322706170380116,
    "HRA Strategy.time-resources-system.one-bounce": 0.0011396799236536026,
    "pExternalBleeding": 0.0022357464767992496,
    "pDeath": 0.0007317288545891643,
    "HRA Strategy.risk_reward_ratio-system.one-bounce": 0.0013183458941057324,
    "HRA Strategy.time-resources-risk_reward_ratio-system.one-bounce": 0.00036196899600327015,
    "entropy": 0.0013670098269358277,
    "intent": 0.07030608505010605,
    "pAirwayBlocked": 0.00016870391846168786,
    "pInternalBleeding": 0.0033700885251164436,
    "treatment": 0.058196377009153366,
    "entropyDeath": 0.0001372116821585223,
    "HRA Strategy.time-risk_reward_ratio.one-bounce": 0.0007069818675518036,
    "directness_of_causality": 0.07725702226161957
}