{
    "treating": 0.8980806469917297,
    "SUPPLIES_USED": 0.10191928595304489
}