{
    "tagged": 0.09734687954187393,
    "visited": 0.00018218887271359563,
    "avpu": 0.029428893700242043,
    "intent": 0.18530304729938507,
    "injured_count": 0.0012849074555560946,
    "aid_available": 0.12825264036655426,
    "treating": 0.19329947233200073,
    "HRA Strategy.time-resources.take-the-best": 0.02591669000685215,
    "HRA Strategy.time-system.tallying": 0.0014729370595887303,
    "HRA Strategy.time-system.one-bounce": 0.0006434156093746424,
    "HRA Strategy.resources-system.take-the-best": 0.03421651944518089,
    "HRA Strategy.risk_reward_ratio-system.one-bounce": 0.0033582793548703194,
    "HRA Strategy.time-resources-risk_reward_ratio.one-bounce": 0.0006911795935593545,
    "HRA Strategy.time-resources-system.tallying": 0.0030913876835256815,
    "pPain": 0.20978878438472748,
    "pInternalBleeding": 0.006114807911217213,
    "SEVERITY": 0.04958946257829666,
    "SUPPLIES_REMAINING": 0.005101734306663275,
    "AVERAGE_TIME_USED": 0.01930766925215721,
    "DAMAGE_PER_SECOND": 0.0010918036568909883,
    "SUPPLIES_USED": 0.0024815364740788937,
    "SEVEREST_SEVERITY": 0.0002603773318696767,
    "WEIGHTED_RESOURCE_SCORE": 0.00134516810066998,
    "treatment": 0.00043022417230531573
}