{
    "age": 0.03249107301235199,
    "visited": 0.01715562306344509,
    "conscious": 0.010437704622745514,
    "breathing": 0.02399754524230957,
    "environment_type": 0.05565766617655754,
    "questioning": 0.16792167723178864,
    "tagging": 0.25119274854660034,
    "category": 0.0351758748292923,
    "pPain": 0.050249796360731125,
    "entropy": 0.028576061129570007,
    "SEVERITY": 0.01634831912815571,
    "AVERAGE_TIME_USED": 0.12343409657478333,
    "MEDSIM_P_DEATH": 0.03726059943437576,
    "SMOL_MEDICAL_SOUNDNESS": 0.0052652363665401936,
    "INFORMATION_GAINED": 0.010319375433027744,
    "treatment": 0.13451658189296722
}