{
    "age": 0.10299639403820038,
    "visited": 0.021542731672525406,
    "breathing": 0.01722574606537819,
    "environment_type": 0.014226170256733894,
    "assessing": 0.11529534310102463,
    "treating": 0.024745970964431763,
    "category": 0.047437120229005814,
    "HRA Strategy.time-resources.take-the-best": 0.023192496970295906,
    "pDeath": 0.09856593608856201,
    "SUPPLIES_REMAINING": 0.01616239920258522,
    "AVERAGE_TIME_USED": 0.029695123434066772,
    "DAMAGE_PER_SECOND": 0.00274076871573925,
    "MEDSIM_P_DEATH_ONE_MIN_LATER": 0.3400050103664398,
    "WEIGHTED_RESOURCE_SCORE": 0.08725783228874207,
    "treatment": 0.058910880237817764
}