{
    "tagged": 0.5451034903526306,
    "unvisited_count": 0.18648900091648102,
    "AVERAGE_TIME_USED": 0.2684076130390167
}