{
    "age": 0.017001856118440628,
    "tagged": 0.03671128302812576,
    "visited": 0.004458341281861067,
    "conscious": 0.0013825533678755164,
    "breathing": 0.007374647073447704,
    "hrpmin": 0.015657121315598488,
    "avpu": 0.00237229373306036,
    "unvisited_count": 0.0016257045790553093,
    "injured_count": 0.020154906436800957,
    "environment_type": 0.003064377699047327,
    "questioning": 0.11471157521009445,
    "assessing": 0.19082894921302795,
    "treating": 0.02218436636030674,
    "tagging": 0.20453087985515594,
    "leaving": 0.09678180515766144,
    "HRA Strategy.time-resources.take-the-best": 0.002563814166933298,
    "HRA Strategy.time-system.exhaustive": 0.004582138266414404,
    "HRA Strategy.resources-system.take-the-best": 0.0006186352111399174,
    "Satisfactory Priority": 0.006397862918674946,
    "One-Bounce Priority": 0.0348472073674202,
    "pDeath": 0.0023492479231208563,
    "pPain": 0.01016254723072052,
    "pAirwayBlocked": 0.00705310795456171,
    "pInternalBleeding": 0.004351041279733181,
    "pExternalBleeding": 0.012794170528650284,
    "entropy": 0.013933420181274414,
    "entropyDeath": 0.015026562847197056,
    "SEVERITY": 0.002597487298771739,
    "SUPPLIES_REMAINING": 0.0011003636755049229,
    "AVERAGE_TIME_USED": 0.0038077938370406628,
    "MEDSIM_P_DEATH": 0.02496044710278511,
    "MEDSIM_P_DEATH_ONE_MIN_LATER": 0.0012182311620563269,
    "WEIGHTED_RESOURCE_SCORE": 0.0011106813326478004,
    "SMOL_MEDICAL_SOUNDNESS": 0.0018194426083937287,
    "INFORMATION_GAINED": 0.05342688784003258,
    "treatment": 0.043346039950847626,
    "category": 0.01309220865368843
}