{
    "conscious": 0.0006114633288234472,
    "mental_status": 0.003404031740501523,
    "intent": 0.01058589294552803,
    "directness_of_causality": 0.17279444634914398,
    "aid_available": 0.1947018951177597,
    "treating": 0.24022139608860016,
    "SEVERITY": 0.003152266377583146,
    "AVERAGE_TIME_USED": 0.005348102655261755,
    "SUPPLIES_USED": 0.2361103892326355,
    "SMOL_MEDICAL_SOUNDNESS": 0.13307011127471924
}