{
    "tagged": 0.03219570964574814,
    "breathing": 0.004344165790826082,
    "avpu": 0.0029159514233469963,
    "injured_count": 0.009299551136791706,
    "questioning": 0.21600161492824554,
    "assessing": 0.19325730204582214,
    "tagging": 0.09950312227010727,
    "leaving": 0.3420564532279968,
    "One-Bounce Priority": 0.013828940689563751,
    "pPain": 0.004274696111679077,
    "pBrainInjury": 0.004415488801896572,
    "pAirwayBlocked": 0.0036091157235205173,
    "pInternalBleeding": 0.008173995651304722,
    "entropy": 0.008688065223395824,
    "MEDSIM_P_DEATH": 0.003038743743672967,
    "WEIGHTED_RESOURCE_SCORE": 0.00545863900333643,
    "INFORMATION_GAINED": 0.012803126126527786,
    "treatment": 0.029772240668535233,
    "category": 0.006362991873174906
}