{
    "age": 0.08544430136680603,
    "tagged": 0.616145670413971,
    "environment_type": 0.015140712261199951,
    "category": 0.010327525436878204,
    "One-Bounce Priority": 0.00611928291618824,
    "pDeath": 0.005278719123452902,
    "SEVERITY": 0.01315881498157978,
    "AVERAGE_TIME_USED": 0.07127892971038818,
    "MEDSIM_P_DEATH_ONE_MIN_LATER": 0.028112053871154785,
    "WEIGHTED_RESOURCE_SCORE": 0.06428571790456772,
    "SMOL_MEDICAL_SOUNDNESS": 0.010275078006088734,
    "treatment": 0.07443328946828842
}