{
    "age": 0.010728911496698856,
    "tagged": 0.04299990087747574,
    "conscious": 0.033332549035549164,
    "hrpmin": 0.004995809402316809,
    "injured_count": 0.07626817375421524,
    "environment_type": 0.013859998434782028,
    "questioning": 0.20878151059150696,
    "assessing": 0.1034928634762764,
    "treating": 0.016744209453463554,
    "tagging": 0.1060771644115448,
    "category": 0.018249355256557465,
    "HRA Strategy.time-system.exhaustive": 0.0026401574723422527,
    "One-Bounce Priority": 0.009749671444296837,
    "pDeath": 0.029430191963911057,
    "pPain": 0.031802792102098465,
    "pBrainInjury": 0.03347836807370186,
    "pAirwayBlocked": 0.00248223589733243,
    "pExternalBleeding": 0.004736034199595451,
    "SEVERITY": 0.01994326151907444,
    "AVERAGE_TIME_USED": 0.021149545907974243,
    "DAMAGE_PER_SECOND": 0.006115079391747713,
    "SEVEREST_SEVERITY": 0.07888162136077881,
    "INFORMATION_GAINED": 0.004792699124664068,
    "treatment": 0.11926787346601486
}