{
    "breathing": 0.013825773261487484,
    "intent": 0.08227124810218811,
    "directness_of_causality": 0.1587604284286499,
    "aid_available": 0.09152653813362122,
    "treating": 0.22171103954315186,
    "HRA Strategy.risk_reward_ratio-system.one-bounce": 0.001532465685158968,
    "HRA Strategy.resources-risk_reward_ratio-system.one-bounce": 0.0012671076692640781,
    "Take-The-Best Priority": 0.00115064752753824,
    "SEVERITY": 0.011535839177668095,
    "SUPPLIES_REMAINING": 0.001776497345417738,
    "AVERAGE_TIME_USED": 0.06790103018283844,
    "SUPPLIES_USED": 0.1427481472492218,
    "SEVEREST_SEVERITY_CHANGE": 0.021887218579649925,
    "SMOL_MEDICAL_SOUNDNESS": 0.12465409934520721,
    "treatment": 0.05745192617177963
}