{
    "age": 0.05297928676009178,
    "tagged": 0.12714023888111115,
    "visited": 0.0013986992416903377,
    "breathing": 0.006789051461964846,
    "environment_type": 0.07162957638502121,
    "questioning": 0.14379307627677917,
    "treating": 0.0015054811956360936,
    "tagging": 0.042295411229133606,
    "leaving": 0.12152081727981567,
    "category": 0.04045797139406204,
    "HRA Strategy.time-resources.take-the-best": 0.0073102680034935474,
    "SEVERITY": 0.02899707481265068,
    "AVERAGE_TIME_USED": 0.05655570700764656,
    "DAMAGE_PER_SECOND": 0.15099352598190308,
    "MEDSIM_P_DEATH_ONE_MIN_LATER": 0.0030084082391113043,
    "WEIGHTED_RESOURCE_SCORE": 0.025241512805223465,
    "treatment": 0.11838391423225403
}