{
    "tagged": 0.02423873171210289,
    "conscious": 0.026521792635321617,
    "breathing": 0.01752888597548008,
    "hrpmin": 0.001710102311335504,
    "intent": 0.294421911239624,
    "directness_of_causality": 0.05752818286418915,
    "aid_available": 0.0019810835365206003,
    "questioning": 0.008385284803807735,
    "treating": 0.09374799579381943,
    "HRA Strategy.time-resources.take-the-best": 0.02255053073167801,
    "HRA Strategy.time-risk_reward_ratio.one-bounce": 0.0022320260759443045,
    "HRA Strategy.resources-system.take-the-best": 0.028854645788669586,
    "HRA Strategy.risk_reward_ratio-system.one-bounce": 0.002825100440531969,
    "HRA Strategy.time-resources-system.exhaustive": 0.004242163151502609,
    "HRA Strategy.time-resources-system.one-bounce": 0.0009814470540732145,
    "Take-The-Best Priority": 0.002605170477181673,
    "Satisfactory Priority": 0.0013769034994766116,
    "pInternalBleeding": 0.0011932222405448556,
    "entropyDeath": 0.004075552802532911,
    "SEVERITY": 0.036224592477083206,
    "AVERAGE_TIME_USED": 0.028535855934023857,
    "SEVERITY_CHANGE": 0.006825958378612995,
    "SUPPLIES_USED": 0.08883059769868851,
    "WEIGHTED_RESOURCE_SCORE": 0.0016213607741519809,
    "SMOL_MEDICAL_SOUNDNESS": 0.12115895748138428,
    "treatment": 0.1176721379160881,
    "category": 0.002129781059920788
}