{
    "conscious": 0.015553801320493221,
    "breathing": 0.00014457049837801605,
    "hrpmin": 0.0030185196083039045,
    "intent": 0.19624873995780945,
    "directness_of_causality": 0.16934029757976532,
    "aid_available": 0.1215856522321701,
    "treating": 0.21160781383514404,
    "HRA Strategy.risk_reward_ratio-system.one-bounce": 0.0013431011466309428,
    "HRA Strategy.time-resources-system.one-bounce": 0.0004642923013307154,
    "HRA Strategy.resources-risk_reward_ratio-system.one-bounce": 0.0010784607147797942,
    "HRA Strategy.time-resources-risk_reward_ratio-system.one-bounce": 0.0003830982022918761,
    "pAirwayBlocked": 0.00018390020704828203,
    "pExternalBleeding": 0.0004935053293593228,
    "SEVERITY": 0.0035890191793441772,
    "SUPPLIES_REMAINING": 0.0008730200352147222,
    "AVERAGE_TIME_USED": 0.015643203631043434,
    "DAMAGE_PER_SECOND": 0.00015268675633706152,
    "SEVERITY_CHANGE": 0.0002553876838646829,
    "SUPPLIES_USED": 0.18998505175113678,
    "SEVEREST_SEVERITY": 4.524678661255166e-05,
    "WEIGHTED_RESOURCE_SCORE": 0.00016306211182381958,
    "SMOL_MEDICAL_SOUNDNESS": 0.06677956134080887,
    "treatment": 0.0010681749554350972
}