{
    "age": 0.014426304027438164,
    "tagged": 0.03095933608710766,
    "visited": 0.002383677288889885,
    "conscious": 0.0009995707077905536,
    "breathing": 0.01393006183207035,
    "unvisited_count": 0.014766854234039783,
    "environment_type": 0.011607462540268898,
    "questioning": 0.10834208875894547,
    "assessing": 0.24922606348991394,
    "tagging": 0.1677234023809433,
    "HRA Strategy.time-resources.take-the-best": 0.00389272952452302,
    "Satisfactory Priority": 0.05434802174568176,
    "One-Bounce Priority": 0.042323946952819824,
    "pDeath": 0.012216083705425262,
    "pPain": 0.021379947662353516,
    "pBrainInjury": 0.004570536781102419,
    "pInternalBleeding": 0.01283714734017849,
    "entropy": 0.006198205053806305,
    "entropyDeath": 0.0009658435010351241,
    "SEVERITY": 0.01400819793343544,
    "SUPPLIES_REMAINING": 0.0010593776823952794,
    "AVERAGE_TIME_USED": 0.004994524177163839,
    "DAMAGE_PER_SECOND": 0.001374548184685409,
    "MEDSIM_P_DEATH": 0.03224696218967438,
    "SEVEREST_SEVERITY": 0.0011464207200333476,
    "WEIGHTED_RESOURCE_SCORE": 0.015129677951335907,
    "SMOL_MEDICAL_SOUNDNESS": 0.005814072676002979,
    "INFORMATION_GAINED": 0.07156963646411896,
    "treatment": 0.06763862073421478,
    "category": 0.011920732446014881
}