{
    "age": 0.046438634395599365,
    "tagged": 0.11304586380720139,
    "visited": 0.00014202890451997519,
    "conscious": 0.025210676714777946,
    "breathing": 0.00444043567404151,
    "hrpmin": 0.0038248130585998297,
    "unvisited_count": 0.002495779423043132,
    "environment_type": 0.0098738893866539,
    "questioning": 0.17428219318389893,
    "assessing": 0.14876899123191833,
    "treating": 0.0008170452201738954,
    "category": 0.029379094019532204,
    "HRA Strategy.time-resources.take-the-best": 0.017771899700164795,
    "HRA Strategy.time-system.one-bounce": 0.011749757453799248,
    "HRA Strategy.resources-risk_reward_ratio.one-bounce": 0.004620281048119068,
    "HRA Strategy.resources-system.take-the-best": 0.002472034888342023,
    "Satisfactory Priority": 0.014940530061721802,
    "pDeath": 0.17814946174621582,
    "pPain": 0.0030328414868563414,
    "pBrainInjury": 0.00023006962146610022,
    "pAirwayBlocked": 0.0005571332876570523,
    "pExternalBleeding": 0.008195294998586178,
    "entropy": 0.005018763709813356,
    "entropyDeath": 0.0190032459795475,
    "SEVERITY": 0.017068736255168915,
    "SUPPLIES_REMAINING": 0.002927087713032961,
    "AVERAGE_TIME_USED": 0.053923022001981735,
    "DAMAGE_PER_SECOND": 0.006924755405634642,
    "SEVEREST_SEVERITY": 0.002047871006652713,
    "INFORMATION_GAINED": 0.019123656675219536,
    "treatment": 0.07352405041456223
}