{
    "questioning": 0.2470473349094391,
    "assessing": 0.3653903305530548,
    "tagging": 0.05728404223918915,
    "leaving": 0.2711825370788574,
    "treatment": 0.03275696188211441,
    "One-Bounce Priority": 0.021929573267698288,
    "INFORMATION_GAINED": 0.004409181885421276
}