{
    "tagged": 0.1753283590078354,
    "SEVERITY": 0.11682169139385223,
    "treatment": 0.7078499794006348
}