{
    "age": 0.11593417823314667,
    "DAMAGE_PER_SECOND": 0.3599414527416229,
    "MEDSIM_P_DEATH_ONE_MIN_LATER": 0.12203482538461685,
    "treatment": 0.40208956599235535
}