{
    "age": 0.028325995430350304,
    "tagged": 0.039784327149391174,
    "visited": 0.020259857177734375,
    "conscious": 0.003096416126936674,
    "breathing": 0.007649490609765053,
    "avpu": 0.004268421325832605,
    "injured_count": 0.09411996603012085,
    "environment_type": 0.02090568281710148,
    "questioning": 0.1362205296754837,
    "assessing": 0.20493200421333313,
    "tagging": 0.1965252012014389,
    "category": 0.011122277937829494,
    "HRA Strategy.time-resources.take-the-best": 0.0012995032593607903,
    "HRA Strategy.time-system.tallying": 0.005454020109027624,
    "Satisfactory Priority": 0.003091849386692047,
    "One-Bounce Priority": 0.012523870915174484,
    "pDeath": 0.005856212228536606,
    "pPain": 0.0016963769448921084,
    "pBrainInjury": 0.003864254802465439,
    "pAirwayBlocked": 0.005787070840597153,
    "pInternalBleeding": 0.020676080137491226,
    "pExternalBleeding": 0.01171572133898735,
    "entropy": 0.010984223335981369,
    "entropyDeath": 0.002768090693280101,
    "SEVERITY": 0.003083799034357071,
    "AVERAGE_TIME_USED": 0.021519262343645096,
    "MEDSIM_P_DEATH": 0.011021110229194164,
    "WEIGHTED_RESOURCE_SCORE": 0.005330478306859732,
    "INFORMATION_GAINED": 0.06546592712402344,
    "treatment": 0.0406520813703537
}