{
    "questioning": 0.340522438287735,
    "assessing": 0.40660032629966736,
    "leaving": 0.2528771758079529
}