{
    "questioning": 0.3083828091621399,
    "assessing": 0.401576966047287,
    "tagging": 0.06745772808790207,
    "leaving": 0.19205166399478912,
    "treatment": 0.030530881136655807
}