{
    "age": 0.1335276961326599,
    "tagged": 0.05738496035337448,
    "visited": 0.004045195411890745,
    "relationship": 0.08724609017372131,
    "breathing": 0.023359550163149834,
    "hrpmin": 0.003744060406461358,
    "avpu": 0.006038369610905647,
    "unvisited_count": 0.0038447037804871798,
    "injured_count": 0.027727272361516953,
    "environment_type": 0.0039712474681437016,
    "questioning": 0.10360895842313766,
    "assessing": 0.17029161751270294,
    "tagging": 0.0690784752368927,
    "leaving": 0.12011217325925827,
    "HRA Strategy.time-resources.take-the-best": 0.002648934256285429,
    "HRA Strategy.time-risk_reward_ratio.take-the-best": 0.0016705308808013797,
    "HRA Strategy.time-system.exhaustive": 0.0010794164845719934,
    "HRA Strategy.time-system.one-bounce": 0.0007754804100841284,
    "HRA Strategy.resources-system.exhaustive": 0.0012132549891248345,
    "One-Bounce Priority": 0.001581763499416411,
    "pDeath": 0.008827670477330685,
    "pPain": 0.012486526742577553,
    "pBrainInjury": 0.005026685539633036,
    "pAirwayBlocked": 0.009568541310727596,
    "pInternalBleeding": 0.005707793403416872,
    "pExternalBleeding": 0.010838472284376621,
    "entropy": 0.013519687578082085,
    "entropyDeath": 0.009896848350763321,
    "SEVERITY": 0.0028138391207903624,
    "SUPPLIES_REMAINING": 0.018299371004104614,
    "AVERAGE_TIME_USED": 0.0041816988959908485,
    "DAMAGE_PER_SECOND": 0.001173266675323248,
    "MEDSIM_P_DEATH": 0.01020863652229309,
    "MEDSIM_P_DEATH_ONE_MIN_LATER": 0.0024369198363274336,
    "SEVERITY_CHANGE": 0.0011870500165969133,
    "SEVEREST_SEVERITY": 0.0011614911491051316,
    "SEVEREST_SEVERITY_CHANGE": 0.0014327091630548239,
    "SMOL_MEDICAL_SOUNDNESS": 0.001135887810960412,
    "INFORMATION_GAINED": 0.0003723365953192115,
    "treatment": 0.04194372519850731,
    "category": 0.014831087552011013
}