age,tagged,visited,relationship,breathing,hrpmin,avpu,unvisited_count,injured_count,environment_type,questioning,assessing,tagging,leaving,HRA Strategy.time-resources.take-the-best,HRA Strategy.time-risk_reward_ratio.take-the-best,HRA Strategy.time-system.exhaustive,HRA Strategy.time-system.one-bounce,HRA Strategy.resources-system.exhaustive,One-Bounce Priority,pDeath,pPain,pBrainInjury,pAirwayBlocked,pInternalBleeding,pExternalBleeding,entropy,entropyDeath,SEVERITY,SUPPLIES_REMAINING,AVERAGE_TIME_USED,DAMAGE_PER_SECOND,MEDSIM_P_DEATH,MEDSIM_P_DEATH_ONE_MIN_LATER,SEVERITY_CHANGE,SEVEREST_SEVERITY,SEVEREST_SEVERITY_CHANGE,SMOL_MEDICAL_SOUNDNESS,INFORMATION_GAINED,treatment,category
0.1335276961326599,0.05738496035337448,0.004045195411890745,0.08724609017372131,0.023359550163149834,0.003744060406461358,0.006038369610905647,0.0038447037804871798,0.027727272361516953,0.0039712474681437016,0.10360895842313766,0.17029161751270294,0.0690784752368927,0.12011217325925827,0.002648934256285429,0.0016705308808013797,0.0010794164845719934,0.0007754804100841284,0.0012132549891248345,0.001581763499416411,0.008827670477330685,0.012486526742577553,0.005026685539633036,0.009568541310727596,0.005707793403416872,0.010838472284376621,0.013519687578082085,0.009896848350763321,0.0028138391207903624,0.018299371004104614,0.0041816988959908485,0.001173266675323248,0.01020863652229309,0.0024369198363274336,0.0011870500165969133,0.0011614911491051316,0.0014327091630548239,0.001135887810960412,0.0003723365953192115,0.04194372519850731,0.014831087552011013
