{
    "tagged": 1.4641875168308616e-05,
    "conscious": 0.0018036633264273405,
    "mental_status": 7.82358692958951e-05,
    "avpu": 3.9497816032962874e-05,
    "intent": 0.0589141845703125,
    "directness_of_causality": 0.20626205205917358,
    "aid_available": 0.18795642256736755,
    "treating": 0.26815149188041687,
    "HRA Strategy.time-risk_reward_ratio.one-bounce": 0.0005815314361825585,
    "HRA Strategy.resources-system.take-the-best": 0.001086530857719481,
    "HRA Strategy.risk_reward_ratio-system.one-bounce": 0.001611323212273419,
    "HRA Strategy.time-resources-system.one-bounce": 0.0001534095499664545,
    "HRA Strategy.time-resources-risk_reward_ratio-system.one-bounce": 0.0003085697826463729,
    "Take-The-Best Priority": 0.00073325663106516,
    "Satisfactory Priority": 0.0006809672340750694,
    "pDeath": 0.00010604043200146407,
    "pBrainInjury": 0.00040030013769865036,
    "pAirwayBlocked": 0.00018104423361364752,
    "pInternalBleeding": 0.0001686270406935364,
    "entropyDeath": 0.000488339806906879,
    "SEVERITY": 0.0004592921177390963,
    "SUPPLIES_REMAINING": 0.0009370188927277923,
    "AVERAGE_TIME_USED": 0.0002370031434111297,
    "DAMAGE_PER_SECOND": 0.0001595121866557747,
    "SEVERITY_CHANGE": 0.00010703018779167905,
    "SUPPLIES_USED": 0.266092985868454,
    "SEVEREST_SEVERITY": 3.2202060538111255e-05,
    "SEVEREST_SEVERITY_CHANGE": 0.0007783257169649005,
    "WEIGHTED_RESOURCE_SCORE": 0.0008658159640617669,
    "treatment": 0.0006106477812863886
}