{
    "age": 0.026512324810028076,
    "tagged": 0.3786219358444214,
    "conscious": 0.0012715300545096397,
    "breathing": 0.012096315622329712,
    "avpu": 0.003657178021967411,
    "unvisited_count": 0.04403034225106239,
    "environment_type": 0.02385534904897213,
    "category": 0.01609264500439167,
    "HRA Strategy.time-resources.take-the-best": 0.018760500475764275,
    "Satisfactory Priority": 0.0006046188645996153,
    "One-Bounce Priority": 0.0190411489456892,
    "pPain": 0.0069703515619039536,
    "pInternalBleeding": 0.08814835548400879,
    "entropy": 0.014100314117968082,
    "SEVERITY": 0.011844020336866379,
    "SUPPLIES_REMAINING": 0.0032698267605155706,
    "AVERAGE_TIME_USED": 0.16158315539360046,
    "DAMAGE_PER_SECOND": 0.036646537482738495,
    "MEDSIM_P_DEATH": 0.0025159858632832766,
    "MEDSIM_P_DEATH_ONE_MIN_LATER": 0.009101026691496372,
    "WEIGHTED_RESOURCE_SCORE": 0.05025538429617882,
    "SMOL_MEDICAL_SOUNDNESS": 0.016414394602179527,
    "treatment": 0.054606787860393524
}