{
    "age": 0.01261267438530922,
    "tagged": 0.019409095868468285,
    "hrpmin": 0.01488665770739317,
    "injured_count": 0.020426545292139053,
    "questioning": 0.2840261161327362,
    "assessing": 0.33604082465171814,
    "tagging": 0.17562082409858704,
    "One-Bounce Priority": 0.03420785069465637,
    "entropyDeath": 0.007986105047166348,
    "INFORMATION_GAINED": 0.05430561676621437,
    "treatment": 0.028732679784297943,
    "category": 0.011744989082217216
}