{
    "age": 0.025942204520106316,
    "tagged": 0.03805749490857124,
    "visited": 0.011282640509307384,
    "conscious": 0.006255471613258123,
    "breathing": 0.020865201950073242,
    "hrpmin": 0.015501482412219048,
    "avpu": 0.005525594111531973,
    "unvisited_count": 0.007176365237683058,
    "injured_count": 0.0094485217705369,
    "environment_type": 0.008580087684094906,
    "questioning": 0.2197120040655136,
    "assessing": 0.1506323665380478,
    "tagging": 0.14416244626045227,
    "HRA Strategy.time-resources.take-the-best": 0.006103147752583027,
    "HRA Strategy.time-resources.one-bounce": 0.0005189955118112266,
    "HRA Strategy.time-risk_reward_ratio.take-the-best": 0.01045217365026474,
    "HRA Strategy.time-risk_reward_ratio.one-bounce": 0.00030945675098337233,
    "HRA Strategy.time-system.tallying": 0.002527309115976095,
    "HRA Strategy.resources-risk_reward_ratio.take-the-best": 0.0008560324786230922,
    "HRA Strategy.resources-risk_reward_ratio.one-bounce": 0.0013927390100434422,
    "HRA Strategy.resources-system.take-the-best": 0.002996220951899886,
    "Satisfactory Priority": 0.0013271750649437308,
    "One-Bounce Priority": 0.04548761248588562,
    "pDeath": 0.00690709101036191,
    "pPain": 0.014803344383835793,
    "pBrainInjury": 0.0028340229764580727,
    "pAirwayBlocked": 0.00703322933986783,
    "pInternalBleeding": 0.01738705299794674,
    "pExternalBleeding": 0.008754617534577847,
    "entropy": 0.008846246637403965,
    "entropyDeath": 0.010519628413021564,
    "SEVERITY": 0.004658921156078577,
    "SUPPLIES_REMAINING": 0.0007637831731699407,
    "AVERAGE_TIME_USED": 0.02359660156071186,
    "DAMAGE_PER_SECOND": 0.0035594431683421135,
    "MEDSIM_P_DEATH": 0.0067878044210374355,
    "MEDSIM_P_DEATH_ONE_MIN_LATER": 0.018570564687252045,
    "SEVERITY_CHANGE": 0.00018290038860868663,
    "SEVEREST_SEVERITY": 0.0007848928216844797,
    "SEVEREST_SEVERITY_CHANGE": 0.00234589958563447,
    "WEIGHTED_RESOURCE_SCORE": 0.019464530050754547,
    "SMOL_MEDICAL_SOUNDNESS": 0.002163879806175828,
    "INFORMATION_GAINED": 0.062121547758579254,
    "treatment": 0.03172352910041809,
    "category": 0.011077840812504292
}