{
    "intent": 0.5209833979606628,
    "treating": 0.47901660203933716
}