{
    "directness_of_causality": 0.11985810101032257,
    "aid_available": 0.052462927997112274,
    "treating": 0.3509640693664551,
    "SEVERITY": 0.09395952522754669,
    "SUPPLIES_USED": 0.1467866599559784,
    "SMOL_MEDICAL_SOUNDNESS": 0.235968679189682
}