{
    "mental_status": 0.010223854333162308,
    "avpu": 0.0019526267424225807,
    "intent": 0.03477777540683746,
    "directness_of_causality": 0.18907883763313293,
    "aid_available": 0.144681915640831,
    "treating": 0.22934502363204956,
    "HRA Strategy.time-resources.take-the-best": 0.008292587473988533,
    "HRA Strategy.time-resources.one-bounce": 0.00044095577322877944,
    "HRA Strategy.time-risk_reward_ratio.take-the-best": 0.0008086154703050852,
    "HRA Strategy.risk_reward_ratio-system.one-bounce": 0.0012641649227589369,
    "HRA Strategy.time-resources-system.tallying": 0.0015254049794748425,
    "HRA Strategy.time-resources-system.one-bounce": 0.000405223312554881,
    "HRA Strategy.resources-risk_reward_ratio-system.one-bounce": 0.0011557902907952666,
    "Take-The-Best Priority": 0.0019225532887503505,
    "Satisfactory Priority": 0.002369687194004655,
    "pBrainInjury": 0.0009568631649017334,
    "SEVERITY": 0.007083302363753319,
    "SUPPLIES_REMAINING": 0.001852115266956389,
    "AVERAGE_TIME_USED": 0.007970581762492657,
    "SUPPLIES_USED": 0.213400736451149,
    "SMOL_MEDICAL_SOUNDNESS": 0.1258310228586197,
    "treatment": 0.014660359360277653
}