{
    "intent": 0.023914529010653496,
    "directness_of_causality": 0.2233695536851883,
    "aid_available": 0.18300043046474457,
    "treating": 0.2856844961643219,
    "HRA Strategy.resources-system.take-the-best": 0.0009343312121927738,
    "HRA Strategy.risk_reward_ratio-system.one-bounce": 0.0012131592957302928,
    "HRA Strategy.time-resources-risk_reward_ratio-system.one-bounce": 0.00039641823968850076,
    "Take-The-Best Priority": 5.5617747420910746e-05,
    "Satisfactory Priority": 0.0006462562596425414,
    "pBrainInjury": 0.00024164801288861781,
    "pInternalBleeding": 0.0004589338495861739,
    "entropyDeath": 0.000404808932216838,
    "SUPPLIES_REMAINING": 0.001135152648203075,
    "AVERAGE_TIME_USED": 0.006952742580324411,
    "SUPPLIES_USED": 0.27118557691574097,
    "treatment": 0.00040634142351336777
}