{
    "age": 0.004311591852456331,
    "tagged": 0.025672415271401405,
    "visited": 0.002855107421055436,
    "conscious": 0.0006965166539885104,
    "breathing": 0.006413967348635197,
    "hrpmin": 0.00290828850120306,
    "avpu": 0.0007274888921529055,
    "unvisited_count": 0.010471729561686516,
    "injured_count": 0.01109967939555645,
    "environment_type": 0.0011590734357014298,
    "questioning": 0.1071719154715538,
    "assessing": 0.131267711520195,
    "tagging": 0.15028774738311768,
    "leaving": 0.4315357208251953,
    "HRA Strategy.time-resources.take-the-best": 0.003107798984274268,
    "HRA Strategy.time-system.exhaustive": 0.002213966567069292,
    "HRA Strategy.resources-system.take-the-best": 0.0006006963667459786,
    "HRA Strategy.resources-system.exhaustive": 0.001444854075089097,
    "Satisfactory Priority": 0.0029571151826530695,
    "One-Bounce Priority": 0.014053139835596085,
    "pDeath": 0.003199446713551879,
    "pPain": 0.0047146412543952465,
    "pBrainInjury": 0.0019477539462968707,
    "pAirwayBlocked": 0.00342881609685719,
    "pInternalBleeding": 0.004086644388735294,
    "pExternalBleeding": 0.007927507162094116,
    "entropy": 0.0036716179456561804,
    "entropyDeath": 0.004261931404471397,
    "SEVERITY": 0.0034942212514579296,
    "SUPPLIES_REMAINING": 0.0003491109819151461,
    "AVERAGE_TIME_USED": 0.0054678586311638355,
    "MEDSIM_P_DEATH": 0.005248315632343292,
    "MEDSIM_P_DEATH_ONE_MIN_LATER": 0.000554368132725358,
    "SEVEREST_SEVERITY": 0.0005081465933471918,
    "WEIGHTED_RESOURCE_SCORE": 0.004946671426296234,
    "SMOL_MEDICAL_SOUNDNESS": 0.0010253373766317964,
    "INFORMATION_GAINED": 0.0046437690034508705,
    "treatment": 0.02373066358268261,
    "category": 0.005836691241711378
}