{
    "tagged": 6.380134436767548e-05,
    "visited": 9.000462887343019e-05,
    "conscious": 0.001800703234039247,
    "mental_status": 0.02461344376206398,
    "breathing": 0.1966238170862198,
    "intent": 0.04874446615576744,
    "directness_of_causality": 0.15614305436611176,
    "unvisited_count": 1.7343712897854857e-05,
    "aid_available": 0.007930761203169823,
    "treating": 0.2283753752708435,
    "HRA Strategy.time-resources.take-the-best": 0.006078213918954134,
    "HRA Strategy.time-resources.one-bounce": 0.022108202800154686,
    "HRA Strategy.time-risk_reward_ratio.one-bounce": 0.0009991198312491179,
    "HRA Strategy.resources-risk_reward_ratio.one-bounce": 0.15856190025806427,
    "HRA Strategy.resources-system.take-the-best": 0.05317221209406853,
    "HRA Strategy.risk_reward_ratio-system.one-bounce": 0.0021520459558814764,
    "HRA Strategy.resources-risk_reward_ratio-system.one-bounce": 0.001550384797155857,
    "Take-The-Best Priority": 0.00024257870973087847,
    "pDeath": 0.00012983629130758345,
    "pPain": 9.935709385899827e-05,
    "pInternalBleeding": 0.00019289522606413811,
    "entropy": 0.001086501986719668,
    "entropyDeath": 0.00710344547405839,
    "SEVERITY": 0.0005846271524205804,
    "AVERAGE_TIME_USED": 0.036545366048812866,
    "DAMAGE_PER_SECOND": 3.114151695626788e-05,
    "SEVERITY_CHANGE": 0.00010041430505225435,
    "SUPPLIES_USED": 0.04136793315410614,
    "SEVEREST_SEVERITY": 0.0002466024598106742,
    "WEIGHTED_RESOURCE_SCORE": 0.0013289331691339612,
    "treatment": 0.0019154705805703998
}