{
    "age": 0.011912889778614044,
    "tagged": 0.022733090445399284,
    "conscious": 0.011743190698325634,
    "breathing": 0.005574397277086973,
    "avpu": 0.004340848885476589,
    "unvisited_count": 0.022876523435115814,
    "environment_type": 0.008762005716562271,
    "questioning": 0.1075926423072815,
    "assessing": 0.09096894413232803,
    "tagging": 0.109294094145298,
    "leaving": 0.3596561551094055,
    "category": 0.012533729895949364,
    "Satisfactory Priority": 0.002532465383410454,
    "One-Bounce Priority": 0.046547215431928635,
    "pDeath": 0.02212248556315899,
    "pBrainInjury": 0.003899043658748269,
    "pAirwayBlocked": 0.0046016559936106205,
    "pInternalBleeding": 0.016748152673244476,
    "pExternalBleeding": 0.017201613634824753,
    "entropy": 0.003132442943751812,
    "SEVERITY": 0.0038120215758681297,
    "SUPPLIES_REMAINING": 0.007061390206217766,
    "AVERAGE_TIME_USED": 0.007380359806120396,
    "DAMAGE_PER_SECOND": 0.01003916747868061,
    "MEDSIM_P_DEATH": 0.005108103156089783,
    "MEDSIM_P_DEATH_ONE_MIN_LATER": 0.009741607122123241,
    "SEVEREST_SEVERITY_CHANGE": 0.021758513525128365,
    "INFORMATION_GAINED": 0.019488181918859482,
    "treatment": 0.03083711862564087
}