{
    "age": 0.011266878806054592,
    "tagged": 0.025882599875330925,
    "visited": 0.0027649940457195044,
    "conscious": 0.004039878956973553,
    "breathing": 0.006208457518368959,
    "avpu": 0.006344587542116642,
    "injured_count": 0.007479858584702015,
    "environment_type": 0.012890702113509178,
    "questioning": 0.19751594960689545,
    "assessing": 0.11739546805620193,
    "tagging": 0.1867418885231018,
    "leaving": 0.2723293602466583,
    "category": 0.004295665770769119,
    "HRA Strategy.time-resources.take-the-best": 0.0009270304581150413,
    "HRA Strategy.time-resources.one-bounce": 0.005532665643841028,
    "HRA Strategy.resources-system.take-the-best": 0.0012306341668590903,
    "Satisfactory Priority": 0.008061300031840801,
    "One-Bounce Priority": 0.004355866927653551,
    "pDeath": 0.010833555832505226,
    "pPain": 0.004991832654923201,
    "pBrainInjury": 0.013965936377644539,
    "pInternalBleeding": 0.008782882243394852,
    "pExternalBleeding": 0.002900561084970832,
    "entropy": 0.0041072312742471695,
    "entropyDeath": 0.003487204434350133,
    "SEVERITY": 0.005546669941395521,
    "SUPPLIES_REMAINING": 0.005073336884379387,
    "AVERAGE_TIME_USED": 0.008315451443195343,
    "DAMAGE_PER_SECOND": 0.004116900265216827,
    "MEDSIM_P_DEATH": 0.002444884506985545,
    "MEDSIM_P_DEATH_ONE_MIN_LATER": 0.007083980832248926,
    "SEVEREST_SEVERITY_CHANGE": 0.0013515939936041832,
    "WEIGHTED_RESOURCE_SCORE": 0.0007094297325238585,
    "SMOL_MEDICAL_SOUNDNESS": 0.004253849387168884,
    "INFORMATION_GAINED": 0.006418631877750158,
    "treatment": 0.03035234846174717
}