{
    "tagged": 0.010122025385499,
    "breathing": 0.022675074636936188,
    "intent": 0.11551221460103989,
    "directness_of_causality": 0.08371681720018387,
    "aid_available": 0.020567728206515312,
    "treating": 0.18289512395858765,
    "HRA Strategy.time-resources.take-the-best": 0.004909352399408817,
    "HRA Strategy.time-risk_reward_ratio.one-bounce": 0.011900676414370537,
    "HRA Strategy.resources-system.take-the-best": 0.028028061613440514,
    "pInternalBleeding": 0.03743531182408333,
    "SEVERITY": 0.07732351869344711,
    "AVERAGE_TIME_USED": 0.032773636281490326,
    "SUPPLIES_USED": 0.1507861316204071,
    "SMOL_MEDICAL_SOUNDNESS": 0.22135432064533234
}