{
    "tagged": 0.01577836275100708,
    "hrpmin": 0.017000725492835045,
    "injured_count": 0.027368148788809776,
    "questioning": 0.31477025151252747,
    "assessing": 0.32675495743751526,
    "tagging": 0.18202415108680725,
    "One-Bounce Priority": 0.023876111954450607,
    "INFORMATION_GAINED": 0.0608040988445282,
    "treatment": 0.017411936074495316,
    "category": 0.0142112597823143
}