{
    "age": 0.015249241143465042,
    "tagged": 0.05313481017947197,
    "visited": 0.004532982129603624,
    "conscious": 0.0013132821768522263,
    "breathing": 0.0066412813030183315,
    "hrpmin": 0.01436897274106741,
    "avpu": 0.002089462475851178,
    "unvisited_count": 0.0012816271046176553,
    "injured_count": 0.019932173192501068,
    "environment_type": 0.002895731246098876,
    "questioning": 0.10891475528478622,
    "assessing": 0.18106865882873535,
    "treating": 0.015405688434839249,
    "tagging": 0.20742471516132355,
    "leaving": 0.07585524767637253,
    "HRA Strategy.time-resources.take-the-best": 0.0036295917816460133,
    "HRA Strategy.time-resources.one-bounce": 0.0002825244446285069,
    "HRA Strategy.time-system.exhaustive": 0.006375847849994898,
    "HRA Strategy.resources-system.take-the-best": 0.0007298091077245772,
    "HRA Strategy.resources-system.exhaustive": 0.0006458861753344536,
    "Satisfactory Priority": 0.00803797971457243,
    "One-Bounce Priority": 0.032530225813388824,
    "pDeath": 0.0027528847567737103,
    "pPain": 0.009397460147738457,
    "pBrainInjury": 0.0004048293922096491,
    "pAirwayBlocked": 0.010066844522953033,
    "pInternalBleeding": 0.004969678353518248,
    "pExternalBleeding": 0.012401251122355461,
    "entropy": 0.013000451028347015,
    "entropyDeath": 0.016065483912825584,
    "SEVERITY": 0.0035197364632040262,
    "SUPPLIES_REMAINING": 0.001062149298377335,
    "AVERAGE_TIME_USED": 0.0045903529971838,
    "DAMAGE_PER_SECOND": 0.0005240383325144649,
    "MEDSIM_P_DEATH": 0.03521004319190979,
    "MEDSIM_P_DEATH_ONE_MIN_LATER": 0.003382975235581398,
    "SEVEREST_SEVERITY": 0.0003782454878091812,
    "SEVEREST_SEVERITY_CHANGE": 0.0008251643157564104,
    "WEIGHTED_RESOURCE_SCORE": 0.0013684305595234036,
    "SMOL_MEDICAL_SOUNDNESS": 0.004987422376871109,
    "INFORMATION_GAINED": 0.06035979837179184,
    "treatment": 0.0400225967168808,
    "category": 0.012369604781270027
}