{
    "age": 0.006085341330617666,
    "tagged": 0.024279514327645302,
    "visited": 0.003233249532058835,
    "breathing": 0.005500094033777714,
    "hrpmin": 0.004883235786110163,
    "unvisited_count": 0.016850385814905167,
    "injured_count": 0.01584629714488983,
    "questioning": 0.1981249898672104,
    "assessing": 0.1793128103017807,
    "tagging": 0.16476352512836456,
    "leaving": 0.1968494951725006,
    "HRA Strategy.time-resources.take-the-best": 0.002292764838784933,
    "Satisfactory Priority": 0.0057094767689704895,
    "One-Bounce Priority": 0.024514885619282722,
    "pDeath": 0.0019710599444806576,
    "pPain": 0.005297903902828693,
    "pBrainInjury": 0.004876517225056887,
    "pAirwayBlocked": 0.00943503063172102,
    "pInternalBleeding": 0.007380769122391939,
    "pExternalBleeding": 0.010974535718560219,
    "entropy": 0.010211246088147163,
    "entropyDeath": 0.0043221646919846535,
    "SEVERITY": 0.002855099970474839,
    "AVERAGE_TIME_USED": 0.003642307361587882,
    "MEDSIM_P_DEATH": 0.006303544621914625,
    "SEVEREST_SEVERITY": 0.003035703208297491,
    "SMOL_MEDICAL_SOUNDNESS": 0.0020645991899073124,
    "INFORMATION_GAINED": 0.0389115996658802,
    "treatment": 0.03238988295197487,
    "category": 0.00808186735957861
}