{
    "age": 0.011475302278995514,
    "tagged": 0.03880990296602249,
    "questioning": 0.19356612861156464,
    "assessing": 0.251618891954422,
    "tagging": 0.1827472597360611,
    "leaving": 0.11395587027072906,
    "One-Bounce Priority": 0.062341924756765366,
    "pPain": 0.01158143300563097,
    "pAirwayBlocked": 0.010412147268652916,
    "AVERAGE_TIME_USED": 0.011422795243561268,
    "INFORMATION_GAINED": 0.03725597262382507,
    "treatment": 0.05961799621582031,
    "category": 0.01519431546330452
}