{
    "age": 0.00816669687628746,
    "tagged": 0.01723385788500309,
    "visited": 0.004503003321588039,
    "conscious": 0.0028431324753910303,
    "breathing": 0.0060171750374138355,
    "hrpmin": 0.0039522661827504635,
    "unvisited_count": 0.013180908747017384,
    "injured_count": 0.005238089244812727,
    "environment_type": 0.0029485072009265423,
    "questioning": 0.14693288505077362,
    "assessing": 0.11114393919706345,
    "tagging": 0.10532361268997192,
    "leaving": 0.4791502356529236,
    "treatment": 0.01563647948205471,
    "HRA Strategy.time-resources.take-the-best": 0.0014437600038945675,
    "HRA Strategy.time-system.exhaustive": 0.0029757311567664146,
    "Satisfactory Priority": 0.003138186177238822,
    "One-Bounce Priority": 0.020068837329745293,
    "pPain": 0.004282759502530098,
    "pBrainInjury": 0.005489857867360115,
    "pAirwayBlocked": 0.0014445704873651266,
    "pInternalBleeding": 0.00446333410218358,
    "pExternalBleeding": 0.0033874742221087217,
    "entropy": 0.009165292605757713,
    "AVERAGE_TIME_USED": 0.006654895842075348,
    "MEDSIM_P_DEATH": 0.0016954343300312757,
    "INFORMATION_GAINED": 0.008221895433962345,
    "category": 0.0052971625700592995
}