{
    "tagged": 0.00013980049698147923,
    "conscious": 0.09396267682313919,
    "mental_status": 0.015463549643754959,
    "breathing": 0.0001143864865298383,
    "intent": 0.08134280890226364,
    "directness_of_causality": 0.14081405103206635,
    "aid_available": 0.15238280594348907,
    "treating": 0.22843556106090546,
    "HRA Strategy.risk_reward_ratio-system.one-bounce": 0.0017356431344524026,
    "HRA Strategy.time-resources-system.one-bounce": 0.00024897174444049597,
    "HRA Strategy.resources-risk_reward_ratio-system.one-bounce": 0.0012540397001430392,
    "HRA Strategy.time-resources-risk_reward_ratio-system.one-bounce": 0.001125700306147337,
    "Take-The-Best Priority": 0.011020324192941189,
    "Satisfactory Priority": 0.0019183499971404672,
    "One-Bounce Priority": 0.0006940211169421673,
    "pDeath": 0.0025033955462276936,
    "pPain": 0.0015275732148438692,
    "pBrainInjury": 0.001882020616903901,
    "pInternalBleeding": 0.000615299679338932,
    "SEVERITY": 0.024252748116850853,
    "SUPPLIES_REMAINING": 0.0010735210962593555,
    "AVERAGE_TIME_USED": 0.007076059002429247,
    "DAMAGE_PER_SECOND": 0.0015952651156112552,
    "MEDSIM_P_DEATH": 0.013511236757040024,
    "SEVERITY_CHANGE": 0.00016408925876021385,
    "SUPPLIES_USED": 0.21260906755924225,
    "WEIGHTED_RESOURCE_SCORE": 0.0010694678639993072,
    "treatment": 0.0014675670536234975
}