{
    "age": 0.01130070723593235,
    "tagged": 0.024033624678850174,
    "conscious": 0.00893750786781311,
    "breathing": 0.008912677876651287,
    "hrpmin": 0.005938194692134857,
    "unvisited_count": 0.008734486065804958,
    "injured_count": 0.012099096551537514,
    "environment_type": 0.005184994079172611,
    "questioning": 0.11383529007434845,
    "assessing": 0.1665978729724884,
    "tagging": 0.18476805090904236,
    "leaving": 0.2601431906223297,
    "category": 0.008122003637254238,
    "HRA Strategy.time-resources.take-the-best": 0.0029157816898077726,
    "One-Bounce Priority": 0.010491942055523396,
    "pDeath": 0.01107517909258604,
    "pPain": 0.00448241550475359,
    "pBrainInjury": 0.007360932417213917,
    "pInternalBleeding": 0.020418375730514526,
    "pExternalBleeding": 0.0038107719738036394,
    "entropy": 0.005481053609400988,
    "entropyDeath": 0.0202491357922554,
    "SEVERITY": 0.0030954170506447554,
    "MEDSIM_P_DEATH": 0.012192708440124989,
    "MEDSIM_P_DEATH_ONE_MIN_LATER": 0.00417223060503602,
    "WEIGHTED_RESOURCE_SCORE": 0.006471793632954359,
    "SMOL_MEDICAL_SOUNDNESS": 0.002430923515930772,
    "INFORMATION_GAINED": 0.034344255924224854,
    "treatment": 0.032399412244558334
}