{
    "tagged": 0.025083335116505623,
    "breathing": 0.021218303591012955,
    "hrpmin": 0.006641884800046682,
    "environment_type": 0.006827914156019688,
    "questioning": 0.3517408072948456,
    "assessing": 0.3572782576084137,
    "tagging": 0.168704554438591,
    "AVERAGE_TIME_USED": 0.017115244641900063,
    "treatment": 0.04538978263735771
}