{
    "tagged": 9.113718988373876e-05,
    "breathing": 0.019861627370119095,
    "intent": 0.22811764478683472,
    "directness_of_causality": 0.06280931085348129,
    "aid_available": 0.08072313666343689,
    "treating": 0.207499697804451,
    "pInternalBleeding": 0.010315977036952972,
    "MEDSIM_P_DEATH_ONE_MIN_LATER": 0.1529655009508133,
    "SUPPLIES_USED": 0.0766909122467041,
    "SEVEREST_SEVERITY_CHANGE": 0.026899289339780807,
    "SMOL_MEDICAL_SOUNDNESS": 0.13402576744556427
}