{
    "tagged": 0.3302697241306305,
    "treatment": 0.6697302460670471
}