{
    "intent": 0.09104214608669281,
    "directness_of_causality": 0.16433991491794586,
    "HRA Strategy.risk_reward_ratio-system.one-bounce": 0.013394887559115887,
    "SUPPLIES_REMAINING": 0.015061939135193825,
    "AVERAGE_TIME_USED": 0.25999653339385986,
    "SMOL_MEDICAL_SOUNDNESS": 0.45616453886032104
}