{
    "age": 0.006666964385658503,
    "tagged": 0.028148910030722618,
    "visited": 0.0017682574689388275,
    "conscious": 0.0005539077101275325,
    "breathing": 0.00851743295788765,
    "hrpmin": 0.004021613392978907,
    "avpu": 0.0032110402826219797,
    "unvisited_count": 0.013075677677989006,
    "injured_count": 0.016151269897818565,
    "environment_type": 0.0014117337996140122,
    "questioning": 0.1478613018989563,
    "assessing": 0.17664776742458344,
    "treating": 9.410819984623231e-06,
    "tagging": 0.2329343855381012,
    "leaving": 0.1776166707277298,
    "HRA Strategy.time-resources.take-the-best": 0.003422110341489315,
    "HRA Strategy.time-resources.one-bounce": 0.00023976840020623058,
    "HRA Strategy.time-system.exhaustive": 0.00067718984792009,
    "HRA Strategy.time-system.tallying": 0.00023433539899997413,
    "HRA Strategy.time-system.one-bounce": 0.0021960732992738485,
    "HRA Strategy.resources-risk_reward_ratio.take-the-best": 0.00021601311163976789,
    "HRA Strategy.resources-system.take-the-best": 0.0008982834406197071,
    "HRA Strategy.resources-system.exhaustive": 0.00026931424508802593,
    "Take-The-Best Priority": 7.077878399286419e-05,
    "Satisfactory Priority": 0.0035398120526224375,
    "One-Bounce Priority": 0.020254014059901237,
    "pDeath": 0.004918379709124565,
    "pPain": 0.005295562092214823,
    "pBrainInjury": 0.002095266943797469,
    "pAirwayBlocked": 0.004364732187241316,
    "pInternalBleeding": 0.00653859693557024,
    "pExternalBleeding": 0.008322061039507389,
    "entropy": 0.010224706493318081,
    "entropyDeath": 0.008609986864030361,
    "SEVERITY": 0.0024803492706269026,
    "SUPPLIES_REMAINING": 0.0007225668523460627,
    "AVERAGE_TIME_USED": 0.0035745641216635704,
    "DAMAGE_PER_SECOND": 0.0011954903602600098,
    "MEDSIM_P_DEATH": 0.013048999942839146,
    "MEDSIM_P_DEATH_ONE_MIN_LATER": 0.004919331055134535,
    "SEVERITY_CHANGE": 0.0008383546955883503,
    "SEVEREST_SEVERITY": 0.000500601134262979,
    "SEVEREST_SEVERITY_CHANGE": 0.00015525775961577892,
    "WEIGHTED_RESOURCE_SCORE": 0.0033364780247211456,
    "SMOL_MEDICAL_SOUNDNESS": 0.0013879947364330292,
    "INFORMATION_GAINED": 0.018000800162553787,
    "treatment": 0.03981269150972366,
    "category": 0.00904321763664484
}