{
    "age": 0.058118224143981934,
    "tagged": 0.02007882483303547,
    "visited": 0.005711499601602554,
    "breathing": 0.0229570921510458,
    "assessing": 0.22682759165763855,
    "tagging": 0.23429419100284576,
    "HRA Strategy.time-resources.take-the-best": 0.027542350813746452,
    "HRA Strategy.time-resources.one-bounce": 0.00670743640512228,
    "HRA Strategy.time-system.exhaustive": 1.3349768778425641e-05,
    "HRA Strategy.time-system.tallying": 0.02100214920938015,
    "HRA Strategy.resources-risk_reward_ratio.take-the-best": 0.016600176692008972,
    "Satisfactory Priority": 0.08793804794549942,
    "pAirwayBlocked": 0.0358024425804615,
    "SEVERITY": 0.007815808057785034,
    "SUPPLIES_REMAINING": 0.006231516133993864,
    "AVERAGE_TIME_USED": 0.0041881948709487915,
    "DAMAGE_PER_SECOND": 0.00017790263518691063,
    "MEDSIM_P_DEATH_ONE_MIN_LATER": 0.002771311439573765,
    "SEVERITY_CHANGE": 0.028072219341993332,
    "SEVEREST_SEVERITY": 0.03041805885732174,
    "WEIGHTED_RESOURCE_SCORE": 0.07931812107563019,
    "treatment": 0.07741350680589676
}