{
    "age": 0.007674704305827618,
    "tagged": 0.026895765215158463,
    "breathing": 0.009716598317027092,
    "unvisited_count": 0.016755832359194756,
    "injured_count": 0.018991239368915558,
    "questioning": 0.2199871838092804,
    "assessing": 0.22330984473228455,
    "tagging": 0.15116555988788605,
    "leaving": 0.17362266778945923,
    "One-Bounce Priority": 0.032003384083509445,
    "pPain": 0.005437181796878576,
    "pInternalBleeding": 0.004903803113847971,
    "pExternalBleeding": 0.0075851380825042725,
    "entropy": 0.011075153015553951,
    "entropyDeath": 0.01295994408428669,
    "MEDSIM_P_DEATH": 0.007248762063682079,
    "INFORMATION_GAINED": 0.02645505964756012,
    "treatment": 0.03261210396885872,
    "category": 0.011600020341575146
}