{
    "tagged": 0.00032985329744406044,
    "mental_status": 0.0008498343522660434,
    "intent": 0.3151998817920685,
    "directness_of_causality": 0.05362478271126747,
    "injured_count": 0.13627710938453674,
    "treating": 0.15687620639801025,
    "HRA Strategy.time-resources.take-the-best": 0.011944562196731567,
    "HRA Strategy.time-system.tallying": 0.0009972334373742342,
    "HRA Strategy.resources-system.take-the-best": 0.01457365695387125,
    "HRA Strategy.risk_reward_ratio-system.one-bounce": 0.0014617121778428555,
    "HRA Strategy.time-resources-system.exhaustive": 0.002005951711907983,
    "HRA Strategy.time-resources-system.tallying": 0.0012075681006535888,
    "SEVERITY": 0.002289616037160158,
    "AVERAGE_TIME_USED": 0.008795294910669327,
    "DAMAGE_PER_SECOND": 0.0013745687901973724,
    "SUPPLIES_USED": 0.2909866273403168,
    "SEVEREST_SEVERITY": 0.0002763433731161058,
    "WEIGHTED_RESOURCE_SCORE": 0.000664999708533287,
    "treatment": 0.0002642116160131991
}