{
    "tagged": 0.05235522985458374,
    "conscious": 0.10621944814920425,
    "mental_status": 0.009700845927000046,
    "breathing": 0.038729842752218246,
    "hrpmin": 0.0003408811753615737,
    "intent": 0.1890360713005066,
    "directness_of_causality": 0.11263827234506607,
    "aid_available": 0.00076082325540483,
    "treating": 0.1653735637664795,
    "HRA Strategy.time-resources.take-the-best": 0.0069046057760715485,
    "HRA Strategy.time-risk_reward_ratio.one-bounce": 0.0007570920279249549,
    "HRA Strategy.risk_reward_ratio-system.one-bounce": 0.011234396137297153,
    "HRA Strategy.time-resources-system.tallying": 0.0021138745360076427,
    "HRA Strategy.resources-risk_reward_ratio-system.one-bounce": 0.01620527170598507,
    "pPain": 0.0008194161346182227,
    "pBrainInjury": 0.005262535996735096,
    "pAirwayBlocked": 0.009798713028430939,
    "pInternalBleeding": 0.009516107849776745,
    "SEVERITY": 0.06265909224748611,
    "AVERAGE_TIME_USED": 0.07559932768344879,
    "SUPPLIES_USED": 0.07488895952701569,
    "SEVEREST_SEVERITY": 0.044104959815740585,
    "category": 0.002461601048707962,
    "treatment": 0.0025190769229084253
}