{
    "questioning": 0.36247143149375916,
    "assessing": 0.40235111117362976,
    "leaving": 0.2351774275302887
}