{
    "age": 0.01003304123878479,
    "tagged": 0.03487624600529671,
    "conscious": 0.0062313261441886425,
    "breathing": 0.007961981929838657,
    "hrpmin": 0.014094199053943157,
    "unvisited_count": 0.011679363436996937,
    "injured_count": 0.019897188991308212,
    "environment_type": 0.006990429013967514,
    "questioning": 0.1401389092206955,
    "assessing": 0.20633000135421753,
    "tagging": 0.13465988636016846,
    "leaving": 0.20604175329208374,
    "category": 0.010742753744125366,
    "One-Bounce Priority": 0.014200374484062195,
    "pDeath": 0.011295977048575878,
    "pBrainInjury": 0.010358572006225586,
    "pInternalBleeding": 0.021619470790028572,
    "entropy": 0.008181332610547543,
    "entropyDeath": 0.01912858709692955,
    "MEDSIM_P_DEATH": 0.008704978972673416,
    "WEIGHTED_RESOURCE_SCORE": 0.01257418841123581,
    "INFORMATION_GAINED": 0.05118018016219139,
    "treatment": 0.0330793522298336
}