{
    "age": 0.009178457781672478,
    "tagged": 0.006194048561155796,
    "visited": 0.00487560173496604,
    "conscious": 0.003936728462576866,
    "breathing": 0.017242588102817535,
    "hrpmin": 0.017072327435016632,
    "avpu": 0.020420854911208153,
    "unvisited_count": 0.037861134856939316,
    "injured_count": 0.028983494266867638,
    "environment_type": 0.0058128065429627895,
    "questioning": 0.18495330214500427,
    "assessing": 0.19890061020851135,
    "tagging": 0.3067428469657898,
    "category": 0.005542755126953125,
    "HRA Strategy.time-risk_reward_ratio.take-the-best": 0.0022110589779913425,
    "Satisfactory Priority": 0.002646815264597535,
    "One-Bounce Priority": 0.018725823611021042,
    "pDeath": 0.006614504382014275,
    "pPain": 0.0061715152114629745,
    "pAirwayBlocked": 0.002194705419242382,
    "pInternalBleeding": 0.0011543629225343466,
    "entropy": 0.01569715514779091,
    "entropyDeath": 0.0020504959393292665,
    "SEVERITY": 0.0037044601049274206,
    "AVERAGE_TIME_USED": 0.01969241350889206,
    "MEDSIM_P_DEATH": 0.014132082462310791,
    "WEIGHTED_RESOURCE_SCORE": 0.0018730884185060859,
    "SMOL_MEDICAL_SOUNDNESS": 0.004477066919207573,
    "INFORMATION_GAINED": 0.003909470047801733,
    "treatment": 0.04702749848365784
}