{
    "tagged": 0.0017967119347304106,
    "breathing": 0.06337922066450119,
    "intent": 0.15022744238376617,
    "directness_of_causality": 0.0906352624297142,
    "aid_available": 0.007311293389648199,
    "treating": 0.2753610908985138,
    "HRA Strategy.time-resources.take-the-best": 0.00522898742929101,
    "HRA Strategy.time-resources.one-bounce": 0.026314744725823402,
    "HRA Strategy.time-risk_reward_ratio.one-bounce": 0.0018107963260263205,
    "HRA Strategy.resources-risk_reward_ratio.one-bounce": 0.03669135272502899,
    "HRA Strategy.resources-system.take-the-best": 0.02359137497842312,
    "Take-The-Best Priority": 0.002047942951321602,
    "pBrainInjury": 0.060708459466695786,
    "entropyDeath": 0.0030627616215497255,
    "AVERAGE_TIME_USED": 0.017226001247763634,
    "SUPPLIES_USED": 0.05215324088931084,
    "treatment": 0.18245331943035126
}