age,relationship,questioning,assessing,tagging,leaving
0.08244075626134872,0.17150168120861053,0.059594571590423584,0.1655626744031906,0.02124639041721821,0.49965396523475647
