{
    "aid_available": 0.04833360016345978,
    "treating": 0.08146867901086807,
    "SEVERITY": 0.02921011485159397,
    "AVERAGE_TIME_USED": 0.07249920070171356,
    "SUPPLIES_USED": 0.029786547645926476,
    "SMOL_MEDICAL_SOUNDNESS": 0.49654144048690796,
    "intent": 0.081559918820858,
    "treatment": 0.06354326009750366,
    "directness_of_causality": 0.0970572754740715
}