{
    "questioning": 0.46500352025032043,
    "assessing": 0.4664321541786194,
    "tagging": 0.06856434792280197
}