{
    "tagged": 0.02022303082048893,
    "breathing": 0.013574978336691856,
    "injured_count": 0.055426038801670074,
    "questioning": 0.3884674906730652,
    "assessing": 0.2609899044036865,
    "tagging": 0.09227852523326874,
    "leaving": 0.12484321743249893,
    "treatment": 0.04419681057333946
}