{
    "tagged": 0.0003478019789326936,
    "mental_status": 0.03870246186852455,
    "breathing": 0.11691685765981674,
    "directness_of_causality": 0.12010864168405533,
    "unvisited_count": 0.00015365344006568193,
    "aid_available": 0.024261221289634705,
    "treating": 0.18860666453838348,
    "HRA Strategy.time-resources.one-bounce": 0.01223330944776535,
    "HRA Strategy.time-risk_reward_ratio.one-bounce": 0.0038982797414064407,
    "HRA Strategy.risk_reward_ratio-system.one-bounce": 0.001836405135691166,
    "HRA Strategy.time-resources-system.take-the-best": 0.0018751745810732245,
    "HRA Strategy.time-resources-system.one-bounce": 0.00018506722699385136,
    "HRA Strategy.resources-risk_reward_ratio-system.one-bounce": 0.0014512685593217611,
    "pDeath": 0.00022760771389584988,
    "pInternalBleeding": 0.010226854123175144,
    "entropy": 0.2802541255950928,
    "SEVERITY": 0.016083329916000366,
    "AVERAGE_TIME_USED": 0.008897567167878151,
    "DAMAGE_PER_SECOND": 0.0005213222466409206,
    "SEVERITY_CHANGE": 0.0001554828486405313,
    "SUPPLIES_USED": 0.08825406432151794,
    "SEVEREST_SEVERITY": 0.00025159501819871366,
    "WEIGHTED_RESOURCE_SCORE": 0.00031507134553976357,
    "treatment": 0.08423613011837006
}