age,tagged,relationship,breathing,avpu,unvisited_count,injured_count,environment_type,questioning,assessing,tagging,leaving,pDeath,pPain,pBrainInjury,pAirwayBlocked,pInternalBleeding,pExternalBleeding,entropy,entropyDeath,SUPPLIES_REMAINING,AVERAGE_TIME_USED,treatment,category
0.15235494077205658,0.06671590358018875,0.1103547140955925,0.020566346123814583,0.006147217471152544,0.0038092925678938627,0.024719130247831345,0.00405788142234087,0.11722996830940247,0.18941926956176758,0.04445623606443405,0.10808489471673965,0.007055120076984167,0.013180908747017384,0.008306964300572872,0.009905444458127022,0.006409080233424902,0.011660099029541016,0.012648382224142551,0.010493909008800983,0.01771620288491249,0.00398757541552186,0.03353491425514221,0.01718565635383129
