{
    "tagged": 0.016935423016548157,
    "unvisited_count": 0.006726114545017481,
    "injured_count": 0.013518442399799824,
    "questioning": 0.2790731191635132,
    "assessing": 0.3084607720375061,
    "tagging": 0.14757731556892395,
    "leaving": 0.12540537118911743,
    "One-Bounce Priority": 0.022333111613988876,
    "INFORMATION_GAINED": 0.043099042028188705,
    "treatment": 0.021248502656817436,
    "category": 0.015622800216078758
}