{
    "tagged": 6.243579264264554e-05,
    "conscious": 0.0016734061064198613,
    "mental_status": 0.000379525386961177,
    "breathing": 2.1778603695565835e-05,
    "avpu": 8.913611964089796e-05,
    "intent": 0.05577176436781883,
    "directness_of_causality": 0.2224159836769104,
    "aid_available": 0.1807180941104889,
    "treating": 0.2730255722999573,
    "HRA Strategy.time-risk_reward_ratio.one-bounce": 0.0009366173180751503,
    "HRA Strategy.risk_reward_ratio-system.one-bounce": 0.0012742996914312243,
    "HRA Strategy.resources-risk_reward_ratio-system.one-bounce": 0.000991607317700982,
    "HRA Strategy.time-resources-risk_reward_ratio-system.one-bounce": 0.00041277549462392926,
    "Take-The-Best Priority": 0.000702570891007781,
    "Satisfactory Priority": 0.0007075262255966663,
    "One-Bounce Priority": 0.00021228569676168263,
    "pDeath": 6.706204294459894e-05,
    "pPain": 4.714680835604668e-05,
    "pBrainInjury": 0.0004893751465715468,
    "pAirwayBlocked": 0.00022171119053382427,
    "pInternalBleeding": 0.00028004153864458203,
    "pExternalBleeding": 2.492648854968138e-05,
    "entropyDeath": 0.0004944935790263116,
    "SEVERITY": 0.0008865547133609653,
    "SUPPLIES_REMAINING": 0.0010959524661302567,
    "AVERAGE_TIME_USED": 0.00020059153030160815,
    "DAMAGE_PER_SECOND": 0.00034490664256736636,
    "SEVERITY_CHANGE": 0.00012687755224760622,
    "SUPPLIES_USED": 0.25491365790367126,
    "SEVEREST_SEVERITY": 3.9905007724883035e-05,
    "SEVEREST_SEVERITY_CHANGE": 0.00010987546556862071,
    "WEIGHTED_RESOURCE_SCORE": 0.0002799707290250808,
    "treatment": 0.0009816205129027367
}