{
    "conscious": 0.06998999416828156,
    "mental_status": 0.009535325691103935,
    "intent": 0.08234816044569016,
    "directness_of_causality": 0.1502525955438614,
    "aid_available": 0.15182921290397644,
    "treating": 0.24106208980083466,
    "HRA Strategy.risk_reward_ratio-system.one-bounce": 0.001793558243662119,
    "HRA Strategy.resources-risk_reward_ratio-system.one-bounce": 0.0012441066792234778,
    "HRA Strategy.time-resources-risk_reward_ratio-system.one-bounce": 0.0009041791199706495,
    "Take-The-Best Priority": 0.010614790953695774,
    "Satisfactory Priority": 0.001672974438406527,
    "pDeath": 0.0028632411267608404,
    "pPain": 0.0014137577963992953,
    "pBrainInjury": 0.0016621644608676434,
    "SEVERITY": 0.026912730187177658,
    "AVERAGE_TIME_USED": 0.0074830506928265095,
    "DAMAGE_PER_SECOND": 0.0007308114436455071,
    "MEDSIM_P_DEATH": 0.014257182367146015,
    "SUPPLIES_USED": 0.2211175262928009,
    "WEIGHTED_RESOURCE_SCORE": 0.0011439425870776176,
    "treatment": 0.001168511458672583
}