{
    "tagged": 0.010208209045231342,
    "conscious": 0.001081495895050466,
    "mental_status": 0.010257454589009285,
    "breathing": 0.0014286977238953114,
    "hrpmin": 0.00028017573640681803,
    "intent": 0.007449824828654528,
    "directness_of_causality": 0.06067634001374245,
    "others_tagged_or_uninjured": 0.0854884684085846,
    "aid_available": 0.10514648258686066,
    "treating": 0.09823506325483322,
    "HRA Strategy.time-risk_reward_ratio.one-bounce": 0.02308197133243084,
    "HRA Strategy.time-system.one-bounce": 0.00048154607065953314,
    "HRA Strategy.resources-system.take-the-best": 0.016448020935058594,
    "HRA Strategy.risk_reward_ratio-system.one-bounce": 0.0008556019165553153,
    "HRA Strategy.time-resources-system.one-bounce": 0.00030755565967410803,
    "HRA Strategy.resources-risk_reward_ratio-system.one-bounce": 0.0004696312826126814,
    "Take-The-Best Priority": 0.003637021640315652,
    "Satisfactory Priority": 0.0007270146161317825,
    "pDeath": 0.004888702183961868,
    "pPain": 0.006190277636051178,
    "pAirwayBlocked": 0.00027800872339867055,
    "pInternalBleeding": 0.03250409662723541,
    "SEVERITY": 0.0032972204498946667,
    "SUPPLIES_REMAINING": 0.0006826426833868027,
    "AVERAGE_TIME_USED": 0.004872553050518036,
    "DAMAGE_PER_SECOND": 0.03071308322250843,
    "MEDSIM_P_DEATH": 0.13868345320224762,
    "SUPPLIES_USED": 0.17398786544799805,
    "SEVEREST_SEVERITY_CHANGE": 0.0006821088027209044,
    "WEIGHTED_RESOURCE_SCORE": 0.006173844914883375,
    "SMOL_MEDICAL_SOUNDNESS": 0.16236157715320587,
    "treatment": 0.008423994295299053
}