{
    "avpu": 0.00013029066030867398,
    "intent": 0.05043650045990944,
    "directness_of_causality": 0.09803073853254318,
    "HRA Strategy.risk_reward_ratio-system.one-bounce": 0.005772905424237251,
    "HRA Strategy.time-resources-risk_reward_ratio-system.one-bounce": 0.0018923981115221977,
    "SEVERITY": 0.004518765024840832,
    "SUPPLIES_REMAINING": 0.008394070900976658,
    "AVERAGE_TIME_USED": 0.16201211512088776,
    "DAMAGE_PER_SECOND": 0.0007693186053074896,
    "SEVERITY_CHANGE": 0.07237519323825836,
    "SUPPLIES_USED": 0.0059891738928854465,
    "SMOL_MEDICAL_SOUNDNESS": 0.5896785259246826
}