{
    "age": 0.01923162117600441,
    "tagged": 0.06272944062948227,
    "visited": 0.05170367285609245,
    "conscious": 0.006739073898643255,
    "breathing": 0.014220571145415306,
    "hrpmin": 0.011898498050868511,
    "unvisited_count": 0.01906263455748558,
    "environment_type": 0.035366665571928024,
    "questioning": 0.21506665647029877,
    "assessing": 0.1741715520620346,
    "tagging": 0.10706253349781036,
    "leaving": 0.12353341281414032,
    "treatment": 0.08461553603410721,
    "Satisfactory Priority": 0.02759050391614437,
    "pDeath": 0.0029075653292238712,
    "SUPPLIES_REMAINING": 0.004927163012325764,
    "AVERAGE_TIME_USED": 0.0066139125265181065,
    "MEDSIM_P_DEATH_ONE_MIN_LATER": 0.014938713051378727,
    "SMOL_MEDICAL_SOUNDNESS": 0.0038446623366326094,
    "category": 0.013775588944554329
}