{
    "aid_available": 0.1810118407011032,
    "treating": 0.5813949108123779,
    "SUPPLIES_USED": 0.23759318888187408
}