{
    "age": 0.029338117688894272,
    "tagged": 0.04343896359205246,
    "visited": 0.020004143938422203,
    "conscious": 0.004552900325506926,
    "breathing": 0.011485753580927849,
    "avpu": 0.003975253086537123,
    "injured_count": 0.0898163840174675,
    "environment_type": 0.02005534991621971,
    "questioning": 0.12159314006567001,
    "assessing": 0.20708444714546204,
    "tagging": 0.18982906639575958,
    "category": 0.010610127821564674,
    "HRA Strategy.time-resources.take-the-best": 0.002586027607321739,
    "HRA Strategy.time-system.tallying": 0.005303726531565189,
    "Satisfactory Priority": 0.0041663758456707,
    "One-Bounce Priority": 0.01703186146914959,
    "pDeath": 0.00582809979096055,
    "pPain": 0.001195703400298953,
    "pBrainInjury": 0.004219453781843185,
    "pAirwayBlocked": 0.006609255447983742,
    "pInternalBleeding": 0.021657198667526245,
    "pExternalBleeding": 0.007442908827215433,
    "entropy": 0.011133253574371338,
    "entropyDeath": 0.0030191196128726006,
    "SEVERITY": 0.003697935026139021,
    "SUPPLIES_REMAINING": 0.0007856682641431689,
    "AVERAGE_TIME_USED": 0.02196882665157318,
    "DAMAGE_PER_SECOND": 0.0011310629779472947,
    "MEDSIM_P_DEATH": 0.008395113050937653,
    "WEIGHTED_RESOURCE_SCORE": 0.007869865745306015,
    "INFORMATION_GAINED": 0.07394522428512573,
    "treatment": 0.040229681879282
}