{
    "age": 0.004349101334810257,
    "tagged": 0.0252978652715683,
    "visited": 0.00217061466537416,
    "conscious": 0.0010246715974062681,
    "breathing": 0.005084960255771875,
    "hrpmin": 0.0032676083501428366,
    "avpu": 0.0016819342272356153,
    "unvisited_count": 0.00515745347365737,
    "injured_count": 0.010467108339071274,
    "environment_type": 0.002079955767840147,
    "questioning": 0.11494102329015732,
    "assessing": 0.14376144111156464,
    "treating": 0.00040004251059144735,
    "tagging": 0.24383436143398285,
    "leaving": 0.3029572665691376,
    "HRA Strategy.time-resources.take-the-best": 0.002039179438725114,
    "HRA Strategy.time-risk_reward_ratio.take-the-best": 0.0031222300603985786,
    "HRA Strategy.time-system.exhaustive": 0.0023699572775512934,
    "HRA Strategy.resources-system.take-the-best": 0.00039783213287591934,
    "HRA Strategy.risk_reward_ratio-system.exhaustive": 0.0004175301000941545,
    "HRA Strategy.time-resources-system.exhaustive": 0.0013569386210292578,
    "Satisfactory Priority": 0.0035306063946336508,
    "One-Bounce Priority": 0.011905616149306297,
    "pDeath": 0.0011398288188502192,
    "pPain": 0.007832976058125496,
    "pBrainInjury": 0.0026993905194103718,
    "pAirwayBlocked": 0.007285923231393099,
    "pInternalBleeding": 0.00508972117677331,
    "pExternalBleeding": 0.006322470027953386,
    "entropy": 0.012005499564111233,
    "entropyDeath": 0.0019869161769747734,
    "SEVERITY": 0.002872444223612547,
    "SUPPLIES_REMAINING": 0.0005630677915178239,
    "AVERAGE_TIME_USED": 0.006864412687718868,
    "DAMAGE_PER_SECOND": 0.00026624739984981716,
    "MEDSIM_P_DEATH": 0.0046340543776750565,
    "MEDSIM_P_DEATH_ONE_MIN_LATER": 0.0005533872172236443,
    "SEVEREST_SEVERITY": 0.0030246679671108723,
    "WEIGHTED_RESOURCE_SCORE": 0.001433072378858924,
    "INFORMATION_GAINED": 0.0035404411610215902,
    "treatment": 0.03405525162816048,
    "category": 0.006214851513504982
}