{
    "tagged": 0.017437787726521492,
    "injured_count": 0.031094403937458992,
    "questioning": 0.2149001508951187,
    "assessing": 0.30139580368995667,
    "tagging": 0.10432645678520203,
    "leaving": 0.19670285284519196,
    "category": 0.015708383172750473,
    "One-Bounce Priority": 0.028217321261763573,
    "MEDSIM_P_DEATH": 0.0055592781864106655,
    "WEIGHTED_RESOURCE_SCORE": 0.010645324364304543,
    "INFORMATION_GAINED": 0.040086518973112106,
    "treatment": 0.03392576053738594
}