{
    "conscious": 0.0019901625346392393,
    "mental_status": 0.002241637324914336,
    "breathing": 0.0003883748431690037,
    "avpu": 0.00012664691894315183,
    "intent": 0.13454721868038177,
    "directness_of_causality": 0.11875519156455994,
    "aid_available": 0.11679094284772873,
    "treating": 0.19049595296382904,
    "HRA Strategy.risk_reward_ratio-system.one-bounce": 0.0011695359135046601,
    "HRA Strategy.resources-risk_reward_ratio-system.one-bounce": 0.0009891671361401677,
    "HRA Strategy.time-resources-risk_reward_ratio-system.one-bounce": 0.0002228205557912588,
    "Take-The-Best Priority": 0.0007073889719322324,
    "Satisfactory Priority": 0.00048183853505179286,
    "pDeath": 0.0003920818562619388,
    "pAirwayBlocked": 0.00048714899457991123,
    "pInternalBleeding": 0.0001293106615776196,
    "entropy": 2.5133416784228757e-05,
    "SEVERITY": 0.05654938146471977,
    "SUPPLIES_REMAINING": 0.0006248997524380684,
    "AVERAGE_TIME_USED": 0.004333593882620335,
    "DAMAGE_PER_SECOND": 0.029895614832639694,
    "SEVERITY_CHANGE": 6.832741928519681e-05,
    "SUPPLIES_USED": 0.19944164156913757,
    "SEVEREST_SEVERITY": 0.00011492137855384499,
    "WEIGHTED_RESOURCE_SCORE": 9.366308950120583e-05,
    "SMOL_MEDICAL_SOUNDNESS": 0.13844622671604156,
    "treatment": 0.0004911576397716999
}