{
    "mental_status": 0.003256484167650342,
    "intent": 0.03683159872889519,
    "directness_of_causality": 0.18341337144374847,
    "aid_available": 0.15451253950595856,
    "treating": 0.2583980858325958,
    "HRA Strategy.risk_reward_ratio-system.one-bounce": 0.001386316493153572,
    "HRA Strategy.resources-risk_reward_ratio-system.one-bounce": 0.0016624846030026674,
    "HRA Strategy.time-resources-risk_reward_ratio-system.one-bounce": 0.00043850240763276815,
    "Take-The-Best Priority": 0.0019587853457778692,
    "Satisfactory Priority": 0.0011832454474642873,
    "pDeath": 0.00042642891639843583,
    "pInternalBleeding": 0.00037952762795612216,
    "SEVERITY": 0.001679750275798142,
    "SUPPLIES_REMAINING": 0.0016987485578283668,
    "AVERAGE_TIME_USED": 0.0041767931543290615,
    "SUPPLIES_USED": 0.2240154892206192,
    "WEIGHTED_RESOURCE_SCORE": 0.0005707069649361074,
    "SMOL_MEDICAL_SOUNDNESS": 0.12367269396781921,
    "treatment": 0.0003384327283129096
}