{
    "tagged": 0.02841910719871521,
    "injured_count": 0.03480222076177597,
    "questioning": 0.3140003979206085,
    "assessing": 0.4840739965438843,
    "tagging": 0.08608759194612503,
    "treatment": 0.05261673405766487
}