{
    "tagged": 6.258184293983504e-05,
    "conscious": 0.0005988663178868592,
    "mental_status": 0.0021832401398569345,
    "breathing": 0.0013281579595059156,
    "avpu": 0.012011134065687656,
    "intent": 0.09253936260938644,
    "directness_of_causality": 0.08385016769170761,
    "aid_available": 0.06858626753091812,
    "treating": 0.10113055258989334,
    "HRA Strategy.time-resources.take-the-best": 0.0012988438829779625,
    "HRA Strategy.time-risk_reward_ratio.one-bounce": 0.0002460097603034228,
    "HRA Strategy.time-system.one-bounce": 4.0844108298188075e-05,
    "HRA Strategy.resources-risk_reward_ratio.one-bounce": 0.00048276124289259315,
    "HRA Strategy.resources-system.take-the-best": 0.0006043203757144511,
    "HRA Strategy.risk_reward_ratio-system.one-bounce": 0.0009295201161876321,
    "HRA Strategy.time-resources-system.tallying": 0.0006350001785904169,
    "HRA Strategy.time-resources-system.one-bounce": 0.00037251226603984833,
    "HRA Strategy.resources-risk_reward_ratio-system.one-bounce": 0.0012624079827219248,
    "HRA Strategy.time-resources-risk_reward_ratio-system.one-bounce": 0.00017824451788328588,
    "pDeath": 0.00021683372324332595,
    "pPain": 0.0011059127282351255,
    "pAirwayBlocked": 0.02046814002096653,
    "pInternalBleeding": 0.016261814162135124,
    "entropy": 0.01914875954389572,
    "entropyDeath": 0.00010470239794813097,
    "SEVERITY": 0.03278155252337456,
    "SUPPLIES_REMAINING": 0.0007523949607275426,
    "AVERAGE_TIME_USED": 0.01173515897244215,
    "DAMAGE_PER_SECOND": 0.03923401981592178,
    "SEVERITY_CHANGE": 6.37893463135697e-05,
    "SUPPLIES_USED": 0.09499166905879974,
    "SEVEREST_SEVERITY": 0.019586335867643356,
    "WEIGHTED_RESOURCE_SCORE": 0.019356776028871536,
    "SMOL_MEDICAL_SOUNDNESS": 0.28539925813674927,
    "treatment": 0.07045210152864456
}