{
    "age": 0.004005913622677326,
    "tagged": 0.027346447110176086,
    "breathing": 0.005966306198388338,
    "hrpmin": 0.0035101138055324554,
    "avpu": 0.0025782971642911434,
    "unvisited_count": 0.005629081279039383,
    "injured_count": 0.01370983850210905,
    "questioning": 0.166096493601799,
    "assessing": 0.18432681262493134,
    "tagging": 0.2013784646987915,
    "leaving": 0.21946029365062714,
    "HRA Strategy.time-resources.take-the-best": 0.0034858426079154015,
    "HRA Strategy.time-system.exhaustive": 0.00291080167517066,
    "One-Bounce Priority": 0.022581318393349648,
    "pDeath": 0.0029961424879729748,
    "pPain": 0.005713181104511023,
    "pBrainInjury": 0.00551657984033227,
    "pAirwayBlocked": 0.004110974259674549,
    "pInternalBleeding": 0.005149908363819122,
    "pExternalBleeding": 0.0045515126548707485,
    "entropy": 0.004199611954391003,
    "entropyDeath": 0.016532650217413902,
    "SEVERITY": 0.002175313886255026,
    "AVERAGE_TIME_USED": 0.002680613426491618,
    "MEDSIM_P_DEATH": 0.0033190499525517225,
    "INFORMATION_GAINED": 0.0360783152282238,
    "treatment": 0.03714451938867569,
    "category": 0.006845719181001186
}