{
    "intent": 0.15282857418060303,
    "directness_of_causality": 0.11705272644758224,
    "treating": 0.6604807376861572,
    "pDeath": 0.02394912578165531,
    "SUPPLIES_USED": 0.04568878561258316
}