{
    "questioning": 0.506248950958252,
    "tagging": 0.49375107884407043
}