{
    "conscious": 0.0007260594866238534,
    "intent": 0.1597585380077362,
    "directness_of_causality": 0.15414761006832123,
    "aid_available": 0.1601041704416275,
    "treating": 0.2819058299064636,
    "HRA Strategy.resources-system.take-the-best": 0.0010088678682222962,
    "HRA Strategy.risk_reward_ratio-system.one-bounce": 0.0011306062806397676,
    "HRA Strategy.time-resources-system.one-bounce": 0.00032421815558336675,
    "HRA Strategy.time-resources-risk_reward_ratio-system.one-bounce": 0.0002916084777098149,
    "Take-The-Best Priority": 0.0002857432409655303,
    "Satisfactory Priority": 0.0010111238807439804,
    "pAirwayBlocked": 0.00023914895427878946,
    "SUPPLIES_REMAINING": 0.0008769057458266616,
    "AVERAGE_TIME_USED": 0.003415590850636363,
    "SUPPLIES_USED": 0.23427802324295044,
    "treatment": 0.0004959371290169656
}