{
    "tagged": 0.13756616413593292,
    "conscious": 0.005912617314606905,
    "mental_status": 0.012013728730380535,
    "breathing": 0.028281329199671745,
    "intent": 0.04944238066673279,
    "directness_of_causality": 0.3659585118293762,
    "treating": 0.015025593340396881,
    "HRA Strategy.resources-system.take-the-best": 0.023142926394939423,
    "HRA Strategy.time-resources-system.one-bounce": 0.011562674306333065,
    "HRA Strategy.time-resources-risk_reward_ratio-system.one-bounce": 0.0073740845546126366,
    "Take-The-Best Priority": 0.009881576523184776,
    "Satisfactory Priority": 0.029514174908399582,
    "WEIGHTED_RESOURCE_SCORE": 0.009854202158749104,
    "SMOL_MEDICAL_SOUNDNESS": 0.2791285812854767,
    "category": 0.015341534279286861
}