{
    "tagged": 0.027617309242486954,
    "questioning": 0.1969885230064392,
    "assessing": 0.38205698132514954,
    "tagging": 0.06850878894329071,
    "Satisfactory Priority": 0.03666497394442558,
    "One-Bounce Priority": 0.04301569610834122,
    "WEIGHTED_RESOURCE_SCORE": 0.03977120295166969,
    "INFORMATION_GAINED": 0.16142964363098145,
    "treatment": 0.04394683241844177
}