{
    "tagged": 0.6901324391365051,
    "conscious": 0.136860191822052,
    "HRA Strategy.time-resources.take-the-best": 0.04415729641914368,
    "DAMAGE_PER_SECOND": 0.128850057721138
}