{
    "tagged": 0.01855093240737915,
    "visited": 0.0014672100078314543,
    "conscious": 0.060186661779880524,
    "breathing": 0.013190378434956074,
    "avpu": 0.00477627431973815,
    "environment_type": 0.03181421011686325,
    "questioning": 0.13629359006881714,
    "assessing": 0.12154948711395264,
    "treating": 0.008365882560610771,
    "tagging": 0.24647937715053558,
    "leaving": 0.14623227715492249,
    "category": 0.014781140722334385,
    "HRA Strategy.resources-risk_reward_ratio.one-bounce": 0.03435530886054039,
    "pAirwayBlocked": 0.006338420789688826,
    "pInternalBleeding": 0.01073219534009695,
    "entropy": 0.0020088949240744114,
    "entropyDeath": 0.006779538467526436,
    "SEVERITY": 0.01773390732705593,
    "SUPPLIES_REMAINING": 0.018508687615394592,
    "AVERAGE_TIME_USED": 0.016488773748278618,
    "MEDSIM_P_DEATH": 0.03294754773378372,
    "SMOL_MEDICAL_SOUNDNESS": 0.0009335505310446024,
    "INFORMATION_GAINED": 0.00873788446187973,
    "treatment": 0.04074789583683014
}