{
    "tagged": 0.017712727189064026,
    "injured_count": 0.015199503861367702,
    "questioning": 0.31289786100387573,
    "assessing": 0.2949603199958801,
    "tagging": 0.0940898135304451,
    "leaving": 0.1692194789648056,
    "One-Bounce Priority": 0.02272244356572628,
    "INFORMATION_GAINED": 0.03301645815372467,
    "treatment": 0.023170018568634987,
    "category": 0.017011353746056557
}