{
    "age": 0.004766756668686867,
    "tagged": 0.022958924993872643,
    "breathing": 0.0058243973180651665,
    "hrpmin": 0.010412422940135002,
    "unvisited_count": 0.006931569892913103,
    "injured_count": 0.023071223869919777,
    "questioning": 0.28455764055252075,
    "assessing": 0.2476569265127182,
    "tagging": 0.12149938195943832,
    "leaving": 0.14399050176143646,
    "One-Bounce Priority": 0.03820299729704857,
    "MEDSIM_P_DEATH": 0.005748517345637083,
    "INFORMATION_GAINED": 0.04274556040763855,
    "treatment": 0.031078051775693893,
    "category": 0.010555112734436989
}