{
    "age": 0.10981274396181107,
    "assessing": 0.3968569040298462,
    "tagging": 0.2785777449607849,
    "treatment": 0.09889940172433853,
    "Satisfactory Priority": 0.03354646638035774,
    "AVERAGE_TIME_USED": 0.05017637088894844,
    "MEDSIM_P_DEATH_ONE_MIN_LATER": 0.032130300998687744
}