{
    "conscious": 0.0010478779440745711,
    "mental_status": 0.0001830115361372009,
    "avpu": 0.00012137646262999624,
    "intent": 0.051083456724882126,
    "directness_of_causality": 0.18121714890003204,
    "aid_available": 0.17376625537872314,
    "treating": 0.27678316831588745,
    "HRA Strategy.time-risk_reward_ratio.one-bounce": 0.0009006838081404567,
    "HRA Strategy.resources-system.take-the-best": 0.0009316189680248499,
    "HRA Strategy.risk_reward_ratio-system.one-bounce": 0.001544829341582954,
    "HRA Strategy.time-resources-risk_reward_ratio-system.one-bounce": 0.00026025675470009446,
    "Take-The-Best Priority": 0.00044543787953443825,
    "Satisfactory Priority": 0.0004749561194330454,
    "One-Bounce Priority": 0.000259519147220999,
    "pPain": 9.76018636720255e-05,
    "pBrainInjury": 0.0003283928381279111,
    "pAirwayBlocked": 0.00020136435341555625,
    "pInternalBleeding": 0.00026816263562068343,
    "entropyDeath": 0.00047859884216450155,
    "SEVERITY": 0.0005424400442279875,
    "SUPPLIES_REMAINING": 0.10412406176328659,
    "AVERAGE_TIME_USED": 0.007183796260505915,
    "DAMAGE_PER_SECOND": 0.00019129733846057206,
    "MEDSIM_P_DEATH": 0.0003334113862365484,
    "SUPPLIES_USED": 0.19588744640350342,
    "SEVEREST_SEVERITY_CHANGE": 0.00018656945030670613,
    "WEIGHTED_RESOURCE_SCORE": 0.00017027185822371393,
    "SMOL_MEDICAL_SOUNDNESS": 0.0003244686231482774,
    "treatment": 0.0006626684335060418
}