conscious,mental_status,avpu,intent,directness_of_causality,aid_available,treating,HRA Strategy.time-risk_reward_ratio.one-bounce,HRA Strategy.resources-system.take-the-best,HRA Strategy.risk_reward_ratio-system.one-bounce,HRA Strategy.time-resources-risk_reward_ratio-system.one-bounce,Take-The-Best Priority,Satisfactory Priority,One-Bounce Priority,pPain,pBrainInjury,pAirwayBlocked,pInternalBleeding,entropyDeath,SEVERITY,SUPPLIES_REMAINING,AVERAGE_TIME_USED,DAMAGE_PER_SECOND,MEDSIM_P_DEATH,SUPPLIES_USED,SEVEREST_SEVERITY_CHANGE,WEIGHTED_RESOURCE_SCORE,SMOL_MEDICAL_SOUNDNESS,treatment
0.0010478779440745711,0.0001830115361372009,0.00012137646262999624,0.051083456724882126,0.18121714890003204,0.17376625537872314,0.27678316831588745,0.0009006838081404567,0.0009316189680248499,0.001544829341582954,0.00026025675470009446,0.00044543787953443825,0.0004749561194330454,0.000259519147220999,9.76018636720255e-05,0.0003283928381279111,0.00020136435341555625,0.00026816263562068343,0.00047859884216450155,0.0005424400442279875,0.10412406176328659,0.007183796260505915,0.00019129733846057206,0.0003334113862365484,0.19588744640350342,0.00018656945030670613,0.00017027185822371393,0.0003244686231482774,0.0006626684335060418
