{
    "age": 0.015982141718268394,
    "tagged": 0.06655663251876831,
    "visited": 0.04994827136397362,
    "conscious": 0.009876299649477005,
    "breathing": 0.010226906277239323,
    "hrpmin": 0.01183033175766468,
    "avpu": 0.00043169897980988026,
    "unvisited_count": 0.018273532390594482,
    "environment_type": 0.0333099439740181,
    "questioning": 0.15952230989933014,
    "assessing": 0.14975471794605255,
    "treating": 0.00030250026611611247,
    "tagging": 0.19109153747558594,
    "leaving": 0.0911668986082077,
    "treatment": 0.08697705715894699,
    "HRA Strategy.time-resources.take-the-best": 0.0003722436376847327,
    "HRA Strategy.time-system.tallying": 3.2181196729652584e-05,
    "HRA Strategy.resources-risk_reward_ratio.one-bounce": 0.00021070246293675154,
    "HRA Strategy.resources-system.take-the-best": 0.0014198676217347383,
    "Satisfactory Priority": 0.025564266368746758,
    "pDeath": 0.007148117292672396,
    "pBrainInjury": 0.0007771116797812283,
    "pAirwayBlocked": 0.0011076374212279916,
    "pExternalBleeding": 0.0016162600368261337,
    "entropy": 0.0004668882756959647,
    "entropyDeath": 0.00035242768353782594,
    "SEVERITY": 0.0029736754950135946,
    "SUPPLIES_REMAINING": 0.004381697159260511,
    "AVERAGE_TIME_USED": 0.005417121108621359,
    "DAMAGE_PER_SECOND": 6.249731814023107e-05,
    "MEDSIM_P_DEATH": 2.9192120564403012e-05,
    "MEDSIM_P_DEATH_ONE_MIN_LATER": 0.015182865783572197,
    "SEVERITY_CHANGE": 5.676988439518027e-05,
    "SEVEREST_SEVERITY": 0.004358099307864904,
    "SMOL_MEDICAL_SOUNDNESS": 0.022049900144338608,
    "category": 0.011169712990522385
}