{
    "age": 0.0065986765548586845,
    "tagged": 0.030961567535996437,
    "breathing": 0.0061421566642820835,
    "unvisited_count": 0.005541203077882528,
    "injured_count": 0.01892061159014702,
    "questioning": 0.18667560815811157,
    "assessing": 0.2061581015586853,
    "tagging": 0.21662162244319916,
    "leaving": 0.14251039922237396,
    "HRA Strategy.time-resources.take-the-best": 0.0032437846530228853,
    "Satisfactory Priority": 0.005558712407946587,
    "One-Bounce Priority": 0.03301909938454628,
    "pPain": 0.004207180812954903,
    "pAirwayBlocked": 0.004036350175738335,
    "pInternalBleeding": 0.005076139234006405,
    "pExternalBleeding": 0.008626348339021206,
    "entropy": 0.008096477948129177,
    "entropyDeath": 0.01012163981795311,
    "AVERAGE_TIME_USED": 0.007155507802963257,
    "INFORMATION_GAINED": 0.04501718282699585,
    "treatment": 0.036288194358348846,
    "category": 0.009423305280506611
}