{
    "tagged": 0.05095289647579193,
    "breathing": 0.019589107483625412,
    "hrpmin": 0.03784610331058502,
    "assessing": 0.15977616608142853,
    "tagging": 0.5318164229393005,
    "category": 0.023078130558133125,
    "HRA Strategy.time-resources.take-the-best": 0.012858464382588863,
    "pBrainInjury": 0.01834721490740776,
    "entropyDeath": 0.06199537590146065,
    "SEVERITY": 0.02215634286403656,
    "treatment": 0.06158372759819031
}