{
    "intent": 0.03280377388000488,
    "directness_of_causality": 0.17902761697769165,
    "aid_available": 0.19866910576820374,
    "treating": 0.3408603370189667,
    "SUPPLIES_USED": 0.23325610160827637,
    "SMOL_MEDICAL_SOUNDNESS": 0.015383009798824787
}