{
    "tagged": 0.015195319429039955,
    "breathing": 0.01409770268946886,
    "questioning": 0.18353675305843353,
    "assessing": 0.4386957287788391,
    "tagging": 0.04897473752498627,
    "leaving": 0.25804173946380615,
    "treatment": 0.01794832944869995,
    "entropyDeath": 0.0064125885255634785,
    "INFORMATION_GAINED": 0.01709703542292118
}