{
    "questioning": 0.42994335293769836,
    "tagging": 0.10348749905824661,
    "leaving": 0.3196536600589752,
    "treatment": 0.1469154804944992
}