{
    "conscious": 0.0014364365488290787,
    "intent": 0.028743024915456772,
    "directness_of_causality": 0.20440438389778137,
    "aid_available": 0.18978482484817505,
    "treating": 0.2879393398761749,
    "HRA Strategy.time-risk_reward_ratio.one-bounce": 0.0008415761403739452,
    "HRA Strategy.resources-system.take-the-best": 0.0009571239934302866,
    "HRA Strategy.risk_reward_ratio-system.one-bounce": 0.0015645420644432306,
    "HRA Strategy.time-resources-system.one-bounce": 0.00025362466112710536,
    "HRA Strategy.time-resources-risk_reward_ratio-system.one-bounce": 0.00032141892006620765,
    "Take-The-Best Priority": 0.0005140351713635027,
    "Satisfactory Priority": 0.0007801683968864381,
    "pDeath": 0.00017050495080184191,
    "pBrainInjury": 0.00026321885525248945,
    "pAirwayBlocked": 0.00020243106700945646,
    "pInternalBleeding": 0.00043047338840551674,
    "entropyDeath": 0.0005227200454100966,
    "SEVERITY": 0.00026008181157521904,
    "SUPPLIES_REMAINING": 0.0012109060771763325,
    "AVERAGE_TIME_USED": 0.00864258874207735,
    "DAMAGE_PER_SECOND": 0.0002191526145907119,
    "SUPPLIES_USED": 0.26974251866340637,
    "WEIGHTED_RESOURCE_SCORE": 0.00018894091772381216,
    "treatment": 0.0006060063024051487
}