{
    "mental_status": 0.0017463385593146086,
    "breathing": 0.2502288818359375,
    "intent": 0.0011771349236369133,
    "directness_of_causality": 0.20267806947231293,
    "unvisited_count": 0.0011950053740292788,
    "aid_available": 0.012915362603962421,
    "treating": 0.3056395649909973,
    "HRA Strategy.time-resources.take-the-best": 0.007209510076791048,
    "HRA Strategy.time-resources.one-bounce": 0.005121017340570688,
    "HRA Strategy.resources-risk_reward_ratio.one-bounce": 0.011927396059036255,
    "HRA Strategy.resources-system.take-the-best": 0.019630296155810356,
    "HRA Strategy.risk_reward_ratio-system.one-bounce": 0.0015770711470395327,
    "HRA Strategy.time-resources-risk_reward_ratio.one-bounce": 0.0002917277452070266,
    "HRA Strategy.resources-risk_reward_ratio-system.one-bounce": 0.0014132222859188914,
    "Take-The-Best Priority": 0.0018513615941628814,
    "Satisfactory Priority": 0.0011739716865122318,
    "pBrainInjury": 0.0010778199648484588,
    "entropyDeath": 0.02979583851993084,
    "SEVERITY": 0.03353115916252136,
    "SUPPLIES_REMAINING": 0.0009153084247373044,
    "AVERAGE_TIME_USED": 0.005607968661934137,
    "SUPPLIES_USED": 0.09817668050527573,
    "SEVEREST_SEVERITY": 0.004153057001531124,
    "WEIGHTED_RESOURCE_SCORE": 0.0003403669979888946,
    "treatment": 0.0006259708316065371
}