{
    "age": 0.013176084496080875,
    "tagged": 0.022518502548336983,
    "conscious": 0.01975286938250065,
    "breathing": 0.04396720975637436,
    "injured_count": 0.07704073935747147,
    "environment_type": 0.015194744803011417,
    "questioning": 0.16980502009391785,
    "assessing": 0.1300457864999771,
    "tagging": 0.10642030090093613,
    "leaving": 0.09659553319215775,
    "HRA Strategy.time-resources.take-the-best": 0.005825872998684645,
    "HRA Strategy.time-system.exhaustive": 0.0010333933169022202,
    "Satisfactory Priority": 0.0015050130896270275,
    "One-Bounce Priority": 0.0011392288142815232,
    "pDeath": 0.04423868656158447,
    "pPain": 0.03201688453555107,
    "pBrainInjury": 0.002061219187453389,
    "pAirwayBlocked": 0.0017136696260422468,
    "pInternalBleeding": 0.012026628479361534,
    "pExternalBleeding": 0.0011084972647950053,
    "entropy": 0.0016857365844771266,
    "entropyDeath": 0.005733482539653778,
    "SEVERITY": 0.0019139531068503857,
    "SUPPLIES_REMAINING": 0.0054695140570402145,
    "AVERAGE_TIME_USED": 0.008633365854620934,
    "DAMAGE_PER_SECOND": 0.001956994878128171,
    "MEDSIM_P_DEATH": 0.0017080323304980993,
    "INFORMATION_GAINED": 0.07143963128328323,
    "treatment": 0.08651821315288544,
    "category": 0.0177552942186594
}