{
    "age": 0.012552818283438683,
    "tagged": 0.06934745609760284,
    "conscious": 0.007772180251777172,
    "breathing": 0.00791996717453003,
    "hrpmin": 0.0009138538734987378,
    "avpu": 0.001161836669780314,
    "unvisited_count": 0.00971175916492939,
    "environment_type": 0.003017816925421357,
    "questioning": 0.2353006899356842,
    "assessing": 0.2045658528804779,
    "tagging": 0.24080173671245575,
    "category": 0.008685044012963772,
    "HRA Strategy.time-resources.take-the-best": 0.0015375353395938873,
    "HRA Strategy.time-risk_reward_ratio.take-the-best": 0.002085368847474456,
    "HRA Strategy.time-system.tallying": 0.005663029383867979,
    "HRA Strategy.resources-system.take-the-best": 0.0011598961427807808,
    "One-Bounce Priority": 0.024029424414038658,
    "pDeath": 0.014511446468532085,
    "pPain": 0.02313716895878315,
    "pBrainInjury": 0.0016617742367088795,
    "pAirwayBlocked": 0.005985444877296686,
    "pInternalBleeding": 0.007332836277782917,
    "pExternalBleeding": 0.009077080525457859,
    "entropy": 0.01550993137061596,
    "SEVERITY": 0.0018196016317233443,
    "AVERAGE_TIME_USED": 0.02896095998585224,
    "DAMAGE_PER_SECOND": 0.0018499160651117563,
    "MEDSIM_P_DEATH": 0.001516018295660615,
    "WEIGHTED_RESOURCE_SCORE": 0.003927650395780802,
    "SMOL_MEDICAL_SOUNDNESS": 0.004778109025210142,
    "INFORMATION_GAINED": 0.005762298591434956,
    "treatment": 0.03794362023472786
}