{
    "age": 0.002308705123141408,
    "tagged": 0.037175025790929794,
    "visited": 0.00207111076451838,
    "conscious": 0.0016851897817105055,
    "unvisited_count": 0.0004284885653760284,
    "questioning": 0.16935622692108154,
    "assessing": 0.1488683819770813,
    "tagging": 0.29152631759643555,
    "leaving": 0.24753302335739136,
    "HRA Strategy.time-resources.take-the-best": 0.0007833066629245877,
    "HRA Strategy.resources-system.take-the-best": 0.004816245753318071,
    "Take-The-Best Priority": 0.0008043377893045545,
    "pAirwayBlocked": 0.0005990791250951588,
    "entropy": 0.002302934182807803,
    "AVERAGE_TIME_USED": 0.010223128832876682,
    "DAMAGE_PER_SECOND": 0.004697753582149744,
    "MEDSIM_P_DEATH": 0.0017251136014238,
    "WEIGHTED_RESOURCE_SCORE": 0.0030490311328321695,
    "SMOL_MEDICAL_SOUNDNESS": 0.028218183666467667,
    "treatment": 0.041828498244285583
}