{
    "conscious": 0.0007127080461941659,
    "mental_status": 0.00031083557405509055,
    "breathing": 0.09276212751865387,
    "intent": 0.025684909895062447,
    "directness_of_causality": 0.1988883763551712,
    "aid_available": 0.11193466186523438,
    "treating": 0.23650948703289032,
    "HRA Strategy.time-resources.take-the-best": 0.0016724510351195931,
    "HRA Strategy.time-risk_reward_ratio.one-bounce": 0.0028682351112365723,
    "HRA Strategy.resources-risk_reward_ratio.one-bounce": 0.03281058743596077,
    "HRA Strategy.resources-system.take-the-best": 0.02614780329167843,
    "HRA Strategy.risk_reward_ratio-system.one-bounce": 0.0013285706518217921,
    "HRA Strategy.time-resources-system.one-bounce": 0.0006390174967236817,
    "HRA Strategy.resources-risk_reward_ratio-system.one-bounce": 0.0010914986487478018,
    "HRA Strategy.time-resources-risk_reward_ratio-system.one-bounce": 0.0003051770036108792,
    "Take-The-Best Priority": 0.0014117342652752995,
    "One-Bounce Priority": 0.0005850547458976507,
    "pDeath": 0.05883239209651947,
    "pPain": 0.00040110197733156383,
    "pAirwayBlocked": 0.000800189794972539,
    "pInternalBleeding": 0.00019846473878715187,
    "entropy": 0.0006760722608305514,
    "entropyDeath": 0.0056005134247243404,
    "SEVERITY": 0.007194818463176489,
    "SUPPLIES_REMAINING": 0.02722807601094246,
    "AVERAGE_TIME_USED": 0.004052628297358751,
    "SUPPLIES_USED": 0.1568983793258667,
    "WEIGHTED_RESOURCE_SCORE": 0.0005757370381616056,
    "treatment": 0.0018783907871693373
}