{
    "treating": 0.5780164003372192,
    "HRA Strategy.time-resources.take-the-best": 0.42198359966278076
}