{
    "age": 0.1915832757949829,
    "tagged": 0.434685617685318,
    "SEVERITY": 0.13651743531227112,
    "WEIGHTED_RESOURCE_SCORE": 0.17752698063850403,
    "treatment": 0.059686701744794846
}