{
    "intent": 0.031206117942929268,
    "directness_of_causality": 0.1382615715265274,
    "aid_available": 0.1758803427219391,
    "treating": 0.31054773926734924,
    "HRA Strategy.risk_reward_ratio-system.one-bounce": 0.0016937251202762127,
    "HRA Strategy.resources-risk_reward_ratio-system.one-bounce": 0.0004554243932943791,
    "pBrainInjury": 0.0033394317142665386,
    "AVERAGE_TIME_USED": 0.021070875227451324,
    "SUPPLIES_USED": 0.2759600281715393,
    "SMOL_MEDICAL_SOUNDNESS": 0.04158477485179901
}