{
    "avpu": 0.00013659894466400146,
    "intent": 0.038191404193639755,
    "directness_of_causality": 0.20809277892112732,
    "aid_available": 0.19612129032611847,
    "treating": 0.28147783875465393,
    "HRA Strategy.resources-system.take-the-best": 0.0010372770484536886,
    "HRA Strategy.risk_reward_ratio-system.one-bounce": 0.0016369902295991778,
    "HRA Strategy.time-resources-risk_reward_ratio-system.one-bounce": 0.0005278809112496674,
    "Take-The-Best Priority": 0.000458914932096377,
    "Satisfactory Priority": 0.000798435416072607,
    "pPain": 7.263239240273833e-05,
    "pBrainInjury": 0.002892476739361882,
    "pAirwayBlocked": 0.0001897999318316579,
    "pInternalBleeding": 0.000773114210460335,
    "entropyDeath": 0.0004636780940927565,
    "SEVERITY": 0.00047136086504906416,
    "SUPPLIES_REMAINING": 0.0025826941709965467,
    "AVERAGE_TIME_USED": 0.012013145722448826,
    "SEVERITY_CHANGE": 0.00013058018521405756,
    "SUPPLIES_USED": 0.25074052810668945,
    "SEVEREST_SEVERITY": 0.00011673606786644086,
    "WEIGHTED_RESOURCE_SCORE": 0.0005232240655459464,
    "treatment": 0.0005506657180376351
}