{
    "age": 0.007065941113978624,
    "tagged": 0.03266182169318199,
    "visited": 0.002523761708289385,
    "conscious": 0.0008357107290066779,
    "breathing": 0.006898112129420042,
    "hrpmin": 0.002697235206142068,
    "avpu": 0.002515750005841255,
    "unvisited_count": 0.010880978778004646,
    "injured_count": 0.01400396041572094,
    "environment_type": 0.0012337438529357314,
    "questioning": 0.15901249647140503,
    "assessing": 0.16248682141304016,
    "tagging": 0.22175617516040802,
    "leaving": 0.19123588502407074,
    "treatment": 0.030140826478600502,
    "HRA Strategy.time-resources.take-the-best": 0.001781150116585195,
    "HRA Strategy.time-system.one-bounce": 0.001362399896606803,
    "HRA Strategy.resources-system.take-the-best": 0.0009777083760127425,
    "Satisfactory Priority": 0.003926529083400965,
    "One-Bounce Priority": 0.022540513426065445,
    "pDeath": 0.00313096703030169,
    "pPain": 0.0060618105344474316,
    "pBrainInjury": 0.002304674359038472,
    "pAirwayBlocked": 0.0040208431892097,
    "pInternalBleeding": 0.006194642279297113,
    "pExternalBleeding": 0.010522071272134781,
    "entropy": 0.00882597453892231,
    "entropyDeath": 0.005657645408064127,
    "SEVERITY": 0.0024680583737790585,
    "SUPPLIES_REMAINING": 0.0007217400125227869,
    "AVERAGE_TIME_USED": 0.0016151397721841931,
    "DAMAGE_PER_SECOND": 0.0009863735176622868,
    "MEDSIM_P_DEATH": 0.01371531467884779,
    "MEDSIM_P_DEATH_ONE_MIN_LATER": 0.002000635489821434,
    "SEVERITY_CHANGE": 0.0008598887943662703,
    "SEVEREST_SEVERITY": 0.004540575202554464,
    "WEIGHTED_RESOURCE_SCORE": 0.001870337058790028,
    "INFORMATION_GAINED": 0.039272990077733994,
    "category": 0.008692704141139984
}