{
    "age": 0.003182759741321206,
    "tagged": 0.016922106966376305,
    "visited": 0.0004998880322091281,
    "conscious": 0.0008006845018826425,
    "breathing": 0.004256873391568661,
    "hrpmin": 0.00210444163531065,
    "avpu": 0.0016546716215088964,
    "unvisited_count": 0.004152131732553244,
    "injured_count": 0.008189436979591846,
    "environment_type": 0.0016696332022547722,
    "questioning": 0.09035000205039978,
    "assessing": 0.11314154416322708,
    "treating": 0.0025439797900617123,
    "tagging": 0.17265166342258453,
    "leaving": 0.4755934178829193,
    "HRA Strategy.time-resources.take-the-best": 0.001663836883381009,
    "HRA Strategy.time-risk_reward_ratio.take-the-best": 0.002784303855150938,
    "HRA Strategy.time-system.exhaustive": 0.0016429047100245953,
    "HRA Strategy.resources-system.take-the-best": 0.0003205651300959289,
    "HRA Strategy.risk_reward_ratio-system.exhaustive": 0.0003789836191572249,
    "HRA Strategy.time-resources-system.exhaustive": 0.001508996938355267,
    "Satisfactory Priority": 0.0030441938433796167,
    "One-Bounce Priority": 0.009986605495214462,
    "pDeath": 0.0008033100166358054,
    "pPain": 0.006203581113368273,
    "pBrainInjury": 0.0018881934229284525,
    "pAirwayBlocked": 0.006220409646630287,
    "pInternalBleeding": 0.0039297170005738735,
    "pExternalBleeding": 0.004796773660928011,
    "entropy": 0.009972067549824715,
    "entropyDeath": 0.0015213055303320289,
    "SEVERITY": 0.0018929357174783945,
    "SUPPLIES_REMAINING": 0.0004597255028784275,
    "AVERAGE_TIME_USED": 0.005678718443959951,
    "MEDSIM_P_DEATH": 0.0012954340782016516,
    "SEVEREST_SEVERITY": 0.001140656298957765,
    "WEIGHTED_RESOURCE_SCORE": 0.0010335828410461545,
    "INFORMATION_GAINED": 0.0029890132136642933,
    "treatment": 0.02630980871617794,
    "category": 0.004821196664124727
}