{
    "aid_available": 0.2166413515806198,
    "treating": 0.5678231120109558,
    "SUPPLIES_USED": 0.2155354917049408
}