{
    "mental_status": 0.011447004973888397,
    "breathing": 0.0005237221485003829,
    "intent": 0.06273709237575531,
    "directness_of_causality": 0.15748773515224457,
    "aid_available": 0.12693892419338226,
    "treating": 0.20289640128612518,
    "HRA Strategy.risk_reward_ratio-system.one-bounce": 0.00161847157869488,
    "HRA Strategy.time-resources-system.one-bounce": 0.000296548823826015,
    "HRA Strategy.resources-risk_reward_ratio-system.one-bounce": 0.001658536377362907,
    "HRA Strategy.time-resources-risk_reward_ratio-system.one-bounce": 0.0007767441566102207,
    "Take-The-Best Priority": 0.001040415489114821,
    "pDeath": 0.0006587337702512741,
    "pPain": 0.0004437896714080125,
    "pBrainInjury": 0.00043325097067281604,
    "pExternalBleeding": 0.0027695170138031244,
    "SEVERITY": 0.008114298805594444,
    "SUPPLIES_REMAINING": 0.0017804189119488,
    "AVERAGE_TIME_USED": 0.02308044768869877,
    "MEDSIM_P_DEATH": 0.0043298727832734585,
    "SUPPLIES_USED": 0.1994488686323166,
    "SEVEREST_SEVERITY_CHANGE": 0.0004103572864551097,
    "WEIGHTED_RESOURCE_SCORE": 0.0008570862701162696,
    "SMOL_MEDICAL_SOUNDNESS": 0.16156995296478271,
    "treatment": 0.0286817979067564
}