{
    "age": 0.028440505266189575,
    "tagged": 0.06342381238937378,
    "visited": 0.047925982624292374,
    "conscious": 0.0030236367601901293,
    "breathing": 0.010728992521762848,
    "hrpmin": 0.007548211142420769,
    "unvisited_count": 0.007302263285964727,
    "environment_type": 0.013963207602500916,
    "questioning": 0.0730644017457962,
    "assessing": 0.1216428130865097,
    "tagging": 0.06876973062753677,
    "leaving": 0.30329588055610657,
    "HRA Strategy.resources-system.exhaustive": 0.003544918727129698,
    "Satisfactory Priority": 0.005484686698764563,
    "One-Bounce Priority": 0.03933103755116463,
    "pDeath": 0.017765356227755547,
    "pPain": 0.017284439876675606,
    "pBrainInjury": 0.03070109523832798,
    "pAirwayBlocked": 0.00272000883705914,
    "pInternalBleeding": 0.006552740931510925,
    "pExternalBleeding": 0.005536945536732674,
    "entropy": 0.00978766568005085,
    "entropyDeath": 0.003683077171444893,
    "SEVERITY": 0.002715191338211298,
    "AVERAGE_TIME_USED": 0.009364255703985691,
    "SEVEREST_SEVERITY_CHANGE": 0.024452440440654755,
    "WEIGHTED_RESOURCE_SCORE": 0.012636302970349789,
    "INFORMATION_GAINED": 0.008020203560590744,
    "treatment": 0.03240811079740524,
    "category": 0.01888223923742771
}