{
    "intent": 0.18347686529159546,
    "directness_of_causality": 0.08688178658485413,
    "treating": 0.17337240278720856,
    "treatment": 0.01831146888434887,
    "SEVERITY": 0.06757787615060806,
    "AVERAGE_TIME_USED": 0.09958707541227341,
    "SEVERITY_CHANGE": 0.01839544251561165,
    "SMOL_MEDICAL_SOUNDNESS": 0.352397084236145
}