{
    "age": 0.1132810190320015,
    "tagged": 0.13861626386642456,
    "conscious": 0.20138856768608093,
    "breathing": 0.028178110718727112,
    "environment_type": 0.035674408078193665,
    "tagging": 0.02001233771443367,
    "category": 0.03149162232875824,
    "One-Bounce Priority": 0.017187468707561493,
    "pDeath": 0.05543435364961624,
    "pPain": 0.009107290767133236,
    "SEVERITY": 0.04484056681394577,
    "SUPPLIES_REMAINING": 0.006347212474793196,
    "AVERAGE_TIME_USED": 0.053691454231739044,
    "DAMAGE_PER_SECOND": 0.15205484628677368,
    "MEDSIM_P_DEATH": 0.011196033097803593,
    "MEDSIM_P_DEATH_ONE_MIN_LATER": 0.007177590858191252,
    "SMOL_MEDICAL_SOUNDNESS": 0.03580009564757347,
    "treatment": 0.038520872592926025
}