{
    "intent": 0.015393017791211605,
    "directness_of_causality": 0.22991244494915009,
    "aid_available": 0.21175219118595123,
    "treating": 0.2978516221046448,
    "SUPPLIES_USED": 0.2253665030002594,
    "SEVEREST_SEVERITY_CHANGE": 0.019724227488040924
}