{
    "age": 0.00173540401738137,
    "tagged": 0.03949423134326935,
    "conscious": 0.000845494563691318,
    "breathing": 0.00401310482993722,
    "hrpmin": 0.00601640809327364,
    "unvisited_count": 0.005258527118712664,
    "injured_count": 0.003816070966422558,
    "environment_type": 0.002910519251599908,
    "questioning": 0.1799222230911255,
    "assessing": 0.1616511195898056,
    "tagging": 0.17089517414569855,
    "leaving": 0.2691676914691925,
    "HRA Strategy.time-resources.take-the-best": 0.00244968943297863,
    "Satisfactory Priority": 0.003070086007937789,
    "One-Bounce Priority": 0.020282762125134468,
    "pDeath": 0.001588160521350801,
    "pPain": 0.007709445897489786,
    "pAirwayBlocked": 0.0004069386632181704,
    "pInternalBleeding": 0.005022246390581131,
    "pExternalBleeding": 0.015277117490768433,
    "entropy": 0.010003099218010902,
    "SEVERITY": 0.0013312924420461059,
    "AVERAGE_TIME_USED": 0.008039054460823536,
    "MEDSIM_P_DEATH": 0.006705855950713158,
    "MEDSIM_P_DEATH_ONE_MIN_LATER": 0.0018287996063008904,
    "WEIGHTED_RESOURCE_SCORE": 0.0009783298010006547,
    "SMOL_MEDICAL_SOUNDNESS": 0.0011180740548297763,
    "INFORMATION_GAINED": 0.01907520182430744,
    "treatment": 0.04260050505399704,
    "category": 0.00678742490708828
}