{
    "age": 0.004883970133960247,
    "tagged": 0.027592431753873825,
    "visited": 0.0012729722075164318,
    "conscious": 0.0012834358494728804,
    "breathing": 0.006006644573062658,
    "hrpmin": 0.0017978139221668243,
    "avpu": 0.0016807445790618658,
    "unvisited_count": 0.01114734634757042,
    "injured_count": 0.010464786551892757,
    "environment_type": 0.0007103568059392273,
    "questioning": 0.1353345364332199,
    "assessing": 0.14732341468334198,
    "tagging": 0.15958330035209656,
    "leaving": 0.3545237183570862,
    "HRA Strategy.time-resources.take-the-best": 0.001671328442171216,
    "HRA Strategy.time-system.one-bounce": 0.00020709563978016376,
    "Satisfactory Priority": 0.002995314309373498,
    "One-Bounce Priority": 0.02022000029683113,
    "pDeath": 0.002283108653500676,
    "pPain": 0.00408692704513669,
    "pBrainInjury": 0.0035732227843254805,
    "pAirwayBlocked": 0.004353086929768324,
    "pInternalBleeding": 0.005236468743532896,
    "pExternalBleeding": 0.012903579510748386,
    "entropy": 0.007872654125094414,
    "entropyDeath": 0.013386606238782406,
    "SEVERITY": 0.003358387155458331,
    "AVERAGE_TIME_USED": 0.0032398796174675226,
    "MEDSIM_P_DEATH": 0.0073380134999752045,
    "MEDSIM_P_DEATH_ONE_MIN_LATER": 0.0009555969154462218,
    "SEVEREST_SEVERITY": 0.0030134927947074175,
    "WEIGHTED_RESOURCE_SCORE": 0.001227790373377502,
    "INFORMATION_GAINED": 0.003434439655393362,
    "treatment": 0.02936515025794506,
    "category": 0.0056723966263234615
}