{
    "age": 0.012777633965015411,
    "tagged": 0.05000685527920723,
    "visited": 0.011930935084819794,
    "breathing": 0.00862539280205965,
    "hrpmin": 0.019106043502688408,
    "unvisited_count": 0.011182774789631367,
    "injured_count": 0.009587563574314117,
    "environment_type": 0.007284591440111399,
    "questioning": 0.2749791443347931,
    "assessing": 0.24480940401554108,
    "tagging": 0.12970253825187683,
    "leaving": 0.020325100049376488,
    "One-Bounce Priority": 0.024724554270505905,
    "pPain": 0.006156278774142265,
    "pBrainInjury": 0.0068683321587741375,
    "pAirwayBlocked": 0.006673548370599747,
    "pInternalBleeding": 0.00895039550960064,
    "pExternalBleeding": 0.012409530580043793,
    "entropy": 0.009361058473587036,
    "entropyDeath": 0.02470874972641468,
    "SEVERITY": 0.008121603168547153,
    "AVERAGE_TIME_USED": 0.009524928405880928,
    "SMOL_MEDICAL_SOUNDNESS": 0.005112409591674805,
    "INFORMATION_GAINED": 0.031258419156074524,
    "treatment": 0.03447723761200905,
    "category": 0.011334995739161968
}