{
    "age": 0.005534324795007706,
    "tagged": 0.04031849652528763,
    "visited": 0.002455061534419656,
    "conscious": 0.0007321405573748052,
    "breathing": 0.006942165084183216,
    "hrpmin": 0.0034436776768416166,
    "avpu": 0.0018122806213796139,
    "unvisited_count": 0.01027490571141243,
    "injured_count": 0.01208654884248972,
    "environment_type": 0.0015703871613368392,
    "questioning": 0.19854213297367096,
    "assessing": 0.14594562351703644,
    "tagging": 0.1648988574743271,
    "leaving": 0.23102502524852753,
    "HRA Strategy.time-resources.take-the-best": 0.0014263620832934976,
    "HRA Strategy.resources-system.take-the-best": 0.0009910807712003589,
    "Take-The-Best Priority": 0.005336808040738106,
    "Satisfactory Priority": 0.005187371280044317,
    "One-Bounce Priority": 0.02057335339486599,
    "pDeath": 0.0030999204609543085,
    "pPain": 0.007426791358739138,
    "pBrainInjury": 0.002027474343776703,
    "pAirwayBlocked": 0.004782441072165966,
    "pInternalBleeding": 0.004710401874035597,
    "pExternalBleeding": 0.005187223665416241,
    "entropy": 0.006244216579943895,
    "entropyDeath": 0.007270687259733677,
    "SEVERITY": 0.0023044743575155735,
    "SUPPLIES_REMAINING": 0.0006052358075976372,
    "AVERAGE_TIME_USED": 0.004176985938102007,
    "DAMAGE_PER_SECOND": 0.000753876636736095,
    "MEDSIM_P_DEATH": 0.005199637729674578,
    "MEDSIM_P_DEATH_ONE_MIN_LATER": 0.0007489646668545902,
    "SEVERITY_CHANGE": 0.000652577611617744,
    "SEVEREST_SEVERITY": 0.0029999371618032455,
    "WEIGHTED_RESOURCE_SCORE": 0.002036420162767172,
    "SMOL_MEDICAL_SOUNDNESS": 0.0014140739804133773,
    "INFORMATION_GAINED": 0.03744012862443924,
    "treatment": 0.03382795676589012,
    "category": 0.007993921637535095
}