{
    "questioning": 0.35272738337516785,
    "assessing": 0.3784593641757965,
    "tagging": 0.04683234542608261,
    "leaving": 0.1865844577550888,
    "One-Bounce Priority": 0.01534928660839796,
    "treatment": 0.020047128200531006
}