{
    "age": 0.03215023875236511,
    "tagged": 0.04651418700814247,
    "visited": 0.0014523223508149385,
    "conscious": 0.0008989403140731156,
    "breathing": 0.005510260816663504,
    "hrpmin": 0.005810617469251156,
    "avpu": 0.0015958365984261036,
    "unvisited_count": 0.02847430855035782,
    "injured_count": 0.036406807601451874,
    "environment_type": 0.02166827581822872,
    "questioning": 0.08669935166835785,
    "assessing": 0.19417548179626465,
    "treating": 0.0014754884177818894,
    "tagging": 0.16755680739879608,
    "category": 0.014263283461332321,
    "HRA Strategy.time-resources.take-the-best": 0.0018998762825503945,
    "HRA Strategy.time-system.exhaustive": 0.0006614315207116306,
    "HRA Strategy.time-system.tallying": 0.017516499385237694,
    "HRA Strategy.resources-system.take-the-best": 0.0007394849671982229,
    "HRA Strategy.resources-system.exhaustive": 0.009210275486111641,
    "Satisfactory Priority": 0.003043304430320859,
    "One-Bounce Priority": 0.06469593197107315,
    "pDeath": 0.016137389466166496,
    "pPain": 0.00943470373749733,
    "pBrainInjury": 0.003378332359716296,
    "pAirwayBlocked": 0.02788255736231804,
    "pInternalBleeding": 0.0005635464331135154,
    "entropy": 0.0023510444443672895,
    "entropyDeath": 0.0019829694647341967,
    "SEVERITY": 0.004122251179069281,
    "SUPPLIES_REMAINING": 0.0013150585582479835,
    "AVERAGE_TIME_USED": 0.010809583589434624,
    "DAMAGE_PER_SECOND": 0.0018201341154053807,
    "MEDSIM_P_DEATH_ONE_MIN_LATER": 0.003620873438194394,
    "SEVERITY_CHANGE": 0.004517185501754284,
    "SEVEREST_SEVERITY": 0.0011446586577221751,
    "WEIGHTED_RESOURCE_SCORE": 0.04701366275548935,
    "INFORMATION_GAINED": 0.07131534814834595,
    "treatment": 0.05017169564962387
}