{
    "age": 0.13161277770996094,
    "tagged": 0.12746630609035492,
    "conscious": 0.15032993257045746,
    "breathing": 0.025985581800341606,
    "environment_type": 0.03897549584507942,
    "tagging": 0.026815233752131462,
    "category": 0.036139827221632004,
    "One-Bounce Priority": 0.029042158275842667,
    "pDeath": 0.05019902065396309,
    "pPain": 0.011692419648170471,
    "SEVERITY": 0.042210571467876434,
    "AVERAGE_TIME_USED": 0.04319616034626961,
    "DAMAGE_PER_SECOND": 0.17800107598304749,
    "MEDSIM_P_DEATH": 0.0012612964492291212,
    "MEDSIM_P_DEATH_ONE_MIN_LATER": 0.011358210816979408,
    "SMOL_MEDICAL_SOUNDNESS": 0.05315929278731346,
    "treatment": 0.0425545908510685
}