{
    "tagged": 4.8022953706094995e-05,
    "mental_status": 0.00690865982323885,
    "breathing": 0.00015934785187710077,
    "hrpmin": 3.795481825363822e-05,
    "avpu": 0.00012982806947547942,
    "intent": 0.036427319049835205,
    "directness_of_causality": 0.18229793012142181,
    "aid_available": 0.14274051785469055,
    "treating": 0.2357049286365509,
    "HRA Strategy.time-risk_reward_ratio.one-bounce": 0.0006939678569324315,
    "HRA Strategy.risk_reward_ratio-system.one-bounce": 0.0012438679113984108,
    "HRA Strategy.resources-risk_reward_ratio-system.one-bounce": 0.0011617970885708928,
    "HRA Strategy.time-resources-risk_reward_ratio-system.one-bounce": 0.0003510498208925128,
    "Take-The-Best Priority": 0.0016220038523897529,
    "Satisfactory Priority": 0.0009477634448558092,
    "One-Bounce Priority": 0.0004773741529788822,
    "pDeath": 0.0006841837894171476,
    "pPain": 9.065915219252929e-05,
    "pBrainInjury": 0.00036207519588060677,
    "pAirwayBlocked": 0.00032430983264930546,
    "pInternalBleeding": 0.0003424544120207429,
    "pExternalBleeding": 0.0001137501749326475,
    "entropy": 1.2361216249701101e-05,
    "SEVERITY": 0.006912496406584978,
    "SUPPLIES_REMAINING": 0.0015238163759931922,
    "AVERAGE_TIME_USED": 0.00434004096314311,
    "SEVERITY_CHANGE": 4.757447823067196e-05,
    "SUPPLIES_USED": 0.20513594150543213,
    "SEVEREST_SEVERITY": 2.6255047487211414e-05,
    "SEVEREST_SEVERITY_CHANGE": 0.0008633063989691436,
    "WEIGHTED_RESOURCE_SCORE": 0.0005628595245070755,
    "SMOL_MEDICAL_SOUNDNESS": 0.16694426536560059,
    "treatment": 0.0007614349597133696
}