{
    "tagged": 0.010213618166744709,
    "breathing": 0.03034229762852192,
    "intent": 0.024285607039928436,
    "directness_of_causality": 0.07428791373968124,
    "injured_count": 0.29033586382865906,
    "aid_available": 0.08588023483753204,
    "treating": 0.17182743549346924,
    "SEVERITY": 0.02920605055987835,
    "AVERAGE_TIME_USED": 0.025036826729774475,
    "SUPPLIES_USED": 0.13205166161060333,
    "SMOL_MEDICAL_SOUNDNESS": 0.12653253972530365
}