age,tagged,visited,relationship,breathing,hrpmin,avpu,unvisited_count,injured_count,environment_type,questioning,assessing,tagging,leaving,HRA Strategy.time-resources.take-the-best,pDeath,pPain,pBrainInjury,pAirwayBlocked,pInternalBleeding,pExternalBleeding,entropy,entropyDeath,SEVERITY,SUPPLIES_REMAINING,AVERAGE_TIME_USED,MEDSIM_P_DEATH,MEDSIM_P_DEATH_ONE_MIN_LATER,SEVEREST_SEVERITY_CHANGE,treatment,category
0.13645131886005402,0.05610479786992073,0.004593815188854933,0.09513355791568756,0.02242489531636238,0.006133699323982,0.006177014671266079,0.004128782544285059,0.02931639738380909,0.004205405246466398,0.0929136797785759,0.17356570065021515,0.059079188853502274,0.1245635449886322,0.0015742522664368153,0.008657627739012241,0.013250859454274178,0.006548844277858734,0.012720277532935143,0.006666729226708412,0.011095796711742878,0.013402337208390236,0.010186739265918732,0.002343858825042844,0.020578229799866676,0.005004043225198984,0.007511646952480078,0.002329066162928939,0.004048739094287157,0.042757123708724976,0.01653188094496727
