{
    "age": 0.004486681893467903,
    "tagged": 0.02690877951681614,
    "visited": 0.0018279767828062177,
    "conscious": 0.0009644004167057574,
    "breathing": 0.005138978362083435,
    "hrpmin": 0.0032029321882873774,
    "avpu": 0.001784900319762528,
    "unvisited_count": 0.004301167093217373,
    "injured_count": 0.010540307499468327,
    "environment_type": 0.0021280969958752394,
    "questioning": 0.11574482917785645,
    "assessing": 0.14476680755615234,
    "treating": 0.0004028400871902704,
    "tagging": 0.23677265644073486,
    "leaving": 0.30507591366767883,
    "HRA Strategy.time-resources.take-the-best": 0.0020568682812154293,
    "HRA Strategy.time-risk_reward_ratio.take-the-best": 0.002969164866954088,
    "HRA Strategy.time-system.exhaustive": 0.0030427335295826197,
    "HRA Strategy.resources-system.take-the-best": 0.00044433469884097576,
    "HRA Strategy.resources-system.exhaustive": 0.0001720868021948263,
    "HRA Strategy.risk_reward_ratio-system.exhaustive": 0.003318280214443803,
    "HRA Strategy.time-resources-system.exhaustive": 0.0013664280995726585,
    "Satisfactory Priority": 0.003276306204497814,
    "One-Bounce Priority": 0.012147562578320503,
    "pDeath": 0.0011673001572489738,
    "pPain": 0.007999958470463753,
    "pBrainInjury": 0.002766238758340478,
    "pAirwayBlocked": 0.007147548254579306,
    "pInternalBleeding": 0.0048016952350735664,
    "pExternalBleeding": 0.005916869733482599,
    "entropy": 0.01216658391058445,
    "entropyDeath": 0.0019436809234321117,
    "SEVERITY": 0.0028805783949792385,
    "SUPPLIES_REMAINING": 0.0005673500127159059,
    "AVERAGE_TIME_USED": 0.0064607844687998295,
    "DAMAGE_PER_SECOND": 0.00027350406162440777,
    "MEDSIM_P_DEATH": 0.003242074279114604,
    "MEDSIM_P_DEATH_ONE_MIN_LATER": 0.0005052444175817072,
    "SEVEREST_SEVERITY": 0.002341289073228836,
    "WEIGHTED_RESOURCE_SCORE": 0.0016675718361511827,
    "INFORMATION_GAINED": 0.0035652003716677427,
    "treatment": 0.03531774878501892,
    "category": 0.0064276643097400665
}