{
    "age": 0.01035802997648716,
    "tagged": 0.030228035524487495,
    "visited": 0.009998607449233532,
    "breathing": 0.006313360761851072,
    "hrpmin": 0.01413689460605383,
    "avpu": 0.005424933508038521,
    "unvisited_count": 0.0029780459590256214,
    "injured_count": 0.017258135601878166,
    "environment_type": 0.0015857048565521836,
    "questioning": 0.15057574212551117,
    "assessing": 0.20065392553806305,
    "tagging": 0.16629792749881744,
    "leaving": 0.1507323980331421,
    "HRA Strategy.time-resources.take-the-best": 0.003441234352067113,
    "HRA Strategy.resources-system.take-the-best": 0.000936157361138612,
    "HRA Strategy.resources-system.exhaustive": 0.004858097061514854,
    "Satisfactory Priority": 0.006396516691893339,
    "One-Bounce Priority": 0.042498938739299774,
    "pDeath": 0.011987767182290554,
    "pPain": 0.005169259384274483,
    "pBrainInjury": 0.0011921204859390855,
    "pAirwayBlocked": 0.0022902912460267544,
    "pInternalBleeding": 0.0057927705347537994,
    "pExternalBleeding": 0.005759401712566614,
    "entropy": 0.010292724706232548,
    "entropyDeath": 0.003354956628754735,
    "SEVERITY": 0.0024245143868029118,
    "AVERAGE_TIME_USED": 0.0025673238560557365,
    "DAMAGE_PER_SECOND": 0.0015538911102339625,
    "MEDSIM_P_DEATH": 0.009330828674137592,
    "WEIGHTED_RESOURCE_SCORE": 0.008927344344556332,
    "INFORMATION_GAINED": 0.05136454477906227,
    "treatment": 0.045803312212228775,
    "category": 0.007516301702708006
}