{
    "tagged": 0.017653152346611023,
    "questioning": 0.2833940386772156,
    "assessing": 0.33617568016052246,
    "tagging": 0.10411826521158218,
    "leaving": 0.10037942230701447,
    "One-Bounce Priority": 0.05115479230880737,
    "pExternalBleeding": 0.00798511691391468,
    "AVERAGE_TIME_USED": 0.00619438337162137,
    "INFORMATION_GAINED": 0.042180441319942474,
    "treatment": 0.032590534538030624,
    "category": 0.01817428506910801
}