{
    "mental_status": 3.656017725006677e-05,
    "intent": 0.04652285575866699,
    "directness_of_causality": 0.18890561163425446,
    "aid_available": 0.15695272386074066,
    "treating": 0.25511252880096436,
    "HRA Strategy.time-risk_reward_ratio.one-bounce": 0.0005329710547812283,
    "HRA Strategy.risk_reward_ratio-system.one-bounce": 0.0018245603423565626,
    "HRA Strategy.resources-risk_reward_ratio-system.one-bounce": 0.0007739157881587744,
    "HRA Strategy.time-resources-risk_reward_ratio-system.one-bounce": 0.00036252953577786684,
    "Take-The-Best Priority": 0.0003273358743172139,
    "Satisfactory Priority": 0.0005974301602691412,
    "One-Bounce Priority": 0.00023478099319618195,
    "pDeath": 5.209433220443316e-05,
    "pBrainInjury": 0.0008517999667674303,
    "pInternalBleeding": 0.0004804569180123508,
    "entropyDeath": 0.0002338561025680974,
    "SEVERITY": 0.0027623013593256474,
    "SUPPLIES_REMAINING": 0.0005835754564031959,
    "AVERAGE_TIME_USED": 0.023590777069330215,
    "DAMAGE_PER_SECOND": 0.00012920238077640533,
    "SEVERITY_CHANGE": 0.0002320124622201547,
    "SUPPLIES_USED": 0.19426317512989044,
    "SEVEREST_SEVERITY": 4.3213178287260234e-05,
    "WEIGHTED_RESOURCE_SCORE": 0.0011245094938203692,
    "SMOL_MEDICAL_SOUNDNESS": 0.09032435715198517,
    "treatment": 0.033144913613796234
}