{
    "age": 0.052585020661354065,
    "tagged": 0.18227176368236542,
    "visited": 0.015255010686814785,
    "conscious": 0.03850406035780907,
    "breathing": 0.04739797115325928,
    "questioning": 0.2178592085838318,
    "assessing": 0.20981110632419586,
    "tagging": 0.05803108960390091,
    "HRA Strategy.time-resources.take-the-best": 0.01081800926476717,
    "pPain": 0.0156413447111845,
    "pAirwayBlocked": 0.022640366107225418,
    "entropy": 0.017936913296580315,
    "DAMAGE_PER_SECOND": 0.011631237342953682,
    "INFORMATION_GAINED": 0.018308699131011963,
    "treatment": 0.04986019432544708,
    "category": 0.03144796937704086
}