{
    "age": 0.12140635401010513,
    "assessing": 0.39987853169441223,
    "category": 0.13446013629436493,
    "MEDSIM_P_DEATH_ONE_MIN_LATER": 0.15149694681167603,
    "treatment": 0.1927579790353775
}