{
    "age": 0.02296324446797371,
    "tagged": 0.08082591742277145,
    "breathing": 0.014277148991823196,
    "hrpmin": 0.030661746859550476,
    "unvisited_count": 0.04781509190797806,
    "environment_type": 0.008857721462845802,
    "questioning": 0.21803969144821167,
    "assessing": 0.1958928257226944,
    "treating": 0.009932918474078178,
    "tagging": 0.12548552453517914,
    "One-Bounce Priority": 0.051279522478580475,
    "pPain": 0.011561489664018154,
    "pBrainInjury": 0.00889035314321518,
    "pAirwayBlocked": 0.01708255149424076,
    "pInternalBleeding": 0.015242308378219604,
    "pExternalBleeding": 0.01779741235077381,
    "entropy": 0.013103043660521507,
    "SEVERITY": 0.008248016238212585,
    "AVERAGE_TIME_USED": 0.01587870717048645,
    "WEIGHTED_RESOURCE_SCORE": 0.0112078245729208,
    "treatment": 0.05744846910238266,
    "category": 0.017508523538708687
}