{
    "age": 0.03035108745098114,
    "tagged": 0.03050670213997364,
    "visited": 0.018978364765644073,
    "conscious": 0.008076292462646961,
    "breathing": 0.009219345636665821,
    "avpu": 0.004922617692500353,
    "unvisited_count": 0.0011723798234015703,
    "injured_count": 0.08371971547603607,
    "environment_type": 0.019408416002988815,
    "questioning": 0.12211214751005173,
    "assessing": 0.2040267139673233,
    "tagging": 0.20101097226142883,
    "category": 0.009505239315330982,
    "HRA Strategy.time-resources.take-the-best": 0.0025198091752827168,
    "HRA Strategy.time-system.tallying": 0.0168918464332819,
    "HRA Strategy.time-system.one-bounce": 0.00013881428458262235,
    "HRA Strategy.resources-risk_reward_ratio.one-bounce": 6.46731787128374e-05,
    "HRA Strategy.resources-system.take-the-best": 0.0009631466818973422,
    "HRA Strategy.risk_reward_ratio-system.exhaustive": 0.0001119346052291803,
    "Take-The-Best Priority": 0.0005082670249976218,
    "Satisfactory Priority": 0.004107979126274586,
    "One-Bounce Priority": 0.01628820039331913,
    "pDeath": 0.008478423580527306,
    "pPain": 0.0018515633419156075,
    "pBrainInjury": 0.00435028038918972,
    "pAirwayBlocked": 0.00833017099648714,
    "pInternalBleeding": 0.022276367992162704,
    "pExternalBleeding": 0.006278890650719404,
    "entropy": 0.009911992587149143,
    "entropyDeath": 0.002687817206606269,
    "SEVERITY": 0.0045730057172477245,
    "SUPPLIES_REMAINING": 0.0007640764815732837,
    "AVERAGE_TIME_USED": 0.016603436321020126,
    "DAMAGE_PER_SECOND": 0.0011420374503359199,
    "MEDSIM_P_DEATH": 0.01567542925477028,
    "MEDSIM_P_DEATH_ONE_MIN_LATER": 0.0006151775596663356,
    "SEVERITY_CHANGE": 0.00039439473766833544,
    "SEVEREST_SEVERITY": 0.0009684308315627277,
    "SEVEREST_SEVERITY_CHANGE": 0.0001422241621185094,
    "WEIGHTED_RESOURCE_SCORE": 0.007838021963834763,
    "SMOL_MEDICAL_SOUNDNESS": 0.000873442564625293,
    "INFORMATION_GAINED": 0.06231314688920975,
    "treatment": 0.039326995611190796
}