{
    "age": 0.02831459231674671,
    "tagged": 0.16374531388282776,
    "breathing": 0.01668526418507099,
    "environment_type": 0.1178860291838646,
    "questioning": 0.1651788204908371,
    "tagging": 0.042661190032958984,
    "leaving": 0.15114039182662964,
    "category": 0.03727465867996216,
    "SEVERITY": 0.0157382283359766,
    "AVERAGE_TIME_USED": 0.06976714730262756,
    "DAMAGE_PER_SECOND": 0.04725773632526398,
    "treatment": 0.14435070753097534
}