{
    "age": 0.02635262906551361,
    "tagged": 0.011999600566923618,
    "visited": 0.007690500468015671,
    "conscious": 0.005749753210693598,
    "breathing": 0.009794816374778748,
    "avpu": 0.002236209576949477,
    "injured_count": 0.05619204044342041,
    "environment_type": 0.0059880041517317295,
    "questioning": 0.11490295082330704,
    "assessing": 0.20773589611053467,
    "tagging": 0.104571633040905,
    "category": 0.031141573563218117,
    "HRA Strategy.time-resources.take-the-best": 0.0012883597519248724,
    "HRA Strategy.time-resources.one-bounce": 0.00041000996134243906,
    "HRA Strategy.time-system.one-bounce": 0.011470840312540531,
    "HRA Strategy.resources-system.take-the-best": 0.0010813074186444283,
    "Satisfactory Priority": 0.012809802778065205,
    "pDeath": 0.003309550927951932,
    "pPain": 0.0024159669410437346,
    "pAirwayBlocked": 0.0014151737559586763,
    "pInternalBleeding": 0.005161507520824671,
    "pExternalBleeding": 0.014906133525073528,
    "entropy": 0.033238738775253296,
    "entropyDeath": 0.0006284796399995685,
    "SEVERITY": 0.0032659326680004597,
    "SUPPLIES_REMAINING": 0.0004872599965892732,
    "AVERAGE_TIME_USED": 0.0030579788144677877,
    "DAMAGE_PER_SECOND": 0.040961332619190216,
    "MEDSIM_P_DEATH": 0.006961322855204344,
    "MEDSIM_P_DEATH_ONE_MIN_LATER": 0.005623605102300644,
    "SEVERITY_CHANGE": 0.0007097620400600135,
    "SEVEREST_SEVERITY": 0.002695868257433176,
    "SEVEREST_SEVERITY_CHANGE": 0.19436293840408325,
    "WEIGHTED_RESOURCE_SCORE": 0.0039110551588237286,
    "SMOL_MEDICAL_SOUNDNESS": 0.02793164923787117,
    "INFORMATION_GAINED": 0.013819216750562191,
    "treatment": 0.02372058294713497
}