{
    "tagged": 3.984769864473492e-05,
    "conscious": 0.000452622800366953,
    "mental_status": 0.000788993202149868,
    "breathing": 0.07995466142892838,
    "hrpmin": 2.9305432690307498e-05,
    "avpu": 4.2455380025785416e-05,
    "intent": 0.044305507093667984,
    "directness_of_causality": 0.179551899433136,
    "aid_available": 0.15605980157852173,
    "treating": 0.26499608159065247,
    "HRA Strategy.time-resources.take-the-best": 0.005550811532884836,
    "HRA Strategy.resources-risk_reward_ratio.one-bounce": 0.028497979044914246,
    "HRA Strategy.resources-system.take-the-best": 0.025583036243915558,
    "HRA Strategy.risk_reward_ratio-system.one-bounce": 0.0011219512671232224,
    "HRA Strategy.resources-risk_reward_ratio-system.one-bounce": 0.0011882454855367541,
    "HRA Strategy.time-resources-risk_reward_ratio-system.one-bounce": 0.0006779349059797823,
    "Take-The-Best Priority": 0.00022364493634086102,
    "Satisfactory Priority": 0.0010328134521842003,
    "One-Bounce Priority": 0.0006000110297463834,
    "pDeath": 5.215411147219129e-05,
    "pPain": 4.0667044231668115e-05,
    "pBrainInjury": 0.0005075150402262807,
    "pAirwayBlocked": 0.0003835536481346935,
    "pInternalBleeding": 0.0002729245461523533,
    "entropyDeath": 0.0017053912160918117,
    "SEVERITY": 0.002850135788321495,
    "SUPPLIES_REMAINING": 0.0014049399178475142,
    "AVERAGE_TIME_USED": 0.01464235968887806,
    "DAMAGE_PER_SECOND": 0.0007396606961265206,
    "MEDSIM_P_DEATH": 0.00035769352689385414,
    "SEVERITY_CHANGE": 0.0003871337976306677,
    "SUPPLIES_USED": 0.18327367305755615,
    "SEVEREST_SEVERITY": 0.00012654357124119997,
    "SEVEREST_SEVERITY_CHANGE": 0.0006693558534607291,
    "WEIGHTED_RESOURCE_SCORE": 0.0014822320081293583,
    "treatment": 0.00040644643013365567
}