{
    "age": 0.002241953508928418,
    "tagged": 0.035257842391729355,
    "breathing": 0.005488064605742693,
    "unvisited_count": 0.006869958247989416,
    "questioning": 0.24935585260391235,
    "assessing": 0.2864975929260254,
    "tagging": 0.2558753490447998,
    "One-Bounce Priority": 0.01486077532172203,
    "pDeath": 0.007962598465383053,
    "pPain": 0.0033639096654951572,
    "pBrainInjury": 0.006087427027523518,
    "pAirwayBlocked": 0.0030715938191860914,
    "pInternalBleeding": 0.018333675339818,
    "pExternalBleeding": 0.005930093117058277,
    "entropy": 0.010962639935314655,
    "entropyDeath": 0.007409506011754274,
    "AVERAGE_TIME_USED": 0.014298309572041035,
    "MEDSIM_P_DEATH": 0.004404810257256031,
    "INFORMATION_GAINED": 0.02307923324406147,
    "treatment": 0.03227628767490387,
    "category": 0.006372531875967979
}