{
    "intent": 0.03377007693052292,
    "directness_of_causality": 0.1880263388156891,
    "aid_available": 0.18996621668338776,
    "treating": 0.3186352550983429,
    "AVERAGE_TIME_USED": 0.018814396113157272,
    "SUPPLIES_USED": 0.23391680419445038,
    "treatment": 0.016870874911546707
}