{
    "mental_status": 0.020945344120264053,
    "breathing": 0.05794467031955719,
    "intent": 0.5748881101608276,
    "directness_of_causality": 0.09394854307174683,
    "treating": 0.19529366493225098,
    "SEVERITY": 0.021635159850120544,
    "SUPPLIES_USED": 0.03534453734755516
}