{
    "age": 0.01103898324072361,
    "tagged": 0.03638388216495514,
    "conscious": 0.0005866590072400868,
    "breathing": 0.007650572340935469,
    "hrpmin": 0.006276082247495651,
    "avpu": 0.006065528839826584,
    "unvisited_count": 0.006588722113519907,
    "environment_type": 0.002848969539627433,
    "questioning": 0.13694246113300323,
    "assessing": 0.15171541273593903,
    "treating": 0.002829098841175437,
    "tagging": 0.1805245578289032,
    "leaving": 0.25414586067199707,
    "HRA Strategy.time-resources.take-the-best": 0.0025300001725554466,
    "HRA Strategy.time-system.exhaustive": 0.007429506629705429,
    "HRA Strategy.resources-system.take-the-best": 0.0017034184420481324,
    "HRA Strategy.resources-system.exhaustive": 0.0026941432151943445,
    "Satisfactory Priority": 0.0018105435883626342,
    "One-Bounce Priority": 0.027623528614640236,
    "pDeath": 0.005898662377148867,
    "pPain": 0.010932705365121365,
    "pBrainInjury": 0.0031948015093803406,
    "pAirwayBlocked": 0.010372631251811981,
    "pInternalBleeding": 0.010143001563847065,
    "pExternalBleeding": 0.005612340290099382,
    "entropy": 0.007890294305980206,
    "entropyDeath": 0.0075612543150782585,
    "SEVERITY": 0.0031701726838946342,
    "SUPPLIES_REMAINING": 0.0006759535172022879,
    "AVERAGE_TIME_USED": 0.007667564786970615,
    "MEDSIM_P_DEATH": 0.008471452631056309,
    "MEDSIM_P_DEATH_ONE_MIN_LATER": 0.001643253955990076,
    "SEVEREST_SEVERITY_CHANGE": 0.0013448612298816442,
    "WEIGHTED_RESOURCE_SCORE": 0.0031506565865129232,
    "SMOL_MEDICAL_SOUNDNESS": 0.003165819216519594,
    "INFORMATION_GAINED": 0.01830754429101944,
    "treatment": 0.03459782898426056,
    "category": 0.008811257779598236
}