{
    "tagged": 0.0036350481677800417,
    "mental_status": 1.6152229363797233e-05,
    "breathing": 0.0010811310494318604,
    "intent": 0.0038959961384534836,
    "directness_of_causality": 0.13939735293388367,
    "unvisited_count": 0.0001480873761465773,
    "injured_count": 0.0009224622626788914,
    "aid_available": 0.13770298659801483,
    "treating": 0.2716892957687378,
    "HRA Strategy.risk_reward_ratio-system.one-bounce": 0.0012924735201522708,
    "HRA Strategy.time-resources-system.one-bounce": 0.0003652045561466366,
    "HRA Strategy.time-resources-risk_reward_ratio-system.one-bounce": 0.00026390666607767344,
    "Take-The-Best Priority": 0.00020098795357625932,
    "Satisfactory Priority": 0.00113540212623775,
    "pDeath": 8.443724254902918e-06,
    "pPain": 2.5613655452616513e-05,
    "pBrainInjury": 3.448997449595481e-05,
    "pAirwayBlocked": 2.8273032512515783e-05,
    "pInternalBleeding": 6.255749758565798e-05,
    "pExternalBleeding": 6.329834286589175e-05,
    "entropyDeath": 0.00010813704284373671,
    "SEVERITY": 0.0260466281324625,
    "SUPPLIES_REMAINING": 0.00083954818546772,
    "AVERAGE_TIME_USED": 0.004687319975346327,
    "SEVERITY_CHANGE": 0.00014379537606146187,
    "SUPPLIES_USED": 0.191704660654068,
    "SEVEREST_SEVERITY": 0.0005773601005785167,
    "WEIGHTED_RESOURCE_SCORE": 0.0007350890664383769,
    "SMOL_MEDICAL_SOUNDNESS": 0.18124651908874512,
    "treatment": 0.031941745430231094
}