{
    "conscious": 0.011528551578521729,
    "intent": 0.027568642050027847,
    "directness_of_causality": 0.15116706490516663,
    "aid_available": 0.20159317553043365,
    "treating": 0.30080723762512207,
    "HRA Strategy.time-resources.take-the-best": 0.021184807643294334,
    "HRA Strategy.resources-system.take-the-best": 0.02279306948184967,
    "SUPPLIES_REMAINING": 0.016201097518205643,
    "SUPPLIES_USED": 0.16827161610126495,
    "SEVEREST_SEVERITY_CHANGE": 0.06283873319625854,
    "SMOL_MEDICAL_SOUNDNESS": 0.01604601740837097
}