{
    "breathing": 0.019116653129458427,
    "intent": 0.19556383788585663,
    "directness_of_causality": 0.06440836191177368,
    "aid_available": 0.09534938633441925,
    "treating": 0.22447088360786438,
    "pInternalBleeding": 0.007713552564382553,
    "MEDSIM_P_DEATH_ONE_MIN_LATER": 0.16547639667987823,
    "SUPPLIES_USED": 0.0638156309723854,
    "SEVEREST_SEVERITY_CHANGE": 0.019097691401839256,
    "SMOL_MEDICAL_SOUNDNESS": 0.14498761296272278
}