{
    "intent": 0.18952228128910065,
    "directness_of_causality": 0.07224152237176895,
    "aid_available": 0.13522472977638245,
    "treating": 0.30813708901405334,
    "treatment": 0.09021691232919693,
    "SUPPLIES_USED": 0.2046574205160141
}