{
    "age": 0.016048124060034752,
    "tagged": 0.03304749354720116,
    "breathing": 0.005898027680814266,
    "hrpmin": 0.022586483508348465,
    "injured_count": 0.03253070265054703,
    "questioning": 0.18030628561973572,
    "assessing": 0.17480608820915222,
    "treating": 0.029810089617967606,
    "tagging": 0.15225332975387573,
    "leaving": 0.10162554681301117,
    "Satisfactory Priority": 0.012312048114836216,
    "One-Bounce Priority": 0.0443100742995739,
    "pPain": 0.00688703591004014,
    "pAirwayBlocked": 0.0041272141970694065,
    "pInternalBleeding": 0.0050997184589505196,
    "pExternalBleeding": 0.012456654570996761,
    "entropy": 0.010868323966860771,
    "entropyDeath": 0.0208194088190794,
    "AVERAGE_TIME_USED": 0.0065532554872334,
    "MEDSIM_P_DEATH": 0.007169442251324654,
    "SMOL_MEDICAL_SOUNDNESS": 0.007048135157674551,
    "INFORMATION_GAINED": 0.06305891275405884,
    "treatment": 0.037077397108078,
    "category": 0.013300208374857903
}