{
    "questioning": 0.30876705050468445,
    "assessing": 0.3542299270629883,
    "leaving": 0.3370029926300049
}