{
    "conscious": 0.0101934764534235,
    "mental_status": 0.004477246664464474,
    "breathing": 0.016966193914413452,
    "intent": 0.005679132882505655,
    "directness_of_causality": 0.1745285987854004,
    "aid_available": 0.15348650515079498,
    "treating": 0.21509766578674316,
    "HRA Strategy.time-resources.take-the-best": 0.0002893468481488526,
    "HRA Strategy.time-risk_reward_ratio.one-bounce": 5.3359886805992573e-05,
    "HRA Strategy.resources-risk_reward_ratio.one-bounce": 0.0015031099319458008,
    "HRA Strategy.resources-system.take-the-best": 0.0008483582641929388,
    "HRA Strategy.risk_reward_ratio-system.one-bounce": 0.0013341349549591541,
    "HRA Strategy.time-resources-risk_reward_ratio-system.one-bounce": 0.0002931387280113995,
    "Take-The-Best Priority": 0.009724794887006283,
    "Satisfactory Priority": 0.0006195604801177979,
    "pDeath": 0.0008710493566468358,
    "pBrainInjury": 0.0004480449133552611,
    "pAirwayBlocked": 0.0014875439228489995,
    "pInternalBleeding": 0.0002727838873397559,
    "entropyDeath": 0.001678543514572084,
    "SEVERITY": 0.03691473230719566,
    "SUPPLIES_REMAINING": 0.0005792169831693172,
    "AVERAGE_TIME_USED": 0.019058048725128174,
    "DAMAGE_PER_SECOND": 0.0022175461053848267,
    "SEVERITY_CHANGE": 0.0753626897931099,
    "SUPPLIES_USED": 0.18732327222824097,
    "SEVEREST_SEVERITY": 0.07610603421926498,
    "SMOL_MEDICAL_SOUNDNESS": 0.00108903122600168,
    "treatment": 0.00149688427336514
}