{
    "tagged": 0.017929362133145332,
    "questioning": 0.3186211884021759,
    "assessing": 0.36309871077537537,
    "tagging": 0.052162859588861465,
    "leaving": 0.19894446432590485,
    "One-Bounce Priority": 0.024810532107949257,
    "treatment": 0.024432862177491188
}