{
    "age": 0.2076636403799057,
    "tagged": 0.5116965174674988,
    "conscious": 0.014612097293138504,
    "category": 0.008328679017722607,
    "SEVERITY": 0.016672570258378983,
    "DAMAGE_PER_SECOND": 0.042970459908246994,
    "MEDSIM_P_DEATH_ONE_MIN_LATER": 0.04884552210569382,
    "WEIGHTED_RESOURCE_SCORE": 0.06959912180900574,
    "treatment": 0.0796113833785057
}