{
    "age": 0.02555624395608902,
    "visited": 0.09968527406454086,
    "conscious": 0.023281270638108253,
    "breathing": 0.018264446407556534,
    "hrpmin": 0.005385812371969223,
    "avpu": 0.005846573505550623,
    "unvisited_count": 0.031775929033756256,
    "injured_count": 0.04161657765507698,
    "environment_type": 0.009771490469574928,
    "questioning": 0.08712649345397949,
    "assessing": 0.13615016639232635,
    "tagging": 0.21235568821430206,
    "HRA Strategy.time-resources.take-the-best": 0.07525970786809921,
    "Satisfactory Priority": 0.007147983647882938,
    "One-Bounce Priority": 0.01713024079799652,
    "pDeath": 0.014914855360984802,
    "pPain": 0.02534361369907856,
    "pInternalBleeding": 0.015797678381204605,
    "pExternalBleeding": 0.015449199825525284,
    "entropy": 0.01671219989657402,
    "SEVERITY": 0.010560366325080395,
    "SUPPLIES_REMAINING": 0.007721956819295883,
    "AVERAGE_TIME_USED": 0.011102604679763317,
    "MEDSIM_P_DEATH": 0.005297116935253143,
    "treatment": 0.0682203471660614,
    "category": 0.012526128441095352
}