{
    "tagged": 0.022328510880470276,
    "intent": 0.012027878314256668,
    "directness_of_causality": 0.08964033424854279,
    "aid_available": 0.09394608438014984,
    "treating": 0.15224330127239227,
    "HRA Strategy.time-system.tallying": 0.007764101959764957,
    "pInternalBleeding": 0.011731060221791267,
    "entropyDeath": 0.0345388725399971,
    "SEVERITY": 0.004884585738182068,
    "AVERAGE_TIME_USED": 0.04296699911355972,
    "DAMAGE_PER_SECOND": 0.09712888300418854,
    "SUPPLIES_USED": 0.170514777302742,
    "SMOL_MEDICAL_SOUNDNESS": 0.2545827329158783,
    "treatment": 0.005701955873519182
}