{
    "age": 0.02172955870628357,
    "tagged": 0.30032145977020264,
    "conscious": 0.00435458542779088,
    "breathing": 0.004488111007958651,
    "hrpmin": 0.05965281277894974,
    "avpu": 0.0034687351435422897,
    "injured_count": 0.04774904623627663,
    "environment_type": 0.02024734579026699,
    "category": 0.016183186322450638,
    "HRA Strategy.time-resources.take-the-best": 0.03553324565291405,
    "Take-The-Best Priority": 0.015743441879749298,
    "One-Bounce Priority": 0.029699917882680893,
    "pDeath": 0.010645133443176746,
    "pPain": 0.014370721764862537,
    "pBrainInjury": 0.0014666876522824168,
    "pAirwayBlocked": 0.03676411882042885,
    "pInternalBleeding": 0.018362004309892654,
    "pExternalBleeding": 0.027713410556316376,
    "entropy": 0.03160801902413368,
    "entropyDeath": 0.02025880478322506,
    "SEVERITY": 0.012933175079524517,
    "SUPPLIES_REMAINING": 0.0013860301114618778,
    "AVERAGE_TIME_USED": 0.10533363372087479,
    "DAMAGE_PER_SECOND": 0.005762784741818905,
    "MEDSIM_P_DEATH": 0.006086181383579969,
    "MEDSIM_P_DEATH_ONE_MIN_LATER": 0.007150636985898018,
    "SEVEREST_SEVERITY": 0.008325504139065742,
    "WEIGHTED_RESOURCE_SCORE": 0.001361377420835197,
    "SMOL_MEDICAL_SOUNDNESS": 0.03700700402259827,
    "treatment": 0.09429324418306351
}