{
    "intent": 0.011528131552040577,
    "directness_of_causality": 0.2344038039445877,
    "treating": 0.5801902413368225,
    "treatment": 0.1345757097005844,
    "HRA Strategy.time-resources.take-the-best": 0.015951838344335556,
    "HRA Strategy.risk_reward_ratio-system.one-bounce": 0.002204958815127611,
    "Take-The-Best Priority": 0.004877479746937752,
    "Satisfactory Priority": 0.0056528192944824696,
    "entropyDeath": 0.0026151032652705908,
    "AVERAGE_TIME_USED": 0.007999956607818604
}