{
    "age": 0.010592061094939709,
    "tagged": 0.038395460695028305,
    "visited": 0.0059427120722830296,
    "breathing": 0.008037104271352291,
    "hrpmin": 0.019778750836849213,
    "avpu": 0.0034027674701064825,
    "unvisited_count": 0.008101868443191051,
    "injured_count": 0.006757552269846201,
    "environment_type": 0.00550414901226759,
    "questioning": 0.22838157415390015,
    "assessing": 0.24586711823940277,
    "tagging": 0.184980571269989,
    "leaving": 0.02017703466117382,
    "HRA Strategy.time-resources.take-the-best": 0.003172405529767275,
    "Satisfactory Priority": 0.002543809823691845,
    "One-Bounce Priority": 0.02027609571814537,
    "pDeath": 0.003942807670682669,
    "pPain": 0.00539499381557107,
    "pBrainInjury": 0.007325746584683657,
    "pAirwayBlocked": 0.004931814502924681,
    "pInternalBleeding": 0.009122153744101524,
    "pExternalBleeding": 0.004285942763090134,
    "entropy": 0.009115205146372318,
    "entropyDeath": 0.02247365564107895,
    "SEVERITY": 0.00866863876581192,
    "AVERAGE_TIME_USED": 0.010344505310058594,
    "MEDSIM_P_DEATH": 0.00801962148398161,
    "SEVERITY_CHANGE": 0.002225950127467513,
    "SMOL_MEDICAL_SOUNDNESS": 0.006613156292587519,
    "INFORMATION_GAINED": 0.04387662932276726,
    "treatment": 0.032222382724285126,
    "category": 0.009525694884359837
}