{
    "aid_available": 0.21164369583129883,
    "treating": 0.5704129934310913,
    "SUPPLIES_USED": 0.21794334053993225
}