{
    "age": 0.0068144123069942,
    "tagged": 0.021413294598460197,
    "breathing": 0.010520581156015396,
    "hrpmin": 0.012733944691717625,
    "injured_count": 0.03510162979364395,
    "questioning": 0.21435867249965668,
    "assessing": 0.26268506050109863,
    "tagging": 0.1187807098031044,
    "leaving": 0.18913421034812927,
    "One-Bounce Priority": 0.05026976019144058,
    "MEDSIM_P_DEATH": 0.005555399693548679,
    "INFORMATION_GAINED": 0.03084387257695198,
    "treatment": 0.029589565470814705,
    "category": 0.01219900231808424
}