{
    "age": 0.005764202680438757,
    "tagged": 0.04282780736684799,
    "visited": 0.002303419401869178,
    "conscious": 0.000599315797444433,
    "breathing": 0.006939695216715336,
    "hrpmin": 0.002958977362141013,
    "avpu": 0.0018238702323287725,
    "unvisited_count": 0.010260791517794132,
    "injured_count": 0.011061638593673706,
    "environment_type": 0.0014527550665661693,
    "questioning": 0.1677323877811432,
    "assessing": 0.14362964034080505,
    "treating": 0.0005981554859317839,
    "tagging": 0.19755493104457855,
    "leaving": 0.22707334160804749,
    "HRA Strategy.time-resources.take-the-best": 0.002223846735432744,
    "HRA Strategy.time-resources.one-bounce": 0.00017304848006460816,
    "HRA Strategy.time-system.exhaustive": 0.0004480782663449645,
    "HRA Strategy.time-system.tallying": 0.0005212575779296458,
    "HRA Strategy.time-system.one-bounce": 0.0005465005524456501,
    "HRA Strategy.resources-system.take-the-best": 0.001074761152267456,
    "HRA Strategy.resources-system.exhaustive": 0.000313323806039989,
    "Take-The-Best Priority": 0.007344134151935577,
    "Satisfactory Priority": 0.005495542194694281,
    "One-Bounce Priority": 0.019357729703187943,
    "pDeath": 0.0027974899858236313,
    "pPain": 0.006269990932196379,
    "pBrainInjury": 0.0021713206078857183,
    "pAirwayBlocked": 0.004991875495761633,
    "pInternalBleeding": 0.005836407653987408,
    "pExternalBleeding": 0.006742787081748247,
    "entropy": 0.006847849581390619,
    "entropyDeath": 0.006497372407466173,
    "SEVERITY": 0.0021699198987334967,
    "SUPPLIES_REMAINING": 0.000596116587985307,
    "AVERAGE_TIME_USED": 0.0032525446731597185,
    "DAMAGE_PER_SECOND": 0.0006811057101003826,
    "MEDSIM_P_DEATH": 0.006147278938442469,
    "MEDSIM_P_DEATH_ONE_MIN_LATER": 0.0006595954182557762,
    "SEVERITY_CHANGE": 0.0007359643350355327,
    "SEVEREST_SEVERITY": 0.0022853040136396885,
    "WEIGHTED_RESOURCE_SCORE": 0.001850964967161417,
    "SMOL_MEDICAL_SOUNDNESS": 0.002224639290943742,
    "INFORMATION_GAINED": 0.03188431262969971,
    "treatment": 0.03683227300643921,
    "category": 0.008445694111287594
}