{
    "category": 0.21486251056194305,
    "pBrainInjury": 0.251924067735672,
    "AVERAGE_TIME_USED": 0.2822854816913605,
    "DAMAGE_PER_SECOND": 0.2509279251098633
}