{
    "tagged": 0.017381757497787476,
    "breathing": 0.014790559187531471,
    "intent": 0.17306958138942719,
    "directness_of_causality": 0.11704274266958237,
    "aid_available": 0.036841969937086105,
    "treating": 0.19003458321094513,
    "HRA Strategy.resources-risk_reward_ratio.one-bounce": 0.027407275512814522,
    "HRA Strategy.resources-system.take-the-best": 0.06188672035932541,
    "AVERAGE_TIME_USED": 0.021903961896896362,
    "SUPPLIES_USED": 0.16988195478916168,
    "SMOL_MEDICAL_SOUNDNESS": 0.1697589010000229
}