{
    "age": 0.019874051213264465,
    "tagged": 0.0683634951710701,
    "visited": 0.0038636683020740747,
    "conscious": 0.004183074459433556,
    "breathing": 0.01067444309592247,
    "hrpmin": 0.017994152382016182,
    "avpu": 0.00199044868350029,
    "unvisited_count": 0.003317867871373892,
    "injured_count": 0.06062231585383415,
    "others_tagged_or_uninjured": 0.002264533657580614,
    "environment_type": 0.01321139931678772,
    "questioning": 0.1654987335205078,
    "assessing": 0.1700831651687622,
    "tagging": 0.18201345205307007,
    "category": 0.011575290001928806,
    "HRA Strategy.time-resources.take-the-best": 0.002577668521553278,
    "HRA Strategy.time-risk_reward_ratio.take-the-best": 0.009343785233795643,
    "HRA Strategy.time-system.exhaustive": 0.0009032394737005234,
    "Satisfactory Priority": 0.01885140873491764,
    "One-Bounce Priority": 0.03382153436541557,
    "pDeath": 0.002944940933957696,
    "pPain": 0.013477452099323273,
    "pBrainInjury": 0.0018103591864928603,
    "pAirwayBlocked": 0.02245391719043255,
    "pExternalBleeding": 0.0007045157835818827,
    "entropy": 0.008998559787869453,
    "entropyDeath": 0.0007588028092868626,
    "SEVERITY": 0.005279947072267532,
    "SUPPLIES_REMAINING": 0.0009149869438260794,
    "AVERAGE_TIME_USED": 0.0038325770292431116,
    "DAMAGE_PER_SECOND": 0.004706468898802996,
    "MEDSIM_P_DEATH": 0.006166434846818447,
    "MEDSIM_P_DEATH_ONE_MIN_LATER": 0.0022692184429615736,
    "SEVEREST_SEVERITY": 0.0014783994993194938,
    "WEIGHTED_RESOURCE_SCORE": 0.0006716815987601876,
    "SMOL_MEDICAL_SOUNDNESS": 0.007222781889140606,
    "INFORMATION_GAINED": 0.08239376544952393,
    "treatment": 0.032887522131204605
}