{
    "breathing": 0.024629147723317146,
    "intent": 0.2428300529718399,
    "directness_of_causality": 0.11748353391885757,
    "aid_available": 0.03063395991921425,
    "treating": 0.40710553526878357,
    "HRA Strategy.resources-risk_reward_ratio.one-bounce": 0.015084781683981419,
    "HRA Strategy.resources-system.take-the-best": 0.02821185439825058,
    "pDeath": 0.09406393021345139,
    "entropyDeath": 0.011406936682760715,
    "SUPPLIES_USED": 0.028550222516059875
}