{
    "age": 0.007862159982323647,
    "tagged": 0.016185762360692024,
    "breathing": 0.009322680532932281,
    "hrpmin": 0.010077739134430885,
    "injured_count": 0.034708403050899506,
    "questioning": 0.2362859696149826,
    "assessing": 0.24466323852539062,
    "tagging": 0.1683908998966217,
    "leaving": 0.144341379404068,
    "One-Bounce Priority": 0.054575156420469284,
    "INFORMATION_GAINED": 0.03250955417752266,
    "treatment": 0.030048860237002373,
    "category": 0.011028081178665161
}