{
    "age": 0.18947213888168335,
    "tagged": 0.0906997099518776,
    "category": 0.07947023212909698,
    "SEVERITY": 0.018944060429930687,
    "AVERAGE_TIME_USED": 0.016487019136548042,
    "DAMAGE_PER_SECOND": 0.21812313795089722,
    "MEDSIM_P_DEATH": 0.08870042115449905,
    "MEDSIM_P_DEATH_ONE_MIN_LATER": 0.04646550118923187,
    "SEVERITY_CHANGE": 0.010858326219022274,
    "treatment": 0.24077948927879333
}