{
    "age": 0.008550559170544147,
    "tagged": 0.02045915275812149,
    "breathing": 0.005899025127291679,
    "unvisited_count": 0.012498825788497925,
    "injured_count": 0.017593497410416603,
    "questioning": 0.24227014183998108,
    "assessing": 0.20882464945316315,
    "tagging": 0.12619847059249878,
    "leaving": 0.19909976422786713,
    "Satisfactory Priority": 0.0042566340416669846,
    "One-Bounce Priority": 0.03201483190059662,
    "pPain": 0.006304109003394842,
    "pAirwayBlocked": 0.003264049533754587,
    "pInternalBleeding": 0.006917758844792843,
    "pExternalBleeding": 0.011806637980043888,
    "entropy": 0.009261039085686207,
    "entropyDeath": 0.00412122393026948,
    "AVERAGE_TIME_USED": 0.005604289937764406,
    "MEDSIM_P_DEATH": 0.0063975779339671135,
    "INFORMATION_GAINED": 0.02677237056195736,
    "treatment": 0.03266090154647827,
    "category": 0.009224520064890385
}