{
    "conscious": 0.0006119792233221233,
    "mental_status": 0.00223529152572155,
    "breathing": 0.0009513606200926006,
    "avpu": 0.0122974943369627,
    "intent": 0.09473492205142975,
    "directness_of_causality": 0.08848192542791367,
    "aid_available": 0.06425634026527405,
    "treating": 0.10353486239910126,
    "HRA Strategy.time-resources.take-the-best": 0.0013298098929226398,
    "HRA Strategy.resources-system.take-the-best": 0.0006319754174910486,
    "HRA Strategy.risk_reward_ratio-system.one-bounce": 0.0009011076181195676,
    "HRA Strategy.time-resources-system.tallying": 0.0008016597130335867,
    "HRA Strategy.resources-risk_reward_ratio-system.one-bounce": 0.0009510854724794626,
    "pPain": 0.0011322790523990989,
    "pAirwayBlocked": 0.020956125110387802,
    "pInternalBleeding": 0.01118600182235241,
    "entropy": 0.01960519328713417,
    "SEVERITY": 0.03355260565876961,
    "SUPPLIES_REMAINING": 0.0010259089758619666,
    "AVERAGE_TIME_USED": 0.011201929301023483,
    "DAMAGE_PER_SECOND": 0.02560204640030861,
    "SUPPLIES_USED": 0.09725526720285416,
    "SEVEREST_SEVERITY": 0.028111180290579796,
    "WEIGHTED_RESOURCE_SCORE": 0.019841071218252182,
    "SMOL_MEDICAL_SOUNDNESS": 0.29220351576805115,
    "treatment": 0.06660705804824829
}