{
    "tagged": 0.010142765939235687,
    "conscious": 0.0010743297170847654,
    "mental_status": 0.009219075553119183,
    "breathing": 0.0013435017317533493,
    "hrpmin": 0.0002783192612696439,
    "intent": 0.008004380390048027,
    "directness_of_causality": 0.062115322798490524,
    "others_tagged_or_uninjured": 0.08492200821638107,
    "aid_available": 0.10322203487157822,
    "treating": 0.09758488088846207,
    "HRA Strategy.time-risk_reward_ratio.one-bounce": 0.022929025813937187,
    "HRA Strategy.time-system.one-bounce": 0.00047835527220740914,
    "HRA Strategy.resources-system.take-the-best": 0.016339033842086792,
    "HRA Strategy.risk_reward_ratio-system.one-bounce": 0.0008504773722961545,
    "HRA Strategy.time-resources-system.one-bounce": 0.0003706761635839939,
    "HRA Strategy.resources-risk_reward_ratio-system.one-bounce": 0.0004744472389575094,
    "HRA Strategy.time-resources-risk_reward_ratio-system.one-bounce": 0.0001986746647162363,
    "Take-The-Best Priority": 0.0034718061797320843,
    "Satisfactory Priority": 0.0007651765481568873,
    "pDeath": 0.005659214220941067,
    "pPain": 0.006149259861558676,
    "pAirwayBlocked": 0.00023080928076524287,
    "pInternalBleeding": 0.034966178238391876,
    "entropyDeath": 0.00018667067342903465,
    "SEVERITY": 0.0032770137768238783,
    "SUPPLIES_REMAINING": 0.0006678457139059901,
    "AVERAGE_TIME_USED": 0.005162321496754885,
    "DAMAGE_PER_SECOND": 0.03268256410956383,
    "MEDSIM_P_DEATH": 0.13776451349258423,
    "SUPPLIES_USED": 0.17283529043197632,
    "SEVEREST_SEVERITY_CHANGE": 0.0006775890360586345,
    "WEIGHTED_RESOURCE_SCORE": 0.006597948260605335,
    "SMOL_MEDICAL_SOUNDNESS": 0.16128574311733246,
    "treatment": 0.008072790689766407
}