{
    "intent": 0.05062897130846977,
    "directness_of_causality": 0.10951133072376251,
    "aid_available": 0.18708623945713043,
    "treating": 0.4455123841762543,
    "SUPPLIES_USED": 0.20726104080677032
}