{
    "directness_of_causality": 0.13858774304389954,
    "aid_available": 0.208261638879776,
    "treating": 0.40668195486068726,
    "SUPPLIES_USED": 0.2365189492702484,
    "SEVEREST_SEVERITY_CHANGE": 0.009949744679033756
}