{
    "intent": 0.08247542381286621,
    "directness_of_causality": 0.06967993080615997,
    "aid_available": 0.06620028614997864,
    "treating": 0.12774202227592468,
    "HRA Strategy.time-resources.take-the-best": 0.4996969699859619,
    "SEVERITY": 0.011708204634487629,
    "SEVERITY_CHANGE": 0.04695047438144684,
    "SUPPLIES_USED": 0.04583505541086197,
    "SMOL_MEDICAL_SOUNDNESS": 0.04484046623110771,
    "category": 0.0048711178824305534
}