{
    "age": 0.03376900404691696,
    "visited": 0.021749818697571754,
    "conscious": 0.008539946749806404,
    "breathing": 0.020049145445227623,
    "environment_type": 0.04938647896051407,
    "questioning": 0.14416609704494476,
    "tagging": 0.2651403248310089,
    "category": 0.03350052982568741,
    "HRA Strategy.time-resources.take-the-best": 0.00518195191398263,
    "HRA Strategy.time-risk_reward_ratio.take-the-best": 0.004623826127499342,
    "pPain": 0.04720589146018028,
    "pBrainInjury": 0.00452323816716671,
    "entropy": 0.041226133704185486,
    "SEVERITY": 0.013263097032904625,
    "AVERAGE_TIME_USED": 0.11934752762317657,
    "MEDSIM_P_DEATH": 0.019936274737119675,
    "WEIGHTED_RESOURCE_SCORE": 0.005129742901772261,
    "SMOL_MEDICAL_SOUNDNESS": 0.007129061035811901,
    "INFORMATION_GAINED": 0.038380369544029236,
    "treatment": 0.11775147914886475
}