{
    "conscious": 0.00024056936672423035,
    "breathing": 0.05944357439875603,
    "intent": 0.04632658138871193,
    "directness_of_causality": 0.17896585166454315,
    "aid_available": 0.16199129819869995,
    "treating": 0.2753765285015106,
    "HRA Strategy.time-resources.take-the-best": 0.005712379235774279,
    "HRA Strategy.resources-risk_reward_ratio.one-bounce": 0.029327470809221268,
    "HRA Strategy.resources-system.take-the-best": 0.02632768265902996,
    "HRA Strategy.risk_reward_ratio-system.one-bounce": 0.0011577736586332321,
    "HRA Strategy.resources-risk_reward_ratio-system.one-bounce": 0.0009237982449121773,
    "HRA Strategy.time-resources-risk_reward_ratio-system.one-bounce": 0.0006826529279351234,
    "Satisfactory Priority": 0.0009616578463464975,
    "One-Bounce Priority": 0.0006217546761035919,
    "pBrainInjury": 0.0004453528090380132,
    "pAirwayBlocked": 0.00039166290662251413,
    "entropyDeath": 0.0009340851102024317,
    "SEVERITY": 0.0013840703759342432,
    "SUPPLIES_REMAINING": 0.0014465558342635632,
    "AVERAGE_TIME_USED": 0.013187806122004986,
    "DAMAGE_PER_SECOND": 0.0007337272982113063,
    "MEDSIM_P_DEATH": 0.0010708391200751066,
    "SUPPLIES_USED": 0.19117988646030426,
    "SEVEREST_SEVERITY_CHANGE": 0.0004831544356420636,
    "WEIGHTED_RESOURCE_SCORE": 0.0003674090257845819,
    "treatment": 0.0003159144544042647
}