{
    "age": 0.0077810706570744514,
    "tagged": 0.03300265222787857,
    "conscious": 0.003530301619321108,
    "breathing": 0.017590688541531563,
    "hrpmin": 0.011580975726246834,
    "avpu": 0.0019526220858097076,
    "unvisited_count": 0.0008161806617863476,
    "injured_count": 0.02330593392252922,
    "environment_type": 0.004869916941970587,
    "questioning": 0.1287829428911209,
    "assessing": 0.15753135085105896,
    "treating": 0.0019608931615948677,
    "tagging": 0.20153266191482544,
    "leaving": 0.2406313717365265,
    "HRA Strategy.time-resources.take-the-best": 0.00486733065918088,
    "HRA Strategy.resources-system.exhaustive": 0.0013680210104212165,
    "Satisfactory Priority": 0.002196504967287183,
    "One-Bounce Priority": 0.030794044956564903,
    "pDeath": 0.0028846340719610453,
    "pPain": 0.007179574109613895,
    "pBrainInjury": 0.0017499440582469106,
    "pAirwayBlocked": 0.006793586537241936,
    "pInternalBleeding": 0.0035501292441040277,
    "pExternalBleeding": 0.002344669308513403,
    "entropy": 0.0070531307719647884,
    "entropyDeath": 0.00527346134185791,
    "SEVERITY": 0.005271566566079855,
    "AVERAGE_TIME_USED": 0.002383945044130087,
    "DAMAGE_PER_SECOND": 0.0030429766047745943,
    "MEDSIM_P_DEATH": 0.010935787111520767,
    "MEDSIM_P_DEATH_ONE_MIN_LATER": 0.005760130472481251,
    "SEVERITY_CHANGE": 0.0029172964859753847,
    "SEVEREST_SEVERITY_CHANGE": 0.00042031449265778065,
    "WEIGHTED_RESOURCE_SCORE": 0.003317303955554962,
    "SMOL_MEDICAL_SOUNDNESS": 0.004947819281369448,
    "INFORMATION_GAINED": 0.007318507414311171,
    "treatment": 0.0345044881105423,
    "category": 0.008255235850811005
}