{
    "questioning": 0.4022209942340851,
    "assessing": 0.3888305425643921,
    "tagging": 0.08582156896591187,
    "leaving": 0.12312684208154678
}