directness_of_causality,aid_available,treating,SUPPLIES_REMAINING,SUPPLIES_USED
0.12573443353176117,0.23646856844425201,0.41219356656074524,0.09163792431354523,0.13396544754505157
