{
    "directness_of_causality": 0.12573443353176117,
    "aid_available": 0.23646856844425201,
    "treating": 0.41219356656074524,
    "SUPPLIES_REMAINING": 0.09163792431354523,
    "SUPPLIES_USED": 0.13396544754505157
}