{
    "age": 0.008880236186087132,
    "tagged": 0.024113988503813744,
    "breathing": 0.006126884836703539,
    "hrpmin": 0.02294113114476204,
    "injured_count": 0.035141825675964355,
    "questioning": 0.16931521892547607,
    "assessing": 0.29476162791252136,
    "tagging": 0.11630140244960785,
    "leaving": 0.13461478054523468,
    "One-Bounce Priority": 0.06061771139502525,
    "pDeath": 0.009322143159806728,
    "pPain": 0.005941804964095354,
    "pInternalBleeding": 0.0060453033074736595,
    "entropy": 0.009457018226385117,
    "INFORMATION_GAINED": 0.04679027944803238,
    "treatment": 0.03728596493601799,
    "category": 0.012342662550508976
}