{
    "intent": 0.03256254643201828,
    "directness_of_causality": 0.2020602524280548,
    "aid_available": 0.15303358435630798,
    "treating": 0.29768189787864685,
    "HRA Strategy.risk_reward_ratio-system.one-bounce": 0.0017737953457981348,
    "HRA Strategy.resources-risk_reward_ratio-system.one-bounce": 0.0016632211627438664,
    "Satisfactory Priority": 0.0011423132382333279,
    "pBrainInjury": 0.002814570441842079,
    "SUPPLIES_REMAINING": 0.0015302939573302865,
    "AVERAGE_TIME_USED": 0.02098216488957405,
    "SUPPLIES_USED": 0.24852247536182404,
    "SMOL_MEDICAL_SOUNDNESS": 0.036232903599739075
}