{
    "treating": 0.5706843733787537,
    "Take-The-Best Priority": 0.38448452949523926,
    "AVERAGE_TIME_USED": 0.011574752628803253,
    "HRA Strategy.time-system.satisfactory": 0.03325636684894562
}