{
    "conscious": 0.0075536975637078285,
    "breathing": 0.016713516786694527,
    "intent": 0.019288592040538788,
    "directness_of_causality": 0.18857140839099884,
    "aid_available": 0.18217529356479645,
    "treating": 0.26581689715385437,
    "HRA Strategy.resources-risk_reward_ratio.one-bounce": 0.017039913684129715,
    "SEVERITY": 0.04745589196681976,
    "AVERAGE_TIME_USED": 0.00685023982077837,
    "SUPPLIES_USED": 0.21219053864479065,
    "SEVEREST_SEVERITY": 0.03634409233927727
}