{
    "conscious": 0.015347844921052456,
    "mental_status": 0.001680137705989182,
    "breathing": 0.015398839488625526,
    "intent": 0.005286849103868008,
    "directness_of_causality": 0.17654164135456085,
    "aid_available": 0.17248031497001648,
    "treating": 0.24316519498825073,
    "HRA Strategy.resources-risk_reward_ratio.one-bounce": 0.0015083675971254706,
    "Take-The-Best Priority": 0.0064114839769899845,
    "pAirwayBlocked": 0.002233496867120266,
    "entropyDeath": 0.001918566646054387,
    "SEVERITY": 0.03483625128865242,
    "AVERAGE_TIME_USED": 0.019659843295812607,
    "DAMAGE_PER_SECOND": 0.0026215410325676203,
    "SEVERITY_CHANGE": 0.052882734686136246,
    "SUPPLIES_USED": 0.1904745101928711,
    "SEVEREST_SEVERITY": 0.057552311569452286
}