{
    "tagged": 0.02710994891822338,
    "conscious": 0.003915142267942429,
    "mental_status": 1.055530083249323e-05,
    "breathing": 0.06182859465479851,
    "avpu": 6.307617150014266e-05,
    "intent": 0.17992378771305084,
    "directness_of_causality": 0.12637384235858917,
    "aid_available": 0.02128579281270504,
    "treating": 0.2717737853527069,
    "HRA Strategy.time-resources.take-the-best": 0.004697898868471384,
    "HRA Strategy.time-resources.one-bounce": 0.013828516006469727,
    "HRA Strategy.time-risk_reward_ratio.one-bounce": 0.00381706771440804,
    "HRA Strategy.time-system.one-bounce": 0.00011417091445764527,
    "HRA Strategy.resources-risk_reward_ratio.one-bounce": 0.0435648038983345,
    "HRA Strategy.resources-system.take-the-best": 0.02450772374868393,
    "HRA Strategy.risk_reward_ratio-system.one-bounce": 0.0008505333098582923,
    "HRA Strategy.resources-risk_reward_ratio-system.one-bounce": 0.0007075433968566358,
    "Satisfactory Priority": 0.0005480812978930771,
    "pDeath": 0.12750878930091858,
    "pPain": 0.0004076124751009047,
    "pBrainInjury": 0.00023578146647196263,
    "pAirwayBlocked": 0.00020025111734867096,
    "pInternalBleeding": 9.519001469016075e-05,
    "pExternalBleeding": 0.029232949018478394,
    "entropyDeath": 0.011443202383816242,
    "SEVERITY": 0.0041441963985562325,
    "SUPPLIES_REMAINING": 0.0018848320469260216,
    "AVERAGE_TIME_USED": 0.00425065029412508,
    "SUPPLIES_USED": 0.03517087921500206,
    "SEVEREST_SEVERITY_CHANGE": 4.6785364247625694e-05,
    "WEIGHTED_RESOURCE_SCORE": 0.0003352891653776169,
    "treatment": 0.00012278657231945544
}