{
    "age": 0.007955697365105152,
    "tagged": 0.02352834679186344,
    "breathing": 0.006156290415674448,
    "hrpmin": 0.015173415653407574,
    "injured_count": 0.029518160969018936,
    "questioning": 0.1399696171283722,
    "assessing": 0.21849888563156128,
    "tagging": 0.12097986042499542,
    "leaving": 0.27255719900131226,
    "One-Bounce Priority": 0.05058225616812706,
    "pDeath": 0.0077612255699932575,
    "pPain": 0.004807025194168091,
    "pInternalBleeding": 0.004728153347969055,
    "entropy": 0.007903432473540306,
    "AVERAGE_TIME_USED": 0.003950496669858694,
    "INFORMATION_GAINED": 0.03651031479239464,
    "treatment": 0.038874879479408264,
    "category": 0.010544702410697937
}