{
    "age": 0.002982721896842122,
    "tagged": 0.04460795596241951,
    "visited": 0.0014521022094413638,
    "conscious": 0.0019912617281079292,
    "questioning": 0.19580383598804474,
    "assessing": 0.17211180925369263,
    "tagging": 0.33709612488746643,
    "leaving": 0.14547386765480042,
    "HRA Strategy.resources-system.take-the-best": 0.006858407985419035,
    "AVERAGE_TIME_USED": 0.010317904874682426,
    "DAMAGE_PER_SECOND": 0.005450297612696886,
    "WEIGHTED_RESOURCE_SCORE": 0.0016712640644982457,
    "SMOL_MEDICAL_SOUNDNESS": 0.02326347306370735,
    "treatment": 0.050919029861688614
}