age,tagged,relationship,breathing,injured_count,questioning,assessing,tagging,leaving,pPain,treatment,category
0.11012755334377289,0.05291766673326492,0.09506229311227798,0.011202373541891575,0.026158437132835388,0.04235300049185753,0.2507840394973755,0.0913524180650711,0.24878334999084473,0.010982618667185307,0.04296350106596947,0.017312776297330856
