{
    "tagged": 0.01778404973447323,
    "injured_count": 0.01369977742433548,
    "questioning": 0.31562158465385437,
    "assessing": 0.33847734332084656,
    "tagging": 0.056724537163972855,
    "leaving": 0.2159986048936844,
    "One-Bounce Priority": 0.02069695293903351,
    "treatment": 0.02099715918302536
}