{
    "age": 0.016332164406776428,
    "tagged": 0.07946273684501648,
    "visited": 0.23502640426158905,
    "conscious": 0.00324035226367414,
    "breathing": 0.0030735693871974945,
    "avpu": 0.001421605353243649,
    "unvisited_count": 0.03298250958323479,
    "injured_count": 0.02495739795267582,
    "environment_type": 0.008233978413045406,
    "assessing": 0.17886780202388763,
    "treating": 0.000739911338314414,
    "tagging": 0.18597956001758575,
    "category": 0.009554365649819374,
    "HRA Strategy.time-resources.take-the-best": 0.0031343488954007626,
    "HRA Strategy.time-system.tallying": 0.0029488590080291033,
    "Satisfactory Priority": 0.0012021068250760436,
    "One-Bounce Priority": 0.028302747756242752,
    "pDeath": 0.013452988117933273,
    "pPain": 0.03658118098974228,
    "pAirwayBlocked": 0.0068814693950116634,
    "pInternalBleeding": 0.021485991775989532,
    "pExternalBleeding": 0.009091485291719437,
    "entropy": 0.003087972989305854,
    "entropyDeath": 0.002379866549745202,
    "SEVERITY": 0.005261121317744255,
    "AVERAGE_TIME_USED": 0.006037559360265732,
    "DAMAGE_PER_SECOND": 0.008039962500333786,
    "MEDSIM_P_DEATH": 0.003946613986045122,
    "MEDSIM_P_DEATH_ONE_MIN_LATER": 0.0014609438367187977,
    "treatment": 0.0668325126171112
}