{
    "tagged": 0.017084751278162003,
    "questioning": 0.3243727684020996,
    "assessing": 0.3338667154312134,
    "tagging": 0.056372277438640594,
    "leaving": 0.21172362565994263,
    "One-Bounce Priority": 0.020860016345977783,
    "INFORMATION_GAINED": 0.015013245865702629,
    "treatment": 0.020706627517938614
}