{
    "conscious": 0.0023373118601739407,
    "avpu": 0.0011756117455661297,
    "intent": 0.037000514566898346,
    "directness_of_causality": 0.19605524837970734,
    "aid_available": 0.18730364739894867,
    "treating": 0.2834308445453644,
    "HRA Strategy.time-risk_reward_ratio.take-the-best": 0.0003825600433629006,
    "HRA Strategy.time-risk_reward_ratio.one-bounce": 0.0006407368346117437,
    "HRA Strategy.risk_reward_ratio-system.one-bounce": 0.0008615921251475811,
    "HRA Strategy.time-resources-system.tallying": 0.0013865918153896928,
    "HRA Strategy.resources-risk_reward_ratio-system.one-bounce": 0.0009891822701320052,
    "HRA Strategy.time-resources-risk_reward_ratio-system.one-bounce": 0.0004474324232432991,
    "Take-The-Best Priority": 0.0006597888423129916,
    "Satisfactory Priority": 0.001245075254701078,
    "pBrainInjury": 0.0002817584609147161,
    "pInternalBleeding": 0.00044694406096823514,
    "entropyDeath": 0.0003789564943872392,
    "SEVERITY": 0.003110121004283428,
    "SUPPLIES_REMAINING": 0.0007323764730244875,
    "AVERAGE_TIME_USED": 0.0003195709432475269,
    "SUPPLIES_USED": 0.2797786295413971,
    "SEVEREST_SEVERITY_CHANGE": 0.0003056669665966183,
    "WEIGHTED_RESOURCE_SCORE": 0.0002900937106460333,
    "treatment": 0.0004397658631205559
}