{
    "injured_count": 0.017580950632691383,
    "questioning": 0.3363912105560303,
    "assessing": 0.3374597430229187,
    "tagging": 0.06354164332151413,
    "leaving": 0.17329764366149902,
    "One-Bounce Priority": 0.011631852947175503,
    "INFORMATION_GAINED": 0.023795219138264656,
    "treatment": 0.01680864579975605,
    "category": 0.019493086263537407
}