{
    "age": 0.006268652621656656,
    "tagged": 0.023489590734243393,
    "breathing": 0.0072479695081710815,
    "injured_count": 0.027066390961408615,
    "questioning": 0.21980758011341095,
    "assessing": 0.28712406754493713,
    "tagging": 0.11835763603448868,
    "leaving": 0.16571584343910217,
    "One-Bounce Priority": 0.0437297485768795,
    "SEVERITY": 0.006272144615650177,
    "MEDSIM_P_DEATH": 0.0040914639830589294,
    "INFORMATION_GAINED": 0.039435625076293945,
    "treatment": 0.04172544181346893,
    "category": 0.009667828679084778
}