{
    "age": 0.00817369669675827,
    "tagged": 0.029889030382037163,
    "visited": 0.00351706868968904,
    "conscious": 0.002675901632755995,
    "breathing": 0.005581918638199568,
    "hrpmin": 0.003942222334444523,
    "avpu": 0.0008337169419974089,
    "unvisited_count": 0.012180640362203121,
    "injured_count": 0.012182245030999184,
    "environment_type": 0.0013767639175057411,
    "questioning": 0.1881534308195114,
    "assessing": 0.18612951040267944,
    "tagging": 0.2097882181406021,
    "leaving": 0.15386725962162018,
    "HRA Strategy.time-resources.take-the-best": 0.0014334674924612045,
    "HRA Strategy.resources-system.take-the-best": 0.0009158083703368902,
    "Satisfactory Priority": 0.0034735817462205887,
    "One-Bounce Priority": 0.023729979991912842,
    "pDeath": 0.0029157190583646297,
    "pPain": 0.0068704369477927685,
    "pBrainInjury": 0.0022444252390414476,
    "pAirwayBlocked": 0.006223401054739952,
    "pInternalBleeding": 0.006174119189381599,
    "pExternalBleeding": 0.013542660512030125,
    "entropy": 0.011993787251412868,
    "entropyDeath": 0.004207901190966368,
    "SEVERITY": 0.0025054439902305603,
    "AVERAGE_TIME_USED": 0.004312594886869192,
    "MEDSIM_P_DEATH": 0.011911168694496155,
    "MEDSIM_P_DEATH_ONE_MIN_LATER": 0.0020675291307270527,
    "SEVERITY_CHANGE": 0.0006360522820614278,
    "SEVEREST_SEVERITY": 0.004010058473795652,
    "WEIGHTED_RESOURCE_SCORE": 0.0021373063791543245,
    "SMOL_MEDICAL_SOUNDNESS": 0.004590816795825958,
    "INFORMATION_GAINED": 0.02458527870476246,
    "treatment": 0.03346282243728638,
    "category": 0.0077638886868953705
}