{
    "intent": 0.4324665069580078,
    "treating": 0.5534169673919678,
    "treatment": 0.0007582475082017481,
    "HRA Strategy.time-resources-system.one-bounce": 0.00248559657484293,
    "SEVERITY": 0.00016652345948386937,
    "DAMAGE_PER_SECOND": 0.0005791342118754983,
    "WEIGHTED_RESOURCE_SCORE": 0.010126971639692783
}