{
    "age": 0.01466241106390953,
    "tagged": 0.05641256645321846,
    "visited": 0.003663263050839305,
    "breathing": 0.011880612000823021,
    "hrpmin": 0.02477782964706421,
    "unvisited_count": 0.044916845858097076,
    "environment_type": 0.007595700677484274,
    "questioning": 0.17528070509433746,
    "assessing": 0.1804453283548355,
    "treating": 0.020812993869185448,
    "tagging": 0.21526619791984558,
    "HRA Strategy.time-resources.take-the-best": 0.0014986018650233746,
    "HRA Strategy.time-risk_reward_ratio.take-the-best": 0.003268815577030182,
    "HRA Strategy.time-system.exhaustive": 0.002395869931206107,
    "One-Bounce Priority": 0.036413293331861496,
    "pDeath": 0.005779544822871685,
    "pPain": 0.014781968668103218,
    "pBrainInjury": 0.00561904301866889,
    "pAirwayBlocked": 0.021678125485777855,
    "pInternalBleeding": 0.012698912993073463,
    "pExternalBleeding": 0.013276168145239353,
    "entropy": 0.006949095521122217,
    "entropyDeath": 0.004149202723056078,
    "SEVERITY": 0.007503992412239313,
    "AVERAGE_TIME_USED": 0.010403278283774853,
    "MEDSIM_P_DEATH": 0.006183059420436621,
    "SEVEREST_SEVERITY": 0.0040107667446136475,
    "WEIGHTED_RESOURCE_SCORE": 0.014439851976931095,
    "SMOL_MEDICAL_SOUNDNESS": 0.016341717913746834,
    "treatment": 0.044668544083833694,
    "category": 0.012225686572492123
}