{
    "age": 0.011077322997152805,
    "tagged": 0.02207271009683609,
    "conscious": 0.003991918638348579,
    "breathing": 0.006366204470396042,
    "avpu": 0.006972246803343296,
    "injured_count": 0.0120831448584795,
    "environment_type": 0.014659851789474487,
    "questioning": 0.20134782791137695,
    "assessing": 0.14010469615459442,
    "tagging": 0.10710456222295761,
    "leaving": 0.34091895818710327,
    "category": 0.005197019316256046,
    "Satisfactory Priority": 0.007031357381492853,
    "One-Bounce Priority": 0.006677260622382164,
    "pDeath": 0.010966414585709572,
    "pPain": 0.008621476590633392,
    "pBrainInjury": 0.014153268188238144,
    "pInternalBleeding": 0.010275502689182758,
    "SEVERITY": 0.004618258681148291,
    "SUPPLIES_REMAINING": 0.0051670982502400875,
    "AVERAGE_TIME_USED": 0.008744508028030396,
    "MEDSIM_P_DEATH_ONE_MIN_LATER": 0.006872565019875765,
    "INFORMATION_GAINED": 0.010906958021223545,
    "treatment": 0.034068912267684937
}