{
    "age": 0.011926017701625824,
    "tagged": 0.02249295823276043,
    "conscious": 0.008743084967136383,
    "breathing": 0.03055495396256447,
    "injured_count": 0.055764298886060715,
    "questioning": 0.2843090891838074,
    "assessing": 0.2115153670310974,
    "tagging": 0.11338577419519424,
    "leaving": 0.149471715092659,
    "pDeath": 0.01931682415306568,
    "pInternalBleeding": 0.01066997554153204,
    "treatment": 0.0630045011639595,
    "category": 0.018845489248633385
}