{
    "tagged": 0.02214498445391655,
    "injured_count": 0.01567685790359974,
    "questioning": 0.2820206880569458,
    "assessing": 0.3227224051952362,
    "tagging": 0.08827195316553116,
    "leaving": 0.20633147656917572,
    "One-Bounce Priority": 0.004604432266205549,
    "treatment": 0.04691857099533081,
    "category": 0.011308603920042515
}