{
    "age": 0.005121681373566389,
    "tagged": 0.033169813454151154,
    "visited": 0.0022917839232832193,
    "conscious": 0.0009662418742664158,
    "breathing": 0.0057981195859611034,
    "hrpmin": 0.0057779657654464245,
    "avpu": 0.002399505814537406,
    "unvisited_count": 0.01193228643387556,
    "injured_count": 0.010711008682847023,
    "environment_type": 0.0009224310051649809,
    "questioning": 0.1879110485315323,
    "assessing": 0.16480648517608643,
    "treating": 0.0009329036111012101,
    "tagging": 0.2248769849538803,
    "leaving": 0.16475525498390198,
    "HRA Strategy.time-resources.take-the-best": 0.0035884371027350426,
    "HRA Strategy.time-resources.one-bounce": 0.0002115544630214572,
    "HRA Strategy.time-system.exhaustive": 0.0016328456113114953,
    "HRA Strategy.time-system.one-bounce": 0.0011334600858390331,
    "HRA Strategy.resources-system.take-the-best": 0.0006358754471875727,
    "HRA Strategy.resources-system.exhaustive": 0.0004612841585185379,
    "Satisfactory Priority": 0.007395083084702492,
    "One-Bounce Priority": 0.016897842288017273,
    "pDeath": 0.004124707076698542,
    "pPain": 0.003904627403244376,
    "pBrainInjury": 0.0075072660110890865,
    "pAirwayBlocked": 0.005542048718780279,
    "pInternalBleeding": 0.005509331822395325,
    "pExternalBleeding": 0.007719889283180237,
    "entropy": 0.013289586640894413,
    "entropyDeath": 0.005931784864515066,
    "SEVERITY": 0.002753486158326268,
    "SUPPLIES_REMAINING": 0.0007005301304161549,
    "AVERAGE_TIME_USED": 0.0036674400325864553,
    "DAMAGE_PER_SECOND": 0.0003829092893283814,
    "MEDSIM_P_DEATH": 0.01687786914408207,
    "MEDSIM_P_DEATH_ONE_MIN_LATER": 0.0039757369086146355,
    "SEVERITY_CHANGE": 0.0007990002632141113,
    "SEVEREST_SEVERITY": 0.0030665623489767313,
    "SEVEREST_SEVERITY_CHANGE": 6.721561658196151e-05,
    "WEIGHTED_RESOURCE_SCORE": 0.0031792488880455494,
    "SMOL_MEDICAL_SOUNDNESS": 0.0009882149752229452,
    "INFORMATION_GAINED": 0.01158667542040348,
    "treatment": 0.03666034713387489,
    "category": 0.007435440551489592
}