{
    "tagged": 0.036049094051122665,
    "questioning": 0.2901298999786377,
    "assessing": 0.46422892808914185,
    "tagging": 0.08478733897209167,
    "One-Bounce Priority": 0.05192949250340462,
    "INFORMATION_GAINED": 0.019088059663772583,
    "treatment": 0.053787194192409515
}