{
    "conscious": 0.10026704519987106,
    "breathing": 0.05566652491688728,
    "intent": 0.16527123749256134,
    "treating": 0.6179604530334473,
    "HRA Strategy.resources-system.take-the-best": 0.0016130005242303014,
    "SUPPLIES_USED": 0.05922171100974083
}