{
    "tagged": 0.023956697434186935,
    "injured_count": 0.04543009772896767,
    "questioning": 0.25654298067092896,
    "assessing": 0.4051932096481323,
    "tagging": 0.09346117824316025,
    "One-Bounce Priority": 0.0584152452647686,
    "INFORMATION_GAINED": 0.06247401610016823,
    "treatment": 0.030130116268992424,
    "category": 0.02439654991030693
}