{
    "age": 0.007691376842558384,
    "tagged": 0.02206609584391117,
    "breathing": 0.006263247225433588,
    "unvisited_count": 0.015244238078594208,
    "injured_count": 0.016478076577186584,
    "questioning": 0.23224659264087677,
    "assessing": 0.24637539684772491,
    "tagging": 0.13233940303325653,
    "leaving": 0.20318318903446198,
    "One-Bounce Priority": 0.028869105502963066,
    "pExternalBleeding": 0.0041405074298381805,
    "entropy": 0.007709101308137178,
    "entropyDeath": 0.0057801175862550735,
    "MEDSIM_P_DEATH": 0.0075776767916977406,
    "INFORMATION_GAINED": 0.026613764464855194,
    "treatment": 0.028442513197660446,
    "category": 0.00897959154099226
}