{
    "tagged": 0.011498787440359592,
    "conscious": 0.0010018724715337157,
    "mental_status": 0.001064632786437869,
    "breathing": 0.03859421983361244,
    "intent": 0.019287068396806717,
    "directness_of_causality": 0.0757116824388504,
    "injured_count": 0.26323869824409485,
    "aid_available": 0.06361458450555801,
    "treating": 0.131927028298378,
    "HRA Strategy.time-risk_reward_ratio.one-bounce": 0.03075133077800274,
    "HRA Strategy.resources-risk_reward_ratio.one-bounce": 0.0036809751763939857,
    "HRA Strategy.resources-system.take-the-best": 0.035908520221710205,
    "HRA Strategy.risk_reward_ratio-system.one-bounce": 0.001623049145564437,
    "HRA Strategy.time-resources-system.one-bounce": 0.0005393840256147087,
    "HRA Strategy.resources-risk_reward_ratio-system.one-bounce": 0.0010123279644176364,
    "HRA Strategy.time-resources-risk_reward_ratio-system.one-bounce": 0.00028969248523935676,
    "Take-The-Best Priority": 0.0009184792870655656,
    "pPain": 0.0016546101542189717,
    "pBrainInjury": 0.0003424239985179156,
    "pAirwayBlocked": 0.0008206276688724756,
    "entropy": 0.02340894751250744,
    "SEVERITY": 0.06658965349197388,
    "SUPPLIES_REMAINING": 0.0022736298851668835,
    "AVERAGE_TIME_USED": 0.019408132880926132,
    "SUPPLIES_USED": 0.11906430125236511,
    "SEVEREST_SEVERITY": 0.0002892378543037921,
    "SEVEREST_SEVERITY_CHANGE": 0.00041636949754320085,
    "WEIGHTED_RESOURCE_SCORE": 0.02029823698103428,
    "SMOL_MEDICAL_SOUNDNESS": 0.06390804797410965,
    "treatment": 0.000863579218275845
}