{
    "tagged": 0.7195766568183899,
    "WEIGHTED_RESOURCE_SCORE": 0.13476282358169556,
    "treatment": 0.14566056430339813
}