{
    "age": 0.010588796809315681,
    "tagged": 0.02135615050792694,
    "visited": 0.0008150632493197918,
    "conscious": 0.031849347054958344,
    "breathing": 0.04188554361462593,
    "unvisited_count": 0.00036125886254012585,
    "injured_count": 0.06780888885259628,
    "environment_type": 0.016281642019748688,
    "questioning": 0.15472128987312317,
    "assessing": 0.1184670552611351,
    "treating": 0.0010078303748741746,
    "tagging": 0.11144284158945084,
    "leaving": 0.08800048381090164,
    "HRA Strategy.time-resources.take-the-best": 0.00902745220810175,
    "HRA Strategy.time-system.exhaustive": 0.0013643271522596478,
    "HRA Strategy.time-system.tallying": 0.0009151416015811265,
    "HRA Strategy.resources-system.take-the-best": 0.0006875944673083723,
    "Satisfactory Priority": 0.0012348792515695095,
    "One-Bounce Priority": 0.0009487856295891106,
    "pDeath": 0.028287038207054138,
    "pPain": 0.014327437616884708,
    "pBrainInjury": 0.0016978370258584619,
    "pAirwayBlocked": 0.002098666038364172,
    "pInternalBleeding": 0.011361323297023773,
    "pExternalBleeding": 0.0009446549229323864,
    "entropy": 0.008229067549109459,
    "entropyDeath": 0.00545844528824091,
    "SEVERITY": 0.0030715735629200935,
    "SUPPLIES_REMAINING": 0.004933314397931099,
    "AVERAGE_TIME_USED": 0.007962885312736034,
    "DAMAGE_PER_SECOND": 0.002503960859030485,
    "MEDSIM_P_DEATH": 0.0019259460968896747,
    "MEDSIM_P_DEATH_ONE_MIN_LATER": 0.0009297415963374078,
    "SEVERITY_CHANGE": 0.0006021117442287505,
    "SEVEREST_SEVERITY": 0.000890401192009449,
    "INFORMATION_GAINED": 0.127094104886055,
    "treatment": 0.08381373435258865,
    "category": 0.015103347599506378
}