{
    "age": 0.00586787611246109,
    "tagged": 0.05761483684182167,
    "visited": 0.003661118447780609,
    "conscious": 0.0024360937532037497,
    "breathing": 0.004425380378961563,
    "hrpmin": 0.0185946486890316,
    "avpu": 0.0013905770611017942,
    "unvisited_count": 0.003765933681279421,
    "environment_type": 0.0014828192070126534,
    "questioning": 0.09461066126823425,
    "assessing": 0.11387979984283447,
    "treating": 0.0005703495116904378,
    "tagging": 0.09917035698890686,
    "leaving": 0.39638304710388184,
    "HRA Strategy.time-resources.take-the-best": 0.003521745791658759,
    "HRA Strategy.time-system.exhaustive": 0.003201856976374984,
    "HRA Strategy.resources-risk_reward_ratio.take-the-best": 0.00017902090621646494,
    "HRA Strategy.resources-system.take-the-best": 0.0014291928382590413,
    "HRA Strategy.resources-system.exhaustive": 0.0017273384146392345,
    "Satisfactory Priority": 0.0004211032937746495,
    "One-Bounce Priority": 0.023558976128697395,
    "pDeath": 0.0024850317277014256,
    "pPain": 0.006042030639946461,
    "pBrainInjury": 0.0017737698508426547,
    "pAirwayBlocked": 0.01904754340648651,
    "pInternalBleeding": 0.001126263290643692,
    "pExternalBleeding": 0.012655210681259632,
    "entropy": 0.0076073044911026955,
    "entropyDeath": 0.003964477218687534,
    "SEVERITY": 0.0024252962321043015,
    "SUPPLIES_REMAINING": 0.0005026327562518418,
    "AVERAGE_TIME_USED": 0.005535862874239683,
    "DAMAGE_PER_SECOND": 0.0003698111977428198,
    "MEDSIM_P_DEATH": 0.0028930562548339367,
    "MEDSIM_P_DEATH_ONE_MIN_LATER": 0.0070574404671788216,
    "SEVEREST_SEVERITY": 0.00045402339310385287,
    "WEIGHTED_RESOURCE_SCORE": 0.014313210733234882,
    "INFORMATION_GAINED": 0.040663089603185654,
    "treatment": 0.026709314435720444,
    "category": 0.006481947842985392
}