{
    "age": 0.01804962195456028,
    "tagged": 0.03233395889401436,
    "breathing": 0.005124046932905912,
    "hrpmin": 0.016324277967214584,
    "injured_count": 0.02663685753941536,
    "environment_type": 0.003196260891854763,
    "questioning": 0.13032758235931396,
    "assessing": 0.222915917634964,
    "treating": 0.021336432546377182,
    "tagging": 0.14257340133190155,
    "leaving": 0.13439001142978668,
    "Satisfactory Priority": 0.008363745175302029,
    "One-Bounce Priority": 0.04693344235420227,
    "pPain": 0.008976928889751434,
    "pAirwayBlocked": 0.004264397546648979,
    "pInternalBleeding": 0.004940769635140896,
    "pExternalBleeding": 0.010305902920663357,
    "entropy": 0.0126588623970747,
    "entropyDeath": 0.018156472593545914,
    "AVERAGE_TIME_USED": 0.007315369788557291,
    "MEDSIM_P_DEATH": 0.008696610108017921,
    "SMOL_MEDICAL_SOUNDNESS": 0.0052496097050607204,
    "INFORMATION_GAINED": 0.060085125267505646,
    "treatment": 0.03730882704257965,
    "category": 0.013535631820559502
}