conscious,intent,directness_of_causality,aid_available,treating,HRA Strategy.time-risk_reward_ratio.one-bounce,HRA Strategy.resources-system.take-the-best,HRA Strategy.risk_reward_ratio-system.one-bounce,HRA Strategy.time-resources-risk_reward_ratio-system.one-bounce,Take-The-Best Priority,Satisfactory Priority,One-Bounce Priority,pBrainInjury,pAirwayBlocked,pInternalBleeding,entropyDeath,SEVERITY,SUPPLIES_REMAINING,AVERAGE_TIME_USED,DAMAGE_PER_SECOND,MEDSIM_P_DEATH,SUPPLIES_USED,SEVEREST_SEVERITY_CHANGE,WEIGHTED_RESOURCE_SCORE,SMOL_MEDICAL_SOUNDNESS,treatment
0.0010623910930007696,0.0440162792801857,0.18233494460582733,0.173765167593956,0.2833101451396942,0.0010750627843663096,0.0,0.001566676888614893,0.0004268235061317682,0.0004720654396805912,0.000493200495839119,0.00027742411475628614,0.000297429010970518,0.00012466535554267466,0.00024108568322844803,0.000589277595281601,0.0003763913409784436,0.10155195742845535,0.00737731484696269,0.00046022713650017977,0.0003381315909791738,0.19865848124027252,0.00017974339425563812,6.739892705809325e-05,0.00032905853004194796,0.0006086811772547662
