{
    "tagged": 0.009217347949743271,
    "breathing": 0.003246054518967867,
    "hrpmin": 0.007036590948700905,
    "injured_count": 0.005816863849759102,
    "questioning": 0.14334996044635773,
    "assessing": 0.12729690968990326,
    "tagging": 0.09979434311389923,
    "leaving": 0.529900312423706,
    "treatment": 0.01313334982842207,
    "One-Bounce Priority": 0.017267193645238876,
    "pPain": 0.0033074773382395506,
    "pBrainInjury": 0.003911683335900307,
    "pInternalBleeding": 0.0034326217137277126,
    "entropy": 0.007537843193858862,
    "AVERAGE_TIME_USED": 0.004114153329282999,
    "INFORMATION_GAINED": 0.01642749458551407,
    "category": 0.005209787283092737
}