{
    "injured_count": 0.042227618396282196,
    "questioning": 0.3325574994087219,
    "assessing": 0.4742031395435333,
    "tagging": 0.04378180578351021,
    "One-Bounce Priority": 0.027843086048960686,
    "INFORMATION_GAINED": 0.05285370349884033,
    "treatment": 0.026533164083957672
}