{
    "age": 0.006907809991389513,
    "tagged": 0.015008313581347466,
    "visited": 0.0019204354612156749,
    "breathing": 0.004911680240184069,
    "hrpmin": 0.0033607538789510727,
    "unvisited_count": 0.007322985678911209,
    "injured_count": 0.00546257896348834,
    "environment_type": 0.0033767935819923878,
    "questioning": 0.1271229237318039,
    "assessing": 0.1149478480219841,
    "tagging": 0.1262294203042984,
    "leaving": 0.49605104327201843,
    "treatment": 0.014549434185028076,
    "HRA Strategy.time-system.exhaustive": 0.002050163922831416,
    "Satisfactory Priority": 0.0029922041576355696,
    "One-Bounce Priority": 0.021366966888308525,
    "pPain": 0.0031625584233552217,
    "pBrainInjury": 0.005281354300677776,
    "pInternalBleeding": 0.004421443212777376,
    "pExternalBleeding": 0.002245166804641485,
    "entropy": 0.008272984996438026,
    "AVERAGE_TIME_USED": 0.005665649194270372,
    "INFORMATION_GAINED": 0.011680354364216328,
    "category": 0.005689170211553574
}