{
    "tagged": 0.010258231312036514,
    "mental_status": 0.007823734544217587,
    "breathing": 0.013065129518508911,
    "intent": 0.059076257050037384,
    "directness_of_causality": 0.09480862319469452,
    "aid_available": 0.04945306479930878,
    "treating": 0.15920142829418182,
    "HRA Strategy.time-resources.take-the-best": 0.013251385651528835,
    "HRA Strategy.time-system.tallying": 0.0009012977825477719,
    "HRA Strategy.resources-system.take-the-best": 0.0681883692741394,
    "HRA Strategy.risk_reward_ratio-system.one-bounce": 0.0009558878373354673,
    "HRA Strategy.resources-risk_reward_ratio-system.one-bounce": 0.001070415717549622,
    "Take-The-Best Priority": 0.001091441255994141,
    "Satisfactory Priority": 0.00026464430266059935,
    "pPain": 0.00779200904071331,
    "pBrainInjury": 0.00030880060512572527,
    "pInternalBleeding": 0.0008341732318513095,
    "pExternalBleeding": 0.0005187364877201617,
    "SEVERITY": 0.07813796401023865,
    "AVERAGE_TIME_USED": 0.02051733434200287,
    "DAMAGE_PER_SECOND": 0.07279431819915771,
    "SEVERITY_CHANGE": 0.001101193600334227,
    "SUPPLIES_USED": 0.16398072242736816,
    "SEVEREST_SEVERITY": 0.0003333782951813191,
    "WEIGHTED_RESOURCE_SCORE": 0.0004047939437441528,
    "SMOL_MEDICAL_SOUNDNESS": 0.09885576367378235,
    "treatment": 0.07501092553138733
}