{
    "assessing": 0.22367452085018158,
    "tagging": 0.7581993937492371,
    "HRA Strategy.time-resources.take-the-best": 0.01812608167529106
}