{
    "age": 0.008084844797849655,
    "tagged": 0.022438697516918182,
    "breathing": 0.009263869374990463,
    "unvisited_count": 0.021015362814068794,
    "injured_count": 0.017848702147603035,
    "questioning": 0.21841005980968475,
    "assessing": 0.21361908316612244,
    "tagging": 0.13138075172901154,
    "leaving": 0.21693596243858337,
    "One-Bounce Priority": 0.03461401164531708,
    "pPain": 0.0049378108233213425,
    "pInternalBleeding": 0.004658092278987169,
    "pExternalBleeding": 0.009946940466761589,
    "entropy": 0.01107159722596407,
    "entropyDeath": 0.00892221461981535,
    "MEDSIM_P_DEATH": 0.007658042013645172,
    "INFORMATION_GAINED": 0.020121050998568535,
    "treatment": 0.028912371024489403,
    "category": 0.010160583071410656
}