{
    "intent": 0.16821831464767456,
    "directness_of_causality": 0.1349533200263977,
    "aid_available": 0.12555035948753357,
    "treating": 0.24545101821422577,
    "AVERAGE_TIME_USED": 0.05670272186398506,
    "SUPPLIES_USED": 0.2284349650144577,
    "treatment": 0.04068929702043533
}