{
    "age": 0.01193191483616829,
    "tagged": 0.033582400530576706,
    "conscious": 0.0009471916127949953,
    "breathing": 0.006479582749307156,
    "hrpmin": 0.007814431563019753,
    "avpu": 0.007086247205734253,
    "unvisited_count": 0.006270210258662701,
    "others_tagged_or_uninjured": 0.0006456046830862761,
    "environment_type": 0.00288689648732543,
    "questioning": 0.1258900910615921,
    "assessing": 0.1619865894317627,
    "treating": 0.0008670274983160198,
    "tagging": 0.1676427125930786,
    "leaving": 0.25323909521102905,
    "HRA Strategy.time-resources.take-the-best": 0.002429765649139881,
    "HRA Strategy.time-system.exhaustive": 0.013049956411123276,
    "HRA Strategy.time-system.tallying": 0.001648760517127812,
    "HRA Strategy.resources-risk_reward_ratio.take-the-best": 0.0004821877519134432,
    "HRA Strategy.resources-system.take-the-best": 0.0018277412746101618,
    "HRA Strategy.resources-system.exhaustive": 0.002965178806334734,
    "Satisfactory Priority": 0.0017726309597492218,
    "One-Bounce Priority": 0.028882233425974846,
    "pDeath": 0.0060495235957205296,
    "pPain": 0.0094962352886796,
    "pBrainInjury": 0.002812118735164404,
    "pAirwayBlocked": 0.01216394454240799,
    "pInternalBleeding": 0.009152745828032494,
    "pExternalBleeding": 0.005548181943595409,
    "entropy": 0.007731197401881218,
    "entropyDeath": 0.006517648231238127,
    "SEVERITY": 0.003843741025775671,
    "SUPPLIES_REMAINING": 0.0006449449574574828,
    "AVERAGE_TIME_USED": 0.009105824865400791,
    "MEDSIM_P_DEATH": 0.00710085965692997,
    "MEDSIM_P_DEATH_ONE_MIN_LATER": 0.001740570762194693,
    "SEVERITY_CHANGE": 0.0005882163532078266,
    "SEVEREST_SEVERITY": 0.0007100849761627614,
    "SEVEREST_SEVERITY_CHANGE": 0.0030539771541953087,
    "WEIGHTED_RESOURCE_SCORE": 0.0037223794497549534,
    "SMOL_MEDICAL_SOUNDNESS": 0.004081734921783209,
    "INFORMATION_GAINED": 0.02023617923259735,
    "treatment": 0.03614887222647667,
    "category": 0.009222550317645073
}