{
    "directness_of_causality": 0.11761726438999176,
    "aid_available": 0.2608398497104645,
    "treating": 0.42013949155807495,
    "SUPPLIES_USED": 0.2014033943414688
}