{
    "unvisited_count": 0.023474039509892464,
    "questioning": 0.41983121633529663,
    "assessing": 0.41345614194869995,
    "tagging": 0.07221069931983948,
    "One-Bounce Priority": 0.03007635846734047,
    "treatment": 0.040951479226350784
}