{
    "tagged": 0.027867035940289497,
    "mental_status": 0.007855208590626717,
    "intent": 0.34200868010520935,
    "directness_of_causality": 0.31628164649009705,
    "treating": 0.28047749400138855,
    "HRA Strategy.risk_reward_ratio-system.one-bounce": 0.003638747613877058,
    "HRA Strategy.time-resources-system.one-bounce": 0.0046293060295283794,
    "Take-The-Best Priority": 0.006699294317513704,
    "Satisfactory Priority": 0.010542565956711769
}