{
    "assessing": 0.7344006896018982,
    "tagging": 0.2655992805957794
}