{
    "intent": 0.0632363110780716,
    "directness_of_causality": 0.2062043398618698,
    "treating": 0.6318864226341248,
    "treatment": 0.08751065284013748,
    "HRA Strategy.time-resources.take-the-best": 0.01116227824240923
}