{
    "tagged": 0.20776547491550446,
    "questioning": 0.2744326591491699,
    "assessing": 0.24223604798316956,
    "tagging": 0.2755657732486725
}