{
    "age": 0.008900424465537071,
    "tagged": 0.015625735744833946,
    "visited": 0.0035113301128149033,
    "breathing": 0.009924711659550667,
    "hrpmin": 0.021552572026848793,
    "injured_count": 0.02618907019495964,
    "questioning": 0.2199840545654297,
    "assessing": 0.20678231120109558,
    "tagging": 0.11784525215625763,
    "leaving": 0.22374264895915985,
    "One-Bounce Priority": 0.03774438798427582,
    "pPain": 0.006440037861466408,
    "pInternalBleeding": 0.0036320502404123545,
    "pExternalBleeding": 0.006916137412190437,
    "entropy": 0.011322776786983013,
    "entropyDeath": 0.00646006315946579,
    "AVERAGE_TIME_USED": 0.013056621886789799,
    "INFORMATION_GAINED": 0.02467026188969612,
    "treatment": 0.0242424588650465,
    "category": 0.011457134038209915
}