{
    "age": 0.011177374050021172,
    "tagged": 0.008352398872375488,
    "visited": 0.0028335254173725843,
    "breathing": 0.012661614455282688,
    "hrpmin": 0.015579937025904655,
    "environment_type": 0.0026954305358231068,
    "questioning": 0.28465068340301514,
    "assessing": 0.22821666300296783,
    "tagging": 0.2181205004453659,
    "category": 0.01093857642263174,
    "HRA Strategy.time-risk_reward_ratio.take-the-best": 0.004150302615016699,
    "One-Bounce Priority": 0.02123950608074665,
    "pDeath": 0.0033232567366212606,
    "pPain": 0.008268820121884346,
    "pBrainInjury": 0.007933922111988068,
    "pInternalBleeding": 0.0040950956754386425,
    "pExternalBleeding": 0.0064993202686309814,
    "entropy": 0.03560583293437958,
    "entropyDeath": 0.021392883732914925,
    "SEVERITY": 0.008679207414388657,
    "AVERAGE_TIME_USED": 0.004465162288397551,
    "WEIGHTED_RESOURCE_SCORE": 0.004721910692751408,
    "SMOL_MEDICAL_SOUNDNESS": 0.0026231990195810795,
    "INFORMATION_GAINED": 0.013111483305692673,
    "treatment": 0.05866337567567825
}