{
    "age": 0.012375222519040108,
    "tagged": 0.037362582981586456,
    "visited": 0.007737231440842152,
    "hrpmin": 0.02108435332775116,
    "unvisited_count": 0.009467211551964283,
    "injured_count": 0.013418355025351048,
    "environment_type": 0.008828222751617432,
    "questioning": 0.33283838629722595,
    "assessing": 0.23647597432136536,
    "tagging": 0.16796651482582092,
    "leaving": 0.010803639888763428,
    "One-Bounce Priority": 0.02924433723092079,
    "entropyDeath": 0.010299433022737503,
    "SEVERITY": 0.008895713835954666,
    "AVERAGE_TIME_USED": 0.008514597080647945,
    "INFORMATION_GAINED": 0.036565911024808884,
    "treatment": 0.036282140761613846,
    "category": 0.011840215884149075
}