{
    "tagged": 0.00019670138135552406,
    "mental_status": 0.0019145655678585172,
    "intent": 0.0004577284853439778,
    "directness_of_causality": 0.20387035608291626,
    "treating": 0.1375443935394287,
    "treatment": 0.0013457888271659613,
    "HRA Strategy.time-resources-system.one-bounce": 0.004274321720004082,
    "SEVERITY": 0.07517578452825546,
    "SUPPLIES_REMAINING": 0.0011051492765545845,
    "AVERAGE_TIME_USED": 0.0004642612475436181,
    "DAMAGE_PER_SECOND": 0.0014263504417613149,
    "SEVERITY_CHANGE": 0.35172954201698303,
    "SUPPLIES_USED": 0.0006733622867614031,
    "WEIGHTED_RESOURCE_SCORE": 0.000788628589361906,
    "SMOL_MEDICAL_SOUNDNESS": 0.21903301775455475
}