{
    "age": 0.007221925538033247,
    "tagged": 0.03585013374686241,
    "conscious": 0.01235109567642212,
    "breathing": 0.055104900151491165,
    "hrpmin": 0.009774237871170044,
    "avpu": 0.0043580904603004456,
    "unvisited_count": 0.011636916548013687,
    "environment_type": 0.010247099213302135,
    "questioning": 0.18947017192840576,
    "assessing": 0.17355236411094666,
    "tagging": 0.3135291039943695,
    "leaving": 0.004258337430655956,
    "category": 0.008524549193680286,
    "HRA Strategy.time-resources.take-the-best": 0.0018736879574134946,
    "HRA Strategy.time-system.tallying": 0.004240046720951796,
    "Satisfactory Priority": 0.004885036963969469,
    "pDeath": 0.021252509206533432,
    "pPain": 0.0050621237605810165,
    "pBrainInjury": 0.01233086921274662,
    "pInternalBleeding": 0.004465722478926182,
    "pExternalBleeding": 0.01025900337845087,
    "entropyDeath": 0.015228966251015663,
    "SEVERITY": 0.0030457095708698034,
    "SUPPLIES_REMAINING": 0.001356293447315693,
    "AVERAGE_TIME_USED": 0.020197255536913872,
    "DAMAGE_PER_SECOND": 0.0027765254490077496,
    "MEDSIM_P_DEATH_ONE_MIN_LATER": 0.003847926389425993,
    "WEIGHTED_RESOURCE_SCORE": 0.006406262516975403,
    "INFORMATION_GAINED": 0.004044136963784695,
    "treatment": 0.04284917563199997
}