{
    "conscious": 0.006363441701978445,
    "mental_status": 0.0009388615726493299,
    "breathing": 0.0002674841962289065,
    "intent": 0.08068493753671646,
    "directness_of_causality": 0.06312591582536697,
    "aid_available": 0.06911921501159668,
    "treating": 0.11086322367191315,
    "HRA Strategy.time-risk_reward_ratio.take-the-best": 0.0001961609086720273,
    "HRA Strategy.risk_reward_ratio-system.one-bounce": 0.0006225132965482771,
    "HRA Strategy.resources-risk_reward_ratio-system.one-bounce": 0.0008748233085498214,
    "HRA Strategy.time-resources-risk_reward_ratio-system.one-bounce": 0.000151897402247414,
    "Take-The-Best Priority": 0.000650552858132869,
    "SEVERITY": 0.012035141699016094,
    "SUPPLIES_REMAINING": 0.0004723063902929425,
    "AVERAGE_TIME_USED": 0.011565950699150562,
    "DAMAGE_PER_SECOND": 0.0005289640394039452,
    "MEDSIM_P_DEATH_ONE_MIN_LATER": 0.3988112509250641,
    "SUPPLIES_USED": 0.12005122005939484,
    "SEVEREST_SEVERITY_CHANGE": 0.00045037642121315,
    "SMOL_MEDICAL_SOUNDNESS": 0.12027805298566818,
    "treatment": 0.0019476551096886396
}