{
    "age": 0.011420573107898235,
    "tagged": 0.009793790057301521,
    "visited": 0.012316105887293816,
    "conscious": 0.006060828920453787,
    "breathing": 0.02042042650282383,
    "hrpmin": 0.01724720001220703,
    "avpu": 0.0213764738291502,
    "unvisited_count": 0.04087582230567932,
    "injured_count": 0.03599564731121063,
    "environment_type": 0.0068780225701630116,
    "questioning": 0.2310631424188614,
    "assessing": 0.1968872845172882,
    "tagging": 0.21719010174274445,
    "category": 0.006817175075411797,
    "One-Bounce Priority": 0.024740999564528465,
    "pDeath": 0.00763551564887166,
    "pPain": 0.00888290349394083,
    "entropy": 0.018158860504627228,
    "SEVERITY": 0.002827852964401245,
    "AVERAGE_TIME_USED": 0.0252014622092247,
    "MEDSIM_P_DEATH": 0.020411768928170204,
    "SMOL_MEDICAL_SOUNDNESS": 0.003218713914975524,
    "treatment": 0.054579488933086395
}