{
    "age": 0.012657568790018559,
    "tagged": 0.02809114009141922,
    "visited": 0.00214208010584116,
    "conscious": 0.005291510373353958,
    "breathing": 0.007375038228929043,
    "avpu": 0.008519735187292099,
    "injured_count": 0.00769581226631999,
    "environment_type": 0.012816417030990124,
    "questioning": 0.1595408171415329,
    "assessing": 0.11689062416553497,
    "treating": 0.0005331258289515972,
    "tagging": 0.210072323679924,
    "leaving": 0.2713063955307007,
    "category": 0.004172193817794323,
    "HRA Strategy.time-resources.take-the-best": 0.0034902538172900677,
    "HRA Strategy.time-resources.one-bounce": 0.0017540085827931762,
    "HRA Strategy.time-risk_reward_ratio.take-the-best": 0.00079088140046224,
    "HRA Strategy.time-system.exhaustive": 2.4900815333239734e-05,
    "HRA Strategy.time-system.one-bounce": 0.0003704898990690708,
    "HRA Strategy.resources-system.take-the-best": 0.0006530247046612203,
    "HRA Strategy.resources-system.exhaustive": 1.3881924587622052e-06,
    "Satisfactory Priority": 0.009895102120935917,
    "One-Bounce Priority": 0.0045006307773292065,
    "pDeath": 0.010454926639795303,
    "pPain": 0.005243958905339241,
    "pBrainInjury": 0.010469191707670689,
    "pAirwayBlocked": 0.000569489027839154,
    "pInternalBleeding": 0.0100094648078084,
    "pExternalBleeding": 0.006754227913916111,
    "entropy": 0.004317589569836855,
    "entropyDeath": 0.0033762394450604916,
    "SEVERITY": 0.005340618081390858,
    "SUPPLIES_REMAINING": 0.005295582115650177,
    "AVERAGE_TIME_USED": 0.008793778717517853,
    "DAMAGE_PER_SECOND": 0.004352651536464691,
    "MEDSIM_P_DEATH": 0.002568863332271576,
    "MEDSIM_P_DEATH_ONE_MIN_LATER": 0.006540215108543634,
    "SEVEREST_SEVERITY": 0.0003743651323020458,
    "SEVEREST_SEVERITY_CHANGE": 0.0025268623139709234,
    "WEIGHTED_RESOURCE_SCORE": 0.0012160411570221186,
    "SMOL_MEDICAL_SOUNDNESS": 0.004403133410960436,
    "INFORMATION_GAINED": 0.007617963943630457,
    "treatment": 0.03118947520852089
}