{
    "age": 0.1423405557870865,
    "tagged": 0.17037442326545715,
    "visited": 0.016864106059074402,
    "conscious": 0.09507285058498383,
    "breathing": 0.026547471061348915,
    "injured_count": 0.0067567466758191586,
    "environment_type": 0.001461914274841547,
    "questioning": 0.1421382874250412,
    "tagging": 0.043341655284166336,
    "category": 0.09317129105329514,
    "HRA Strategy.time-resources.take-the-best": 0.004629567265510559,
    "HRA Strategy.time-resources.one-bounce": 0.0025953094009310007,
    "HRA Strategy.time-risk_reward_ratio.take-the-best": 0.005998310167342424,
    "pAirwayBlocked": 0.00380844553001225,
    "entropy": 0.035977091640233994,
    "SEVERITY": 0.036369021981954575,
    "SUPPLIES_REMAINING": 0.02615777775645256,
    "AVERAGE_TIME_USED": 0.004396738950163126,
    "DAMAGE_PER_SECOND": 0.045272454619407654,
    "MEDSIM_P_DEATH": 0.013632160611450672,
    "MEDSIM_P_DEATH_ONE_MIN_LATER": 0.001481556217186153,
    "WEIGHTED_RESOURCE_SCORE": 0.007024634163826704,
    "SMOL_MEDICAL_SOUNDNESS": 0.02577340230345726,
    "INFORMATION_GAINED": 0.013100170530378819,
    "treatment": 0.035714201629161835
}