{
    "mental_status": 0.01979414001107216,
    "avpu": 0.002682892605662346,
    "intent": 0.03374480828642845,
    "directness_of_causality": 0.19643065333366394,
    "aid_available": 0.14189374446868896,
    "treating": 0.22261682152748108,
    "HRA Strategy.time-resources.take-the-best": 0.008049305528402328,
    "HRA Strategy.time-resources.one-bounce": 0.0004280193243175745,
    "HRA Strategy.time-risk_reward_ratio.take-the-best": 0.0007848928798921406,
    "HRA Strategy.risk_reward_ratio-system.one-bounce": 0.0012007540790364146,
    "HRA Strategy.time-resources-system.tallying": 0.0014806537656113505,
    "HRA Strategy.time-resources-system.one-bounce": 0.000677374773658812,
    "HRA Strategy.resources-risk_reward_ratio-system.one-bounce": 0.0011320385383442044,
    "HRA Strategy.time-resources-risk_reward_ratio-system.one-bounce": 0.00030065025202929974,
    "Take-The-Best Priority": 0.002073378302156925,
    "Satisfactory Priority": 0.002309303730726242,
    "pPain": 0.0003944475611206144,
    "pBrainInjury": 0.0009549232781864703,
    "SEVERITY": 0.006390286143869162,
    "SUPPLIES_REMAINING": 0.0018109484808519483,
    "AVERAGE_TIME_USED": 0.008209604769945145,
    "SUPPLIES_USED": 0.20714013278484344,
    "WEIGHTED_RESOURCE_SCORE": 0.0003599135670810938,
    "SMOL_MEDICAL_SOUNDNESS": 0.1221422329545021,
    "treatment": 0.016998089849948883
}