{
    "intent": 0.016662511974573135,
    "directness_of_causality": 0.20173023641109467,
    "aid_available": 0.19893309473991394,
    "treating": 0.3010677993297577,
    "HRA Strategy.risk_reward_ratio-system.one-bounce": 0.0002969194611068815,
    "SUPPLIES_REMAINING": 0.0009169133845716715,
    "AVERAGE_TIME_USED": 0.006160133983939886,
    "SUPPLIES_USED": 0.2742323577404022
}