{
    "age": 0.0137249156832695,
    "tagged": 0.03689196705818176,
    "conscious": 0.007816474884748459,
    "breathing": 0.0018397554522380233,
    "avpu": 0.0047203595750033855,
    "unvisited_count": 0.007504237815737724,
    "injured_count": 0.043746788054704666,
    "environment_type": 0.004734845831990242,
    "questioning": 0.05837128683924675,
    "assessing": 0.12935179471969604,
    "tagging": 0.08502418547868729,
    "leaving": 0.3995814919471741,
    "treatment": 0.024395247921347618,
    "HRA Strategy.time-resources.take-the-best": 0.00680698174983263,
    "Satisfactory Priority": 0.013036230579018593,
    "One-Bounce Priority": 0.02641533873975277,
    "pDeath": 0.0015812295023351908,
    "pPain": 0.017735540866851807,
    "pBrainInjury": 0.03385399654507637,
    "pAirwayBlocked": 0.0018157722661271691,
    "pExternalBleeding": 0.0017751982668414712,
    "entropyDeath": 0.0052720652893185616,
    "SUPPLIES_REMAINING": 0.0011886140564456582,
    "DAMAGE_PER_SECOND": 0.0024039314594119787,
    "MEDSIM_P_DEATH_ONE_MIN_LATER": 0.002429691143333912,
    "SEVEREST_SEVERITY_CHANGE": 0.03449613228440285,
    "INFORMATION_GAINED": 0.024847760796546936,
    "category": 0.008638028986752033
}