{
    "mental_status": 0.0021125278435647488,
    "breathing": 0.0008412910392507911,
    "avpu": 0.012281456030905247,
    "intent": 0.0946112647652626,
    "directness_of_causality": 0.08836667984724045,
    "aid_available": 0.06417369097471237,
    "treating": 0.10339997708797455,
    "HRA Strategy.time-resources.take-the-best": 0.0019344266038388014,
    "HRA Strategy.time-resources-system.tallying": 0.0008740868070162833,
    "HRA Strategy.resources-risk_reward_ratio-system.one-bounce": 0.0010318285785615444,
    "pPain": 0.0011307991808280349,
    "pAirwayBlocked": 0.02092878893017769,
    "pInternalBleeding": 0.011171514168381691,
    "entropy": 0.01957961916923523,
    "SEVERITY": 0.03094138577580452,
    "SUPPLIES_REMAINING": 0.001024559955112636,
    "AVERAGE_TIME_USED": 0.010820440016686916,
    "DAMAGE_PER_SECOND": 0.023445744067430496,
    "SUPPLIES_USED": 0.09712913632392883,
    "SEVEREST_SEVERITY": 0.03500346094369888,
    "WEIGHTED_RESOURCE_SCORE": 0.02085558883845806,
    "SMOL_MEDICAL_SOUNDNESS": 0.2918224334716797,
    "treatment": 0.06651927530765533
}