{
    "age": 0.0032970791216939688,
    "tagged": 0.028368907049298286,
    "visited": 0.0019349210197106004,
    "conscious": 0.00044893272570334375,
    "breathing": 0.004160985816270113,
    "hrpmin": 0.0011884511914104223,
    "avpu": 0.0017108910251408815,
    "unvisited_count": 0.008235737681388855,
    "injured_count": 0.008133050985634327,
    "environment_type": 0.00048518303083255887,
    "questioning": 0.15395385026931763,
    "assessing": 0.12634457647800446,
    "tagging": 0.16721799969673157,
    "leaving": 0.3736003041267395,
    "HRA Strategy.time-resources.take-the-best": 0.0018260421929880977,
    "HRA Strategy.resources-system.exhaustive": 0.0009160779300145805,
    "Satisfactory Priority": 0.005462007597088814,
    "One-Bounce Priority": 0.015498756431043148,
    "pDeath": 0.002173093380406499,
    "pPain": 0.0030316573102027178,
    "pBrainInjury": 0.004811615217477083,
    "pAirwayBlocked": 0.003597547998651862,
    "pInternalBleeding": 0.005194482859224081,
    "pExternalBleeding": 0.004830765072256327,
    "entropy": 0.008421444334089756,
    "entropyDeath": 0.004551349673420191,
    "SEVERITY": 0.0020163573790341616,
    "AVERAGE_TIME_USED": 0.004528145771473646,
    "MEDSIM_P_DEATH": 0.007705162279307842,
    "MEDSIM_P_DEATH_ONE_MIN_LATER": 0.000963835627771914,
    "SEVEREST_SEVERITY": 0.0016206505242735147,
    "WEIGHTED_RESOURCE_SCORE": 0.0013128392165526748,
    "SMOL_MEDICAL_SOUNDNESS": 0.001444379216991365,
    "INFORMATION_GAINED": 0.012461435981094837,
    "treatment": 0.02454097382724285,
    "category": 0.004010466393083334
}