{
    "age": 0.004328357987105846,
    "tagged": 0.025083139538764954,
    "visited": 0.0014379869680851698,
    "conscious": 0.0011285872897133231,
    "breathing": 0.00517268618568778,
    "hrpmin": 0.003458603983744979,
    "avpu": 0.001880631665699184,
    "unvisited_count": 0.004602835047990084,
    "injured_count": 0.010791584849357605,
    "environment_type": 0.0021410766057670116,
    "questioning": 0.11850415170192719,
    "assessing": 0.14821799099445343,
    "treating": 0.0004125078266952187,
    "tagging": 0.21896080672740936,
    "leaving": 0.3123488128185272,
    "HRA Strategy.time-resources.take-the-best": 0.00213731755502522,
    "HRA Strategy.time-risk_reward_ratio.take-the-best": 0.003328613005578518,
    "HRA Strategy.time-system.exhaustive": 0.0024407359305769205,
    "HRA Strategy.time-system.tallying": 0.00014700699830427766,
    "HRA Strategy.resources-system.take-the-best": 0.0009152476559393108,
    "HRA Strategy.resources-system.exhaustive": 0.0001591840700712055,
    "HRA Strategy.risk_reward_ratio-system.exhaustive": 0.0033973867539316416,
    "HRA Strategy.time-resources-system.exhaustive": 0.0013990288134664297,
    "Satisfactory Priority": 0.003004626836627722,
    "One-Bounce Priority": 0.012437177821993828,
    "pDeath": 0.0011585097527131438,
    "pPain": 0.008304390124976635,
    "pBrainInjury": 0.0030520139262080193,
    "pAirwayBlocked": 0.006850685458630323,
    "pInternalBleeding": 0.00482815271243453,
    "pExternalBleeding": 0.006518165580928326,
    "entropy": 0.012738300487399101,
    "entropyDeath": 0.0019059759797528386,
    "SEVERITY": 0.00294819800183177,
    "SUPPLIES_REMAINING": 0.0005956817767582834,
    "AVERAGE_TIME_USED": 0.007072926498949528,
    "DAMAGE_PER_SECOND": 0.00026677019195631146,
    "MEDSIM_P_DEATH": 0.004050904884934425,
    "MEDSIM_P_DEATH_ONE_MIN_LATER": 0.0005684489151462913,
    "SEVEREST_SEVERITY": 0.0022121346555650234,
    "WEIGHTED_RESOURCE_SCORE": 0.001471826108172536,
    "INFORMATION_GAINED": 0.0036501935683190823,
    "treatment": 0.03742554038763046,
    "category": 0.006545136217027903
}