{
    "tagged": 0.010268284939229488,
    "conscious": 0.0017898200312629342,
    "breathing": 0.030095694586634636,
    "intent": 0.12293446809053421,
    "directness_of_causality": 0.03223714232444763,
    "injured_count": 0.00010943847883027047,
    "aid_available": 0.04421073943376541,
    "treating": 0.1020461767911911,
    "HRA Strategy.time-resources.take-the-best": 0.0008168407948687673,
    "HRA Strategy.resources-risk_reward_ratio.one-bounce": 0.0005211053066886961,
    "HRA Strategy.resources-system.take-the-best": 0.0002902497071772814,
    "HRA Strategy.risk_reward_ratio-system.one-bounce": 0.0006117161246947944,
    "HRA Strategy.resources-risk_reward_ratio-system.one-bounce": 0.0005461592809297144,
    "HRA Strategy.time-resources-risk_reward_ratio-system.one-bounce": 0.0001578717347001657,
    "Take-The-Best Priority": 0.0006222445517778397,
    "pDeath": 0.0007593394839204848,
    "pPain": 0.00028878793818876147,
    "pBrainInjury": 0.00012479416909627616,
    "pAirwayBlocked": 0.00012993435666430742,
    "pInternalBleeding": 0.01650039665400982,
    "pExternalBleeding": 0.00727540347725153,
    "entropyDeath": 0.002446649130433798,
    "SEVERITY": 0.009390381164848804,
    "SUPPLIES_REMAINING": 0.005595048423856497,
    "AVERAGE_TIME_USED": 0.012486478313803673,
    "DAMAGE_PER_SECOND": 3.2308485970133916e-05,
    "MEDSIM_P_DEATH_ONE_MIN_LATER": 0.3476888835430145,
    "SUPPLIES_USED": 0.05510372295975685,
    "SEVEREST_SEVERITY": 0.0023050534073263407,
    "SEVEREST_SEVERITY_CHANGE": 0.04645584523677826,
    "WEIGHTED_RESOURCE_SCORE": 0.0006994924042373896,
    "SMOL_MEDICAL_SOUNDNESS": 0.1445590853691101,
    "treatment": 0.0009004505700431764
}