{
    "age": 0.009253449738025665,
    "tagged": 0.005933603271842003,
    "visited": 0.002470642328262329,
    "conscious": 0.0015503923641517758,
    "breathing": 0.012375482358038425,
    "hrpmin": 0.012560483068227768,
    "avpu": 0.002231128979474306,
    "unvisited_count": 0.000527678697835654,
    "environment_type": 0.002224850468337536,
    "questioning": 0.27139008045196533,
    "assessing": 0.2050538808107376,
    "treating": 0.0011042875703424215,
    "tagging": 0.2447194755077362,
    "category": 0.008999364450573921,
    "HRA Strategy.time-resources.take-the-best": 0.0015416888054460287,
    "HRA Strategy.time-risk_reward_ratio.take-the-best": 0.004213646054267883,
    "HRA Strategy.time-system.exhaustive": 0.0007640100084245205,
    "HRA Strategy.resources-system.take-the-best": 0.0012768014566972852,
    "HRA Strategy.resources-system.exhaustive": 0.0013904526131227612,
    "HRA Strategy.risk_reward_ratio-system.exhaustive": 0.0038153165951371193,
    "Satisfactory Priority": 0.0001275809045182541,
    "One-Bounce Priority": 0.01733536273241043,
    "pDeath": 0.0028229940216988325,
    "pPain": 0.008413637988269329,
    "pBrainInjury": 0.00817481055855751,
    "pAirwayBlocked": 0.0016798272263258696,
    "pInternalBleeding": 0.0035365119110792875,
    "pExternalBleeding": 0.0032458098139613867,
    "entropy": 0.03420547768473625,
    "entropyDeath": 0.017534999176859856,
    "SEVERITY": 0.009545761160552502,
    "AVERAGE_TIME_USED": 0.004276896361261606,
    "DAMAGE_PER_SECOND": 0.002153306035324931,
    "MEDSIM_P_DEATH": 0.003648278769105673,
    "MEDSIM_P_DEATH_ONE_MIN_LATER": 0.0005557924159802496,
    "SEVEREST_SEVERITY": 0.000779548950958997,
    "WEIGHTED_RESOURCE_SCORE": 0.00462339585646987,
    "SMOL_MEDICAL_SOUNDNESS": 0.006107530556619167,
    "INFORMATION_GAINED": 0.020722614601254463,
    "treatment": 0.05711314082145691
}