{
    "conscious": 0.011412868276238441,
    "hrpmin": 0.0034495247527956963,
    "intent": 0.22423714399337769,
    "directness_of_causality": 0.16475741565227509,
    "aid_available": 0.11913798749446869,
    "treating": 0.2365424633026123,
    "SEVERITY": 0.002499723108485341,
    "AVERAGE_TIME_USED": 0.012255191802978516,
    "SUPPLIES_USED": 0.2049502581357956,
    "SMOL_MEDICAL_SOUNDNESS": 0.02075744792819023
}