{
    "visited": 0.00015217978216242045,
    "mental_status": 0.07884141057729721,
    "breathing": 0.1827119141817093,
    "hrpmin": 2.4839364414219745e-05,
    "directness_of_causality": 0.20515500009059906,
    "aid_available": 0.030546221882104874,
    "treating": 0.3356431722640991,
    "HRA Strategy.risk_reward_ratio-system.one-bounce": 0.004473581910133362,
    "HRA Strategy.resources-risk_reward_ratio-system.one-bounce": 0.0034389663487672806,
    "pDeath": 8.005128620425239e-05,
    "pPain": 0.00010187356383539736,
    "pAirwayBlocked": 0.0003432860830798745,
    "entropy": 0.00028885097708553076,
    "entropyDeath": 0.00012445167521946132,
    "SEVERITY": 0.02575189620256424,
    "AVERAGE_TIME_USED": 0.023405596613883972,
    "SEVERITY_CHANGE": 0.00015257345512509346,
    "SUPPLIES_USED": 0.07751461863517761,
    "SEVEREST_SEVERITY": 0.030127502977848053,
    "SEVEREST_SEVERITY_CHANGE": 0.0001553435722598806,
    "WEIGHTED_RESOURCE_SCORE": 8.003245602594689e-05,
    "treatment": 0.0008867406868375838
}