{
    "age": 0.01790839061141014,
    "tagged": 0.051967378705739975,
    "unvisited_count": 0.018567970022559166,
    "injured_count": 0.03085208684206009,
    "environment_type": 0.019198937341570854,
    "questioning": 0.12516199052333832,
    "assessing": 0.24234984815120697,
    "tagging": 0.15416236221790314,
    "category": 0.021257078275084496,
    "One-Bounce Priority": 0.09245162457227707,
    "pDeath": 0.011556877754628658,
    "pAirwayBlocked": 0.013847444206476212,
    "AVERAGE_TIME_USED": 0.010715722106397152,
    "WEIGHTED_RESOURCE_SCORE": 0.04931943118572235,
    "INFORMATION_GAINED": 0.08901049941778183,
    "treatment": 0.05167240649461746
}