{
    "age": 0.0033027753233909607,
    "tagged": 0.019307557493448257,
    "avpu": 0.003911952022463083,
    "environment_type": 0.007509311195462942,
    "questioning": 0.14997011423110962,
    "assessing": 0.18260066211223602,
    "tagging": 0.05406047776341438,
    "leaving": 0.5119584202766418,
    "One-Bounce Priority": 0.005323679186403751,
    "pDeath": 0.008113005198538303,
    "pInternalBleeding": 0.005195070989429951,
    "AVERAGE_TIME_USED": 0.012457506731152534,
    "INFORMATION_GAINED": 0.00700156157836318,
    "treatment": 0.029287856072187424
}