{
    "tagged": 0.019983867183327675,
    "conscious": 0.034199994057416916,
    "environment_type": 0.017886623740196228,
    "assessing": 0.10655167698860168,
    "category": 0.02103905752301216,
    "HRA Strategy.time-resources.take-the-best": 0.02190999872982502,
    "DAMAGE_PER_SECOND": 0.029671376571059227,
    "SEVEREST_SEVERITY_CHANGE": 0.7487574815750122
}