{
    "age": 0.1347157508134842,
    "tagged": 0.04182851314544678,
    "injured_count": 0.007712509483098984,
    "environment_type": 0.008681943640112877,
    "category": 0.09528392553329468,
    "SEVERITY": 0.025975707918405533,
    "AVERAGE_TIME_USED": 0.031565580517053604,
    "DAMAGE_PER_SECOND": 0.232281893491745,
    "MEDSIM_P_DEATH": 0.09453970938920975,
    "MEDSIM_P_DEATH_ONE_MIN_LATER": 0.046273283660411835,
    "SEVERITY_CHANGE": 0.01318185031414032,
    "treatment": 0.26795926690101624
}