{
    "intent": 0.4456009864807129,
    "treating": 0.5456888675689697,
    "HRA Strategy.time-resources-system.one-bounce": 0.00249866908416152,
    "WEIGHTED_RESOURCE_SCORE": 0.006211502011865377
}