{
    "mental_status": 0.006482904311269522,
    "intent": 0.05944851040840149,
    "directness_of_causality": 0.13078336417675018,
    "aid_available": 0.1331569403409958,
    "treating": 0.21469008922576904,
    "HRA Strategy.risk_reward_ratio-system.one-bounce": 0.0018225670792162418,
    "pExternalBleeding": 0.0021382682025432587,
    "SEVERITY": 0.005805765278637409,
    "SUPPLIES_REMAINING": 0.002253982936963439,
    "AVERAGE_TIME_USED": 0.017851000651717186,
    "SUPPLIES_USED": 0.2149098962545395,
    "SMOL_MEDICAL_SOUNDNESS": 0.19423902034759521,
    "treatment": 0.016417628154158592
}