{
    "age": 0.00856746919453144,
    "tagged": 0.019955579191446304,
    "breathing": 0.006895377766340971,
    "unvisited_count": 0.013665114529430866,
    "injured_count": 0.018478786572813988,
    "questioning": 0.22232972085475922,
    "assessing": 0.23818717896938324,
    "tagging": 0.13227985799312592,
    "leaving": 0.18412908911705017,
    "Satisfactory Priority": 0.0041961632668972015,
    "One-Bounce Priority": 0.031156660988926888,
    "pPain": 0.0064777228981256485,
    "pInternalBleeding": 0.0038009893614798784,
    "pExternalBleeding": 0.011530537158250809,
    "entropy": 0.010723435319960117,
    "entropyDeath": 0.0035287083592265844,
    "AVERAGE_TIME_USED": 0.005702550057321787,
    "MEDSIM_P_DEATH": 0.007560659199953079,
    "INFORMATION_GAINED": 0.026967572048306465,
    "treatment": 0.033910684287548065,
    "category": 0.009956086985766888
}