{
    "age": 0.010083029046654701,
    "tagged": 0.028470642864704132,
    "breathing": 0.016168538480997086,
    "hrpmin": 0.012138066813349724,
    "injured_count": 0.027492715045809746,
    "environment_type": 0.00604212936013937,
    "questioning": 0.16642677783966064,
    "assessing": 0.22971613705158234,
    "tagging": 0.15672697126865387,
    "leaving": 0.2008892148733139,
    "HRA Strategy.time-resources.take-the-best": 0.006655359175056219,
    "One-Bounce Priority": 0.04253412038087845,
    "pPain": 0.009797229431569576,
    "entropyDeath": 0.004426751751452684,
    "SEVERITY": 0.0072281574830412865,
    "MEDSIM_P_DEATH": 0.008760370314121246,
    "INFORMATION_GAINED": 0.024450138211250305,
    "treatment": 0.03207290172576904,
    "category": 0.009920760057866573
}