{
    "treating": 0.7279423475265503,
    "SUPPLIES_USED": 0.07783743739128113,
    "SMOL_MEDICAL_SOUNDNESS": 0.1942201852798462
}