{
    "age": 0.10071142762899399,
    "visited": 0.009090710431337357,
    "breathing": 0.019612237811088562,
    "environment_type": 0.01692940853536129,
    "assessing": 0.10197539627552032,
    "treating": 0.029725685715675354,
    "category": 0.0504952073097229,
    "HRA Strategy.time-resources.take-the-best": 0.021325062960386276,
    "pDeath": 0.08733408898115158,
    "pAirwayBlocked": 0.005359646398574114,
    "pExternalBleeding": 0.007978242821991444,
    "SEVERITY": 0.00974680483341217,
    "SUPPLIES_REMAINING": 0.013918416574597359,
    "AVERAGE_TIME_USED": 0.02180154249072075,
    "DAMAGE_PER_SECOND": 0.039082787930965424,
    "MEDSIM_P_DEATH_ONE_MIN_LATER": 0.3019854724407196,
    "SEVEREST_SEVERITY": 0.012003677897155285,
    "WEIGHTED_RESOURCE_SCORE": 0.08848876506090164,
    "SMOL_MEDICAL_SOUNDNESS": 0.005089137703180313,
    "treatment": 0.05734628438949585
}