{
    "age": 0.006246097851544619,
    "tagged": 0.035070061683654785,
    "visited": 0.0024055582471191883,
    "conscious": 0.0008111895876936615,
    "breathing": 0.00637725880369544,
    "hrpmin": 0.0035274524707347155,
    "avpu": 0.002070002956315875,
    "unvisited_count": 0.010997356846928596,
    "injured_count": 0.014634653925895691,
    "environment_type": 0.001028591999784112,
    "questioning": 0.18798775970935822,
    "assessing": 0.14968618750572205,
    "tagging": 0.16948141157627106,
    "leaving": 0.2359466850757599,
    "HRA Strategy.time-resources.take-the-best": 0.0016218397067859769,
    "HRA Strategy.resources-system.take-the-best": 0.0009142838534899056,
    "Take-The-Best Priority": 0.007443530485033989,
    "Satisfactory Priority": 0.004578388761729002,
    "One-Bounce Priority": 0.02339477464556694,
    "pDeath": 0.0026160019915550947,
    "pPain": 0.005769845563918352,
    "pBrainInjury": 0.0015127607621252537,
    "pAirwayBlocked": 0.00560210645198822,
    "pInternalBleeding": 0.00431841379031539,
    "pExternalBleeding": 0.006642222870141268,
    "entropy": 0.006445573177188635,
    "entropyDeath": 0.006821880582720041,
    "SEVERITY": 0.002076951088383794,
    "AVERAGE_TIME_USED": 0.0034674149937927723,
    "DAMAGE_PER_SECOND": 0.000650778238195926,
    "MEDSIM_P_DEATH": 0.004559408873319626,
    "SEVERITY_CHANGE": 0.0007154102204367518,
    "SEVEREST_SEVERITY": 0.0025851232931017876,
    "WEIGHTED_RESOURCE_SCORE": 0.0022773754317313433,
    "SMOL_MEDICAL_SOUNDNESS": 0.0041863336227834225,
    "INFORMATION_GAINED": 0.03552015498280525,
    "treatment": 0.032854534685611725,
    "category": 0.007154556456953287
}