{
    "questioning": 0.24922379851341248,
    "assessing": 0.3831445276737213,
    "tagging": 0.07166295498609543,
    "leaving": 0.2598113417625427,
    "treatment": 0.036157406866550446
}