{
    "conscious": 0.0023036340717226267,
    "avpu": 0.0009160274057649076,
    "intent": 0.039119791239500046,
    "directness_of_causality": 0.20330867171287537,
    "aid_available": 0.18284328281879425,
    "treating": 0.2793458104133606,
    "HRA Strategy.time-resources.take-the-best": 0.00013054859300609678,
    "HRA Strategy.time-risk_reward_ratio.take-the-best": 0.0006245984113775194,
    "HRA Strategy.time-risk_reward_ratio.one-bounce": 0.0006343643181025982,
    "HRA Strategy.resources-system.take-the-best": 0.00019541267829481512,
    "HRA Strategy.risk_reward_ratio-system.one-bounce": 0.0008490532054565847,
    "HRA Strategy.time-resources-system.tallying": 0.0013674155343323946,
    "HRA Strategy.time-resources-system.one-bounce": 0.00021233261213637888,
    "HRA Strategy.resources-risk_reward_ratio-system.one-bounce": 0.0009664886747486889,
    "HRA Strategy.time-resources-risk_reward_ratio-system.one-bounce": 0.0005505114095285535,
    "Take-The-Best Priority": 0.0005917657981626689,
    "Satisfactory Priority": 0.0012971475953236222,
    "pDeath": 9.989660611608997e-05,
    "pBrainInjury": 0.00031921095796860754,
    "pInternalBleeding": 0.0004577663785312325,
    "entropyDeath": 0.0004573898622766137,
    "SEVERITY": 0.005015420261770487,
    "SUPPLIES_REMAINING": 0.0006608086987398565,
    "AVERAGE_TIME_USED": 0.0003285576531197876,
    "MEDSIM_P_DEATH": 9.004100866150111e-05,
    "SEVERITY_CHANGE": 9.369541658088565e-05,
    "SUPPLIES_USED": 0.27574482560157776,
    "SEVEREST_SEVERITY": 0.00014046495198272169,
    "SEVEREST_SEVERITY_CHANGE": 0.00026310121756978333,
    "WEIGHTED_RESOURCE_SCORE": 0.00048273129505105317,
    "treatment": 0.0005892277113161981
}