{
    "tagged": 0.023959239944815636,
    "avpu": 0.005357533693313599,
    "unvisited_count": 0.01209774985909462,
    "questioning": 0.16225244104862213,
    "assessing": 0.23749789595603943,
    "tagging": 0.2088516801595688,
    "leaving": 0.1349380761384964,
    "treatment": 0.04978420212864876,
    "HRA Strategy.time-resources.take-the-best": 0.009306731633841991,
    "One-Bounce Priority": 0.0671859160065651,
    "pPain": 0.02032172866165638,
    "INFORMATION_GAINED": 0.047514401376247406,
    "category": 0.02093239687383175
}