{
    "conscious": 0.0019413720583543181,
    "mental_status": 0.004886399023234844,
    "breathing": 0.0007206196896731853,
    "intent": 0.010463379323482513,
    "directness_of_causality": 0.17150388658046722,
    "aid_available": 0.1455237865447998,
    "treating": 0.18531537055969238,
    "HRA Strategy.time-risk_reward_ratio.one-bounce": 0.0006050505908206105,
    "HRA Strategy.risk_reward_ratio-system.one-bounce": 0.0012755651259794831,
    "HRA Strategy.resources-risk_reward_ratio-system.one-bounce": 0.0007595769711770117,
    "HRA Strategy.time-resources-risk_reward_ratio-system.one-bounce": 0.00023820463684387505,
    "Take-The-Best Priority": 0.0021088554058223963,
    "Satisfactory Priority": 0.000746614474337548,
    "pDeath": 0.000102578844234813,
    "pPain": 3.8239872083067894e-05,
    "pBrainInjury": 0.00016639615932945162,
    "pAirwayBlocked": 0.00010839555034181103,
    "pInternalBleeding": 0.00021869008196517825,
    "pExternalBleeding": 0.0006145659135654569,
    "entropy": 0.00013461946218740195,
    "entropyDeath": 1.5901830920483917e-05,
    "SEVERITY": 0.012074960395693779,
    "SUPPLIES_REMAINING": 0.0008896786603145301,
    "AVERAGE_TIME_USED": 0.0075785196386277676,
    "DAMAGE_PER_SECOND": 9.692120511317626e-05,
    "SEVERITY_CHANGE": 1.4698271115776151e-05,
    "SUPPLIES_USED": 0.19463875889778137,
    "SEVEREST_SEVERITY": 0.0001290228683501482,
    "SEVEREST_SEVERITY_CHANGE": 0.00044915886246599257,
    "WEIGHTED_RESOURCE_SCORE": 0.00045599762233905494,
    "SMOL_MEDICAL_SOUNDNESS": 0.25395700335502625,
    "treatment": 0.00222715362906456
}