{
    "age": 0.017242927104234695,
    "tagged": 0.033003468066453934,
    "breathing": 0.006470381747931242,
    "hrpmin": 0.0029713802505284548,
    "avpu": 0.0031346401665359735,
    "unvisited_count": 0.007224127184599638,
    "environment_type": 0.0025425273925065994,
    "questioning": 0.12329144030809402,
    "assessing": 0.16958118975162506,
    "tagging": 0.21592189371585846,
    "leaving": 0.20336970686912537,
    "HRA Strategy.time-resources.take-the-best": 0.002170960186049342,
    "HRA Strategy.time-system.exhaustive": 0.009278076700866222,
    "HRA Strategy.resources-system.exhaustive": 0.002619789447635412,
    "Satisfactory Priority": 0.006907327100634575,
    "One-Bounce Priority": 0.035679712891578674,
    "pDeath": 0.004915589466691017,
    "pPain": 0.01228207629173994,
    "pBrainInjury": 0.0036539393477141857,
    "pAirwayBlocked": 0.01202072948217392,
    "pInternalBleeding": 0.010259405709803104,
    "pExternalBleeding": 0.0043595354072749615,
    "entropy": 0.008153892122209072,
    "entropyDeath": 0.010831773281097412,
    "SEVERITY": 0.0033674591686576605,
    "AVERAGE_TIME_USED": 0.01120999176055193,
    "MEDSIM_P_DEATH": 0.006544732488691807,
    "WEIGHTED_RESOURCE_SCORE": 0.002259357599541545,
    "INFORMATION_GAINED": 0.019484559074044228,
    "treatment": 0.041176773607730865,
    "category": 0.008070669136941433
}