{
    "age": 0.01644195429980755,
    "tagged": 0.07694652676582336,
    "visited": 0.005057178437709808,
    "conscious": 0.002815746935084462,
    "breathing": 0.009473944082856178,
    "hrpmin": 0.031423576176166534,
    "avpu": 0.0025828287471085787,
    "unvisited_count": 0.003438240382820368,
    "injured_count": 0.04728338122367859,
    "others_tagged_or_uninjured": 0.0022648745216429234,
    "environment_type": 0.012865780852735043,
    "questioning": 0.16552279889583588,
    "assessing": 0.17010176181793213,
    "tagging": 0.1676476001739502,
    "category": 0.011399148032069206,
    "HRA Strategy.time-resources.take-the-best": 0.0027825927827507257,
    "HRA Strategy.time-risk_reward_ratio.take-the-best": 0.008839869871735573,
    "HRA Strategy.time-system.exhaustive": 0.0007552182069048285,
    "Satisfactory Priority": 0.017894893884658813,
    "One-Bounce Priority": 0.034128185361623764,
    "pDeath": 0.0025060849729925394,
    "pPain": 0.01213703490793705,
    "pBrainInjury": 0.0018323820549994707,
    "pAirwayBlocked": 0.019446715712547302,
    "entropy": 0.007134228013455868,
    "SEVERITY": 0.005522146821022034,
    "SUPPLIES_REMAINING": 0.0009263665997423232,
    "AVERAGE_TIME_USED": 0.003533280221745372,
    "DAMAGE_PER_SECOND": 0.004278246313333511,
    "MEDSIM_P_DEATH": 0.0037239501252770424,
    "MEDSIM_P_DEATH_ONE_MIN_LATER": 0.002232139930129051,
    "SEVEREST_SEVERITY": 0.0019370293011888862,
    "SMOL_MEDICAL_SOUNDNESS": 0.008021244779229164,
    "INFORMATION_GAINED": 0.1058192327618599,
    "treatment": 0.03128383308649063
}