{
    "tagged": 0.06837518513202667,
    "conscious": 0.1278853863477707,
    "breathing": 0.02575577050447464,
    "intent": 0.226322203874588,
    "directness_of_causality": 0.13672012090682983,
    "treating": 0.2277110069990158,
    "AVERAGE_TIME_USED": 0.08917910605669022,
    "SUPPLIES_USED": 0.07163545489311218,
    "SEVEREST_SEVERITY": 0.02641577273607254
}