{
    "breathing": 0.07927635312080383,
    "injured_count": 0.16067633032798767,
    "questioning": 0.5987799763679504,
    "category": 0.10796676576137543,
    "pInternalBleeding": 0.05330057442188263
}