{
    "conscious": 0.10790993273258209,
    "breathing": 0.06066298112273216,
    "intent": 0.1632053405046463,
    "treating": 0.608957052230835,
    "SUPPLIES_USED": 0.05926470831036568
}