{
    "conscious": 0.06015489250421524,
    "breathing": 0.027517808601260185,
    "environment_type": 0.183487206697464,
    "assessing": 0.2841194272041321,
    "tagging": 0.19963745772838593,
    "category": 0.0328691303730011,
    "Satisfactory Priority": 0.023224830627441406,
    "entropy": 0.02442043647170067,
    "entropyDeath": 0.027123581618070602,
    "SEVERITY": 0.03081776387989521,
    "AVERAGE_TIME_USED": 0.03604589030146599,
    "WEIGHTED_RESOURCE_SCORE": 0.03581932187080383,
    "treatment": 0.03476232290267944
}