{
    "age": 0.00431192759424448,
    "tagged": 0.0195175614207983,
    "visited": 0.005130312405526638,
    "conscious": 0.0004651868366636336,
    "breathing": 0.00698471674695611,
    "hrpmin": 0.0017116779927164316,
    "avpu": 0.0007324846810661256,
    "unvisited_count": 0.012514364905655384,
    "injured_count": 0.013019776903092861,
    "environment_type": 0.0010512531735002995,
    "questioning": 0.11014623194932938,
    "assessing": 0.13501523435115814,
    "tagging": 0.1282902956008911,
    "leaving": 0.4438180923461914,
    "HRA Strategy.time-resources.take-the-best": 0.0031253814231604338,
    "HRA Strategy.time-system.exhaustive": 0.0011978712864220142,
    "HRA Strategy.resources-system.take-the-best": 0.0006039967411197722,
    "HRA Strategy.resources-system.exhaustive": 0.001369384117424488,
    "Satisfactory Priority": 0.0037143912632018328,
    "One-Bounce Priority": 0.01583053357899189,
    "pDeath": 0.0024576354771852493,
    "pPain": 0.0037656323984265327,
    "pBrainInjury": 0.0018900159047916532,
    "pAirwayBlocked": 0.003043276024982333,
    "pInternalBleeding": 0.00407777214422822,
    "pExternalBleeding": 0.007009192369878292,
    "entropy": 0.0032212641090154648,
    "entropyDeath": 0.004484863486140966,
    "SEVERITY": 0.0033338870853185654,
    "AVERAGE_TIME_USED": 0.0055647059343755245,
    "MEDSIM_P_DEATH": 0.005940617993474007,
    "MEDSIM_P_DEATH_ONE_MIN_LATER": 0.0005127120530232787,
    "SEVEREST_SEVERITY": 0.00036129364161752164,
    "WEIGHTED_RESOURCE_SCORE": 0.0030425810255110264,
    "SMOL_MEDICAL_SOUNDNESS": 0.001316821901127696,
    "INFORMATION_GAINED": 0.010820429772138596,
    "treatment": 0.02549019642174244,
    "category": 0.0051163616590201855
}