{
    "age": 0.007658874616026878,
    "tagged": 0.012986302375793457,
    "breathing": 0.00717788003385067,
    "hrpmin": 0.014397199265658855,
    "injured_count": 0.021570665761828423,
    "questioning": 0.18512234091758728,
    "assessing": 0.16739113628864288,
    "tagging": 0.11222663521766663,
    "leaving": 0.3599868714809418,
    "One-Bounce Priority": 0.030841751024127007,
    "pPain": 0.004963828716427088,
    "pExternalBleeding": 0.006647682283073664,
    "entropy": 0.005026808008551598,
    "entropyDeath": 0.004521743394434452,
    "AVERAGE_TIME_USED": 0.009000161662697792,
    "INFORMATION_GAINED": 0.021795909851789474,
    "treatment": 0.0193855669349432,
    "category": 0.009298683144152164
}