{
    "age": 0.025512712076306343,
    "tagged": 0.04504728317260742,
    "visited": 0.02427133359014988,
    "breathing": 0.010686559602618217,
    "injured_count": 0.10199390351772308,
    "environment_type": 0.025530675426125526,
    "questioning": 0.16552947461605072,
    "assessing": 0.2822321355342865,
    "tagging": 0.057654205709695816,
    "category": 0.014651848003268242,
    "One-Bounce Priority": 0.014989996328949928,
    "pDeath": 0.007489093579351902,
    "pBrainInjury": 0.007757240906357765,
    "pAirwayBlocked": 0.00499633839353919,
    "pInternalBleeding": 0.030646177008748055,
    "pExternalBleeding": 0.009183390066027641,
    "entropy": 0.013666380196809769,
    "AVERAGE_TIME_USED": 0.026046467944979668,
    "MEDSIM_P_DEATH": 0.006388091016560793,
    "INFORMATION_GAINED": 0.08438136428594589,
    "treatment": 0.04134538024663925
}