{
    "tagged": 0.17170730233192444,
    "hrpmin": 0.018183274194598198,
    "environment_type": 0.09388052672147751,
    "SEVERITY": 0.13102929294109344,
    "AVERAGE_TIME_USED": 0.12143208831548691,
    "treatment": 0.46376752853393555
}