{
    "conscious": 0.0016882113413885236,
    "mental_status": 0.00047042634105309844,
    "avpu": 4.861241905018687e-05,
    "intent": 0.05824900045990944,
    "directness_of_causality": 0.22044968605041504,
    "aid_available": 0.17699697613716125,
    "treating": 0.27544015645980835,
    "HRA Strategy.time-risk_reward_ratio.one-bounce": 0.0007630919571965933,
    "HRA Strategy.risk_reward_ratio-system.one-bounce": 0.0012984167551621795,
    "HRA Strategy.resources-risk_reward_ratio-system.one-bounce": 0.001014375127851963,
    "HRA Strategy.time-resources-risk_reward_ratio-system.one-bounce": 0.00033833214547485113,
    "Take-The-Best Priority": 0.0007641727570444345,
    "Satisfactory Priority": 0.0007035312592051923,
    "pDeath": 5.196783968131058e-05,
    "pBrainInjury": 0.0003391493228264153,
    "pAirwayBlocked": 0.00022667863231617957,
    "pInternalBleeding": 0.00013487016258295625,
    "entropyDeath": 0.0004990348825231194,
    "SEVERITY": 0.00036347770947031677,
    "SUPPLIES_REMAINING": 0.0011089321924373507,
    "AVERAGE_TIME_USED": 0.0001651694328757003,
    "SUPPLIES_USED": 0.2571679949760437,
    "WEIGHTED_RESOURCE_SCORE": 0.0007257151301018894,
    "treatment": 0.0009919690201058984
}