{
    "age": 0.004808579571545124,
    "tagged": 0.03313339874148369,
    "visited": 0.001379796420224011,
    "conscious": 0.0009005435276776552,
    "breathing": 0.0055766343139112,
    "hrpmin": 0.005762032698839903,
    "avpu": 0.002368991496041417,
    "unvisited_count": 0.011712324805557728,
    "injured_count": 0.010696026496589184,
    "environment_type": 0.0009683429962024093,
    "questioning": 0.187648206949234,
    "assessing": 0.1645759791135788,
    "treating": 0.0005822750390507281,
    "tagging": 0.23180796205997467,
    "leaving": 0.16452482342720032,
    "HRA Strategy.time-resources.take-the-best": 0.002481093630194664,
    "HRA Strategy.time-system.exhaustive": 0.0017151524079963565,
    "HRA Strategy.time-system.one-bounce": 0.000979523523710668,
    "HRA Strategy.resources-system.take-the-best": 0.0006003199378028512,
    "HRA Strategy.resources-system.exhaustive": 0.00046921148896217346,
    "Satisfactory Priority": 0.010628986172378063,
    "One-Bounce Priority": 0.017329193651676178,
    "pDeath": 0.0037676168140023947,
    "pPain": 0.0036111122462898493,
    "pBrainInjury": 0.006894472986459732,
    "pAirwayBlocked": 0.004667337983846664,
    "pInternalBleeding": 0.005299156066030264,
    "pExternalBleeding": 0.008176897652447224,
    "entropy": 0.014433140866458416,
    "entropyDeath": 0.006766931153833866,
    "SEVERITY": 0.002808202290907502,
    "SUPPLIES_REMAINING": 0.0007163339760154486,
    "AVERAGE_TIME_USED": 0.004030702169984579,
    "DAMAGE_PER_SECOND": 0.0003692501049954444,
    "MEDSIM_P_DEATH": 0.010561391711235046,
    "MEDSIM_P_DEATH_ONE_MIN_LATER": 0.004442061763256788,
    "SEVERITY_CHANGE": 0.0007027413230389357,
    "SEVEREST_SEVERITY": 0.0031827527564018965,
    "WEIGHTED_RESOURCE_SCORE": 0.0030250712297856808,
    "SMOL_MEDICAL_SOUNDNESS": 0.0009871417423710227,
    "INFORMATION_GAINED": 0.011570469476282597,
    "treatment": 0.035756055265665054,
    "category": 0.007581712678074837
}