{
    "age": 0.04538813605904579,
    "tagged": 0.05144849792122841,
    "visited": 0.004594286438077688,
    "conscious": 0.026197582483291626,
    "breathing": 0.049723461270332336,
    "unvisited_count": 0.00796783622354269,
    "injured_count": 0.06028509885072708,
    "environment_type": 0.0066986484453082085,
    "questioning": 0.18442244827747345,
    "tagging": 0.00255252025090158,
    "category": 0.06446366012096405,
    "HRA Strategy.time-resources.take-the-best": 0.0310803335160017,
    "HRA Strategy.resources-risk_reward_ratio.one-bounce": 0.006872011348605156,
    "Satisfactory Priority": 0.014767634682357311,
    "pDeath": 0.004916383884847164,
    "pBrainInjury": 0.005777090787887573,
    "pAirwayBlocked": 0.009843031875789165,
    "pInternalBleeding": 0.14623329043388367,
    "pExternalBleeding": 0.033681780099868774,
    "entropy": 0.0051476857624948025,
    "entropyDeath": 0.025076886638998985,
    "SEVERITY": 0.006994128692895174,
    "SUPPLIES_REMAINING": 0.01819288358092308,
    "AVERAGE_TIME_USED": 0.004415731877088547,
    "DAMAGE_PER_SECOND": 0.016992434859275818,
    "MEDSIM_P_DEATH": 0.009940827265381813,
    "MEDSIM_P_DEATH_ONE_MIN_LATER": 0.02978130802512169,
    "SMOL_MEDICAL_SOUNDNESS": 0.09341563284397125,
    "treatment": 0.03312868997454643
}