{
    "conscious": 0.0007090151193551719,
    "breathing": 0.0004947094712406397,
    "intent": 0.15990939736366272,
    "directness_of_causality": 0.15567335486412048,
    "aid_available": 0.170759379863739,
    "treating": 0.27374231815338135,
    "HRA Strategy.resources-system.take-the-best": 0.0010026914533227682,
    "HRA Strategy.risk_reward_ratio-system.one-bounce": 0.0010758950375020504,
    "HRA Strategy.time-resources-system.one-bounce": 0.00023488626175094396,
    "HRA Strategy.time-resources-risk_reward_ratio-system.one-bounce": 0.0002941864950116724,
    "Take-The-Best Priority": 0.0003769070317503065,
    "Satisfactory Priority": 0.0009431566577404737,
    "pDeath": 0.00039605764322914183,
    "pPain": 2.2556214389624074e-05,
    "pAirwayBlocked": 0.00025088436086662114,
    "pInternalBleeding": 0.00034722869168035686,
    "entropyDeath": 9.371497435495257e-05,
    "SEVERITY": 0.00013012340059503913,
    "SUPPLIES_REMAINING": 0.0009101908071897924,
    "AVERAGE_TIME_USED": 0.004281692672520876,
    "SEVERITY_CHANGE": 2.3609462004969828e-05,
    "SUPPLIES_USED": 0.2276364117860794,
    "SEVEREST_SEVERITY": 5.024435085942969e-05,
    "WEIGHTED_RESOURCE_SCORE": 9.418337140232325e-05,
    "SMOL_MEDICAL_SOUNDNESS": 0.00022371929662767798,
    "treatment": 0.00032346442458219826
}