{
    "age": 0.00560607248917222,
    "tagged": 0.036549363285303116,
    "visited": 0.0027438164688646793,
    "conscious": 0.0006575832958333194,
    "breathing": 0.007051938213407993,
    "hrpmin": 0.0033697825856506824,
    "avpu": 0.0018106343923136592,
    "unvisited_count": 0.009867598302662373,
    "injured_count": 0.011302025988698006,
    "environment_type": 0.0014749945839866996,
    "questioning": 0.1802353858947754,
    "assessing": 0.14336833357810974,
    "treating": 0.00035861198557540774,
    "tagging": 0.19722415506839752,
    "leaving": 0.22665973007678986,
    "HRA Strategy.time-resources.take-the-best": 0.0015036482363939285,
    "HRA Strategy.time-system.exhaustive": 0.0005074916989542544,
    "HRA Strategy.time-system.tallying": 0.00024916010443121195,
    "HRA Strategy.time-system.one-bounce": 0.000545505085028708,
    "HRA Strategy.resources-system.take-the-best": 0.001107843592762947,
    "Take-The-Best Priority": 0.005321967415511608,
    "Satisfactory Priority": 0.004025747999548912,
    "One-Bounce Priority": 0.019550763070583344,
    "pDeath": 0.00243747653439641,
    "pPain": 0.008053227327764034,
    "pBrainInjury": 0.001649608020670712,
    "pAirwayBlocked": 0.00468470947816968,
    "pInternalBleeding": 0.005136839579790831,
    "pExternalBleeding": 0.0075707146897912025,
    "entropy": 0.006415179464966059,
    "entropyDeath": 0.006143796257674694,
    "SEVERITY": 0.002146169077605009,
    "SUPPLIES_REMAINING": 0.0005669021629728377,
    "AVERAGE_TIME_USED": 0.0033433926291763783,
    "DAMAGE_PER_SECOND": 0.0008534457883797586,
    "MEDSIM_P_DEATH": 0.007680187001824379,
    "MEDSIM_P_DEATH_ONE_MIN_LATER": 0.0008045376744121313,
    "SEVERITY_CHANGE": 0.0007863188511691988,
    "SEVEREST_SEVERITY": 0.002573582576587796,
    "WEIGHTED_RESOURCE_SCORE": 0.001967445947229862,
    "SMOL_MEDICAL_SOUNDNESS": 0.002184695564210415,
    "INFORMATION_GAINED": 0.031826235353946686,
    "treatment": 0.03401881456375122,
    "category": 0.008064680732786655
}