{
    "age": 0.0175703763961792,
    "tagged": 0.06283621490001678,
    "unvisited_count": 0.02146877907216549,
    "injured_count": 0.012490978464484215,
    "environment_type": 0.02179466374218464,
    "questioning": 0.17633210122585297,
    "assessing": 0.27110639214515686,
    "tagging": 0.07406003028154373,
    "category": 0.025083672255277634,
    "One-Bounce Priority": 0.10486043244600296,
    "pDeath": 0.014678634703159332,
    "WEIGHTED_RESOURCE_SCORE": 0.059317074716091156,
    "INFORMATION_GAINED": 0.08659292757511139,
    "treatment": 0.05180777236819267
}