{
    "tagged": 2.2168003852129914e-05,
    "mental_status": 0.00018512376118451357,
    "breathing": 0.0001520882360637188,
    "avpu": 0.0014048118609935045,
    "intent": 0.19200293719768524,
    "directness_of_causality": 0.0757005363702774,
    "aid_available": 0.0019284600857645273,
    "treating": 0.13312555849552155,
    "treatment": 0.032424744218587875,
    "HRA Strategy.risk_reward_ratio-system.one-bounce": 0.004970858804881573,
    "HRA Strategy.time-resources-system.one-bounce": 0.004360890481621027,
    "HRA Strategy.time-resources-risk_reward_ratio-system.one-bounce": 0.0008779903873801231,
    "Take-The-Best Priority": 0.012785716913640499,
    "Satisfactory Priority": 0.014787320047616959,
    "pBrainInjury": 0.0193804781883955,
    "entropyDeath": 0.002202811650931835,
    "SEVERITY": 0.06000721454620361,
    "AVERAGE_TIME_USED": 0.08250582218170166,
    "DAMAGE_PER_SECOND": 0.002443331992253661,
    "SEVERITY_CHANGE": 0.025723224505782127,
    "SUPPLIES_USED": 8.626229828223586e-06,
    "SEVEREST_SEVERITY": 0.0004226021410431713,
    "WEIGHTED_RESOURCE_SCORE": 0.005833982024341822,
    "SMOL_MEDICAL_SOUNDNESS": 0.3219255805015564,
    "category": 0.004817158915102482
}