{
    "tagged": 0.03506508097052574,
    "questioning": 0.31622934341430664,
    "assessing": 0.299583375453949,
    "tagging": 0.24599793553352356,
    "category": 0.011231958866119385,
    "One-Bounce Priority": 0.015704095363616943,
    "pPain": 0.01116626150906086,
    "AVERAGE_TIME_USED": 0.01484181173145771,
    "INFORMATION_GAINED": 0.01728009060025215,
    "treatment": 0.032900121062994
}