{
    "age": 0.04902011156082153,
    "tagged": 0.16657446324825287,
    "conscious": 0.207648366689682,
    "environment_type": 0.04161283001303673,
    "category": 0.06702803820371628,
    "SEVERITY": 0.06705787032842636,
    "AVERAGE_TIME_USED": 0.12533754110336304,
    "DAMAGE_PER_SECOND": 0.1641046404838562,
    "SMOL_MEDICAL_SOUNDNESS": 0.028274551033973694,
    "treatment": 0.0833415538072586
}