{
    "age": 0.03175701946020126,
    "tagged": 0.047089867293834686,
    "visited": 0.0014560399577021599,
    "conscious": 0.0008191960514523089,
    "breathing": 0.005699379835277796,
    "hrpmin": 0.005884010810405016,
    "avpu": 0.0015324087580665946,
    "unvisited_count": 0.030238140374422073,
    "injured_count": 0.036857396364212036,
    "environment_type": 0.020807217806577682,
    "questioning": 0.08777238428592682,
    "assessing": 0.19657869637012482,
    "treating": 0.0014937497908249497,
    "tagging": 0.14929819107055664,
    "category": 0.014396755956113338,
    "HRA Strategy.time-resources.take-the-best": 0.0018858648836612701,
    "HRA Strategy.time-system.tallying": 0.017733292654156685,
    "HRA Strategy.resources-system.take-the-best": 0.000737641123123467,
    "HRA Strategy.resources-system.exhaustive": 0.012164684012532234,
    "Satisfactory Priority": 0.0032525190617889166,
    "One-Bounce Priority": 0.06549665331840515,
    "pDeath": 0.015858348459005356,
    "pPain": 0.009363842196762562,
    "pBrainInjury": 0.0036145613994449377,
    "pAirwayBlocked": 0.0400470606982708,
    "entropy": 0.0023476385977119207,
    "entropyDeath": 0.002533278428018093,
    "SEVERITY": 0.0046381875872612,
    "SUPPLIES_REMAINING": 0.0013298112899065018,
    "AVERAGE_TIME_USED": 0.010018614120781422,
    "DAMAGE_PER_SECOND": 0.0015187927056103945,
    "MEDSIM_P_DEATH_ONE_MIN_LATER": 0.0025429031811654568,
    "SEVERITY_CHANGE": 0.004601694643497467,
    "SEVEREST_SEVERITY": 0.0004707654588855803,
    "WEIGHTED_RESOURCE_SCORE": 0.04551765322685242,
    "INFORMATION_GAINED": 0.07219798117876053,
    "treatment": 0.05044769495725632
}