{
    "questioning": 0.30066561698913574,
    "assessing": 0.25407901406288147,
    "tagging": 0.03131962567567825,
    "leaving": 0.22535189986228943,
    "One-Bounce Priority": 0.1885838806629181
}