{
    "intent": 0.085651695728302,
    "directness_of_causality": 0.1663966029882431,
    "AVERAGE_TIME_USED": 0.2609154284000397,
    "SMOL_MEDICAL_SOUNDNESS": 0.48703625798225403
}