{
    "questioning": 0.4511354863643646,
    "assessing": 0.5488645434379578
}