{
    "intent": 0.01112330611795187,
    "directness_of_causality": 0.20325978100299835,
    "aid_available": 0.23905742168426514,
    "treating": 0.3421952426433563,
    "SUPPLIES_USED": 0.1865687072277069,
    "SMOL_MEDICAL_SOUNDNESS": 0.017795545980334282
}