{
    "tagged": 0.0037212425377219915,
    "breathing": 0.0011826044647023082,
    "intent": 0.003988781478255987,
    "directness_of_causality": 0.14114899933338165,
    "unvisited_count": 0.00015161416376940906,
    "injured_count": 0.0009444312308914959,
    "aid_available": 0.14098240435123444,
    "treating": 0.2781597375869751,
    "HRA Strategy.risk_reward_ratio-system.one-bounce": 0.0013232545461505651,
    "HRA Strategy.time-resources-system.one-bounce": 0.00037390211946330965,
    "HRA Strategy.time-resources-risk_reward_ratio-system.one-bounce": 0.0002701542398426682,
    "Take-The-Best Priority": 0.0002057746023638174,
    "Satisfactory Priority": 0.0011624424951151013,
    "pBrainInjury": 3.1422499887412414e-05,
    "pAirwayBlocked": 9.180473716696724e-05,
    "pInternalBleeding": 7.545841799583286e-05,
    "pExternalBleeding": 3.5557401133701205e-05,
    "SEVERITY": 0.0057160030119121075,
    "SUPPLIES_REMAINING": 0.0008595425169914961,
    "AVERAGE_TIME_USED": 0.004719170741736889,
    "SEVERITY_CHANGE": 6.118446617620066e-05,
    "SUPPLIES_USED": 0.19627021253108978,
    "SEVEREST_SEVERITY": 0.0005921672563999891,
    "WEIGHTED_RESOURCE_SCORE": 0.0007525956607423723,
    "SMOL_MEDICAL_SOUNDNESS": 0.18556301295757294,
    "treatment": 0.03161650896072388
}