{
    "tagged": 0.022537896409630775,
    "injured_count": 0.1107226312160492,
    "environment_type": 0.01331432443112135,
    "questioning": 0.20547835528850555,
    "assessing": 0.35877206921577454,
    "tagging": 0.11055238544940948,
    "category": 0.011762889102101326,
    "AVERAGE_TIME_USED": 0.012582301162183285,
    "INFORMATION_GAINED": 0.10536034405231476,
    "treatment": 0.04891684651374817
}