{
    "age": 0.008662867359817028,
    "tagged": 0.021004602313041687,
    "visited": 0.0059285759925842285,
    "conscious": 0.0027391896583139896,
    "breathing": 0.007480803411453962,
    "hrpmin": 0.005475683603435755,
    "avpu": 0.00031979495543055236,
    "unvisited_count": 0.026321223005652428,
    "injured_count": 0.004700930789113045,
    "environment_type": 0.0026625327300280333,
    "questioning": 0.1425221711397171,
    "assessing": 0.1043039932847023,
    "treating": 0.0008327733376063406,
    "tagging": 0.1362527757883072,
    "leaving": 0.404908686876297,
    "treatment": 0.01734408363699913,
    "HRA Strategy.time-resources.take-the-best": 0.0017241613240912557,
    "HRA Strategy.time-system.exhaustive": 0.0030625266954302788,
    "HRA Strategy.time-system.tallying": 0.00037364315357990563,
    "HRA Strategy.resources-risk_reward_ratio.take-the-best": 0.00028774418751709163,
    "HRA Strategy.resources-risk_reward_ratio.one-bounce": 0.000710554770193994,
    "HRA Strategy.resources-system.take-the-best": 0.0005563414306379855,
    "HRA Strategy.resources-system.exhaustive": 0.0013525307876989245,
    "Satisfactory Priority": 0.0019240033579990268,
    "One-Bounce Priority": 0.016302840784192085,
    "pDeath": 0.0009444122551940382,
    "pPain": 0.004904635716229677,
    "pBrainInjury": 0.00931644719094038,
    "pAirwayBlocked": 0.0022779302671551704,
    "pInternalBleeding": 0.00497596338391304,
    "pExternalBleeding": 0.003923431038856506,
    "entropy": 0.009609008207917213,
    "entropyDeath": 0.001429196447134018,
    "SEVERITY": 0.0013617617078125477,
    "SUPPLIES_REMAINING": 0.00038022789522074163,
    "AVERAGE_TIME_USED": 0.006701470818370581,
    "DAMAGE_PER_SECOND": 0.0002046631561825052,
    "MEDSIM_P_DEATH": 0.02242136374115944,
    "MEDSIM_P_DEATH_ONE_MIN_LATER": 0.0014005486154928803,
    "SEVEREST_SEVERITY": 0.0008009428274817765,
    "SEVEREST_SEVERITY_CHANGE": 0.0006804530275985599,
    "WEIGHTED_RESOURCE_SCORE": 0.0020116146188229322,
    "SMOL_MEDICAL_SOUNDNESS": 0.0008103552972897887,
    "INFORMATION_GAINED": 0.0032105357386171818,
    "category": 0.004879924468696117
}