{
    "others_tagged_or_uninjured": 0.40079692006111145,
    "aid_available": 0.00031198631040751934,
    "treating": 0.36070555448532104,
    "Take-The-Best Priority": 0.10320020467042923,
    "directness_of_causality": 0.13498540222644806
}