{
    "intent": 0.020739400759339333,
    "directness_of_causality": 0.2136303186416626,
    "aid_available": 0.16715721786022186,
    "treating": 0.33164703845977783,
    "SUPPLIES_REMAINING": 0.07782143354415894,
    "SUPPLIES_USED": 0.18900462985038757
}