intent,directness_of_causality,aid_available,treating,SUPPLIES_REMAINING,SUPPLIES_USED
0.020739400759339333,0.2136303186416626,0.16715721786022186,0.33164703845977783,0.07782143354415894,0.18900462985038757
