{
    "tagged": 0.041434939950704575,
    "breathing": 0.006597881205379963,
    "intent": 0.2167702317237854,
    "treating": 0.12785771489143372,
    "HRA Strategy.time-resources.one-bounce": 0.0022807654459029436,
    "SEVERITY": 0.04692474752664566,
    "SUPPLIES_REMAINING": 0.0031240093521773815,
    "AVERAGE_TIME_USED": 0.1972939819097519,
    "DAMAGE_PER_SECOND": 0.05314482003450394,
    "MEDSIM_P_DEATH_ONE_MIN_LATER": 0.00931006483733654,
    "SUPPLIES_USED": 0.006428667809814215,
    "WEIGHTED_RESOURCE_SCORE": 0.0025786894839257,
    "SMOL_MEDICAL_SOUNDNESS": 0.2841479778289795,
    "treatment": 0.002105495659634471
}