{
    "breathing": 0.02699989452958107,
    "directness_of_causality": 0.06222790107131004,
    "injured_count": 0.2987944185733795,
    "aid_available": 0.10092829912900925,
    "treating": 0.20907092094421387,
    "AVERAGE_TIME_USED": 0.029377225786447525,
    "SUPPLIES_USED": 0.15645401179790497,
    "SMOL_MEDICAL_SOUNDNESS": 0.11614731699228287
}