{
    "age": 0.006990466266870499,
    "tagged": 0.03150523826479912,
    "visited": 0.004204527009278536,
    "conscious": 0.009327474050223827,
    "breathing": 0.028665339574217796,
    "hrpmin": 0.013483257032930851,
    "avpu": 0.0015304646221920848,
    "environment_type": 0.006554560735821724,
    "questioning": 0.12369051575660706,
    "assessing": 0.15280668437480927,
    "tagging": 0.14935988187789917,
    "leaving": 0.307484894990921,
    "treatment": 0.02217334695160389,
    "HRA Strategy.time-resources.take-the-best": 0.0015913821989670396,
    "HRA Strategy.time-system.exhaustive": 0.0010908700060099363,
    "HRA Strategy.resources-system.exhaustive": 0.006235863547772169,
    "Satisfactory Priority": 0.0047342791222035885,
    "pDeath": 0.016736948862671852,
    "pPain": 0.006488247774541378,
    "pBrainInjury": 0.006130768917500973,
    "pAirwayBlocked": 0.004149693995714188,
    "pInternalBleeding": 0.01057589240372181,
    "entropy": 0.0022399479057639837,
    "entropyDeath": 0.01194702833890915,
    "SEVERITY": 0.0032556878868490458,
    "AVERAGE_TIME_USED": 0.00155346910469234,
    "DAMAGE_PER_SECOND": 0.0015665360260754824,
    "MEDSIM_P_DEATH": 0.0039443508721888065,
    "SEVERITY_CHANGE": 0.00426148297265172,
    "SEVEREST_SEVERITY": 0.002383567625656724,
    "WEIGHTED_RESOURCE_SCORE": 0.00312749738804996,
    "SMOL_MEDICAL_SOUNDNESS": 0.0034159854985773563,
    "INFORMATION_GAINED": 0.03793676942586899,
    "category": 0.00885715615004301
}