{
    "tagged": 0.0272225234657526,
    "conscious": 0.003931377083063126,
    "mental_status": 1.5742700270493515e-05,
    "breathing": 0.05765092000365257,
    "hrpmin": 8.027998774196021e-06,
    "avpu": 6.654794560745358e-05,
    "intent": 0.18067091703414917,
    "directness_of_causality": 0.12550446391105652,
    "unvisited_count": 6.447793111874489e-06,
    "aid_available": 0.02137375809252262,
    "treating": 0.27290239930152893,
    "HRA Strategy.time-resources.take-the-best": 0.004717406816780567,
    "HRA Strategy.time-resources.one-bounce": 0.013885939493775368,
    "HRA Strategy.time-risk_reward_ratio.one-bounce": 0.0038329181261360645,
    "HRA Strategy.time-system.one-bounce": 0.00011464500857982785,
    "HRA Strategy.resources-risk_reward_ratio.one-bounce": 0.04374570772051811,
    "HRA Strategy.resources-system.take-the-best": 0.02460949309170246,
    "HRA Strategy.risk_reward_ratio-system.one-bounce": 0.0008544872398488224,
    "HRA Strategy.resources-risk_reward_ratio-system.one-bounce": 0.0007108827121555805,
    "Satisfactory Priority": 0.0005503701977431774,
    "pDeath": 0.12803825736045837,
    "pPain": 0.0004080037178937346,
    "pBrainInjury": 0.0003055839624721557,
    "pAirwayBlocked": 0.0002010906464420259,
    "pInternalBleeding": 9.559081081533805e-05,
    "pExternalBleeding": 0.029354339465498924,
    "entropyDeath": 0.012253619730472565,
    "SEVERITY": 0.004311964847147465,
    "SUPPLIES_REMAINING": 0.00189265888184309,
    "AVERAGE_TIME_USED": 0.004936848767101765,
    "DAMAGE_PER_SECOND": 5.978597073408309e-06,
    "SEVERITY_CHANGE": 1.1889324923686218e-05,
    "SUPPLIES_USED": 0.03531673178076744,
    "SEVEREST_SEVERITY_CHANGE": 4.266477844794281e-05,
    "WEIGHTED_RESOURCE_SCORE": 0.0003182448272127658,
    "treatment": 0.00013149787264410406
}