{
    "intent": 0.03926486149430275,
    "directness_of_causality": 0.11788716912269592,
    "aid_available": 0.0695977434515953,
    "treating": 0.2336585968732834,
    "HRA Strategy.resources-system.take-the-best": 0.0015706054400652647,
    "SEVERITY": 0.09435505419969559,
    "DAMAGE_PER_SECOND": 0.048934418708086014,
    "SUPPLIES_USED": 0.10997872054576874,
    "SMOL_MEDICAL_SOUNDNESS": 0.19291013479232788,
    "treatment": 0.09184270352125168
}