{
    "intent": 0.16313882172107697,
    "treating": 0.8368611931800842
}