{
    "mental_status": 0.0020247602369636297,
    "intent": 0.02197657711803913,
    "directness_of_causality": 0.13789474964141846,
    "aid_available": 0.13041959702968597,
    "treating": 0.21253839135169983,
    "Take-The-Best Priority": 0.0014645798364654183,
    "Satisfactory Priority": 0.0009167585521936417,
    "SEVERITY": 0.0013186433352530003,
    "SUPPLIES_REMAINING": 0.0010742919985204935,
    "AVERAGE_TIME_USED": 0.002703179372474551,
    "SUPPLIES_USED": 0.1784454882144928,
    "SMOL_MEDICAL_SOUNDNESS": 0.3092229664325714
}