{
    "intent": 0.321062296628952,
    "treating": 0.6789376735687256
}