{
    "DAMAGE_PER_SECOND": 0.43094757199287415,
    "MEDSIM_P_DEATH_ONE_MIN_LATER": 0.1693834513425827,
    "treatment": 0.39966896176338196
}