{
    "age": 0.0028257523663342,
    "tagged": 0.03327973559498787,
    "conscious": 0.00328211672604084,
    "breathing": 0.009905170649290085,
    "hrpmin": 0.010474053211510181,
    "unvisited_count": 0.015619993209838867,
    "injured_count": 0.013012257404625416,
    "questioning": 0.08745380491018295,
    "assessing": 0.15444716811180115,
    "tagging": 0.16123823821544647,
    "leaving": 0.38303330540657043,
    "HRA Strategy.time-resources.take-the-best": 0.00504446541890502,
    "One-Bounce Priority": 0.020200319588184357,
    "pDeath": 0.0026303278282284737,
    "pPain": 0.005949265323579311,
    "pAirwayBlocked": 0.0015635117888450623,
    "pExternalBleeding": 0.004769593011587858,
    "entropy": 0.011791164986789227,
    "SEVERITY": 0.0016488373512402177,
    "SUPPLIES_REMAINING": 0.00121919100638479,
    "AVERAGE_TIME_USED": 0.00182045204564929,
    "WEIGHTED_RESOURCE_SCORE": 0.00632485980167985,
    "INFORMATION_GAINED": 0.003990875091403723,
    "treatment": 0.05152444913983345,
    "category": 0.00695118959993124
}