{
    "aid_available": 0.17598068714141846,
    "treating": 0.46581441164016724,
    "HRA Strategy.time-resources-risk_reward_ratio.one-bounce": 0.08568467199802399,
    "directness_of_causality": 0.09929414838552475,
    "treatment": 0.17322614789009094
}