{
    "age": 0.0032919312361627817,
    "tagged": 0.028404630720615387,
    "visited": 0.001936695771291852,
    "breathing": 0.0038942887913435698,
    "hrpmin": 0.0011899849632754922,
    "avpu": 0.0011470864992588758,
    "unvisited_count": 0.008246279321610928,
    "injured_count": 0.008143594488501549,
    "environment_type": 0.0004867735842708498,
    "questioning": 0.15415310859680176,
    "assessing": 0.1265067607164383,
    "tagging": 0.16743440926074982,
    "leaving": 0.3740822374820709,
    "HRA Strategy.time-resources.take-the-best": 0.0018291280139237642,
    "HRA Strategy.resources-system.exhaustive": 0.0009162256610579789,
    "Satisfactory Priority": 0.0054702856577932835,
    "One-Bounce Priority": 0.015518797561526299,
    "pDeath": 0.0021863728761672974,
    "pPain": 0.0030356470961123705,
    "pBrainInjury": 0.004817823879420757,
    "pAirwayBlocked": 0.003602734301239252,
    "pInternalBleeding": 0.005196389276534319,
    "pExternalBleeding": 0.004837163258343935,
    "entropy": 0.008434122428297997,
    "entropyDeath": 0.004557296168059111,
    "SEVERITY": 0.002013619290664792,
    "AVERAGE_TIME_USED": 0.004533923696726561,
    "MEDSIM_P_DEATH": 0.007715678308159113,
    "MEDSIM_P_DEATH_ONE_MIN_LATER": 0.0009651618311181664,
    "SEVEREST_SEVERITY": 0.001624279422685504,
    "WEIGHTED_RESOURCE_SCORE": 0.0013144739205017686,
    "SMOL_MEDICAL_SOUNDNESS": 0.001446179230697453,
    "INFORMATION_GAINED": 0.01247757114470005,
    "treatment": 0.024573706090450287,
    "category": 0.004015584941953421
}