{
    "age": 0.028175991028547287,
    "tagged": 0.032485976815223694,
    "visited": 0.012968920171260834,
    "conscious": 0.003839183831587434,
    "breathing": 0.01651647873222828,
    "hrpmin": 0.015456735156476498,
    "avpu": 0.008217564783990383,
    "unvisited_count": 0.013102776370942593,
    "injured_count": 0.006681350991129875,
    "environment_type": 0.007984468713402748,
    "questioning": 0.2741082012653351,
    "assessing": 0.1575317084789276,
    "tagging": 0.12595371901988983,
    "HRA Strategy.time-resources.take-the-best": 0.0006814482039771974,
    "HRA Strategy.time-risk_reward_ratio.take-the-best": 0.006497138645499945,
    "HRA Strategy.time-system.tallying": 0.002440829062834382,
    "HRA Strategy.resources-system.take-the-best": 0.003992521204054356,
    "Satisfactory Priority": 0.0018337263027206063,
    "One-Bounce Priority": 0.04282532259821892,
    "pDeath": 0.007594109978526831,
    "pPain": 0.013891743496060371,
    "pBrainInjury": 0.0032941452227532864,
    "pAirwayBlocked": 0.006555963773280382,
    "pInternalBleeding": 0.019039632752537727,
    "pExternalBleeding": 0.011966685764491558,
    "entropy": 0.010510940104722977,
    "entropyDeath": 0.012160787358880043,
    "SEVERITY": 0.005194565746933222,
    "AVERAGE_TIME_USED": 0.020638136193156242,
    "DAMAGE_PER_SECOND": 0.002982652746140957,
    "MEDSIM_P_DEATH": 0.004852971527725458,
    "MEDSIM_P_DEATH_ONE_MIN_LATER": 0.010732916183769703,
    "SEVEREST_SEVERITY_CHANGE": 0.0017801572103053331,
    "WEIGHTED_RESOURCE_SCORE": 0.011717584915459156,
    "SMOL_MEDICAL_SOUNDNESS": 0.0028236182406544685,
    "INFORMATION_GAINED": 0.04987358674407005,
    "treatment": 0.033136192709207535,
    "category": 0.009959615767002106
}