{
    "assessing": 0.5515135526657104,
    "category": 0.09746328741312027,
    "treatment": 0.3510231077671051
}