{
    "directness_of_causality": 0.1663135588169098,
    "aid_available": 0.20185458660125732,
    "treating": 0.4723674952983856,
    "SUPPLIES_USED": 0.15946438908576965
}