{
    "age": 0.004967963322997093,
    "tagged": 0.007779824547469616,
    "breathing": 0.009526193141937256,
    "hrpmin": 0.025565095245838165,
    "questioning": 0.260743647813797,
    "assessing": 0.27929311990737915,
    "tagging": 0.17836475372314453,
    "category": 0.013234293088316917,
    "One-Bounce Priority": 0.030026134103536606,
    "pDeath": 0.0035231460351496935,
    "pPain": 0.0087626613676548,
    "pBrainInjury": 0.013431317172944546,
    "pInternalBleeding": 0.004499275702983141,
    "pExternalBleeding": 0.007248399779200554,
    "entropy": 0.03608114272356033,
    "entropyDeath": 0.02304379642009735,
    "SEVERITY": 0.010957809165120125,
    "WEIGHTED_RESOURCE_SCORE": 0.0027555255219340324,
    "INFORMATION_GAINED": 0.025461917743086815,
    "treatment": 0.054733969271183014
}