{
    "tagged": 0.016940047964453697,
    "injured_count": 0.01175210252404213,
    "questioning": 0.33333513140678406,
    "assessing": 0.2555832862854004,
    "tagging": 0.14736779034137726,
    "leaving": 0.14447402954101562,
    "One-Bounce Priority": 0.027629056945443153,
    "AVERAGE_TIME_USED": 0.006912056356668472,
    "treatment": 0.04474212974309921,
    "category": 0.011264332570135593
}