{
    "conscious": 0.0015349999302998185,
    "mental_status": 0.04396255314350128,
    "breathing": 0.11918270587921143,
    "intent": 0.3862062990665436,
    "directness_of_causality": 0.08923374861478806,
    "aid_available": 0.005982191301882267,
    "questioning": 0.014775932766497135,
    "treating": 0.1673315018415451,
    "HRA Strategy.risk_reward_ratio-system.one-bounce": 0.018146710470318794,
    "HRA Strategy.resources-risk_reward_ratio-system.one-bounce": 0.010525520890951157,
    "entropy": 0.00012288814468774945,
    "SEVERITY": 0.03230643644928932,
    "SUPPLIES_REMAINING": 0.0030745286494493484,
    "AVERAGE_TIME_USED": 0.01863590069115162,
    "SEVERITY_CHANGE": 0.00013261935964692384,
    "SUPPLIES_USED": 0.05818146467208862,
    "SEVEREST_SEVERITY": 0.024464881047606468,
    "WEIGHTED_RESOURCE_SCORE": 0.0010280817514285445,
    "category": 0.0047981515526771545,
    "treatment": 0.0003729826712515205
}