{
    "environment_type": 0.2755047380924225,
    "category": 0.7244952917098999
}