{
    "age": 0.0031182118691504,
    "tagged": 0.05415854975581169,
    "visited": 0.0037980759516358376,
    "breathing": 0.011078919284045696,
    "avpu": 0.0018147396622225642,
    "unvisited_count": 0.006641292478889227,
    "environment_type": 0.0026421889197081327,
    "questioning": 0.26058703660964966,
    "assessing": 0.2868857979774475,
    "tagging": 0.17992393672466278,
    "One-Bounce Priority": 0.01473933458328247,
    "pDeath": 0.008077619597315788,
    "pPain": 0.0064129289239645,
    "pBrainInjury": 0.006021004635840654,
    "pAirwayBlocked": 0.004623109940439463,
    "pInternalBleeding": 0.01697247475385666,
    "pExternalBleeding": 0.006152099464088678,
    "entropy": 0.012710369192063808,
    "entropyDeath": 0.005895215552300215,
    "SEVERITY": 0.0018562986515462399,
    "AVERAGE_TIME_USED": 0.028336627408862114,
    "MEDSIM_P_DEATH": 0.007787894923239946,
    "WEIGHTED_RESOURCE_SCORE": 0.002694185823202133,
    "SMOL_MEDICAL_SOUNDNESS": 0.0019782856106758118,
    "INFORMATION_GAINED": 0.01831763982772827,
    "treatment": 0.04004836827516556,
    "category": 0.006727753672748804
}