{
    "age": 0.035368192940950394,
    "visited": 0.013927076943218708,
    "conscious": 0.007942523807287216,
    "breathing": 0.021298689767718315,
    "environment_type": 0.05646666884422302,
    "questioning": 0.16129034757614136,
    "tagging": 0.2195943295955658,
    "category": 0.03334851562976837,
    "pPain": 0.05612127482891083,
    "entropy": 0.03854359686374664,
    "SEVERITY": 0.012153679504990578,
    "AVERAGE_TIME_USED": 0.14920158684253693,
    "MEDSIM_P_DEATH": 0.032693516463041306,
    "INFORMATION_GAINED": 0.032558608800172806,
    "treatment": 0.12949146330356598
}