{
    "age": 0.02183830738067627,
    "tagged": 0.017757412046194077,
    "visited": 0.02809431590139866,
    "unvisited_count": 0.01738014817237854,
    "environment_type": 0.019145045429468155,
    "questioning": 0.10587362945079803,
    "assessing": 0.16086961328983307,
    "tagging": 0.1089879497885704,
    "leaving": 0.3357381224632263,
    "One-Bounce Priority": 0.07384026795625687,
    "pPain": 0.01569700986146927,
    "pBrainInjury": 0.01450256910175085,
    "entropy": 0.01610572449862957,
    "treatment": 0.03608781844377518,
    "category": 0.028081979602575302
}