{
    "age": 0.004747964907437563,
    "tagged": 0.02498098649084568,
    "breathing": 0.007631878834217787,
    "hrpmin": 0.004240395501255989,
    "unvisited_count": 0.005098284687846899,
    "injured_count": 0.022186893969774246,
    "questioning": 0.213788703083992,
    "assessing": 0.28070899844169617,
    "tagging": 0.15597550570964813,
    "leaving": 0.12922482192516327,
    "One-Bounce Priority": 0.026607701554894447,
    "pPain": 0.005917935632169247,
    "pBrainInjury": 0.005691505968570709,
    "pAirwayBlocked": 0.007466184441000223,
    "pInternalBleeding": 0.005067693069577217,
    "pExternalBleeding": 0.005391758866608143,
    "entropyDeath": 0.010038236156105995,
    "AVERAGE_TIME_USED": 0.004198501817882061,
    "INFORMATION_GAINED": 0.028467921540141106,
    "treatment": 0.042224396020174026,
    "category": 0.010343699716031551
}