{
    "conscious": 0.0007094903266988695,
    "breathing": 0.09658567607402802,
    "intent": 0.025581037625670433,
    "directness_of_causality": 0.20044036209583282,
    "aid_available": 0.11148373782634735,
    "treating": 0.23555099964141846,
    "HRA Strategy.time-resources.take-the-best": 0.0016656880034133792,
    "HRA Strategy.time-risk_reward_ratio.one-bounce": 0.0028566366527229548,
    "HRA Strategy.resources-risk_reward_ratio.one-bounce": 0.03267790749669075,
    "HRA Strategy.resources-system.take-the-best": 0.026042066514492035,
    "HRA Strategy.risk_reward_ratio-system.one-bounce": 0.001322890049777925,
    "HRA Strategy.time-resources-system.one-bounce": 0.00043379285489208996,
    "HRA Strategy.resources-risk_reward_ratio-system.one-bounce": 0.0010867873206734657,
    "Take-The-Best Priority": 0.0014060824178159237,
    "One-Bounce Priority": 0.0005825115949846804,
    "pDeath": 0.058593712747097015,
    "pPain": 0.00040288755553774536,
    "pAirwayBlocked": 0.0007969442522153258,
    "entropy": 0.0006737264920957386,
    "entropyDeath": 0.004486342892050743,
    "SEVERITY": 0.006756835151463747,
    "SUPPLIES_REMAINING": 0.027117926627397537,
    "AVERAGE_TIME_USED": 0.004036692902445793,
    "SUPPLIES_USED": 0.1562657654285431,
    "WEIGHTED_RESOURCE_SCORE": 0.0005722250207327306,
    "treatment": 0.00187123310752213
}