{
    "age": 0.008190181106328964,
    "tagged": 0.025020387023687363,
    "breathing": 0.0051666609942913055,
    "hrpmin": 0.01517169363796711,
    "avpu": 0.0029718659352511168,
    "injured_count": 0.018988819792866707,
    "questioning": 0.14020822942256927,
    "assessing": 0.18893621861934662,
    "tagging": 0.19038526713848114,
    "leaving": 0.21212416887283325,
    "HRA Strategy.time-resources.take-the-best": 0.0026040056254714727,
    "HRA Strategy.resources-system.exhaustive": 0.0040249451994895935,
    "Satisfactory Priority": 0.004879612009972334,
    "One-Bounce Priority": 0.03880373388528824,
    "pDeath": 0.00766568211838603,
    "pPain": 0.005509563721716404,
    "pInternalBleeding": 0.005449677351862192,
    "pExternalBleeding": 0.004947357345372438,
    "entropy": 0.008264191448688507,
    "entropyDeath": 0.00247971061617136,
    "AVERAGE_TIME_USED": 0.005686809774488211,
    "MEDSIM_P_DEATH": 0.0027584147173911333,
    "WEIGHTED_RESOURCE_SCORE": 0.004668599925935268,
    "INFORMATION_GAINED": 0.05189118906855583,
    "treatment": 0.03522801771759987,
    "category": 0.007975075393915176
}