{
    "treating": 0.8914353251457214,
    "SUPPLIES_USED": 0.10856465250253677
}