{
    "tagged": 0.14787225425243378,
    "breathing": 0.020620835945010185,
    "intent": 0.055864639580249786,
    "directness_of_causality": 0.3263588547706604,
    "treating": 0.015734342858195305,
    "HRA Strategy.resources-system.take-the-best": 0.026162082329392433,
    "Satisfactory Priority": 0.01862231269478798,
    "SMOL_MEDICAL_SOUNDNESS": 0.3714216351509094,
    "category": 0.0173429436981678
}