{
    "tagged": 0.016814306378364563,
    "visited": 0.0015327241271734238,
    "conscious": 0.05818052217364311,
    "breathing": 0.015601239167153835,
    "avpu": 0.004927223082631826,
    "environment_type": 0.030301818624138832,
    "questioning": 0.13173507153987885,
    "assessing": 0.11749804019927979,
    "treating": 0.0068485368974506855,
    "tagging": 0.2382640391588211,
    "leaving": 0.14135806262493134,
    "category": 0.015037567354738712,
    "HRA Strategy.time-resources.take-the-best": 0.00970667228102684,
    "HRA Strategy.resources-risk_reward_ratio.one-bounce": 0.03920679911971092,
    "pAirwayBlocked": 0.006130302790552378,
    "pInternalBleeding": 0.01000653300434351,
    "entropy": 0.0019491134444251657,
    "entropyDeath": 0.006562655791640282,
    "SEVERITY": 0.01830125041306019,
    "SUPPLIES_REMAINING": 0.02383820153772831,
    "AVERAGE_TIME_USED": 0.014683117158710957,
    "DAMAGE_PER_SECOND": 0.0009331462206318974,
    "MEDSIM_P_DEATH": 0.03186191990971565,
    "SMOL_MEDICAL_SOUNDNESS": 0.008416591212153435,
    "INFORMATION_GAINED": 0.008626283146440983,
    "treatment": 0.04167817160487175
}