{
    "age": 0.01055936235934496,
    "tagged": 0.028989465907216072,
    "conscious": 0.008913804776966572,
    "breathing": 0.00579588720574975,
    "avpu": 0.0035178540274500847,
    "unvisited_count": 0.026843180879950523,
    "environment_type": 0.009316879324615002,
    "questioning": 0.10090607404708862,
    "assessing": 0.10001878440380096,
    "tagging": 0.09131040424108505,
    "leaving": 0.3718000650405884,
    "category": 0.013885147869586945,
    "One-Bounce Priority": 0.04792215675115585,
    "pDeath": 0.019462956115603447,
    "pBrainInjury": 0.004242402967065573,
    "pAirwayBlocked": 0.002958571771159768,
    "pInternalBleeding": 0.0143983019515872,
    "pExternalBleeding": 0.0162968747317791,
    "SEVERITY": 0.0032593340147286654,
    "SUPPLIES_REMAINING": 0.0063104345463216305,
    "AVERAGE_TIME_USED": 0.010171473026275635,
    "DAMAGE_PER_SECOND": 0.012557288631796837,
    "MEDSIM_P_DEATH": 0.004557791631668806,
    "MEDSIM_P_DEATH_ONE_MIN_LATER": 0.008131785318255424,
    "SEVEREST_SEVERITY_CHANGE": 0.027727099135518074,
    "INFORMATION_GAINED": 0.019502494484186172,
    "treatment": 0.030644062906503677
}