{
    "age": 0.028419731184840202,
    "tagged": 0.0221882127225399,
    "assessing": 0.3725210428237915,
    "tagging": 0.4496981203556061,
    "treatment": 0.03915628790855408,
    "HRA Strategy.time-system.tallying": 0.023553945124149323,
    "Satisfactory Priority": 0.06446264684200287
}