{
    "tagged": 0.001315669040195644,
    "breathing": 0.0012002189178019762,
    "intent": 0.04151679947972298,
    "directness_of_causality": 0.020760858431458473,
    "injured_count": 0.5841612219810486,
    "aid_available": 0.03707202151417732,
    "treating": 0.06802195310592651,
    "HRA Strategy.time-resources.take-the-best": 0.0027330657467246056,
    "HRA Strategy.time-risk_reward_ratio.one-bounce": 0.0019436527509242296,
    "HRA Strategy.resources-risk_reward_ratio.one-bounce": 0.005213896743953228,
    "HRA Strategy.resources-system.take-the-best": 0.004190085921436548,
    "HRA Strategy.risk_reward_ratio-system.one-bounce": 0.0006376513629220426,
    "HRA Strategy.time-resources-system.one-bounce": 0.00020524153660517186,
    "HRA Strategy.resources-risk_reward_ratio-system.one-bounce": 0.0006099526071920991,
    "Take-The-Best Priority": 0.00021618657046929002,
    "Satisfactory Priority": 0.0004951978917233646,
    "entropy": 0.00014471665781456977,
    "SEVERITY": 0.013907250948250294,
    "SUPPLIES_REMAINING": 0.002584567293524742,
    "AVERAGE_TIME_USED": 0.011648776941001415,
    "DAMAGE_PER_SECOND": 0.004825180862098932,
    "SUPPLIES_USED": 0.060699183493852615,
    "SEVEREST_SEVERITY": 0.014538975432515144,
    "SEVEREST_SEVERITY_CHANGE": 0.020336939021945,
    "WEIGHTED_RESOURCE_SCORE": 0.0005297419847920537,
    "SMOL_MEDICAL_SOUNDNESS": 0.1004909947514534
}