{
    "mental_status": 0.001199169084429741,
    "breathing": 0.005575546994805336,
    "intent": 0.02702930197119713,
    "directness_of_causality": 0.20128250122070312,
    "aid_available": 0.19767989218235016,
    "treating": 0.28401848673820496,
    "SEVERITY": 0.0013555207988247275,
    "SUPPLIES_REMAINING": 0.0012832751963287592,
    "AVERAGE_TIME_USED": 0.008230823092162609,
    "SUPPLIES_USED": 0.24904565513134003,
    "SEVEREST_SEVERITY_CHANGE": 0.0232998114079237
}