{
    "tagged": 0.01644969917833805,
    "injured_count": 0.01144480612128973,
    "questioning": 0.2979503870010376,
    "assessing": 0.26006707549095154,
    "tagging": 0.14316968619823456,
    "leaving": 0.13196703791618347,
    "treatment": 0.022356677800416946,
    "One-Bounce Priority": 0.0406254306435585,
    "pBrainInjury": 0.006996731739491224,
    "entropy": 0.012524280697107315,
    "INFORMATION_GAINED": 0.045148760080337524,
    "category": 0.011299477890133858
}