{
    "age": 0.016433430835604668,
    "tagged": 0.0687437355518341,
    "visited": 0.03075501322746277,
    "breathing": 0.021544290706515312,
    "unvisited_count": 0.01889810711145401,
    "questioning": 0.1849055141210556,
    "assessing": 0.22225426137447357,
    "treating": 0.004301570821553469,
    "tagging": 0.02796976827085018,
    "HRA Strategy.resources-system.take-the-best": 0.0017966539599001408,
    "One-Bounce Priority": 0.004852982237935066,
    "pDeath": 0.003457192797213793,
    "pExternalBleeding": 0.01268919836729765,
    "entropyDeath": 0.002654842333868146,
    "SEVERITY": 0.16965578496456146,
    "SUPPLIES_REMAINING": 0.0008474264177493751,
    "AVERAGE_TIME_USED": 0.0018189778784289956,
    "DAMAGE_PER_SECOND": 0.020003724843263626,
    "MEDSIM_P_DEATH_ONE_MIN_LATER": 0.05223754048347473,
    "INFORMATION_GAINED": 0.010816190391778946,
    "treatment": 0.10598523169755936,
    "category": 0.017378676682710648
}