{
    "age": 0.007153182756155729,
    "tagged": 0.03322708234190941,
    "visited": 0.0053170365281403065,
    "conscious": 0.010480555705726147,
    "breathing": 0.025230878964066505,
    "hrpmin": 0.006654711905866861,
    "environment_type": 0.006459754426032305,
    "questioning": 0.13830654323101044,
    "assessing": 0.1696978211402893,
    "tagging": 0.12839914858341217,
    "leaving": 0.3411419093608856,
    "treatment": 0.019145138561725616,
    "HRA Strategy.resources-system.exhaustive": 0.005843137390911579,
    "pDeath": 0.010720605030655861,
    "pPain": 0.006444904953241348,
    "pBrainInjury": 0.006316269747912884,
    "pAirwayBlocked": 0.0030422990676015615,
    "pInternalBleeding": 0.00896533764898777,
    "entropyDeath": 0.01357369776815176,
    "SEVERITY": 0.0022639029193669558,
    "MEDSIM_P_DEATH": 0.004742452409118414,
    "SEVERITY_CHANGE": 0.002486161421984434,
    "INFORMATION_GAINED": 0.034217413514852524,
    "category": 0.010170022025704384
}