{
    "age": 0.00434385659173131,
    "tagged": 0.02329460345208645,
    "breathing": 0.005851447116583586,
    "hrpmin": 0.004834089428186417,
    "avpu": 0.0033827652223408222,
    "unvisited_count": 0.006311540957540274,
    "injured_count": 0.01645452156662941,
    "questioning": 0.21556657552719116,
    "assessing": 0.22526930272579193,
    "tagging": 0.1265105903148651,
    "leaving": 0.20193630456924438,
    "One-Bounce Priority": 0.029561858624219894,
    "pDeath": 0.003372813342139125,
    "pPain": 0.005457244347780943,
    "pBrainInjury": 0.008093679323792458,
    "pAirwayBlocked": 0.004825915675610304,
    "pInternalBleeding": 0.005701973102986813,
    "pExternalBleeding": 0.010931962169706821,
    "entropy": 0.0035513422917574644,
    "entropyDeath": 0.019873380661010742,
    "AVERAGE_TIME_USED": 0.004282573703676462,
    "MEDSIM_P_DEATH": 0.004210714250802994,
    "INFORMATION_GAINED": 0.026449039578437805,
    "treatment": 0.031418174505233765,
    "category": 0.008513716980814934
}