{
    "tagged": 0.016925150528550148,
    "injured_count": 0.016659142449498177,
    "questioning": 0.29997751116752625,
    "assessing": 0.3306504786014557,
    "tagging": 0.11891131848096848,
    "leaving": 0.09685435891151428,
    "One-Bounce Priority": 0.026722969487309456,
    "AVERAGE_TIME_USED": 0.0050177257508039474,
    "INFORMATION_GAINED": 0.03754439204931259,
    "treatment": 0.034615203738212585,
    "category": 0.016121741384267807
}