{
    "questioning": 0.32444867491722107,
    "assessing": 0.4856857657432556,
    "tagging": 0.03772616386413574,
    "One-Bounce Priority": 0.057246480137109756,
    "INFORMATION_GAINED": 0.0948929637670517
}