{
    "age": 0.013553544878959656,
    "tagged": 0.041619956493377686,
    "breathing": 0.006617597304284573,
    "hrpmin": 0.022188210859894753,
    "injured_count": 0.08811571449041367,
    "environment_type": 0.01008536946028471,
    "questioning": 0.19470813870429993,
    "assessing": 0.20031948387622833,
    "tagging": 0.1515519767999649,
    "category": 0.013123313896358013,
    "Satisfactory Priority": 0.01864067278802395,
    "One-Bounce Priority": 0.047576356679201126,
    "pPain": 0.006050267722457647,
    "pAirwayBlocked": 0.011095297522842884,
    "entropy": 0.005241359118372202,
    "SMOL_MEDICAL_SOUNDNESS": 0.005381020251661539,
    "INFORMATION_GAINED": 0.1377231776714325,
    "treatment": 0.02640852890908718
}