{
    "tagged": 0.199409618973732,
    "conscious": 0.14873282611370087,
    "category": 0.0745239183306694,
    "pPain": 0.1498132348060608,
    "SEVERITY": 0.08048887550830841,
    "AVERAGE_TIME_USED": 0.1843460202217102,
    "MEDSIM_P_DEATH_ONE_MIN_LATER": 0.03360344097018242,
    "treatment": 0.1290820688009262
}