{
    "age": 0.011044026352465153,
    "tagged": 0.01918337494134903,
    "breathing": 0.005920081399381161,
    "unvisited_count": 0.006527783814817667,
    "injured_count": 0.021489065140485764,
    "questioning": 0.22112758457660675,
    "assessing": 0.19251500070095062,
    "tagging": 0.12281142175197601,
    "leaving": 0.23572462797164917,
    "Satisfactory Priority": 0.00589078851044178,
    "One-Bounce Priority": 0.03921477124094963,
    "pPain": 0.005201531574130058,
    "pInternalBleeding": 0.005236150696873665,
    "pExternalBleeding": 0.006660704500973225,
    "entropy": 0.008979068137705326,
    "entropyDeath": 0.006829753052443266,
    "AVERAGE_TIME_USED": 0.006715593859553337,
    "MEDSIM_P_DEATH": 0.00735012162476778,
    "INFORMATION_GAINED": 0.03205106407403946,
    "treatment": 0.03109833225607872,
    "category": 0.008429141715168953
}