{
    "tagged": 0.012919634580612183,
    "breathing": 0.01794029027223587,
    "intent": 0.128712996840477,
    "directness_of_causality": 0.03077416867017746,
    "aid_available": 0.04193521663546562,
    "treating": 0.10884026437997818,
    "pInternalBleeding": 0.01081290002912283,
    "pExternalBleeding": 0.006127126980572939,
    "SEVERITY": 0.002725121332332492,
    "SUPPLIES_REMAINING": 0.004271486774086952,
    "AVERAGE_TIME_USED": 0.00862406101077795,
    "MEDSIM_P_DEATH_ONE_MIN_LATER": 0.37522459030151367,
    "SUPPLIES_USED": 0.05922804772853851,
    "SEVEREST_SEVERITY_CHANGE": 0.035856444388628006,
    "SMOL_MEDICAL_SOUNDNESS": 0.15600763261318207
}