{
    "tagged": 0.015212353318929672,
    "conscious": 0.004585417918860912,
    "breathing": 0.017096957191824913,
    "hrpmin": 0.025761330500245094,
    "intent": 0.17036451399326324,
    "directness_of_causality": 0.11158494651317596,
    "injured_count": 0.00023030798183754086,
    "aid_available": 0.12028172612190247,
    "treating": 0.19885216653347015,
    "HRA Strategy.time-resources.take-the-best": 0.00028941151686012745,
    "HRA Strategy.resources-system.take-the-best": 0.0018470375798642635,
    "HRA Strategy.risk_reward_ratio-system.one-bounce": 0.0024888282641768456,
    "HRA Strategy.time-resources-system.one-bounce": 0.0004741297452710569,
    "HRA Strategy.resources-risk_reward_ratio-system.one-bounce": 0.0018661069916561246,
    "HRA Strategy.time-resources-risk_reward_ratio-system.one-bounce": 0.0003161855856887996,
    "Take-The-Best Priority": 0.0016406981740146875,
    "pDeath": 0.00011708655802067369,
    "pPain": 0.00023557170061394572,
    "entropy": 8.758043986745179e-05,
    "SEVERITY": 0.02685684524476528,
    "SUPPLIES_REMAINING": 0.004645172972232103,
    "AVERAGE_TIME_USED": 0.05855922773480415,
    "DAMAGE_PER_SECOND": 0.00010192813351750374,
    "SUPPLIES_USED": 0.1637164056301117,
    "SEVEREST_SEVERITY": 0.0004488362174015492,
    "WEIGHTED_RESOURCE_SCORE": 0.0012358323438093066,
    "treatment": 0.07110340893268585
}