{
    "directness_of_causality": 0.16681930422782898,
    "aid_available": 0.2095535844564438,
    "treating": 0.4463566541671753,
    "SUPPLIES_USED": 0.17727047204971313
}