{
    "tagged": 0.008548254147171974,
    "conscious": 0.0016972313169389963,
    "breathing": 0.024789219722151756,
    "hrpmin": 4.3506901420187205e-05,
    "intent": 0.12683354318141937,
    "directness_of_causality": 0.029502451419830322,
    "injured_count": 0.00010401199688203633,
    "aid_available": 0.03957664221525192,
    "treating": 0.09812023490667343,
    "HRA Strategy.time-resources.take-the-best": 0.0007763379835523665,
    "HRA Strategy.resources-risk_reward_ratio.one-bounce": 0.0004952664603479207,
    "HRA Strategy.resources-system.take-the-best": 0.00032869706046767533,
    "HRA Strategy.risk_reward_ratio-system.one-bounce": 0.0005622249445877969,
    "HRA Strategy.time-resources-risk_reward_ratio.one-bounce": 0.00015861082647461444,
    "HRA Strategy.resources-risk_reward_ratio-system.one-bounce": 0.0004287331539671868,
    "HRA Strategy.time-resources-risk_reward_ratio-system.one-bounce": 0.00014232601097319275,
    "Take-The-Best Priority": 0.000509870529640466,
    "pDeath": 0.0007216878584586084,
    "pPain": 0.0001579308300279081,
    "pBrainInjury": 0.00011827937851194292,
    "pAirwayBlocked": 8.628628711448982e-05,
    "pInternalBleeding": 0.017100637778639793,
    "pExternalBleeding": 0.012073062360286713,
    "entropyDeath": 0.001376188127323985,
    "SEVERITY": 0.016217386350035667,
    "SUPPLIES_REMAINING": 0.005941217765212059,
    "AVERAGE_TIME_USED": 0.014003285206854343,
    "DAMAGE_PER_SECOND": 0.00013919018965680152,
    "MEDSIM_P_DEATH_ONE_MIN_LATER": 0.33044883608818054,
    "SEVERITY_CHANGE": 4.561979585560039e-05,
    "SUPPLIES_USED": 0.05316866934299469,
    "SEVEREST_SEVERITY": 0.002994009293615818,
    "SEVEREST_SEVERITY_CHANGE": 0.07344143837690353,
    "WEIGHTED_RESOURCE_SCORE": 0.0010126205161213875,
    "SMOL_MEDICAL_SOUNDNESS": 0.13739116489887238,
    "treatment": 0.0009453401435166597
}