{
    "intent": 0.05468998849391937,
    "directness_of_causality": 0.10689517110586166,
    "aid_available": 0.18615050613880157,
    "treating": 0.43821221590042114,
    "SUPPLIES_REMAINING": 0.016371870413422585,
    "SUPPLIES_USED": 0.19768033921718597
}