{
    "aid_available": 0.18534821271896362,
    "treating": 0.5460032224655151,
    "SUPPLIES_USED": 0.26864859461784363
}