{
    "age": 0.007796979043632746,
    "tagged": 0.03597866743803024,
    "visited": 0.0019665181171149015,
    "breathing": 0.007878128439188004,
    "hrpmin": 0.0034762443974614143,
    "avpu": 0.0019978578202426434,
    "unvisited_count": 0.013988662511110306,
    "injured_count": 0.017341023311018944,
    "environment_type": 0.00150421226862818,
    "questioning": 0.1499437540769577,
    "assessing": 0.1900240033864975,
    "tagging": 0.18680480122566223,
    "leaving": 0.19104087352752686,
    "HRA Strategy.time-resources.take-the-best": 0.0023408334236592054,
    "HRA Strategy.time-system.exhaustive": 0.0006196522735990584,
    "HRA Strategy.time-system.one-bounce": 0.0010420394828543067,
    "Satisfactory Priority": 0.00415886240079999,
    "One-Bounce Priority": 0.020990822464227676,
    "pDeath": 0.005132133606821299,
    "pPain": 0.005834371782839298,
    "pBrainInjury": 0.001924573676660657,
    "pAirwayBlocked": 0.005100037902593613,
    "pInternalBleeding": 0.006497897207736969,
    "pExternalBleeding": 0.008996346965432167,
    "entropy": 0.009804617613554,
    "entropyDeath": 0.009640262462198734,
    "SEVERITY": 0.0024080188013613224,
    "SUPPLIES_REMAINING": 0.0008176954579539597,
    "AVERAGE_TIME_USED": 0.0037643290124833584,
    "DAMAGE_PER_SECOND": 0.0011938251554965973,
    "MEDSIM_P_DEATH": 0.015063087455928326,
    "MEDSIM_P_DEATH_ONE_MIN_LATER": 0.005727334879338741,
    "WEIGHTED_RESOURCE_SCORE": 0.004778618924319744,
    "SMOL_MEDICAL_SOUNDNESS": 0.0011557860998436809,
    "INFORMATION_GAINED": 0.02343616634607315,
    "treatment": 0.04037170112133026,
    "category": 0.009459324181079865
}