{
    "age": 0.00700410408899188,
    "tagged": 0.033006392419338226,
    "conscious": 0.020121324807405472,
    "breathing": 0.05710882693529129,
    "hrpmin": 0.007919995114207268,
    "avpu": 0.005331817083060741,
    "unvisited_count": 0.01063544861972332,
    "environment_type": 0.01441212184727192,
    "questioning": 0.26289525628089905,
    "assessing": 0.2552981376647949,
    "tagging": 0.16793891787528992,
    "category": 0.009938993491232395,
    "Satisfactory Priority": 0.009694441221654415,
    "pDeath": 0.010594497434794903,
    "pBrainInjury": 0.010258078575134277,
    "pInternalBleeding": 0.006891092285513878,
    "pExternalBleeding": 0.01249658688902855,
    "entropyDeath": 0.02579384297132492,
    "AVERAGE_TIME_USED": 0.01832398772239685,
    "WEIGHTED_RESOURCE_SCORE": 0.008519944734871387,
    "treatment": 0.04581618309020996
}