{
    "age": 0.02598564885556698,
    "tagged": 0.003438924439251423,
    "visited": 0.09017178416252136,
    "conscious": 0.023891838267445564,
    "breathing": 0.015770988538861275,
    "hrpmin": 0.004041693173348904,
    "avpu": 0.008054233156144619,
    "unvisited_count": 0.02462390623986721,
    "injured_count": 0.035582393407821655,
    "environment_type": 0.009547064080834389,
    "questioning": 0.07881155610084534,
    "assessing": 0.12315663695335388,
    "tagging": 0.2549082636833191,
    "HRA Strategy.time-resources.take-the-best": 0.07721178233623505,
    "HRA Strategy.resources-risk_reward_ratio.take-the-best": 0.0014222790487110615,
    "Satisfactory Priority": 0.007297390140593052,
    "One-Bounce Priority": 0.016191044822335243,
    "pDeath": 0.013167018070816994,
    "pPain": 0.023061631247401237,
    "pBrainInjury": 0.006342883221805096,
    "pAirwayBlocked": 0.0012083302717655897,
    "pInternalBleeding": 0.014949249103665352,
    "pExternalBleeding": 0.017586544156074524,
    "entropy": 0.015622015111148357,
    "SEVERITY": 0.010567107237875462,
    "SUPPLIES_REMAINING": 0.007432830054312944,
    "AVERAGE_TIME_USED": 0.010464377701282501,
    "MEDSIM_P_DEATH": 0.004734444431960583,
    "treatment": 0.06356296688318253,
    "category": 0.011193091981112957
}