age,tagged,visited,relationship,breathing,hrpmin,avpu,unvisited_count,injured_count,environment_type,questioning,assessing,tagging,leaving,pDeath,pPain,pBrainInjury,pAirwayBlocked,pInternalBleeding,pExternalBleeding,entropy,entropyDeath,SUPPLIES_REMAINING,AVERAGE_TIME_USED,treatment,category
0.1504455804824829,0.06090278923511505,0.0024905074387788773,0.10345976799726486,0.01795065775513649,0.0031334555242210627,0.006131581962108612,0.003968779928982258,0.023184074088931084,0.003957866691052914,0.11101929098367691,0.20162764191627502,0.0472765751183033,0.11619703471660614,0.007796754129230976,0.012180088087916374,0.006272739730775356,0.009703821502625942,0.005865888670086861,0.010462411679327488,0.013587635941803455,0.009416337125003338,0.017998771741986275,0.004374146927148104,0.034065164625644684,0.0165305994451046
