{
    "tagged": 6.918620056239888e-05,
    "mental_status": 0.006906761322170496,
    "breathing": 0.00014626381744164973,
    "hrpmin": 2.7536831112229265e-05,
    "avpu": 0.00012497836723923683,
    "intent": 0.0356949120759964,
    "directness_of_causality": 0.18227438628673553,
    "aid_available": 0.14379511773586273,
    "treating": 0.2356744259595871,
    "HRA Strategy.time-risk_reward_ratio.one-bounce": 0.0006938781007193029,
    "HRA Strategy.risk_reward_ratio-system.one-bounce": 0.00124453438911587,
    "HRA Strategy.resources-risk_reward_ratio-system.one-bounce": 0.001161627471446991,
    "HRA Strategy.time-resources-risk_reward_ratio-system.one-bounce": 0.00036130548687651753,
    "Take-The-Best Priority": 0.001622105366550386,
    "Satisfactory Priority": 0.0009473410318605602,
    "One-Bounce Priority": 0.0004750782100018114,
    "pDeath": 0.0006836838438175619,
    "pPain": 6.980919715715572e-05,
    "pBrainInjury": 0.00033249627449549735,
    "pAirwayBlocked": 0.00032426786492578685,
    "pInternalBleeding": 0.0002947393513750285,
    "SEVERITY": 0.006901311222463846,
    "SUPPLIES_REMAINING": 0.0015251395525410771,
    "AVERAGE_TIME_USED": 0.0043381089344620705,
    "SEVERITY_CHANGE": 4.22566408815328e-05,
    "SUPPLIES_USED": 0.20510827004909515,
    "SEVEREST_SEVERITY": 2.341712206543889e-05,
    "SEVEREST_SEVERITY_CHANGE": 0.0008631946984678507,
    "WEIGHTED_RESOURCE_SCORE": 0.0005614292458631098,
    "SMOL_MEDICAL_SOUNDNESS": 0.1669226586818695,
    "treatment": 0.0007898209732957184
}