{
    "conscious": 0.07260054349899292,
    "intent": 0.03936163708567619,
    "injured_count": 0.08282876759767532,
    "treating": 0.3285653293132782,
    "pBrainInjury": 0.08201120793819427,
    "SEVERITY": 0.010333159007132053,
    "AVERAGE_TIME_USED": 0.030910981819033623,
    "SUPPLIES_USED": 0.10752876847982407,
    "SEVEREST_SEVERITY": 0.020360546186566353,
    "WEIGHTED_RESOURCE_SCORE": 0.002169248880818486,
    "treatment": 0.0071096341125667095,
    "HRA Strategy.time-risk_reward_ratio.one-bounce": 0.21622009575366974
}