{
    "age": 0.006510878447443247,
    "tagged": 0.025714650750160217,
    "breathing": 0.008524184115231037,
    "unvisited_count": 0.016186589375138283,
    "injured_count": 0.013817661441862583,
    "questioning": 0.1900973618030548,
    "assessing": 0.18531294167041779,
    "tagging": 0.14302608370780945,
    "leaving": 0.2529789209365845,
    "HRA Strategy.time-resources.take-the-best": 0.002158449962735176,
    "One-Bounce Priority": 0.0269911028444767,
    "pPain": 0.004339988809078932,
    "pBrainInjury": 0.00387870566919446,
    "pAirwayBlocked": 0.005652713123708963,
    "pInternalBleeding": 0.006757708732038736,
    "pExternalBleeding": 0.011347915045917034,
    "entropy": 0.009711016900837421,
    "entropyDeath": 0.009980311617255211,
    "SEVERITY": 0.0028884003404527903,
    "AVERAGE_TIME_USED": 0.00400465028360486,
    "MEDSIM_P_DEATH": 0.012009451165795326,
    "SEVEREST_SEVERITY": 0.0022337138652801514,
    "INFORMATION_GAINED": 0.009959341026842594,
    "treatment": 0.03797781094908714,
    "category": 0.007939470000565052
}