{
    "intent": 0.01934371143579483,
    "directness_of_causality": 0.22281013429164886,
    "aid_available": 0.20269590616226196,
    "treating": 0.3103642165660858,
    "SUPPLIES_USED": 0.2447860985994339
}