{
    "age": 0.01724710874259472,
    "tagged": 0.02822370082139969,
    "unvisited_count": 0.014570405706763268,
    "environment_type": 0.013583822175860405,
    "questioning": 0.17572830617427826,
    "assessing": 0.25600823760032654,
    "tagging": 0.1422310322523117,
    "Satisfactory Priority": 0.052753377705812454,
    "One-Bounce Priority": 0.05365009233355522,
    "pDeath": 0.008732536807656288,
    "pPain": 0.01542927511036396,
    "pInternalBleeding": 0.019316479563713074,
    "SEVERITY": 0.010339678265154362,
    "WEIGHTED_RESOURCE_SCORE": 0.017606904730200768,
    "INFORMATION_GAINED": 0.0939851626753807,
    "treatment": 0.06365141272544861,
    "category": 0.016942447051405907
}