{
    "conscious": 0.12888692319393158,
    "mental_status": 0.02392367087304592,
    "intent": 0.08188971132040024,
    "directness_of_causality": 0.13901552557945251,
    "aid_available": 0.015311568975448608,
    "treating": 0.23213759064674377,
    "HRA Strategy.time-resources.take-the-best": 0.0040278006345033646,
    "HRA Strategy.time-resources.one-bounce": 0.023013388738036156,
    "HRA Strategy.resources-risk_reward_ratio.one-bounce": 0.04527434706687927,
    "HRA Strategy.resources-system.take-the-best": 0.025038454681634903,
    "HRA Strategy.risk_reward_ratio-system.one-bounce": 0.0010476529132574797,
    "HRA Strategy.resources-risk_reward_ratio-system.one-bounce": 0.001078232889994979,
    "Take-The-Best Priority": 0.001738733146339655,
    "pDeath": 0.10724584758281708,
    "pInternalBleeding": 0.00031034942367114127,
    "entropyDeath": 0.023797020316123962,
    "SEVERITY": 0.010584530420601368,
    "AVERAGE_TIME_USED": 0.0005442477413453162,
    "SUPPLIES_USED": 0.041204627603292465,
    "SEVEREST_SEVERITY": 0.00560796307399869,
    "SEVEREST_SEVERITY_CHANGE": 0.0004502504307311028,
    "treatment": 0.08787158876657486
}