{
    "age": 0.005582120735198259,
    "tagged": 0.04227639362215996,
    "visited": 0.0017458663787692785,
    "breathing": 0.005112696439027786,
    "hrpmin": 0.0031198954675346613,
    "avpu": 0.002318232087418437,
    "unvisited_count": 0.005521306302398443,
    "injured_count": 0.012666459195315838,
    "environment_type": 0.001176669029518962,
    "questioning": 0.16351447999477386,
    "assessing": 0.20096217095851898,
    "tagging": 0.15883587300777435,
    "leaving": 0.2299407571554184,
    "HRA Strategy.time-resources.take-the-best": 0.0025375329423695803,
    "HRA Strategy.time-system.exhaustive": 0.0027445938903838396,
    "HRA Strategy.resources-system.exhaustive": 0.0026535606011748314,
    "One-Bounce Priority": 0.02376284822821617,
    "pDeath": 0.005046049598604441,
    "pPain": 0.005261181388050318,
    "pBrainInjury": 0.0039038483519107103,
    "pAirwayBlocked": 0.0030653993599116802,
    "pInternalBleeding": 0.005192357115447521,
    "pExternalBleeding": 0.008831449784338474,
    "entropy": 0.004112215247005224,
    "entropyDeath": 0.008878698572516441,
    "SEVERITY": 0.0019589862786233425,
    "AVERAGE_TIME_USED": 0.0033370740711688995,
    "MEDSIM_P_DEATH": 0.005189734976738691,
    "MEDSIM_P_DEATH_ONE_MIN_LATER": 0.0020327656529843807,
    "INFORMATION_GAINED": 0.040002256631851196,
    "treatment": 0.033090997487306595,
    "category": 0.005625497549772263
}