{
    "conscious": 0.022565793246030807,
    "mental_status": 0.003928276710212231,
    "breathing": 0.0013949458952993155,
    "intent": 0.02970525063574314,
    "directness_of_causality": 0.1448025405406952,
    "aid_available": 0.11526775360107422,
    "treating": 0.19122625887393951,
    "HRA Strategy.time-resources.take-the-best": 0.012971441261470318,
    "HRA Strategy.time-risk_reward_ratio.one-bounce": 0.0006912770331837237,
    "HRA Strategy.resources-system.take-the-best": 0.017340265214443207,
    "HRA Strategy.risk_reward_ratio-system.one-bounce": 0.0010763911996036768,
    "HRA Strategy.resources-risk_reward_ratio-system.one-bounce": 0.0011011704336851835,
    "Take-The-Best Priority": 0.0006340381805785,
    "Satisfactory Priority": 0.00039009485044516623,
    "SEVERITY": 0.007964563556015491,
    "SUPPLIES_REMAINING": 0.011651971377432346,
    "AVERAGE_TIME_USED": 0.0038845897652208805,
    "SUPPLIES_USED": 0.19353187084197998,
    "SEVEREST_SEVERITY_CHANGE": 0.1111968532204628,
    "WEIGHTED_RESOURCE_SCORE": 0.0004823126655537635,
    "SMOL_MEDICAL_SOUNDNESS": 0.12616781890392303,
    "treatment": 0.002024378627538681
}