{
    "tagged": 0.05609890818595886,
    "questioning": 0.2955836355686188,
    "assessing": 0.21031664311885834,
    "leaving": 0.29277580976486206,
    "treatment": 0.14522498846054077
}