{
    "age": 0.03806571662425995,
    "assessing": 0.2549581229686737,
    "tagging": 0.4830283522605896,
    "treatment": 0.07906787842512131,
    "Satisfactory Priority": 0.0483134463429451,
    "AVERAGE_TIME_USED": 0.05601651221513748,
    "MEDSIM_P_DEATH_ONE_MIN_LATER": 0.02641800418496132,
    "category": 0.014131982810795307
}