{
    "injured_count": 0.02177891694009304,
    "questioning": 0.3787287771701813,
    "assessing": 0.43322405219078064,
    "tagging": 0.06479456275701523,
    "INFORMATION_GAINED": 0.10147369652986526
}