{
    "age": 0.020781155675649643,
    "tagged": 0.07527817785739899,
    "visited": 0.003935133572667837,
    "breathing": 0.016313407570123672,
    "hrpmin": 0.021263493224978447,
    "unvisited_count": 0.02823100984096527,
    "environment_type": 0.007675386965274811,
    "questioning": 0.2187943160533905,
    "assessing": 0.1943884789943695,
    "treating": 0.023748526349663734,
    "tagging": 0.12768957018852234,
    "One-Bounce Priority": 0.04590300843119621,
    "pDeath": 0.00881699938327074,
    "pPain": 0.011178462766110897,
    "pBrainInjury": 0.007120534311980009,
    "pAirwayBlocked": 0.022561630234122276,
    "pInternalBleeding": 0.013026394881308079,
    "pExternalBleeding": 0.016735775396227837,
    "entropy": 0.01118422020226717,
    "entropyDeath": 0.0044179679825901985,
    "SEVERITY": 0.007507684640586376,
    "AVERAGE_TIME_USED": 0.013863055035471916,
    "MEDSIM_P_DEATH": 0.0016656133811920881,
    "SEVEREST_SEVERITY": 0.003948937635868788,
    "WEIGHTED_RESOURCE_SCORE": 0.01487826555967331,
    "SMOL_MEDICAL_SOUNDNESS": 0.016542376950383186,
    "treatment": 0.04741161689162254,
    "category": 0.01513878908008337
}