{
    "age": 0.03806736320257187,
    "breathing": 0.029715612530708313,
    "environment_type": 0.06266919523477554,
    "questioning": 0.20898300409317017,
    "tagging": 0.25051137804985046,
    "category": 0.0433768667280674,
    "pPain": 0.04863943159580231,
    "entropy": 0.029540834948420525,
    "AVERAGE_TIME_USED": 0.12527696788311005,
    "INFORMATION_GAINED": 0.018811576068401337,
    "treatment": 0.1444077491760254
}