{
    "tagged": 0.059050776064395905,
    "injured_count": 0.034662552177906036,
    "questioning": 0.35161083936691284,
    "assessing": 0.3676670491695404,
    "tagging": 0.008519774302840233,
    "treatment": 0.04722936451435089,
    "One-Bounce Priority": 0.03266173228621483,
    "MEDSIM_P_DEATH_ONE_MIN_LATER": 0.034370362758636475,
    "SEVEREST_SEVERITY": 0.015396527014672756,
    "INFORMATION_GAINED": 0.026890555396676064,
    "category": 0.021940452978014946
}