{
    "tagged": 0.13985145092010498,
    "breathing": 0.026445422321558,
    "intent": 0.061597224324941635,
    "directness_of_causality": 0.4005524814128876,
    "HRA Strategy.resources-system.take-the-best": 0.01818438060581684,
    "Satisfactory Priority": 0.019243329763412476,
    "SMOL_MEDICAL_SOUNDNESS": 0.3155508041381836,
    "category": 0.018574850633740425
}