{
    "intent": 0.14091981947422028,
    "aid_available": 0.11594162881374359,
    "treating": 0.5449115633964539,
    "SUPPLIES_USED": 0.19822701811790466
}