{
    "tagged": 0.14105194807052612,
    "breathing": 0.030119428411126137,
    "intent": 0.059591472148895264,
    "directness_of_causality": 0.4172009825706482,
    "Satisfactory Priority": 0.021115290001034737,
    "SMOL_MEDICAL_SOUNDNESS": 0.3113566040992737,
    "category": 0.019564161077141762
}