{
    "intent": 0.036498215049505234,
    "directness_of_causality": 0.1778971403837204,
    "aid_available": 0.15462233126163483,
    "treating": 0.25904738903045654,
    "HRA Strategy.time-risk_reward_ratio.one-bounce": 0.0003560793702490628,
    "HRA Strategy.risk_reward_ratio-system.one-bounce": 0.0018458612030372024,
    "HRA Strategy.resources-risk_reward_ratio-system.one-bounce": 0.0008790019783191383,
    "Satisfactory Priority": 0.0005994036910124123,
    "pBrainInjury": 0.00046062638284638524,
    "pInternalBleeding": 0.00036992592504248023,
    "SEVERITY": 0.0009783823043107986,
    "SUPPLIES_REMAINING": 0.0005984307499602437,
    "AVERAGE_TIME_USED": 0.021715736016631126,
    "SUPPLIES_USED": 0.19726762175559998,
    "WEIGHTED_RESOURCE_SCORE": 0.0002574312384240329,
    "SMOL_MEDICAL_SOUNDNESS": 0.1209670901298523,
    "treatment": 0.025639327242970467
}