{
    "aid_available": 0.04007275775074959,
    "treating": 0.37623298168182373,
    "SEVERITY": 0.012433646246790886,
    "AVERAGE_TIME_USED": 0.000726148544345051,
    "SUPPLIES_USED": 0.06051894277334213,
    "SEVEREST_SEVERITY": 0.0006258687353692949,
    "SEVEREST_SEVERITY_CHANGE": 0.00013462755305226892,
    "WEIGHTED_RESOURCE_SCORE": 0.0002188108628615737,
    "HRA Strategy.time-system.satisfactory": 0.006138087250292301,
    "mental_status": 0.012728279456496239,
    "HRA Strategy.resources-risk_reward_ratio-system.satisfactory": 0.0029594935476779938,
    "HRA Strategy.time-resources-system.one-bounce": 0.0007700611604377627,
    "pDeath": 0.12863098084926605,
    "HRA Strategy.resources-risk_reward_ratio.one-bounce": 0.0022807687055319548,
    "HRA Strategy.risk_reward_ratio-system.one-bounce": 0.0013634742936119437,
    "HRA Strategy.time-resources-system.satisfactory": 0.00023229130601976067,
    "intent": 0.023769838735461235,
    "breathing": 0.00097422965336591,
    "treatment": 0.00035635216045193374,
    "entropyDeath": 0.052513569593429565,
    "directness_of_causality": 0.2550247311592102,
    "pBrainInjury": 0.020279090851545334,
    "avpu": 0.00017426740669179708,
    "HRA Strategy.resources-risk_reward_ratio-system.one-bounce": 0.0008408160647377372
}