{
    "age": 0.008564604446291924,
    "tagged": 0.01633816957473755,
    "visited": 0.002650554059073329,
    "conscious": 0.004557038191705942,
    "breathing": 0.013124696910381317,
    "hrpmin": 0.028880663216114044,
    "avpu": 0.003032970242202282,
    "unvisited_count": 0.00627934793010354,
    "others_tagged_or_uninjured": 0.006894296500831842,
    "environment_type": 0.0033280544448643923,
    "questioning": 0.12366966903209686,
    "assessing": 0.21147631108760834,
    "treating": 0.020886296406388283,
    "tagging": 0.2281554788351059,
    "HRA Strategy.time-resources.take-the-best": 0.0031975465826690197,
    "HRA Strategy.time-system.tallying": 0.002579997293651104,
    "HRA Strategy.resources-system.take-the-best": 0.0003953752457164228,
    "HRA Strategy.risk_reward_ratio-system.exhaustive": 0.00011567616456886753,
    "Take-The-Best Priority": 0.0022194641642272472,
    "Satisfactory Priority": 0.0071176765486598015,
    "One-Bounce Priority": 0.033268921077251434,
    "pDeath": 0.0022805621847510338,
    "pPain": 0.016452433541417122,
    "pBrainInjury": 0.00323578342795372,
    "pAirwayBlocked": 0.002681402023881674,
    "pInternalBleeding": 0.005772207863628864,
    "pExternalBleeding": 0.010398337617516518,
    "entropy": 0.025677645578980446,
    "entropyDeath": 0.009996706619858742,
    "SEVERITY": 0.004489439073950052,
    "SUPPLIES_REMAINING": 0.0006483174511231482,
    "AVERAGE_TIME_USED": 0.029263935983181,
    "DAMAGE_PER_SECOND": 0.0004760421288665384,
    "MEDSIM_P_DEATH": 0.03447455167770386,
    "MEDSIM_P_DEATH_ONE_MIN_LATER": 0.0025407124776393175,
    "SEVEREST_SEVERITY": 0.0004121963866055012,
    "SEVEREST_SEVERITY_CHANGE": 0.0023839352652430534,
    "WEIGHTED_RESOURCE_SCORE": 0.006627768278121948,
    "SMOL_MEDICAL_SOUNDNESS": 0.0008406730485148728,
    "INFORMATION_GAINED": 0.05556425079703331,
    "treatment": 0.048411622643470764,
    "category": 0.010638597421348095
}