{
    "age": 0.11501536518335342,
    "tagged": 0.05640487000346184,
    "visited": 0.006550946738570929,
    "tagging": 0.6019040942192078,
    "category": 0.010429875925183296,
    "pPain": 0.003520132740959525,
    "pInternalBleeding": 0.0029052516911178827,
    "SEVERITY": 0.000517859763931483,
    "MEDSIM_P_DEATH": 0.0017779298359528184,
    "WEIGHTED_RESOURCE_SCORE": 0.0004922568332403898,
    "SMOL_MEDICAL_SOUNDNESS": 0.07316551357507706,
    "treatment": 0.12731589376926422
}