{
    "age": 0.0758771076798439,
    "visited": 0.025260750204324722,
    "assessing": 0.6934781670570374,
    "treating": 0.046057891100645065,
    "category": 0.15932610630989075
}