{
    "age": 0.010103100910782814,
    "tagged": 0.022741222754120827,
    "conscious": 0.033948976546525955,
    "breathing": 0.04536183923482895,
    "injured_count": 0.0693386048078537,
    "environment_type": 0.01454151514917612,
    "questioning": 0.157886803150177,
    "assessing": 0.12091818451881409,
    "treating": 0.0014283545315265656,
    "tagging": 0.10224922001361847,
    "leaving": 0.08981572091579437,
    "HRA Strategy.time-resources.take-the-best": 0.007428930141031742,
    "HRA Strategy.time-system.exhaustive": 0.0013946560211479664,
    "HRA Strategy.resources-system.take-the-best": 0.000815431762021035,
    "Satisfactory Priority": 0.0012388252653181553,
    "One-Bounce Priority": 0.0011315291048958898,
    "pDeath": 0.03593548387289047,
    "pPain": 0.013296031393110752,
    "pBrainInjury": 0.002185141434893012,
    "pAirwayBlocked": 0.001867267768830061,
    "pInternalBleeding": 0.011375685222446918,
    "pExternalBleeding": 0.0014364939415827394,
    "entropy": 0.0027985868509858847,
    "entropyDeath": 0.005363848991692066,
    "SEVERITY": 0.002577764680609107,
    "SUPPLIES_REMAINING": 0.005052846856415272,
    "AVERAGE_TIME_USED": 0.007264736574143171,
    "DAMAGE_PER_SECOND": 0.0018226731335744262,
    "MEDSIM_P_DEATH": 0.0018867601174861193,
    "MEDSIM_P_DEATH_ONE_MIN_LATER": 0.0008487864397466183,
    "INFORMATION_GAINED": 0.12971575558185577,
    "treatment": 0.08037568628787994,
    "category": 0.015853552147746086
}