{
    "age": 0.019369198009371758,
    "tagged": 0.04461301118135452,
    "unvisited_count": 0.029881557449698448,
    "environment_type": 0.011007256805896759,
    "questioning": 0.1590937227010727,
    "assessing": 0.22285543382167816,
    "treating": 0.01193838007748127,
    "tagging": 0.1445927619934082,
    "category": 0.014036784879863262,
    "One-Bounce Priority": 0.063630111515522,
    "pPain": 0.011980981566011906,
    "pAirwayBlocked": 0.021824222058057785,
    "pInternalBleeding": 0.005281252320855856,
    "pExternalBleeding": 0.008918610401451588,
    "entropyDeath": 0.011248797178268433,
    "SEVERITY": 0.007097856141626835,
    "AVERAGE_TIME_USED": 0.012683108448982239,
    "DAMAGE_PER_SECOND": 0.009511020965874195,
    "SEVEREST_SEVERITY_CHANGE": 0.03823770582675934,
    "WEIGHTED_RESOURCE_SCORE": 0.015829123556613922,
    "INFORMATION_GAINED": 0.09102162718772888,
    "treatment": 0.04534752666950226
}