{
    "age": 0.008689295500516891,
    "tagged": 0.044205959886312485,
    "visited": 0.002229993464425206,
    "breathing": 0.0044348291121423244,
    "hrpmin": 0.003411990124732256,
    "avpu": 0.0027528442442417145,
    "unvisited_count": 0.008401885628700256,
    "injured_count": 0.011849217116832733,
    "environment_type": 0.001234770636074245,
    "questioning": 0.20804248750209808,
    "assessing": 0.16615794599056244,
    "tagging": 0.17266599833965302,
    "leaving": 0.19654755294322968,
    "HRA Strategy.time-resources.take-the-best": 0.001737914513796568,
    "HRA Strategy.resources-system.exhaustive": 0.0021600457839667797,
    "Satisfactory Priority": 0.0025247735902667046,
    "One-Bounce Priority": 0.02902478165924549,
    "pDeath": 0.003215271281078458,
    "pPain": 0.006154967471957207,
    "pAirwayBlocked": 0.005555667914450169,
    "pInternalBleeding": 0.00575629249215126,
    "pExternalBleeding": 0.009343098849058151,
    "entropy": 0.008661026135087013,
    "entropyDeath": 0.0012337102089077234,
    "SEVERITY": 0.0021090994123369455,
    "AVERAGE_TIME_USED": 0.005419348832219839,
    "MEDSIM_P_DEATH": 0.004030552692711353,
    "MEDSIM_P_DEATH_ONE_MIN_LATER": 0.0016392813995480537,
    "SEVEREST_SEVERITY": 0.001416026265360415,
    "WEIGHTED_RESOURCE_SCORE": 0.0025013515260070562,
    "SMOL_MEDICAL_SOUNDNESS": 0.0016292373184114695,
    "INFORMATION_GAINED": 0.0284113846719265,
    "treatment": 0.0392499603331089,
    "category": 0.007601479534059763
}