{
    "kdma_specific_weights": {
        "Ingroup Bias": {
            "tagged": 1.253656268119812,
            "relationship": 7.797874450683594,
            "disposition": 1.8893274068832397,
            "mental_status": 1.6367993354797363,
            "breathing": 1.9555045366287231,
            "HRA Strategy.time-resources.take-the-best": 3.4238603115081787,
            "Take-The-Best Priority": 1.2813925743103027,
            "Exhaustive Priority": 1.6752275228500366,
            "pInternalBleeding": 1.9541943073272705,
            "DAMAGE_PER_SECOND": 0.17868247628211975,
            "SEVEREST_SEVERITY_CHANGE": 0.25562331080436707
        }
    },
    "default": 0
}