{"kdma_specific_weights": {"Moral judgement": {"directness_of_causality": 0.3055655062198639, "Satisfactory Priority": 0.22149181365966797, "pDeath": 0.4092813730239868, "pAirwayBlocked": 0.2115539163351059, "entropy": 0.2624771296977997}}, "default": 0}