{
    "age": 0.03812599927186966,
    "visited": 0.01909511722624302,
    "conscious": 0.010325747542083263,
    "breathing": 0.02069671079516411,
    "avpu": 0.0034319709520787,
    "environment_type": 0.04903233051300049,
    "questioning": 0.12792550027370453,
    "tagging": 0.2632734179496765,
    "category": 0.03140881657600403,
    "HRA Strategy.time-resources.take-the-best": 0.007513443473726511,
    "HRA Strategy.time-risk_reward_ratio.take-the-best": 0.005251741036772728,
    "pPain": 0.04456107318401337,
    "pBrainInjury": 0.0047487118281424046,
    "entropy": 0.043727003037929535,
    "entropyDeath": 0.0020989817567169666,
    "SEVERITY": 0.01629478484392166,
    "SUPPLIES_REMAINING": 0.002579004503786564,
    "AVERAGE_TIME_USED": 0.10599105060100555,
    "MEDSIM_P_DEATH": 0.02574920654296875,
    "SEVEREST_SEVERITY": 0.0031087552197277546,
    "WEIGHTED_RESOURCE_SCORE": 0.012603545561432838,
    "SMOL_MEDICAL_SOUNDNESS": 0.0038316920399665833,
    "INFORMATION_GAINED": 0.04147415980696678,
    "treatment": 0.11715126037597656
}