{
    "age": 0.08989686518907547,
    "assessing": 0.23206277191638947,
    "tagging": 0.4253757894039154,
    "treatment": 0.08196167647838593,
    "Satisfactory Priority": 0.0373079776763916,
    "SUPPLIES_REMAINING": 0.019159315153956413,
    "AVERAGE_TIME_USED": 0.06186417490243912,
    "MEDSIM_P_DEATH_ONE_MIN_LATER": 0.023694027215242386,
    "category": 0.02867736481130123
}