{
    "age": 0.006667290814220905,
    "tagged": 0.02815028838813305,
    "visited": 0.0017683440819382668,
    "conscious": 0.0005539348348975182,
    "breathing": 0.008517850190401077,
    "hrpmin": 0.004021810367703438,
    "avpu": 0.003211197443306446,
    "unvisited_count": 0.013076318427920341,
    "injured_count": 0.01615206152200699,
    "environment_type": 0.0014118029503151774,
    "questioning": 0.1478685438632965,
    "assessing": 0.17665641009807587,
    "tagging": 0.2329457849264145,
    "leaving": 0.177625373005867,
    "HRA Strategy.time-resources.take-the-best": 0.003422277979552746,
    "HRA Strategy.time-resources.one-bounce": 0.00023978014360181987,
    "HRA Strategy.time-system.exhaustive": 0.0006772229680791497,
    "HRA Strategy.time-system.tallying": 0.00023434686590917408,
    "HRA Strategy.time-system.one-bounce": 0.0021961808670312166,
    "HRA Strategy.resources-risk_reward_ratio.take-the-best": 0.00021602367633022368,
    "HRA Strategy.resources-system.take-the-best": 0.0008983274456113577,
    "HRA Strategy.resources-system.exhaustive": 0.00026932742912322283,
    "Take-The-Best Priority": 7.078224734868854e-05,
    "Satisfactory Priority": 0.0035399855114519596,
    "One-Bounce Priority": 0.020255006849765778,
    "pDeath": 0.004918620456010103,
    "pPain": 0.005295821465551853,
    "pBrainInjury": 0.002095369389280677,
    "pAirwayBlocked": 0.00436494592577219,
    "pInternalBleeding": 0.006538917310535908,
    "pExternalBleeding": 0.00832246895879507,
    "entropy": 0.01022520661354065,
    "entropyDeath": 0.008610408753156662,
    "SEVERITY": 0.00248047080822289,
    "SUPPLIES_REMAINING": 0.0007226021843962371,
    "AVERAGE_TIME_USED": 0.003535124473273754,
    "DAMAGE_PER_SECOND": 0.0011955489171668887,
    "MEDSIM_P_DEATH": 0.013049638830125332,
    "MEDSIM_P_DEATH_ONE_MIN_LATER": 0.004919571802020073,
    "SEVERITY_CHANGE": 0.0008383957319892943,
    "SEVEREST_SEVERITY": 0.0005006256396882236,
    "SEVEREST_SEVERITY_CHANGE": 0.00015526535571552813,
    "WEIGHTED_RESOURCE_SCORE": 0.003336641239002347,
    "SMOL_MEDICAL_SOUNDNESS": 0.0013880626065656543,
    "INFORMATION_GAINED": 0.018001683056354523,
    "treatment": 0.03981463983654976,
    "category": 0.009043660014867783
}