{
    "age": 0.00841955654323101,
    "tagged": 0.02341587468981743,
    "breathing": 0.01327450480312109,
    "hrpmin": 0.012332463636994362,
    "injured_count": 0.022979240864515305,
    "environment_type": 0.005463946610689163,
    "questioning": 0.13666453957557678,
    "assessing": 0.16799002885818481,
    "tagging": 0.20946025848388672,
    "leaving": 0.27289465069770813,
    "HRA Strategy.time-resources.take-the-best": 0.006262858863919973,
    "One-Bounce Priority": 0.03495367616415024,
    "pPain": 0.0052001639269292355,
    "entropy": 0.0033609827514737844,
    "entropyDeath": 0.004391493741422892,
    "SEVERITY": 0.005287237465381622,
    "MEDSIM_P_DEATH": 0.012313764542341232,
    "MEDSIM_P_DEATH_ONE_MIN_LATER": 0.0037380617577582598,
    "INFORMATION_GAINED": 0.01676836796104908,
    "treatment": 0.025759713724255562,
    "category": 0.009068680927157402
}