{
    "intent": 0.30935585498809814,
    "treating": 0.6906441450119019
}