{
    "questioning": 0.5102378129959106,
    "assessing": 0.48976218700408936
}