{
    "age": 0.010136532597243786,
    "tagged": 0.0070972200483083725,
    "visited": 0.0020523862913250923,
    "conscious": 0.0014878433430567384,
    "breathing": 0.011466768570244312,
    "hrpmin": 0.012860245071351528,
    "avpu": 0.0023945628199726343,
    "unvisited_count": 0.0005251292604953051,
    "environment_type": 0.0023068783339112997,
    "questioning": 0.2774510681629181,
    "assessing": 0.20963338017463684,
    "treating": 0.0007489754934795201,
    "tagging": 0.2281106412410736,
    "category": 0.009545029141008854,
    "HRA Strategy.time-resources.take-the-best": 0.001574523514136672,
    "HRA Strategy.time-risk_reward_ratio.take-the-best": 0.00437617814168334,
    "HRA Strategy.resources-system.take-the-best": 0.001337340916506946,
    "HRA Strategy.resources-system.exhaustive": 0.0013455563457682729,
    "HRA Strategy.risk_reward_ratio-system.exhaustive": 0.0015962949255481362,
    "One-Bounce Priority": 0.017721790820360184,
    "pDeath": 0.002802928676828742,
    "pPain": 0.007928158156573772,
    "pBrainInjury": 0.009082799777388573,
    "pAirwayBlocked": 0.0015754065243527293,
    "pInternalBleeding": 0.0037580719217658043,
    "pExternalBleeding": 0.003538993187248707,
    "entropy": 0.03736795485019684,
    "entropyDeath": 0.018279632553458214,
    "SEVERITY": 0.009921232238411903,
    "AVERAGE_TIME_USED": 0.004558113869279623,
    "DAMAGE_PER_SECOND": 0.0019762523006647825,
    "MEDSIM_P_DEATH": 0.004084180574864149,
    "MEDSIM_P_DEATH_ONE_MIN_LATER": 0.0008548867190256715,
    "SEVEREST_SEVERITY": 0.0005867286818102002,
    "WEIGHTED_RESOURCE_SCORE": 0.005400358699262142,
    "SMOL_MEDICAL_SOUNDNESS": 0.005252540577203035,
    "INFORMATION_GAINED": 0.021182898432016373,
    "treatment": 0.05808045342564583
}