{
    "age": 0.017302459105849266,
    "tagged": 0.06944695860147476,
    "visited": 0.04599083587527275,
    "conscious": 0.011632997542619705,
    "breathing": 0.011659114621579647,
    "hrpmin": 0.006575506180524826,
    "unvisited_count": 0.023008467629551888,
    "environment_type": 0.03572416678071022,
    "questioning": 0.22625112533569336,
    "assessing": 0.19434458017349243,
    "tagging": 0.11989688873291016,
    "leaving": 0.124587282538414,
    "treatment": 0.08040189743041992,
    "Satisfactory Priority": 0.005233088042587042,
    "AVERAGE_TIME_USED": 0.006161023396998644,
    "MEDSIM_P_DEATH_ONE_MIN_LATER": 0.010672280564904213,
    "category": 0.011111275292932987
}