{
    "injured_count": 0.009901199489831924,
    "questioning": 0.33765849471092224,
    "assessing": 0.35748982429504395,
    "tagging": 0.08220294862985611,
    "leaving": 0.13376019895076752,
    "One-Bounce Priority": 0.013538527302443981,
    "INFORMATION_GAINED": 0.02848134934902191,
    "treatment": 0.020248187705874443,
    "category": 0.01671931892633438
}