{
    "treating": 0.6285011768341064,
    "intent": 0.16986186802387238,
    "directness_of_causality": 0.20163699984550476
}