{
    "age": 0.011421548202633858,
    "tagged": 0.022967690601944923,
    "conscious": 0.03207991272211075,
    "breathing": 0.03515138849616051,
    "injured_count": 0.07057828456163406,
    "environment_type": 0.016471045091748238,
    "questioning": 0.16616250574588776,
    "assessing": 0.13533812761306763,
    "treating": 0.0011263663182035089,
    "tagging": 0.12909583747386932,
    "leaving": 0.09451985359191895,
    "HRA Strategy.time-resources.take-the-best": 0.005682046990841627,
    "HRA Strategy.time-system.exhaustive": 0.0011912822956219316,
    "HRA Strategy.resources-system.take-the-best": 0.0009940090822055936,
    "Satisfactory Priority": 0.0014136688550934196,
    "One-Bounce Priority": 0.00101976259611547,
    "pDeath": 0.027692630887031555,
    "pPain": 0.02486441656947136,
    "pBrainInjury": 0.0018967572832480073,
    "pAirwayBlocked": 0.0021367294248193502,
    "pInternalBleeding": 0.012018253095448017,
    "pExternalBleeding": 0.0009976939763873816,
    "entropy": 0.0024461261928081512,
    "entropyDeath": 0.005421302281320095,
    "SEVERITY": 0.0031471983529627323,
    "SUPPLIES_REMAINING": 0.00534623209387064,
    "AVERAGE_TIME_USED": 0.009178278036415577,
    "DAMAGE_PER_SECOND": 0.002150609390810132,
    "MEDSIM_P_DEATH": 0.001064435695298016,
    "MEDSIM_P_DEATH_ONE_MIN_LATER": 0.0009927849750965834,
    "SEVEREST_SEVERITY": 0.0009877582779154181,
    "INFORMATION_GAINED": 0.06996157020330429,
    "treatment": 0.0876338854432106,
    "category": 0.016850071027874947
}