{
    "tagged": 0.004683236591517925,
    "intent": 0.07156398147344589,
    "directness_of_causality": 0.11063333600759506,
    "injured_count": 0.08770560473203659,
    "treating": 0.7254138588905334
}