{
    "tagged": 0.12720473110675812,
    "conscious": 0.003664023242890835,
    "breathing": 0.0360998809337616,
    "hrpmin": 0.002155008027330041,
    "intent": 0.18429872393608093,
    "directness_of_causality": 0.08358824998140335,
    "treating": 0.18938811123371124,
    "HRA Strategy.time-resources.take-the-best": 0.010212745517492294,
    "HRA Strategy.risk_reward_ratio-system.one-bounce": 0.008230054751038551,
    "HRA Strategy.time-resources-system.exhaustive": 0.004922189749777317,
    "HRA Strategy.time-resources-system.tallying": 0.002305463422089815,
    "HRA Strategy.time-resources-system.one-bounce": 0.002334675984457135,
    "pPain": 0.0017529617762193084,
    "pInternalBleeding": 0.005551857873797417,
    "AVERAGE_TIME_USED": 0.16613417863845825,
    "SUPPLIES_USED": 0.011862382292747498,
    "SEVEREST_SEVERITY": 0.008811946958303452,
    "category": 0.008011329919099808,
    "treatment": 0.14347149431705475
}