conscious,mental_status,avpu,intent,directness_of_causality,aid_available,treating,HRA Strategy.time-risk_reward_ratio.one-bounce,HRA Strategy.resources-system.take-the-best,HRA Strategy.risk_reward_ratio-system.one-bounce,HRA Strategy.time-resources-risk_reward_ratio-system.one-bounce,Take-The-Best Priority,Satisfactory Priority,One-Bounce Priority,pDeath,pPain,pBrainInjury,pAirwayBlocked,pInternalBleeding,entropyDeath,SEVERITY,SUPPLIES_REMAINING,AVERAGE_TIME_USED,DAMAGE_PER_SECOND,MEDSIM_P_DEATH,SUPPLIES_USED,SEVEREST_SEVERITY_CHANGE,WEIGHTED_RESOURCE_SCORE,SMOL_MEDICAL_SOUNDNESS,treatment
0.0010478500043973327,0.0006783162243664265,0.00010730982467066497,0.05460335314273834,0.17699891328811646,0.1737615317106247,0.2767757773399353,0.0009006597683764994,0.0009315941133536398,0.0015447880141437054,0.0002602497988846153,0.0004454260051716119,0.00047494343016296625,0.0002595122205093503,7.068620470818132e-05,0.000115403083327692,0.0003808726614806801,0.00020135898375883698,0.000349780690157786,0.0003957988228648901,0.0004911076393909752,0.10412128269672394,0.007270177826285362,0.0001543727412354201,0.00033340248046442866,0.19588221609592438,0.00025672040646895766,0.0001704113237792626,0.00032445997931063175,0.0006917380378581583
