{
    "intent": 0.026073992252349854,
    "directness_of_causality": 0.20242878794670105,
    "aid_available": 0.16941888630390167,
    "treating": 0.4079928994178772,
    "HRA Strategy.resources-system.take-the-best": 0.001289495499804616,
    "pDeath": 0.020078884437680244,
    "SUPPLIES_USED": 0.17271704971790314
}