{
    "intent": 0.17795467376708984,
    "treating": 0.8220453262329102
}