{
    "age": 0.025206778198480606,
    "tagged": 0.03889888525009155,
    "breathing": 0.016096733510494232,
    "avpu": 0.0038332438562065363,
    "injured_count": 0.10610055178403854,
    "environment_type": 0.045264262706041336,
    "questioning": 0.16308771073818207,
    "assessing": 0.19934238493442535,
    "tagging": 0.22043108940124512,
    "category": 0.017635542899370193,
    "HRA Strategy.time-system.exhaustive": 0.010062862187623978,
    "pAirwayBlocked": 0.004755633417516947,
    "entropy": 0.0105896620079875,
    "SEVERITY": 0.021512294188141823,
    "AVERAGE_TIME_USED": 0.024020086973905563,
    "MEDSIM_P_DEATH": 0.021178163588047028,
    "WEIGHTED_RESOURCE_SCORE": 0.015411227941513062,
    "SMOL_MEDICAL_SOUNDNESS": 0.008028054609894753,
    "INFORMATION_GAINED": 0.021843895316123962,
    "treatment": 0.02670098841190338
}