{
    "tagged": 0.6566866636276245,
    "intent": 0.3433133363723755
}