{
    "questioning": 0.3409935235977173,
    "assessing": 0.3355591893196106,
    "tagging": 0.0943201333284378,
    "leaving": 0.15034760534763336,
    "INFORMATION_GAINED": 0.030002465471625328,
    "treatment": 0.028973879292607307,
    "category": 0.019803225994110107
}