{
    "conscious": 0.09255305677652359,
    "mental_status": 0.010148115456104279,
    "hrpmin": 4.6972509153420106e-05,
    "avpu": 9.676857735030353e-05,
    "intent": 0.035753488540649414,
    "directness_of_causality": 0.18117980659008026,
    "aid_available": 0.15344008803367615,
    "treating": 0.24774667620658875,
    "HRA Strategy.time-resources.take-the-best": 0.004990189801901579,
    "HRA Strategy.resources-risk_reward_ratio.one-bounce": 0.019140945747494698,
    "HRA Strategy.resources-system.take-the-best": 0.018505321815609932,
    "HRA Strategy.risk_reward_ratio-system.one-bounce": 0.0017262999899685383,
    "HRA Strategy.time-resources-system.one-bounce": 0.0005115505191497505,
    "HRA Strategy.resources-risk_reward_ratio-system.one-bounce": 0.00150747608859092,
    "HRA Strategy.time-resources-risk_reward_ratio-system.one-bounce": 0.0006511677638627589,
    "Take-The-Best Priority": 0.002119046403095126,
    "Satisfactory Priority": 0.0012376430677250028,
    "One-Bounce Priority": 0.0006123987259343266,
    "pDeath": 0.000998348230496049,
    "pPain": 0.0002858936204575002,
    "pBrainInjury": 0.0008326958632096648,
    "pAirwayBlocked": 0.00042814004700630903,
    "entropy": 0.0004927296540699899,
    "entropyDeath": 0.00529954768717289,
    "SEVERITY": 0.0020123093854635954,
    "SUPPLIES_REMAINING": 0.00123478879686445,
    "AVERAGE_TIME_USED": 0.0007509384304285049,
    "DAMAGE_PER_SECOND": 5.828610301250592e-05,
    "MEDSIM_P_DEATH": 0.006067609414458275,
    "SUPPLIES_USED": 0.2081480473279953,
    "SEVEREST_SEVERITY": 0.00032609252957627177,
    "WEIGHTED_RESOURCE_SCORE": 0.0001927436824189499,
    "treatment": 0.0009047923958860338
}