{
    "age": 0.017565766349434853,
    "tagged": 0.07921989262104034,
    "visited": 0.05970557779073715,
    "conscious": 0.012237168848514557,
    "breathing": 0.012228441424667835,
    "hrpmin": 0.00906890258193016,
    "avpu": 0.0004908572300337255,
    "unvisited_count": 0.021843234077095985,
    "environment_type": 0.038161054253578186,
    "questioning": 0.19066232442855835,
    "assessing": 0.1540592759847641,
    "tagging": 0.10513339191675186,
    "leaving": 0.10897619277238846,
    "treatment": 0.10401207208633423,
    "Satisfactory Priority": 0.02048131823539734,
    "pDeath": 0.006457753945142031,
    "pAirwayBlocked": 0.0011820374056696892,
    "pExternalBleeding": 0.0018110169330611825,
    "SEVERITY": 0.0036550487857311964,
    "SUPPLIES_REMAINING": 0.0044793724082410336,
    "AVERAGE_TIME_USED": 0.006225807126611471,
    "MEDSIM_P_DEATH_ONE_MIN_LATER": 0.016130099073052406,
    "SMOL_MEDICAL_SOUNDNESS": 0.013295133598148823,
    "category": 0.012918300926685333
}