{
    "others_tagged_or_uninjured": 0.17401614785194397,
    "aid_available": 0.0649745836853981,
    "treating": 0.18172772228717804,
    "Take-The-Best Priority": 0.15413963794708252,
    "SEVERITY": 0.047538872808218,
    "MEDSIM_P_DEATH": 0.03382568433880806,
    "SEVERITY_CHANGE": 0.006220206152647734,
    "SMOL_MEDICAL_SOUNDNESS": 0.13750095665454865,
    "mental_status": 0.03147335723042488,
    "HRA Strategy.time-resources-system.one-bounce": 0.008039914071559906,
    "HRA Strategy.time-resources-risk_reward_ratio-system.one-bounce": 0.0024476542603224516,
    "entropyDeath": 0.001898949733003974,
    "directness_of_causality": 0.09365823864936829,
    "hrpmin": 0.0021553270053118467,
    "treatment": 0.06038285046815872
}