{
    "others_tagged_or_uninjured": 0.3156447410583496,
    "aid_available": 0.08359730988740921,
    "treating": 0.271088570356369,
    "Take-The-Best Priority": 0.050804462283849716,
    "MEDSIM_P_DEATH": 0.03607941418886185,
    "SMOL_MEDICAL_SOUNDNESS": 0.11953594535589218,
    "directness_of_causality": 0.12324950844049454
}