{
    "conscious": 0.009685076773166656,
    "hrpmin": 0.0035788794048130512,
    "intent": 0.22486895322799683,
    "directness_of_causality": 0.16217121481895447,
    "aid_available": 0.116034597158432,
    "treating": 0.2481246292591095,
    "AVERAGE_TIME_USED": 0.011060129851102829,
    "SUPPLIES_USED": 0.2126392275094986,
    "SMOL_MEDICAL_SOUNDNESS": 0.01183724869042635
}