{
    "mental_status": 0.023799508810043335,
    "breathing": 0.08725687116384506,
    "directness_of_causality": 0.18133404850959778,
    "aid_available": 0.024775458499789238,
    "treating": 0.5392463207244873,
    "SUPPLIES_USED": 0.14358778297901154
}