{
    "age": 0.014672048389911652,
    "tagged": 0.0287153422832489,
    "visited": 0.011934740468859673,
    "breathing": 0.006429996341466904,
    "unvisited_count": 0.05817340686917305,
    "environment_type": 0.021504158154129982,
    "questioning": 0.09316230565309525,
    "assessing": 0.0957459881901741,
    "tagging": 0.19507227838039398,
    "leaving": 0.2266254872083664,
    "Satisfactory Priority": 0.03815237805247307,
    "One-Bounce Priority": 0.047637976706027985,
    "pDeath": 0.0021943512838333845,
    "pPain": 0.009805913083255291,
    "pInternalBleeding": 0.009903792291879654,
    "pExternalBleeding": 0.03399709239602089,
    "entropy": 0.009021510370075703,
    "AVERAGE_TIME_USED": 0.007041363511234522,
    "SEVEREST_SEVERITY_CHANGE": 0.012498501688241959,
    "SMOL_MEDICAL_SOUNDNESS": 0.0026658240240067244,
    "INFORMATION_GAINED": 0.027250584214925766,
    "treatment": 0.0331496000289917,
    "category": 0.01464540883898735
}