{
    "SEVERITY": 0.18576277792453766,
    "AVERAGE_TIME_USED": 0.27638256549835205,
    "DAMAGE_PER_SECOND": 0.21982862055301666,
    "treatment": 0.31802600622177124
}