{
    "tagged": 0.02377694472670555,
    "conscious": 0.002329806564375758,
    "avpu": 0.010595557279884815,
    "unvisited_count": 0.012005703523755074,
    "questioning": 0.16101793944835663,
    "assessing": 0.2356908768415451,
    "tagging": 0.20726260542869568,
    "leaving": 0.1339113861322403,
    "treatment": 0.04940541461110115,
    "HRA Strategy.time-resources.take-the-best": 0.009235920384526253,
    "One-Bounce Priority": 0.06667472422122955,
    "pPain": 0.02016710862517357,
    "INFORMATION_GAINED": 0.04715288430452347,
    "category": 0.020773131400346756
}