{
    "age": 0.1403384506702423,
    "tagged": 0.1773918867111206,
    "conscious": 0.16501295566558838,
    "environment_type": 0.037364643067121506,
    "category": 0.05398426949977875,
    "pDeath": 0.03627347573637962,
    "SEVERITY": 0.05876453220844269,
    "AVERAGE_TIME_USED": 0.07848422974348068,
    "DAMAGE_PER_SECOND": 0.12079674750566483,
    "SMOL_MEDICAL_SOUNDNESS": 0.06366971135139465,
    "treatment": 0.06791911274194717
}