{
    "tagged": 0.027222247794270515,
    "conscious": 0.003931337036192417,
    "mental_status": 1.6935489838942885e-05,
    "breathing": 0.057650335133075714,
    "hrpmin": 8.789613275439478e-06,
    "avpu": 6.654726894339547e-05,
    "intent": 0.18066908419132233,
    "directness_of_causality": 0.12550319731235504,
    "unvisited_count": 6.4477276282559615e-06,
    "aid_available": 0.02137361653149128,
    "treating": 0.2728996276855469,
    "HRA Strategy.time-resources.take-the-best": 0.0047173588536679745,
    "HRA Strategy.time-resources.one-bounce": 0.013885797932744026,
    "HRA Strategy.time-risk_reward_ratio.one-bounce": 0.0038328792434185743,
    "HRA Strategy.time-system.one-bounce": 0.00011464384442660958,
    "HRA Strategy.resources-risk_reward_ratio.one-bounce": 0.043745264410972595,
    "HRA Strategy.resources-system.take-the-best": 0.024609243497252464,
    "HRA Strategy.risk_reward_ratio-system.one-bounce": 0.0008544785669073462,
    "HRA Strategy.resources-risk_reward_ratio-system.one-bounce": 0.0007108754944056273,
    "Satisfactory Priority": 0.0005503646098077297,
    "pDeath": 0.1280369609594345,
    "pPain": 0.0004079995851498097,
    "pBrainInjury": 0.00031871628016233444,
    "pAirwayBlocked": 0.00020108860917389393,
    "pInternalBleeding": 9.558983583701774e-05,
    "pExternalBleeding": 0.029354043304920197,
    "entropyDeath": 0.012253564782440662,
    "SEVERITY": 0.004311826545745134,
    "SUPPLIES_REMAINING": 0.0018926396733149886,
    "AVERAGE_TIME_USED": 0.004936815705150366,
    "DAMAGE_PER_SECOND": 5.666131528414553e-06,
    "SEVERITY_CHANGE": 1.2273546417418402e-05,
    "SUPPLIES_USED": 0.03531637415289879,
    "SEVEREST_SEVERITY": 4.036611244373489e-06,
    "SEVEREST_SEVERITY_CHANGE": 4.279027780285105e-05,
    "WEIGHTED_RESOURCE_SCORE": 0.00030073814559727907,
    "treatment": 0.00013985576515551656
}