{
    "tagged": 0.015661440789699554,
    "injured_count": 0.015382758341729641,
    "questioning": 0.31358760595321655,
    "assessing": 0.32939428091049194,
    "tagging": 0.09010089188814163,
    "leaving": 0.14024102687835693,
    "treatment": 0.021800924092531204,
    "One-Bounce Priority": 0.02337605506181717,
    "INFORMATION_GAINED": 0.03412488475441933,
    "category": 0.016330115497112274
}