{
    "age": 0.029085302725434303,
    "tagged": 0.031033126637339592,
    "visited": 0.005527075380086899,
    "breathing": 0.01676866225898266,
    "avpu": 0.004005241673439741,
    "injured_count": 0.09872674196958542,
    "environment_type": 0.04566805437207222,
    "questioning": 0.16891197860240936,
    "assessing": 0.17050457000732422,
    "tagging": 0.2387426346540451,
    "category": 0.016600200906395912,
    "HRA Strategy.time-resources.take-the-best": 0.0038246428593993187,
    "HRA Strategy.time-system.exhaustive": 0.014086302369832993,
    "pDeath": 0.00491558900102973,
    "pPain": 0.003299400908872485,
    "pBrainInjury": 0.0019890652038156986,
    "pAirwayBlocked": 0.015038754791021347,
    "entropy": 0.008591185323894024,
    "SEVERITY": 0.018755517899990082,
    "AVERAGE_TIME_USED": 0.021839965134859085,
    "DAMAGE_PER_SECOND": 0.0027769850566983223,
    "MEDSIM_P_DEATH": 0.01901353895664215,
    "WEIGHTED_RESOURCE_SCORE": 0.01878238655626774,
    "SMOL_MEDICAL_SOUNDNESS": 0.005864244420081377,
    "INFORMATION_GAINED": 0.010881664231419563,
    "treatment": 0.024767067283391953
}