{
    "questioning": 0.35795527696609497,
    "assessing": 0.40802958607673645,
    "tagging": 0.06870383024215698,
    "INFORMATION_GAINED": 0.12180092930793762,
    "category": 0.043510377407073975
}