{
    "tagged": 0.025614717975258827,
    "intent": 0.013768845237791538,
    "directness_of_causality": 0.10690566152334213,
    "aid_available": 0.11742522567510605,
    "treating": 0.19091548025608063,
    "HRA Strategy.time-system.tallying": 0.0067952414974570274,
    "pInternalBleeding": 0.012407203204929829,
    "entropyDeath": 0.043091874569654465,
    "AVERAGE_TIME_USED": 0.0295745637267828,
    "DAMAGE_PER_SECOND": 0.054192543029785156,
    "SUPPLIES_USED": 0.21368901431560516,
    "SMOL_MEDICAL_SOUNDNESS": 0.18561963737010956
}