{
    "age": 0.022056719288229942,
    "tagged": 0.04820386320352554,
    "breathing": 0.006329914554953575,
    "unvisited_count": 0.02585248462855816,
    "injured_count": 0.03395393118262291,
    "environment_type": 0.0197621937841177,
    "questioning": 0.12519724667072296,
    "assessing": 0.21679314970970154,
    "tagging": 0.1705227643251419,
    "category": 0.01659696362912655,
    "HRA Strategy.resources-system.exhaustive": 0.006677351891994476,
    "Satisfactory Priority": 0.0037402696907520294,
    "One-Bounce Priority": 0.07591559737920761,
    "pDeath": 0.01690707728266716,
    "pPain": 0.010354496538639069,
    "pAirwayBlocked": 0.01928974874317646,
    "entropy": 0.003968424163758755,
    "entropyDeath": 0.0018860657000914216,
    "SEVERITY": 0.003550579072907567,
    "AVERAGE_TIME_USED": 0.010631470009684563,
    "WEIGHTED_RESOURCE_SCORE": 0.040252409875392914,
    "INFORMATION_GAINED": 0.06986890733242035,
    "treatment": 0.051688458770513535
}