{
    "intent": 0.08791547268629074,
    "directness_of_causality": 0.177384614944458,
    "aid_available": 0.12998394668102264,
    "treating": 0.26643624901771545,
    "AVERAGE_TIME_USED": 0.07607083767652512,
    "SUPPLIES_USED": 0.1607474386692047,
    "SMOL_MEDICAL_SOUNDNESS": 0.10146144777536392
}