{
    "conscious": 0.01582125574350357,
    "mental_status": 0.00317988358438015,
    "breathing": 0.0018535344861447811,
    "intent": 0.020824424922466278,
    "directness_of_causality": 0.11071944981813431,
    "aid_available": 0.08884873241186142,
    "treating": 0.13472293317317963,
    "HRA Strategy.time-resources.take-the-best": 0.009138228371739388,
    "HRA Strategy.time-risk_reward_ratio.one-bounce": 0.00048550809151493013,
    "HRA Strategy.resources-system.take-the-best": 0.016000395640730858,
    "HRA Strategy.risk_reward_ratio-system.one-bounce": 0.0009708483121357858,
    "HRA Strategy.resources-risk_reward_ratio-system.one-bounce": 0.0004803762130904943,
    "HRA Strategy.time-resources-risk_reward_ratio-system.one-bounce": 0.00030285597313195467,
    "Take-The-Best Priority": 0.0009127393714152277,
    "Satisfactory Priority": 0.0006381678394973278,
    "pPain": 8.845176489558071e-05,
    "pBrainInjury": 0.00036019409890286624,
    "pAirwayBlocked": 9.879334538709372e-05,
    "pInternalBleeding": 0.00023918668739497662,
    "SEVERITY": 0.011090665124356747,
    "SUPPLIES_REMAINING": 0.009028990752995014,
    "AVERAGE_TIME_USED": 0.003696589497849345,
    "DAMAGE_PER_SECOND": 0.00022612433531321585,
    "SEVERITY_CHANGE": 5.660360329784453e-05,
    "SUPPLIES_USED": 0.1363285630941391,
    "SEVEREST_SEVERITY": 0.00016421149484813213,
    "SEVEREST_SEVERITY_CHANGE": 0.16527822613716125,
    "WEIGHTED_RESOURCE_SCORE": 0.00025315259699709713,
    "SMOL_MEDICAL_SOUNDNESS": 0.2656855285167694,
    "treatment": 0.002505403244867921
}