{
    "conscious": 0.0010537253692746162,
    "intent": 0.05431586131453514,
    "directness_of_causality": 0.1988419145345688,
    "aid_available": 0.18995442986488342,
    "treating": 0.27968814969062805,
    "HRA Strategy.time-risk_reward_ratio.one-bounce": 0.0008192509412765503,
    "HRA Strategy.resources-system.take-the-best": 0.0009338591480627656,
    "HRA Strategy.risk_reward_ratio-system.one-bounce": 0.0016229593893513083,
    "HRA Strategy.time-resources-risk_reward_ratio-system.one-bounce": 0.00031365887844003737,
    "Take-The-Best Priority": 0.00047598787932656705,
    "Satisfactory Priority": 0.0007206128211691976,
    "pBrainInjury": 0.0003546006919350475,
    "pAirwayBlocked": 0.00014735879085492343,
    "pInternalBleeding": 0.00021009883494116366,
    "entropyDeath": 0.00037960312329232693,
    "SEVERITY": 0.00025703414576128125,
    "SUPPLIES_REMAINING": 0.0011791130527853966,
    "AVERAGE_TIME_USED": 0.008518504910171032,
    "DAMAGE_PER_SECOND": 0.00012756287469528615,
    "SUPPLIES_USED": 0.25885099172592163,
    "SEVEREST_SEVERITY_CHANGE": 7.300046854652464e-05,
    "WEIGHTED_RESOURCE_SCORE": 0.0007001087651588023,
    "treatment": 0.0004616310470737517
}