age,tagged,relationship,breathing,injured_count,questioning,assessing,tagging,leaving,treatment,category
0.055944472551345825,0.04099604859948158,0.08591638505458832,0.006690635811537504,0.02117150090634823,0.03912511095404625,0.32496070861816406,0.09852678328752518,0.2751316428184509,0.03886419162154198,0.01267252303659916
