{
    "conscious": 0.001038747956044972,
    "mental_status": 0.0006724241538904607,
    "avpu": 0.00011127580364700407,
    "intent": 0.055077943950891495,
    "directness_of_causality": 0.18107537925243378,
    "aid_available": 0.1734822690486908,
    "treating": 0.2743724286556244,
    "HRA Strategy.time-risk_reward_ratio.one-bounce": 0.000893026648554951,
    "HRA Strategy.resources-system.take-the-best": 0.0009234873577952385,
    "HRA Strategy.risk_reward_ratio-system.one-bounce": 0.0015313695184886456,
    "HRA Strategy.time-resources-risk_reward_ratio-system.one-bounce": 0.0002599017752800137,
    "Take-The-Best Priority": 0.0004413775459397584,
    "Satisfactory Priority": 0.0004697350668720901,
    "One-Bounce Priority": 0.00025314567028544843,
    "pDeath": 6.992607086431235e-05,
    "pPain": 0.00010473091242602095,
    "pBrainInjury": 0.0004252723592799157,
    "pAirwayBlocked": 0.00019960285862907767,
    "pInternalBleeding": 0.0004058678459841758,
    "entropyDeath": 0.00045368302380666137,
    "SEVERITY": 0.0006270436570048332,
    "SUPPLIES_REMAINING": 0.10321658104658127,
    "AVERAGE_TIME_USED": 0.00712133664637804,
    "DAMAGE_PER_SECOND": 0.000629997521173209,
    "MEDSIM_P_DEATH": 0.00033050644560717046,
    "SEVERITY_CHANGE": 3.7523630453506485e-05,
    "SUPPLIES_USED": 0.19418075680732727,
    "SEVEREST_SEVERITY_CHANGE": 0.0004927604459226131,
    "WEIGHTED_RESOURCE_SCORE": 0.00012180697376606986,
    "SMOL_MEDICAL_SOUNDNESS": 0.0003216415934730321,
    "treatment": 0.0006584269576705992
}