conscious,mental_status,avpu,intent,directness_of_causality,aid_available,treating,HRA Strategy.time-risk_reward_ratio.one-bounce,HRA Strategy.resources-system.take-the-best,HRA Strategy.risk_reward_ratio-system.one-bounce,HRA Strategy.time-resources-risk_reward_ratio-system.one-bounce,Take-The-Best Priority,Satisfactory Priority,One-Bounce Priority,pDeath,pPain,pBrainInjury,pAirwayBlocked,pInternalBleeding,entropyDeath,SEVERITY,SUPPLIES_REMAINING,AVERAGE_TIME_USED,DAMAGE_PER_SECOND,MEDSIM_P_DEATH,SEVERITY_CHANGE,SUPPLIES_USED,SEVEREST_SEVERITY_CHANGE,WEIGHTED_RESOURCE_SCORE,SMOL_MEDICAL_SOUNDNESS,treatment
0.001038747956044972,0.0006724241538904607,0.00011127580364700407,0.055077943950891495,0.18107537925243378,0.1734822690486908,0.2743724286556244,0.000893026648554951,0.0009234873577952385,0.0015313695184886456,0.0002599017752800137,0.0004413775459397584,0.0004697350668720901,0.00025314567028544843,6.992607086431235e-05,0.00010473091242602095,0.0004252723592799157,0.00019960285862907767,0.0004058678459841758,0.00045368302380666137,0.0006270436570048332,0.10321658104658127,0.00712133664637804,0.000629997521173209,0.00033050644560717046,3.7523630453506485e-05,0.19418075680732727,0.0004927604459226131,0.00012180697376606986,0.0003216415934730321,0.0006584269576705992
