{
    "tagged": 0.023306161165237427,
    "mental_status": 0.01048926543444395,
    "intent": 0.43868038058280945,
    "directness_of_causality": 0.18110187351703644,
    "treating": 0.26043182611465454,
    "HRA Strategy.resources-system.take-the-best": 0.021495794877409935,
    "HRA Strategy.risk_reward_ratio-system.one-bounce": 0.01823916845023632,
    "HRA Strategy.time-resources-system.one-bounce": 0.0027259800117462873,
    "Take-The-Best Priority": 0.009110665880143642,
    "Satisfactory Priority": 0.02962314710021019,
    "AVERAGE_TIME_USED": 0.0030496129766106606,
    "treatment": 0.0017462262185290456
}