{
    "tagged": 0.0067125000059604645,
    "conscious": 0.20034532248973846,
    "mental_status": 0.00035157613456249237,
    "breathing": 0.005113706924021244,
    "intent": 0.021015718579292297,
    "directness_of_causality": 0.05020543187856674,
    "unvisited_count": 0.0005279761971905828,
    "aid_available": 0.021110787987709045,
    "treating": 0.057375162839889526,
    "HRA Strategy.resources-system.take-the-best": 0.0008877936052158475,
    "HRA Strategy.risk_reward_ratio-system.one-bounce": 0.061027154326438904,
    "HRA Strategy.resources-risk_reward_ratio-system.one-bounce": 0.0006161745986901224,
    "HRA Strategy.time-resources-risk_reward_ratio-system.one-bounce": 0.00020542026322800666,
    "Take-The-Best Priority": 0.0007377575966529548,
    "pDeath": 0.00030719340429641306,
    "pPain": 0.00013629361637867987,
    "pBrainInjury": 4.693723167292774e-05,
    "pAirwayBlocked": 5.3080970246810466e-05,
    "pInternalBleeding": 0.013346506282687187,
    "SEVERITY": 0.011100605130195618,
    "SUPPLIES_REMAINING": 0.0008449796005152166,
    "AVERAGE_TIME_USED": 0.028650198131799698,
    "DAMAGE_PER_SECOND": 0.00024869563640095294,
    "MEDSIM_P_DEATH_ONE_MIN_LATER": 0.16338761150836945,
    "SUPPLIES_USED": 0.038331180810928345,
    "SEVEREST_SEVERITY": 0.0031220619566738605,
    "SEVEREST_SEVERITY_CHANGE": 0.23288607597351074,
    "WEIGHTED_RESOURCE_SCORE": 0.000445454177679494,
    "SMOL_MEDICAL_SOUNDNESS": 0.08028999716043472,
    "treatment": 0.0005705642397515476
}