{
    "tagged": 0.03432217985391617,
    "environment_type": 0.01463589072227478,
    "questioning": 0.2785639762878418,
    "assessing": 0.3376699984073639,
    "tagging": 0.09218896925449371,
    "leaving": 0.14730015397071838,
    "One-Bounce Priority": 0.011959519237279892,
    "pDeath": 0.0084303580224514,
    "AVERAGE_TIME_USED": 0.014130504801869392,
    "INFORMATION_GAINED": 0.009934863075613976,
    "treatment": 0.05086353048682213
}