{
    "conscious": 0.0006895861588418484,
    "breathing": 0.00047697045374661684,
    "avpu": 1.0724583262344822e-05,
    "intent": 0.16291382908821106,
    "directness_of_causality": 0.16960912942886353,
    "aid_available": 0.16729645431041718,
    "treating": 0.2662976086139679,
    "HRA Strategy.resources-system.take-the-best": 0.0009748492739163339,
    "HRA Strategy.risk_reward_ratio-system.one-bounce": 0.0010429067770019174,
    "HRA Strategy.time-resources-system.one-bounce": 0.00022838397126179188,
    "HRA Strategy.time-resources-risk_reward_ratio-system.one-bounce": 0.00027422994025982916,
    "Take-The-Best Priority": 0.0003643797244876623,
    "Satisfactory Priority": 0.0009228624985553324,
    "pDeath": 0.0003999481850769371,
    "pPain": 1.7995937014347874e-05,
    "pBrainInjury": 1.4877769899612758e-05,
    "pAirwayBlocked": 0.0002185687335440889,
    "pInternalBleeding": 0.0003377407556399703,
    "entropyDeath": 0.00012411543866619468,
    "SEVERITY": 0.0001474995369790122,
    "SUPPLIES_REMAINING": 0.0008847450953908265,
    "AVERAGE_TIME_USED": 0.004679291509091854,
    "SEVERITY_CHANGE": 2.4060693249339238e-05,
    "SUPPLIES_USED": 0.22134271264076233,
    "SEVEREST_SEVERITY": 4.8638023145031184e-05,
    "WEIGHTED_RESOURCE_SCORE": 9.53302878770046e-05,
    "SMOL_MEDICAL_SOUNDNESS": 0.0003391332284081727,
    "treatment": 0.00022329468629322946
}