{
    "age": 0.004236673470586538,
    "tagged": 0.014505918137729168,
    "breathing": 0.0027461289428174496,
    "hrpmin": 0.00324048800393939,
    "unvisited_count": 0.008234922774136066,
    "injured_count": 0.011768755502998829,
    "questioning": 0.12396407127380371,
    "assessing": 0.10525095462799072,
    "tagging": 0.13026420772075653,
    "leaving": 0.509536623954773,
    "HRA Strategy.time-resources.take-the-best": 0.0015997248701751232,
    "Satisfactory Priority": 0.0032284394837915897,
    "One-Bounce Priority": 0.018120311200618744,
    "pPain": 0.0029644554015249014,
    "pAirwayBlocked": 0.004778148606419563,
    "pInternalBleeding": 0.004590956494212151,
    "pExternalBleeding": 0.006041047163307667,
    "entropy": 0.004574314691126347,
    "entropyDeath": 0.0013476546155288815,
    "AVERAGE_TIME_USED": 0.00589357316493988,
    "MEDSIM_P_DEATH": 0.0037128690164536238,
    "INFORMATION_GAINED": 0.0039010043255984783,
    "treatment": 0.019483473151922226,
    "category": 0.006015229504555464
}