{
    "tagged": 0.00784145388752222,
    "conscious": 0.0005786544643342495,
    "mental_status": 0.0016217769589275122,
    "breathing": 0.021729569882154465,
    "intent": 0.09260585159063339,
    "directness_of_causality": 0.08439020812511444,
    "aid_available": 0.029002835974097252,
    "treating": 0.17550250887870789,
    "HRA Strategy.time-resources.take-the-best": 0.004772926680743694,
    "HRA Strategy.time-risk_reward_ratio.one-bounce": 0.025771422311663628,
    "HRA Strategy.resources-risk_reward_ratio.one-bounce": 0.0010467030806466937,
    "HRA Strategy.resources-system.take-the-best": 0.049895837903022766,
    "HRA Strategy.risk_reward_ratio-system.one-bounce": 0.0022587566636502743,
    "HRA Strategy.time-resources-system.one-bounce": 0.0006204569363035262,
    "HRA Strategy.resources-risk_reward_ratio-system.one-bounce": 0.0016473634168505669,
    "Take-The-Best Priority": 0.0013321141013875604,
    "pInternalBleeding": 0.04343625530600548,
    "SEVERITY": 0.06873791664838791,
    "AVERAGE_TIME_USED": 0.03505636751651764,
    "MEDSIM_P_DEATH": 0.0012094316771253943,
    "SUPPLIES_USED": 0.11170540004968643,
    "SMOL_MEDICAL_SOUNDNESS": 0.23923617601394653
}