{
    "tagged": 6.035900878487155e-05,
    "conscious": 0.00045182049507275224,
    "mental_status": 0.0007875946466811001,
    "breathing": 0.07981293648481369,
    "hrpmin": 2.8663896955549717e-05,
    "avpu": 4.422710117069073e-05,
    "intent": 0.044226959347724915,
    "directness_of_causality": 0.18070225417613983,
    "aid_available": 0.1557830423116684,
    "treating": 0.2645263373851776,
    "HRA Strategy.time-resources.take-the-best": 0.005540972109884024,
    "HRA Strategy.resources-risk_reward_ratio.one-bounce": 0.028447464108467102,
    "HRA Strategy.resources-system.take-the-best": 0.025537686422467232,
    "HRA Strategy.risk_reward_ratio-system.one-bounce": 0.001119414926506579,
    "HRA Strategy.resources-risk_reward_ratio-system.one-bounce": 0.0011861391831189394,
    "HRA Strategy.time-resources-risk_reward_ratio-system.one-bounce": 0.0006752490880899131,
    "Take-The-Best Priority": 0.00030911655630916357,
    "Satisfactory Priority": 0.00103098270483315,
    "One-Bounce Priority": 0.0005989474011585116,
    "pDeath": 5.313624205882661e-05,
    "pPain": 3.838815973722376e-05,
    "pBrainInjury": 0.0005068333703093231,
    "pAirwayBlocked": 0.00038323967601172626,
    "pInternalBleeding": 0.0002460901450831443,
    "entropy": 1.8896762412623502e-05,
    "entropyDeath": 0.0017024107510223985,
    "SEVERITY": 0.0028450835961848497,
    "SUPPLIES_REMAINING": 0.0014024495612829924,
    "AVERAGE_TIME_USED": 0.014808549545705318,
    "DAMAGE_PER_SECOND": 0.0007383496267721057,
    "MEDSIM_P_DEATH": 0.0003570594999473542,
    "SEVERITY_CHANGE": 0.00038644755841232836,
    "SUPPLIES_USED": 0.18294881284236908,
    "SEVEREST_SEVERITY": 0.00012672063894569874,
    "SEVEREST_SEVERITY_CHANGE": 0.0006682253442704678,
    "WEIGHTED_RESOURCE_SCORE": 0.0014796046307310462,
    "treatment": 0.00041955235064961016
}