{
    "intent": 0.30218562483787537,
    "treating": 0.42321085929870605,
    "SMOL_MEDICAL_SOUNDNESS": 0.194505974650383,
    "treatment": 0.08009748160839081
}