{
    "breathing": 0.004318004474043846,
    "intent": 0.026315195485949516,
    "directness_of_causality": 0.20212779939174652,
    "aid_available": 0.1970299780368805,
    "treating": 0.2916503846645355,
    "AVERAGE_TIME_USED": 0.007479873485863209,
    "SUPPLIES_USED": 0.24968793988227844,
    "SEVEREST_SEVERITY_CHANGE": 0.021390851587057114
}