directness_of_causality,aid_available,treating,SUPPLIES_USED
0.12688754498958588,0.27030327916145325,0.4327956736087799,0.17001353204250336
