{
    "age": 0.012289042584598064,
    "tagged": 0.04596680775284767,
    "conscious": 0.02796747535467148,
    "hrpmin": 0.005109755322337151,
    "injured_count": 0.08694995939731598,
    "environment_type": 0.015299469232559204,
    "questioning": 0.23429453372955322,
    "assessing": 0.11626659333705902,
    "treating": 0.018133293837308884,
    "tagging": 0.08474791795015335,
    "category": 0.020481931045651436,
    "One-Bounce Priority": 0.008624193258583546,
    "pDeath": 0.035515621304512024,
    "pPain": 0.021878868341445923,
    "pBrainInjury": 0.025240115821361542,
    "pExternalBleeding": 0.011432779021561146,
    "SEVERITY": 0.020502397790551186,
    "AVERAGE_TIME_USED": 0.019359581172466278,
    "DAMAGE_PER_SECOND": 0.006401700899004936,
    "SEVEREST_SEVERITY": 0.050337549299001694,
    "INFORMATION_GAINED": 0.005472096148878336,
    "treatment": 0.12772837281227112
}