{
    "age": 0.0047883824445307255,
    "tagged": 0.02480999007821083,
    "breathing": 0.0069192443042993546,
    "unvisited_count": 0.009386883117258549,
    "injured_count": 0.011093702167272568,
    "questioning": 0.14885538816452026,
    "assessing": 0.16042757034301758,
    "tagging": 0.17772746086120605,
    "leaving": 0.296350359916687,
    "HRA Strategy.time-resources.take-the-best": 0.002015990437939763,
    "Satisfactory Priority": 0.003436812898144126,
    "One-Bounce Priority": 0.018522832542657852,
    "pDeath": 0.002483916934579611,
    "pPain": 0.0034766672179102898,
    "pBrainInjury": 0.002544047776609659,
    "pAirwayBlocked": 0.0035541506949812174,
    "pInternalBleeding": 0.005740153603255749,
    "pExternalBleeding": 0.0092982342466712,
    "entropy": 0.00740509619936347,
    "entropyDeath": 0.020720185711979866,
    "SEVERITY": 0.0018570529064163566,
    "AVERAGE_TIME_USED": 0.00381183298304677,
    "MEDSIM_P_DEATH": 0.006045379210263491,
    "MEDSIM_P_DEATH_ONE_MIN_LATER": 0.0022080959752202034,
    "INFORMATION_GAINED": 0.024980492889881134,
    "treatment": 0.03462313860654831,
    "category": 0.006916963029652834
}