{
    "age": 0.008076663129031658,
    "tagged": 0.021458253264427185,
    "breathing": 0.007215587422251701,
    "unvisited_count": 0.01401820033788681,
    "injured_count": 0.01796136237680912,
    "questioning": 0.23730617761611938,
    "assessing": 0.1978205293416977,
    "tagging": 0.11841711401939392,
    "leaving": 0.25812846422195435,
    "One-Bounce Priority": 0.0321059376001358,
    "pPain": 0.005448412615805864,
    "pExternalBleeding": 0.008201942779123783,
    "entropy": 0.007342520635575056,
    "entropyDeath": 0.006571388803422451,
    "MEDSIM_P_DEATH": 0.007950149476528168,
    "INFORMATION_GAINED": 0.017776930704712868,
    "treatment": 0.025334946811199188,
    "category": 0.00886534433811903
}