{
    "age": 0.00505949417129159,
    "tagged": 0.03277383744716644,
    "visited": 0.001561540411785245,
    "conscious": 0.000555577571503818,
    "breathing": 0.006506753619760275,
    "hrpmin": 0.001987429102882743,
    "avpu": 0.0027996161952614784,
    "unvisited_count": 0.011269884184002876,
    "injured_count": 0.012215218506753445,
    "environment_type": 0.0008760952623561025,
    "questioning": 0.16163834929466248,
    "assessing": 0.156105637550354,
    "tagging": 0.20583976805210114,
    "leaving": 0.22937965393066406,
    "HRA Strategy.time-resources.take-the-best": 0.0023612084332853556,
    "HRA Strategy.time-system.one-bounce": 0.0008378695347346365,
    "HRA Strategy.resources-system.take-the-best": 0.0006619560881517828,
    "Satisfactory Priority": 0.006718055345118046,
    "One-Bounce Priority": 0.027413876727223396,
    "pDeath": 0.0026970801409333944,
    "pPain": 0.004308510106056929,
    "pBrainInjury": 0.002544805873185396,
    "pAirwayBlocked": 0.0041264137253165245,
    "pInternalBleeding": 0.004619162529706955,
    "pExternalBleeding": 0.010384511202573776,
    "entropy": 0.008033684454858303,
    "entropyDeath": 0.0058524152263998985,
    "SEVERITY": 0.0026495212223380804,
    "AVERAGE_TIME_USED": 0.0035868531558662653,
    "MEDSIM_P_DEATH": 0.005374915897846222,
    "MEDSIM_P_DEATH_ONE_MIN_LATER": 0.0012610164703801274,
    "SEVEREST_SEVERITY": 0.0027039030101150274,
    "WEIGHTED_RESOURCE_SCORE": 0.0016259588301181793,
    "INFORMATION_GAINED": 0.03553079813718796,
    "treatment": 0.03144105523824692,
    "category": 0.006697538308799267
}