{
    "age": 0.01363048329949379,
    "tagged": 0.04944553226232529,
    "conscious": 0.03578164055943489,
    "injured_count": 0.09854592382907867,
    "environment_type": 0.017344743013381958,
    "questioning": 0.23660483956336975,
    "assessing": 0.14746712148189545,
    "treating": 0.02195786125957966,
    "tagging": 0.04597397521138191,
    "category": 0.02417202666401863,
    "pDeath": 0.030686594545841217,
    "pBrainInjury": 0.024910161271691322,
    "pExternalBleeding": 0.013116246089339256,
    "SEVERITY": 0.027324946597218513,
    "AVERAGE_TIME_USED": 0.020367249846458435,
    "SEVEREST_SEVERITY": 0.05606500059366226,
    "treatment": 0.13660567998886108
}