{
    "questioning": 0.44103267788887024,
    "assessing": 0.5589673519134521
}