{
    "age": 0.011830299161374569,
    "tagged": 0.029399313032627106,
    "breathing": 0.005888435523957014,
    "hrpmin": 0.015052560716867447,
    "injured_count": 0.09911596775054932,
    "environment_type": 0.01104632206261158,
    "questioning": 0.19592243432998657,
    "assessing": 0.19160233438014984,
    "tagging": 0.17432674765586853,
    "category": 0.013162854127585888,
    "Satisfactory Priority": 0.023516617715358734,
    "One-Bounce Priority": 0.046591874212026596,
    "pPain": 0.005780024919658899,
    "pAirwayBlocked": 0.010617809370160103,
    "SMOL_MEDICAL_SOUNDNESS": 0.007135367952287197,
    "INFORMATION_GAINED": 0.13376635313034058,
    "treatment": 0.025244662538170815
}