{
    "age": 0.6700995564460754,
    "category": 0.32990047335624695
}