{
    "age": 0.011515576392412186,
    "tagged": 0.023428553715348244,
    "visited": 0.002897504949942231,
    "conscious": 0.004252473823726177,
    "breathing": 0.007574270013719797,
    "avpu": 0.005134356673806906,
    "injured_count": 0.007285155821591616,
    "environment_type": 0.012794865295290947,
    "questioning": 0.19237494468688965,
    "assessing": 0.11433480679988861,
    "tagging": 0.20540478825569153,
    "leaving": 0.2652410566806793,
    "category": 0.004317084327340126,
    "HRA Strategy.time-resources.take-the-best": 0.0018977063009515405,
    "HRA Strategy.time-resources.one-bounce": 0.003755247453227639,
    "HRA Strategy.time-risk_reward_ratio.take-the-best": 0.0006880755536258221,
    "HRA Strategy.resources-system.take-the-best": 0.0012501354794949293,
    "Satisfactory Priority": 0.007059092167764902,
    "One-Bounce Priority": 0.0042566261254251,
    "pDeath": 0.010515788570046425,
    "pPain": 0.004258487373590469,
    "pBrainInjury": 0.013687600381672382,
    "pInternalBleeding": 0.007620322983711958,
    "pExternalBleeding": 0.004801653325557709,
    "entropy": 0.004305761773139238,
    "entropyDeath": 0.0031538926996290684,
    "SEVERITY": 0.005086496006697416,
    "SUPPLIES_REMAINING": 0.00493923295289278,
    "AVERAGE_TIME_USED": 0.008422459475696087,
    "DAMAGE_PER_SECOND": 0.005146095994859934,
    "MEDSIM_P_DEATH": 0.0020853246096521616,
    "MEDSIM_P_DEATH_ONE_MIN_LATER": 0.008022205904126167,
    "SEVEREST_SEVERITY_CHANGE": 0.0013030966510996222,
    "WEIGHTED_RESOURCE_SCORE": 0.0009015441755764186,
    "SMOL_MEDICAL_SOUNDNESS": 0.0038683046586811543,
    "INFORMATION_GAINED": 0.0062502711080014706,
    "treatment": 0.03016914799809456
}