{
    "age": 0.008344733156263828,
    "tagged": 0.030436459928750992,
    "visited": 0.00036329717840999365,
    "conscious": 0.0026249573566019535,
    "breathing": 0.015032373368740082,
    "hrpmin": 0.012373819015920162,
    "avpu": 0.0015705721452832222,
    "unvisited_count": 0.0013816984137520194,
    "injured_count": 0.01638627238571644,
    "environment_type": 0.0036625280044972897,
    "questioning": 0.10538378357887268,
    "assessing": 0.1866777241230011,
    "treating": 0.005099279806017876,
    "tagging": 0.1458466351032257,
    "leaving": 0.29472628235816956,
    "HRA Strategy.time-resources.take-the-best": 0.009011843241751194,
    "HRA Strategy.time-resources.one-bounce": 0.00021920871222391725,
    "HRA Strategy.time-system.exhaustive": 0.000551020260900259,
    "HRA Strategy.resources-risk_reward_ratio.take-the-best": 0.00031766778556630015,
    "HRA Strategy.resources-system.take-the-best": 0.00031041563488543034,
    "HRA Strategy.resources-system.exhaustive": 0.004965833388268948,
    "Take-The-Best Priority": 0.00044740509474650025,
    "Satisfactory Priority": 0.0016753223026171327,
    "One-Bounce Priority": 0.02356184460222721,
    "pDeath": 0.002382933162152767,
    "pPain": 0.007943449541926384,
    "pBrainInjury": 0.0011688520899042487,
    "pAirwayBlocked": 0.007301355712115765,
    "pInternalBleeding": 0.0031114795710891485,
    "pExternalBleeding": 0.0033843140117824078,
    "entropy": 0.011937100440263748,
    "entropyDeath": 0.005701233167201281,
    "SEVERITY": 0.004283545538783073,
    "SUPPLIES_REMAINING": 0.0007099058711901307,
    "AVERAGE_TIME_USED": 0.0019346264889463782,
    "DAMAGE_PER_SECOND": 0.003543492406606674,
    "MEDSIM_P_DEATH": 0.016610117629170418,
    "MEDSIM_P_DEATH_ONE_MIN_LATER": 0.0024081869050860405,
    "SEVERITY_CHANGE": 0.0038333383854478598,
    "SEVEREST_SEVERITY": 0.00042124971514567733,
    "SEVEREST_SEVERITY_CHANGE": 0.0038580584805458784,
    "WEIGHTED_RESOURCE_SCORE": 0.001925557036884129,
    "SMOL_MEDICAL_SOUNDNESS": 0.004446183331310749,
    "INFORMATION_GAINED": 0.0056139701046049595,
    "treatment": 0.03022731840610504,
    "category": 0.006282776594161987
}