{
    "age": 0.011279326863586903,
    "tagged": 0.026963448151946068,
    "visited": 0.002236752538010478,
    "breathing": 0.007297773379832506,
    "unvisited_count": 0.006859579589217901,
    "injured_count": 0.021321594715118408,
    "questioning": 0.17815576493740082,
    "assessing": 0.19306421279907227,
    "tagging": 0.14926640689373016,
    "leaving": 0.21121801435947418,
    "HRA Strategy.time-system.exhaustive": 0.00253154244273901,
    "Satisfactory Priority": 0.006435750983655453,
    "One-Bounce Priority": 0.03693972900509834,
    "pDeath": 0.003750025061890483,
    "pPain": 0.004587369505316019,
    "pBrainInjury": 0.0040992433205246925,
    "pAirwayBlocked": 0.00474292179569602,
    "pInternalBleeding": 0.007595743052661419,
    "pExternalBleeding": 0.007005723658949137,
    "entropy": 0.008533560670912266,
    "entropyDeath": 0.016801852732896805,
    "SEVERITY": 0.0025269323959946632,
    "AVERAGE_TIME_USED": 0.006056708749383688,
    "MEDSIM_P_DEATH": 0.010105880908668041,
    "MEDSIM_P_DEATH_ONE_MIN_LATER": 0.002005307236686349,
    "INFORMATION_GAINED": 0.023950615897774696,
    "treatment": 0.03731022775173187,
    "category": 0.007358023896813393
}