{
    "assessing": 0.39059606194496155,
    "tagging": 0.6094039082527161
}