{
    "age": 0.008069446310400963,
    "tagged": 0.03412551060318947,
    "visited": 0.0031208142172545195,
    "conscious": 0.0016474385047331452,
    "breathing": 0.005918271839618683,
    "hrpmin": 0.005934271961450577,
    "avpu": 0.0007205489673651755,
    "unvisited_count": 0.0120752127841115,
    "injured_count": 0.013799834996461868,
    "environment_type": 0.0011883393162861466,
    "questioning": 0.18288782238960266,
    "assessing": 0.15511716902256012,
    "treating": 0.00026013742899522185,
    "tagging": 0.1869237720966339,
    "leaving": 0.21808047592639923,
    "HRA Strategy.time-resources.take-the-best": 0.005088325589895248,
    "HRA Strategy.time-resources.one-bounce": 0.0002365790423937142,
    "HRA Strategy.time-system.exhaustive": 0.0021831486374139786,
    "HRA Strategy.time-system.tallying": 0.0015666838735342026,
    "HRA Strategy.time-system.one-bounce": 0.0013868388487026095,
    "HRA Strategy.resources-risk_reward_ratio.take-the-best": 0.0001420590706402436,
    "HRA Strategy.resources-system.take-the-best": 0.001614340115338564,
    "HRA Strategy.resources-system.exhaustive": 0.0006964686908759177,
    "HRA Strategy.risk_reward_ratio-system.exhaustive": 0.003079758957028389,
    "Take-The-Best Priority": 8.878379594534636e-05,
    "Satisfactory Priority": 0.004920111037790775,
    "One-Bounce Priority": 0.021524703130126,
    "pDeath": 0.0032639726996421814,
    "pPain": 0.006342392414808273,
    "pBrainInjury": 0.0021563395857810974,
    "pAirwayBlocked": 0.012905905023217201,
    "pInternalBleeding": 0.008553719148039818,
    "pExternalBleeding": 0.013045054860413074,
    "entropy": 0.009290779940783978,
    "entropyDeath": 0.001714472658932209,
    "SEVERITY": 0.002868794137611985,
    "SUPPLIES_REMAINING": 0.0003866935148835182,
    "AVERAGE_TIME_USED": 0.010013062506914139,
    "DAMAGE_PER_SECOND": 0.0005524581647478044,
    "MEDSIM_P_DEATH": 0.002894537290558219,
    "MEDSIM_P_DEATH_ONE_MIN_LATER": 0.0008976683602668345,
    "SEVERITY_CHANGE": 0.0026479260995984077,
    "SEVEREST_SEVERITY": 0.004624688532203436,
    "SEVEREST_SEVERITY_CHANGE": 0.00023554805375169963,
    "WEIGHTED_RESOURCE_SCORE": 0.00109666190110147,
    "SMOL_MEDICAL_SOUNDNESS": 0.0010738427517935634,
    "INFORMATION_GAINED": 0.0023174292873591185,
    "treatment": 0.03273472934961319,
    "category": 0.007986430078744888
}