{
    "tagged": 5.838705328642391e-05,
    "conscious": 0.0016781673766672611,
    "mental_status": 0.00038049931754358113,
    "avpu": 0.0001121080931625329,
    "intent": 0.05498357117176056,
    "directness_of_causality": 0.2210749238729477,
    "aid_available": 0.18123215436935425,
    "treating": 0.27380239963531494,
    "HRA Strategy.time-risk_reward_ratio.one-bounce": 0.0009392822394147515,
    "HRA Strategy.risk_reward_ratio-system.one-bounce": 0.0012779254466295242,
    "HRA Strategy.resources-risk_reward_ratio-system.one-bounce": 0.0009944286430254579,
    "HRA Strategy.time-resources-risk_reward_ratio-system.one-bounce": 0.00041431814315728843,
    "Take-The-Best Priority": 0.0007045699167065322,
    "Satisfactory Priority": 0.0007095420733094215,
    "One-Bounce Priority": 0.00021177629241719842,
    "pDeath": 6.72908136039041e-05,
    "pPain": 4.3272593757137656e-05,
    "pBrainInjury": 0.0004511418810579926,
    "pAirwayBlocked": 0.00022336254187393934,
    "pInternalBleeding": 0.0002807527198456228,
    "entropyDeath": 0.000495900574605912,
    "SEVERITY": 0.0008904660353437066,
    "SUPPLIES_REMAINING": 0.0010991294402629137,
    "AVERAGE_TIME_USED": 0.00018142256885766983,
    "DAMAGE_PER_SECOND": 0.00034588799462653697,
    "SEVERITY_CHANGE": 7.908282714197412e-05,
    "SUPPLIES_USED": 0.2556389272212982,
    "SEVEREST_SEVERITY": 4.2959018173860386e-05,
    "SEVEREST_SEVERITY_CHANGE": 0.00011903609993169084,
    "WEIGHTED_RESOURCE_SCORE": 0.000350354821421206,
    "treatment": 0.0011169570498168468
}