{
    "Take-The-Best Priority": 0.29463744163513184,
    "SEVERITY": 0.009444361552596092,
    "SUPPLIES_USED": 0.0061734397895634174,
    "SMOL_MEDICAL_SOUNDNESS": 0.6865967512130737,
    "mental_status": 0.003147972049191594
}