{
    "age": 0.09437483549118042,
    "tagged": 0.018551815301179886,
    "injured_count": 0.036820825189352036,
    "questioning": 0.14221656322479248,
    "tagging": 0.5016650557518005,
    "HRA Strategy.time-resources.take-the-best": 0.020292581990361214,
    "pDeath": 0.004866245202720165,
    "SEVERITY": 0.007979805581271648,
    "AVERAGE_TIME_USED": 0.04509136080741882,
    "DAMAGE_PER_SECOND": 0.04303424060344696,
    "treatment": 0.0698002427816391,
    "category": 0.01530646812170744
}