{
    "age": 0.012453639879822731,
    "tagged": 0.02685622125864029,
    "conscious": 0.0050404127687215805,
    "breathing": 0.008454613387584686,
    "avpu": 0.00648428313434124,
    "injured_count": 0.009560775011777878,
    "environment_type": 0.01477214228361845,
    "questioning": 0.17808683216571808,
    "assessing": 0.14375345408916473,
    "tagging": 0.11458048969507217,
    "leaving": 0.3331775963306427,
    "category": 0.005287583917379379,
    "Satisfactory Priority": 0.009049306623637676,
    "One-Bounce Priority": 0.0062388405203819275,
    "pDeath": 0.014783436432480812,
    "pPain": 0.0061061386950314045,
    "pBrainInjury": 0.007556447293609381,
    "pInternalBleeding": 0.011271592229604721,
    "entropy": 0.004889762029051781,
    "entropyDeath": 0.0038621737621724606,
    "SEVERITY": 0.005373816005885601,
    "SUPPLIES_REMAINING": 0.00593727407976985,
    "AVERAGE_TIME_USED": 0.00897645391523838,
    "DAMAGE_PER_SECOND": 0.005131137557327747,
    "MEDSIM_P_DEATH_ONE_MIN_LATER": 0.00688587361946702,
    "SMOL_MEDICAL_SOUNDNESS": 0.003356007393449545,
    "INFORMATION_GAINED": 0.008566812612116337,
    "treatment": 0.03350687772035599
}