{
    "conscious": 0.00966738909482956,
    "breathing": 0.018843945115804672,
    "hrpmin": 0.018274158239364624,
    "avpu": 0.019862795248627663,
    "unvisited_count": 0.03208790719509125,
    "injured_count": 0.03740188851952553,
    "questioning": 0.3086247742176056,
    "assessing": 0.2516518235206604,
    "tagging": 0.16672158241271973,
    "category": 0.010430615395307541,
    "One-Bounce Priority": 0.03452559933066368,
    "entropy": 0.012808620929718018,
    "AVERAGE_TIME_USED": 0.02411993220448494,
    "treatment": 0.05497891455888748
}