{
    "tagged": 0.016484694555401802,
    "unvisited_count": 0.004944993183016777,
    "injured_count": 0.013377622701227665,
    "questioning": 0.24308793246746063,
    "assessing": 0.31285595893859863,
    "tagging": 0.1653597354888916,
    "leaving": 0.13939593732357025,
    "One-Bounce Priority": 0.02351013943552971,
    "INFORMATION_GAINED": 0.04468347504734993,
    "treatment": 0.022668110206723213,
    "category": 0.01363142766058445
}