{
    "intent": 0.1892753690481186,
    "directness_of_causality": 0.07874990254640579,
    "treating": 0.14316807687282562,
    "treatment": 0.02222847379744053,
    "HRA Strategy.risk_reward_ratio-system.one-bounce": 0.004669316112995148,
    "HRA Strategy.time-resources-system.one-bounce": 0.0025950511917471886,
    "Take-The-Best Priority": 0.009258273988962173,
    "Satisfactory Priority": 0.01552262157201767,
    "pBrainInjury": 0.013235338032245636,
    "SEVERITY": 0.06245642900466919,
    "AVERAGE_TIME_USED": 0.08931588381528854,
    "SEVERITY_CHANGE": 0.026358623057603836,
    "SMOL_MEDICAL_SOUNDNESS": 0.3384619355201721,
    "category": 0.004704724065959454
}