{
    "breathing": 0.012541279196739197,
    "intent": 0.07445009797811508,
    "directness_of_causality": 0.1386461704969406,
    "aid_available": 0.1063578650355339,
    "treating": 0.21712017059326172,
    "HRA Strategy.risk_reward_ratio-system.one-bounce": 0.0011320032645016909,
    "HRA Strategy.resources-risk_reward_ratio-system.one-bounce": 0.0014315091539174318,
    "SEVERITY": 0.01592862233519554,
    "SUPPLIES_REMAINING": 0.001749080023728311,
    "AVERAGE_TIME_USED": 0.07161372154951096,
    "SUPPLIES_USED": 0.14329472184181213,
    "SEVEREST_SEVERITY_CHANGE": 0.017950305715203285,
    "SMOL_MEDICAL_SOUNDNESS": 0.12208481878042221,
    "treatment": 0.0756995677947998
}