{
    "tagged": 5.739862535847351e-05,
    "mental_status": 0.0016641052206978202,
    "breathing": 0.2530237138271332,
    "hrpmin": 0.0005345584941096604,
    "intent": 0.001297279610298574,
    "directness_of_causality": 0.19556978344917297,
    "unvisited_count": 0.001138688181526959,
    "aid_available": 0.012496503069996834,
    "treating": 0.2912357449531555,
    "HRA Strategy.time-resources.take-the-best": 0.006869746372103691,
    "HRA Strategy.time-resources.one-bounce": 0.004879678133875132,
    "HRA Strategy.resources-risk_reward_ratio.one-bounce": 0.011365292593836784,
    "HRA Strategy.resources-system.take-the-best": 0.018705176189541817,
    "HRA Strategy.risk_reward_ratio-system.one-bounce": 0.0015054942341521382,
    "HRA Strategy.time-resources-risk_reward_ratio.one-bounce": 0.0002771004510577768,
    "HRA Strategy.time-resources-system.one-bounce": 0.00021679680503439158,
    "HRA Strategy.resources-risk_reward_ratio-system.one-bounce": 0.0013492954894900322,
    "Take-The-Best Priority": 0.0017618794227018952,
    "Satisfactory Priority": 0.0011272935662418604,
    "pDeath": 9.983533527702093e-05,
    "pPain": 8.816079935058951e-05,
    "pBrainInjury": 0.001045084442012012,
    "entropy": 0.0006240817601792514,
    "entropyDeath": 0.0397084504365921,
    "SEVERITY": 0.035641130059957504,
    "SUPPLIES_REMAINING": 0.000872172589879483,
    "AVERAGE_TIME_USED": 0.005568548571318388,
    "SEVERITY_CHANGE": 3.9806334825698286e-05,
    "SUPPLIES_USED": 0.10455118119716644,
    "SEVEREST_SEVERITY": 0.005471210926771164,
    "WEIGHTED_RESOURCE_SCORE": 0.0003453207609709352,
    "treatment": 0.0008694618009030819
}