{
    "age": 0.00788689311593771,
    "tagged": 0.02752147801220417,
    "breathing": 0.006831797305494547,
    "hrpmin": 0.022594135254621506,
    "injured_count": 0.02762160822749138,
    "questioning": 0.20253506302833557,
    "assessing": 0.25068962574005127,
    "tagging": 0.15599317848682404,
    "leaving": 0.1441267877817154,
    "One-Bounce Priority": 0.059366077184677124,
    "pDeath": 0.0069275409914553165,
    "entropy": 0.007145728450268507,
    "INFORMATION_GAINED": 0.03257155045866966,
    "treatment": 0.035491835325956345,
    "category": 0.012696807272732258
}