{
    "age": 0.005912100896239281,
    "tagged": 0.048593033105134964,
    "visited": 0.002458746312186122,
    "conscious": 0.0075608002953231335,
    "breathing": 0.026494907215237617,
    "avpu": 0.03265593945980072,
    "environment_type": 0.017068712040781975,
    "assessing": 0.12946365773677826,
    "tagging": 0.4485127329826355,
    "category": 0.0059816534630954266,
    "HRA Strategy.time-resources.take-the-best": 0.028356416150927544,
    "HRA Strategy.time-system.tallying": 0.046502627432346344,
    "One-Bounce Priority": 0.0062978798523545265,
    "pBrainInjury": 0.01210415456444025,
    "pAirwayBlocked": 0.004736654460430145,
    "pInternalBleeding": 0.006169463507831097,
    "SEVERITY": 0.010193821042776108,
    "SUPPLIES_REMAINING": 0.020950661972165108,
    "AVERAGE_TIME_USED": 0.04749779403209686,
    "DAMAGE_PER_SECOND": 0.030800126492977142,
    "MEDSIM_P_DEATH": 0.007366992998868227,
    "WEIGHTED_RESOURCE_SCORE": 0.002377747092396021,
    "SMOL_MEDICAL_SOUNDNESS": 0.008684644475579262,
    "treatment": 0.043258655816316605
}