{
    "directness_of_causality": 0.3287741243839264,
    "treating": 0.048807427287101746,
    "HRA Strategy.time-system.one-bounce": 0.009347574785351753,
    "SEVERITY": 0.014517863281071186,
    "AVERAGE_TIME_USED": 0.5985530614852905
}