{
    "age": 0.007573404815047979,
    "tagged": 0.03603824973106384,
    "visited": 0.0031379626598209143,
    "conscious": 0.001317400368861854,
    "breathing": 0.0057296957820653915,
    "hrpmin": 0.005959497299045324,
    "avpu": 0.0008247807854786515,
    "unvisited_count": 0.012329649180173874,
    "injured_count": 0.013857807032763958,
    "environment_type": 0.0012023603776469827,
    "questioning": 0.18365618586540222,
    "assessing": 0.15576885640621185,
    "treating": 0.00030889027402736247,
    "tagging": 0.18770860135555267,
    "leaving": 0.21899668872356415,
    "HRA Strategy.time-resources.take-the-best": 0.0036059601698070765,
    "HRA Strategy.time-system.exhaustive": 0.0018513508839532733,
    "HRA Strategy.time-system.tallying": 0.0003960199246648699,
    "HRA Strategy.time-system.one-bounce": 0.00038061372470110655,
    "HRA Strategy.resources-system.take-the-best": 0.0017459774389863014,
    "HRA Strategy.resources-system.exhaustive": 0.0008581547881476581,
    "HRA Strategy.risk_reward_ratio-system.exhaustive": 0.003092697821557522,
    "Satisfactory Priority": 0.0052382443100214005,
    "One-Bounce Priority": 0.021614499390125275,
    "pDeath": 0.003202450694516301,
    "pPain": 0.00689657311886549,
    "pBrainInjury": 0.002260240726172924,
    "pAirwayBlocked": 0.011982530355453491,
    "pInternalBleeding": 0.00935873668640852,
    "pExternalBleeding": 0.011684469878673553,
    "entropy": 0.009694988839328289,
    "entropyDeath": 0.0016256851376965642,
    "SEVERITY": 0.002906345296651125,
    "SUPPLIES_REMAINING": 0.0003813508665189147,
    "AVERAGE_TIME_USED": 0.010049046948552132,
    "DAMAGE_PER_SECOND": 0.0005466697621159256,
    "MEDSIM_P_DEATH": 0.0027702422812581062,
    "MEDSIM_P_DEATH_ONE_MIN_LATER": 0.0009088420774787664,
    "SEVERITY_CHANGE": 0.0025702512357383966,
    "SEVEREST_SEVERITY": 0.005161063279956579,
    "SEVEREST_SEVERITY_CHANGE": 0.00028636754723265767,
    "WEIGHTED_RESOURCE_SCORE": 0.0009804082801565528,
    "SMOL_MEDICAL_SOUNDNESS": 0.0010783541947603226,
    "INFORMATION_GAINED": 0.0023271655663847923,
    "treatment": 0.03201410919427872,
    "category": 0.008120629005134106
}