{
    "age": 0.021645836532115936,
    "tagged": 0.0541706308722496,
    "conscious": 0.004146448336541653,
    "unvisited_count": 0.032279305160045624,
    "injured_count": 0.009818403981626034,
    "environment_type": 0.011066618375480175,
    "questioning": 0.1556423306465149,
    "assessing": 0.1963232308626175,
    "treating": 0.01235614437609911,
    "tagging": 0.13053427636623383,
    "category": 0.013421508483588696,
    "One-Bounce Priority": 0.06273198127746582,
    "pDeath": 0.004283919930458069,
    "pPain": 0.012225729413330555,
    "pAirwayBlocked": 0.0348169319331646,
    "pInternalBleeding": 0.01269502379000187,
    "pExternalBleeding": 0.020210692659020424,
    "entropy": 0.005584999453276396,
    "entropyDeath": 0.018561070784926414,
    "SEVERITY": 0.007615112233906984,
    "AVERAGE_TIME_USED": 0.016788272187113762,
    "DAMAGE_PER_SECOND": 0.01087781973183155,
    "SEVEREST_SEVERITY_CHANGE": 0.04515416547656059,
    "WEIGHTED_RESOURCE_SCORE": 0.01886999048292637,
    "INFORMATION_GAINED": 0.043840739876031876,
    "treatment": 0.04433878883719444
}