{
    "age": 0.008264124393463135,
    "tagged": 0.03384105861186981,
    "conscious": 0.00358171621337533,
    "breathing": 0.019281385466456413,
    "hrpmin": 0.012507488019764423,
    "avpu": 0.002220554742962122,
    "injured_count": 0.0246686153113842,
    "environment_type": 0.004834664519876242,
    "questioning": 0.1318567842245102,
    "assessing": 0.17109310626983643,
    "treating": 0.0012026753975078464,
    "tagging": 0.2103739231824875,
    "leaving": 0.19627785682678223,
    "HRA Strategy.time-resources.take-the-best": 0.005360535811632872,
    "HRA Strategy.resources-system.exhaustive": 0.0014849434373900294,
    "Satisfactory Priority": 0.003123352536931634,
    "One-Bounce Priority": 0.033458951860666275,
    "pDeath": 0.0032324891071766615,
    "pPain": 0.007376037072390318,
    "pBrainInjury": 0.0023359365295618773,
    "pAirwayBlocked": 0.0051979064010083675,
    "pInternalBleeding": 0.004211155232042074,
    "pExternalBleeding": 0.0022783197928220034,
    "entropy": 0.006797291338443756,
    "entropyDeath": 0.005889058578759432,
    "SEVERITY": 0.005623874720185995,
    "AVERAGE_TIME_USED": 0.002535375766456127,
    "DAMAGE_PER_SECOND": 0.0021378539968281984,
    "MEDSIM_P_DEATH": 0.014656363055109978,
    "MEDSIM_P_DEATH_ONE_MIN_LATER": 0.005816218908876181,
    "SEVERITY_CHANGE": 0.0027828053571283817,
    "WEIGHTED_RESOURCE_SCORE": 0.0025029152166098356,
    "SMOL_MEDICAL_SOUNDNESS": 0.006876825820654631,
    "INFORMATION_GAINED": 0.010957535356283188,
    "treatment": 0.03650211542844772,
    "category": 0.008858156390488148
}