{
    "age": 0.037736810743808746,
    "tagged": 0.03158469498157501,
    "assessing": 0.3656654953956604,
    "tagging": 0.4065140187740326,
    "treatment": 0.0533614419400692,
    "HRA Strategy.time-system.tallying": 0.022404739633202553,
    "Satisfactory Priority": 0.03386078029870987,
    "AVERAGE_TIME_USED": 0.029986178502440453,
    "SMOL_MEDICAL_SOUNDNESS": 0.01888585463166237
}