{
    "age": 0.04238485172390938,
    "conscious": 0.005824607331305742,
    "injured_count": 0.024100787937641144,
    "environment_type": 0.07520072907209396,
    "questioning": 0.20206698775291443,
    "tagging": 0.14296092092990875,
    "leaving": 0.16454045474529266,
    "category": 0.03578977659344673,
    "HRA Strategy.time-resources.take-the-best": 0.027939975261688232,
    "pDeath": 0.009697292000055313,
    "pPain": 0.00941476784646511,
    "pBrainInjury": 0.006978936493396759,
    "pInternalBleeding": 0.010290750302374363,
    "SEVERITY": 0.04305323213338852,
    "AVERAGE_TIME_USED": 0.006079642102122307,
    "DAMAGE_PER_SECOND": 0.0422523096203804,
    "WEIGHTED_RESOURCE_SCORE": 0.008723561652004719,
    "treatment": 0.14270047843456268
}