{
    "tagged": 0.015545422211289406,
    "injured_count": 0.026445208117365837,
    "questioning": 0.2203473597764969,
    "assessing": 0.3704074025154114,
    "tagging": 0.10315445810556412,
    "leaving": 0.1599070280790329,
    "category": 0.012937040999531746,
    "One-Bounce Priority": 0.03029068000614643,
    "INFORMATION_GAINED": 0.0337812677025795,
    "treatment": 0.02718416042625904
}