{
    "age": 0.015312130562961102,
    "tagged": 0.062406446784734726,
    "conscious": 0.007416629698127508,
    "breathing": 0.007351493462920189,
    "unvisited_count": 0.002610758412629366,
    "environment_type": 0.0033058044500648975,
    "questioning": 0.245560884475708,
    "assessing": 0.22579160332679749,
    "tagging": 0.2344268560409546,
    "category": 0.008961576037108898,
    "HRA Strategy.time-risk_reward_ratio.take-the-best": 0.001974229235202074,
    "HRA Strategy.time-system.tallying": 0.0033257293980568647,
    "One-Bounce Priority": 0.02458915486931801,
    "pDeath": 0.01843329891562462,
    "pPain": 0.024547019973397255,
    "pAirwayBlocked": 0.005412106867879629,
    "pInternalBleeding": 0.005096323788166046,
    "pExternalBleeding": 0.010327853262424469,
    "entropy": 0.015462266281247139,
    "SEVERITY": 0.00206893403083086,
    "AVERAGE_TIME_USED": 0.02237335778772831,
    "DAMAGE_PER_SECOND": 0.001956857508048415,
    "WEIGHTED_RESOURCE_SCORE": 0.004654064774513245,
    "SMOL_MEDICAL_SOUNDNESS": 0.002051579300314188,
    "INFORMATION_GAINED": 0.00609110202640295,
    "treatment": 0.038492053747177124
}