{
    "age": 0.004211151506751776,
    "tagged": 0.0454283207654953,
    "visited": 0.00209675170481205,
    "conscious": 0.010018670931458473,
    "breathing": 0.028168603777885437,
    "avpu": 0.031466882675886154,
    "environment_type": 0.033587440848350525,
    "assessing": 0.1293497234582901,
    "tagging": 0.44737792015075684,
    "category": 0.005893457680940628,
    "HRA Strategy.time-resources.take-the-best": 0.02098621428012848,
    "HRA Strategy.time-system.tallying": 0.04742643982172012,
    "One-Bounce Priority": 0.006616842467337847,
    "pBrainInjury": 0.012216039001941681,
    "pAirwayBlocked": 0.0023726681247353554,
    "pInternalBleeding": 0.007707270327955484,
    "SEVERITY": 0.009578033350408077,
    "SUPPLIES_REMAINING": 0.02108032815158367,
    "AVERAGE_TIME_USED": 0.04480767250061035,
    "DAMAGE_PER_SECOND": 0.029211362823843956,
    "MEDSIM_P_DEATH": 0.009455054067075253,
    "SMOL_MEDICAL_SOUNDNESS": 0.010839668102562428,
    "treatment": 0.04010346531867981
}