{
    "conscious": 0.0020849527791142464,
    "mental_status": 0.001680685323663056,
    "breathing": 0.00022306367463897914,
    "avpu": 0.0001574164052726701,
    "intent": 0.13832467794418335,
    "directness_of_causality": 0.1197713166475296,
    "aid_available": 0.11849001795053482,
    "treating": 0.19960367679595947,
    "HRA Strategy.risk_reward_ratio-system.one-bounce": 0.0012257476337254047,
    "HRA Strategy.resources-risk_reward_ratio-system.one-bounce": 0.0010366891510784626,
    "HRA Strategy.time-resources-risk_reward_ratio-system.one-bounce": 0.0002365839754929766,
    "Take-The-Best Priority": 0.0007416252046823502,
    "pDeath": 0.00027258560294285417,
    "pAirwayBlocked": 0.00042077855323441327,
    "pInternalBleeding": 0.00013948594278190285,
    "SEVERITY": 0.04140257462859154,
    "SUPPLIES_REMAINING": 0.0006584458169527352,
    "AVERAGE_TIME_USED": 0.004542212001979351,
    "DAMAGE_PER_SECOND": 0.010973390191793442,
    "SUPPLIES_USED": 0.21256868541240692,
    "SMOL_MEDICAL_SOUNDNESS": 0.14506494998931885,
    "treatment": 0.000380434503313154
}