{
    "conscious": 0.02113114483654499,
    "mental_status": 0.004094343166798353,
    "breathing": 0.0024230617564171553,
    "intent": 0.029344048351049423,
    "directness_of_causality": 0.13216830790042877,
    "aid_available": 0.11031492054462433,
    "treating": 0.17908228933811188,
    "HRA Strategy.time-resources.take-the-best": 0.012147581204771996,
    "HRA Strategy.time-risk_reward_ratio.one-bounce": 0.0006931074894964695,
    "HRA Strategy.resources-system.take-the-best": 0.01624620333313942,
    "HRA Strategy.risk_reward_ratio-system.one-bounce": 0.0008851998136378825,
    "HRA Strategy.resources-risk_reward_ratio-system.one-bounce": 0.0009522772743366659,
    "Take-The-Best Priority": 0.0005225430941209197,
    "Satisfactory Priority": 0.0009710527956485748,
    "pBrainInjury": 0.00041712369420565665,
    "pInternalBleeding": 0.0004154779016971588,
    "SEVERITY": 0.0038861255161464214,
    "SUPPLIES_REMAINING": 0.010748231783509254,
    "AVERAGE_TIME_USED": 0.0041230120696127415,
    "SUPPLIES_USED": 0.18364796042442322,
    "SEVEREST_SEVERITY_CHANGE": 0.16485340893268585,
    "WEIGHTED_RESOURCE_SCORE": 0.00044161375262774527,
    "SMOL_MEDICAL_SOUNDNESS": 0.11816079169511795,
    "treatment": 0.002330099930986762
}