{
    "age": 0.013959363102912903,
    "tagged": 0.04134103283286095,
    "visited": 0.010858973488211632,
    "breathing": 0.008703765459358692,
    "hrpmin": 0.01797175593674183,
    "unvisited_count": 0.00978526845574379,
    "injured_count": 0.008754133246839046,
    "environment_type": 0.00694688456133008,
    "questioning": 0.2613056004047394,
    "assessing": 0.264802485704422,
    "tagging": 0.12602955102920532,
    "leaving": 0.0325680710375309,
    "One-Bounce Priority": 0.02463146671652794,
    "pPain": 0.0068674394860863686,
    "pBrainInjury": 0.0065518030896782875,
    "pAirwayBlocked": 0.007063199765980244,
    "pInternalBleeding": 0.010083054192364216,
    "pExternalBleeding": 0.00797856692224741,
    "entropy": 0.010319172404706478,
    "entropyDeath": 0.025763269513845444,
    "SEVERITY": 0.007827065885066986,
    "AVERAGE_TIME_USED": 0.011038905009627342,
    "INFORMATION_GAINED": 0.03654974326491356,
    "treatment": 0.030888425186276436,
    "category": 0.011411057785153389
}