{
    "tagged": 0.24118804931640625,
    "directness_of_causality": 0.38958704471588135,
    "SMOL_MEDICAL_SOUNDNESS": 0.36922487616539
}