{
    "tagged": 0.004040312487632036,
    "conscious": 0.02865462563931942,
    "mental_status": 0.00050902902148664,
    "breathing": 0.13551299273967743,
    "hrpmin": 9.929507359629497e-05,
    "avpu": 0.00014641608868259937,
    "intent": 0.0968441367149353,
    "unvisited_count": 0.00283032120205462,
    "aid_available": 0.007685245480388403,
    "treating": 0.14333359897136688,
    "HRA Strategy.time-resources.take-the-best": 0.0017924224957823753,
    "HRA Strategy.time-resources.one-bounce": 0.02086649276316166,
    "HRA Strategy.resources-risk_reward_ratio.one-bounce": 0.07418791949748993,
    "HRA Strategy.resources-system.take-the-best": 0.0900493934750557,
    "HRA Strategy.risk_reward_ratio-system.one-bounce": 0.058697208762168884,
    "HRA Strategy.time-resources-system.tallying": 0.16696472465991974,
    "HRA Strategy.resources-risk_reward_ratio-system.one-bounce": 0.003277083160355687,
    "pPain": 0.0003126702504232526,
    "pBrainInjury": 0.047533124685287476,
    "pInternalBleeding": 0.0007938304333947599,
    "entropyDeath": 0.0015414668014273047,
    "SEVERITY": 0.029241761192679405,
    "SUPPLIES_REMAINING": 0.0016425122739747167,
    "AVERAGE_TIME_USED": 0.015401405282318592,
    "DAMAGE_PER_SECOND": 0.0004947717534378171,
    "SUPPLIES_USED": 0.043081529438495636,
    "SEVEREST_SEVERITY": 0.00011925504077225924,
    "SEVEREST_SEVERITY_CHANGE": 0.0025646158028393984,
    "WEIGHTED_RESOURCE_SCORE": 0.002151045249775052,
    "treatment": 0.019630800932645798
}