{
    "age": 0.013936454430222511,
    "tagged": 0.09261482208967209,
    "visited": 0.017140790820121765,
    "conscious": 0.008064806461334229,
    "breathing": 0.00023366349341813475,
    "unvisited_count": 0.0169442817568779,
    "injured_count": 0.020530598238110542,
    "environment_type": 0.008660866878926754,
    "questioning": 0.19487346708774567,
    "assessing": 0.2716701626777649,
    "treating": 0.011651189997792244,
    "tagging": 0.010174556635320187,
    "leaving": 0.06304280459880829,
    "treatment": 0.06485157459974289,
    "HRA Strategy.time-resources.take-the-best": 0.0014977633254602551,
    "HRA Strategy.time-risk_reward_ratio.take-the-best": 0.013014608062803745,
    "HRA Strategy.resources-system.take-the-best": 0.0006784303695894778,
    "HRA Strategy.time-resources-system.exhaustive": 0.0009063759353011847,
    "Take-The-Best Priority": 0.0001614463108126074,
    "Satisfactory Priority": 0.001774448435753584,
    "One-Bounce Priority": 0.023689281195402145,
    "pDeath": 0.006193323060870171,
    "pPain": 0.01749340258538723,
    "pBrainInjury": 0.00023616857652086765,
    "pAirwayBlocked": 0.0007578766089864075,
    "pInternalBleeding": 5.743228393839672e-05,
    "pExternalBleeding": 0.02348954975605011,
    "entropyDeath": 0.0011574553791433573,
    "SEVERITY": 0.001124499598518014,
    "SUPPLIES_REMAINING": 0.0005315830348990858,
    "AVERAGE_TIME_USED": 0.0033324977848678827,
    "DAMAGE_PER_SECOND": 0.00046379765262827277,
    "MEDSIM_P_DEATH_ONE_MIN_LATER": 0.02860146388411522,
    "SEVEREST_SEVERITY": 0.04542839899659157,
    "SEVEREST_SEVERITY_CHANGE": 9.860540012596175e-05,
    "WEIGHTED_RESOURCE_SCORE": 0.007050638552755117,
    "SMOL_MEDICAL_SOUNDNESS": 0.004797973204404116,
    "INFORMATION_GAINED": 0.009804883040487766,
    "category": 0.013268068432807922
}