{
    "intent": 0.33159947395324707,
    "treating": 0.3660167157649994,
    "SUPPLIES_USED": 0.22187694907188416,
    "treatment": 0.08050686120986938
}