{
    "treating": 0.7886746525764465,
    "treatment": 0.21132534742355347
}