{
    "questioning": 0.4180133044719696,
    "assessing": 0.3788691759109497,
    "tagging": 0.20311753451824188
}