{
    "tagged": 0.06543044000864029,
    "visited": 0.0078073907643556595,
    "unvisited_count": 0.01986004039645195,
    "injured_count": 0.027507327497005463,
    "questioning": 0.26080843806266785,
    "assessing": 0.35360315442085266,
    "tagging": 0.026391301304101944,
    "leaving": 0.09231588989496231,
    "treatment": 0.03897705301642418,
    "HRA Strategy.time-risk_reward_ratio.take-the-best": 0.007986475713551044,
    "One-Bounce Priority": 0.02718573994934559,
    "MEDSIM_P_DEATH_ONE_MIN_LATER": 0.02213153801858425,
    "SEVEREST_SEVERITY": 0.017086196690797806,
    "WEIGHTED_RESOURCE_SCORE": 0.006285745184868574,
    "INFORMATION_GAINED": 0.010459501296281815,
    "category": 0.016163639724254608
}