{
    "age": 0.01563427969813347,
    "tagged": 0.03605227172374725,
    "breathing": 0.007843113504350185,
    "avpu": 0.005475532729178667,
    "unvisited_count": 0.00993086863309145,
    "questioning": 0.15543271601200104,
    "assessing": 0.18394532799720764,
    "tagging": 0.21771866083145142,
    "leaving": 0.09561705589294434,
    "HRA Strategy.time-system.exhaustive": 0.0053587257862091064,
    "Satisfactory Priority": 0.011912636458873749,
    "One-Bounce Priority": 0.047363825142383575,
    "pDeath": 0.0052528236992657185,
    "pPain": 0.013427848927676678,
    "pBrainInjury": 0.00797959603369236,
    "pAirwayBlocked": 0.023012656718492508,
    "pInternalBleeding": 0.016574645414948463,
    "pExternalBleeding": 0.005701521877199411,
    "entropy": 0.009406846016645432,
    "entropyDeath": 0.020858554169535637,
    "AVERAGE_TIME_USED": 0.012072919867932796,
    "INFORMATION_GAINED": 0.03293795883655548,
    "treatment": 0.04783107712864876,
    "category": 0.012658543884754181
}