{
    "tagged": 4.637583697331138e-05,
    "conscious": 0.12257900089025497,
    "mental_status": 0.027771519497036934,
    "breathing": 7.573541370220482e-05,
    "avpu": 5.1578525017248467e-05,
    "intent": 0.08233001828193665,
    "directness_of_causality": 0.1358300894498825,
    "aid_available": 0.016085941344499588,
    "treating": 0.2207764983177185,
    "HRA Strategy.time-resources.take-the-best": 0.003830673871561885,
    "HRA Strategy.time-resources.one-bounce": 0.021887078881263733,
    "HRA Strategy.resources-risk_reward_ratio.one-bounce": 0.04305855557322502,
    "HRA Strategy.resources-system.take-the-best": 0.02381303533911705,
    "HRA Strategy.risk_reward_ratio-system.one-bounce": 0.0010299263522028923,
    "HRA Strategy.resources-risk_reward_ratio-system.one-bounce": 0.0010278931586071849,
    "Take-The-Best Priority": 0.0016558381030336022,
    "pDeath": 0.13112950325012207,
    "pBrainInjury": 0.0003013483074028045,
    "pInternalBleeding": 0.0005644664634019136,
    "entropyDeath": 0.020574970170855522,
    "SEVERITY": 0.01101803407073021,
    "AVERAGE_TIME_USED": 0.0005852854810655117,
    "SEVERITY_CHANGE": 6.680248043267056e-05,
    "SUPPLIES_USED": 0.04041149467229843,
    "SEVEREST_SEVERITY": 0.004885191563516855,
    "SEVEREST_SEVERITY_CHANGE": 0.0004899201449006796,
    "WEIGHTED_RESOURCE_SCORE": 0.00014778130571357906,
    "treatment": 0.0879753977060318
}