tagged,conscious,mental_status,breathing,avpu,intent,directness_of_causality,aid_available,treating,HRA Strategy.time-risk_reward_ratio.one-bounce,HRA Strategy.resources-system.take-the-best,HRA Strategy.risk_reward_ratio-system.one-bounce,HRA Strategy.time-resources-risk_reward_ratio-system.one-bounce,Take-The-Best Priority,Satisfactory Priority,One-Bounce Priority,pDeath,pPain,pBrainInjury,pAirwayBlocked,pInternalBleeding,entropy,entropyDeath,SEVERITY,SUPPLIES_REMAINING,AVERAGE_TIME_USED,DAMAGE_PER_SECOND,MEDSIM_P_DEATH,SEVERITY_CHANGE,SUPPLIES_USED,SEVEREST_SEVERITY,SEVEREST_SEVERITY_CHANGE,WEIGHTED_RESOURCE_SCORE,SMOL_MEDICAL_SOUNDNESS,treatment
2.6211204385617748e-05,0.0010300352005288005,0.0006667839479632676,1.830011206038762e-05,0.0001053621745086275,0.055590879172086716,0.18100404739379883,0.1757928878068924,0.2720710337162018,0.0008798582130111754,0.0009155665757134557,0.001518524601124227,0.0002574168029241264,0.0004375786520540714,0.00046579193440265954,0.00025113535230048,6.969290552660823e-05,0.00012879882706329226,0.0004413799906615168,0.00028034293791279197,0.00040246351272799075,2.674853203643579e-05,0.0006097598816268146,0.0010318529093638062,0.10235065966844559,0.007506536785513163,0.0006247132550925016,0.00032773418934084475,4.2050938645843416e-05,0.19255200028419495,3.903160904883407e-05,0.0009718806250020862,0.0005911653861403465,0.0003189437265973538,0.0006528391968458891
