{
    "tagged": 0.03062657080590725,
    "mental_status": 0.008502545766532421,
    "intent": 0.39056771993637085,
    "directness_of_causality": 0.22956818342208862,
    "treating": 0.328666090965271,
    "Satisfactory Priority": 0.01206892728805542
}