{
    "age": 0.006700256839394569,
    "tagged": 0.01963399164378643,
    "breathing": 0.0062089404091238976,
    "unvisited_count": 0.010332639329135418,
    "injured_count": 0.01596197485923767,
    "questioning": 0.244794100522995,
    "assessing": 0.1817014515399933,
    "tagging": 0.11676646769046783,
    "leaving": 0.2560747563838959,
    "Satisfactory Priority": 0.0037992014549672604,
    "One-Bounce Priority": 0.030952556058764458,
    "pPain": 0.005037007387727499,
    "pInternalBleeding": 0.0034901259932667017,
    "pExternalBleeding": 0.010667375288903713,
    "entropy": 0.010842802934348583,
    "AVERAGE_TIME_USED": 0.0047217425890266895,
    "MEDSIM_P_DEATH": 0.006026033312082291,
    "INFORMATION_GAINED": 0.025961384177207947,
    "treatment": 0.031220266595482826,
    "category": 0.009106887504458427
}