{
    "others_tagged_or_uninjured": 0.1546628326177597,
    "aid_available": 0.1251339465379715,
    "treating": 0.14632977545261383,
    "Take-The-Best Priority": 0.12598074972629547,
    "Satisfactory Priority": 0.0011184995528310537,
    "One-Bounce Priority": 0.0011019435478374362,
    "SEVERITY": 0.07680977880954742,
    "SUPPLIES_REMAINING": 0.0011426258133724332,
    "AVERAGE_TIME_USED": 0.0004391644906718284,
    "MEDSIM_P_DEATH": 0.039788868278265,
    "SEVERITY_CHANGE": 0.006644693203270435,
    "SEVEREST_SEVERITY": 0.0011009679874405265,
    "SMOL_MEDICAL_SOUNDNESS": 0.10217048972845078,
    "mental_status": 0.03578532487154007,
    "HRA Strategy.time-resources-system.one-bounce": 0.007728987373411655,
    "pExternalBleeding": 0.0010202215053141117,
    "HRA Strategy.time-resources-risk_reward_ratio-system.one-bounce": 0.001848316635005176,
    "tagged": 0.0008343251538462937,
    "pPain": 0.004979544319212437,
    "pAirwayBlocked": 0.0010604026028886437,
    "entropyDeath": 0.0008856340427882969,
    "directness_of_causality": 0.07340307533740997,
    "pBrainInjury": 0.00020620452414732426,
    "hrpmin": 0.0014072497142478824,
    "treatment": 0.0884164422750473
}