{
    "age": 0.006499473471194506,
    "tagged": 0.034402232617139816,
    "visited": 0.0027157492004334927,
    "conscious": 0.0012743513798341155,
    "breathing": 0.005741039291024208,
    "hrpmin": 0.0069811055436730385,
    "avpu": 0.0007080361247062683,
    "unvisited_count": 0.009632627479732037,
    "injured_count": 0.013690164312720299,
    "environment_type": 0.0011886551510542631,
    "questioning": 0.18458211421966553,
    "assessing": 0.17799364030361176,
    "treating": 0.0003995501028839499,
    "tagging": 0.1982012242078781,
    "leaving": 0.16487625241279602,
    "HRA Strategy.time-resources.take-the-best": 0.0024459094274789095,
    "HRA Strategy.time-resources.one-bounce": 0.00038025042158551514,
    "HRA Strategy.time-system.exhaustive": 0.0006731696194037795,
    "HRA Strategy.time-system.one-bounce": 0.0020175694953650236,
    "HRA Strategy.resources-system.take-the-best": 0.0008315010345540941,
    "HRA Strategy.resources-system.exhaustive": 0.00017232038953807205,
    "Take-The-Best Priority": 0.00034038841840811074,
    "Satisfactory Priority": 0.0037833566311746836,
    "One-Bounce Priority": 0.018459906801581383,
    "pDeath": 0.0036867689341306686,
    "pPain": 0.006315181031823158,
    "pBrainInjury": 0.0012466412736102939,
    "pAirwayBlocked": 0.01153864711523056,
    "pInternalBleeding": 0.005460894200950861,
    "pExternalBleeding": 0.01590290665626526,
    "entropy": 0.009767563082277775,
    "entropyDeath": 0.00232764333486557,
    "SEVERITY": 0.0022946482058614492,
    "SUPPLIES_REMAINING": 0.00046335719525814056,
    "AVERAGE_TIME_USED": 0.003988293465226889,
    "DAMAGE_PER_SECOND": 0.0009003711747936904,
    "MEDSIM_P_DEATH": 0.005579737946391106,
    "MEDSIM_P_DEATH_ONE_MIN_LATER": 0.0033533615060150623,
    "SEVERITY_CHANGE": 0.0008197107817977667,
    "SEVEREST_SEVERITY": 0.003404362592846155,
    "SEVEREST_SEVERITY_CHANGE": 0.00024506213958375156,
    "WEIGHTED_RESOURCE_SCORE": 0.002805612748488784,
    "SMOL_MEDICAL_SOUNDNESS": 0.004178444389253855,
    "INFORMATION_GAINED": 0.03856358677148819,
    "treatment": 0.030649734660983086,
    "category": 0.008516824804246426
}