{
    "tagged": 0.12125846743583679,
    "environment_type": 0.12707921862602234,
    "SEVERITY": 0.10610111802816391,
    "DAMAGE_PER_SECOND": 0.645561158657074
}