{
    "assessing": 0.5127223134040833,
    "category": 0.13129736483097076,
    "DAMAGE_PER_SECOND": 0.04910846799612045,
    "treatment": 0.30687183141708374
}