{
    "breathing": 0.12967678904533386,
    "directness_of_causality": 0.11708473414182663,
    "treating": 0.5697241425514221,
    "SEVERITY": 0.008241844363510609,
    "SUPPLIES_USED": 0.17527247965335846
}