{
    "age": 0.06507015973329544,
    "tagged": 0.144979327917099,
    "visited": 0.030199529603123665,
    "conscious": 0.044675312936306,
    "breathing": 0.05804707109928131,
    "hrpmin": 0.006911110132932663,
    "avpu": 0.006256595719605684,
    "environment_type": 0.008263801224529743,
    "questioning": 0.18061737716197968,
    "assessing": 0.17274115979671478,
    "tagging": 0.05247442424297333,
    "HRA Strategy.time-resources.take-the-best": 0.015211319550871849,
    "HRA Strategy.time-system.exhaustive": 0.008449308574199677,
    "HRA Strategy.resources-system.take-the-best": 0.0010486497776582837,
    "Take-The-Best Priority": 0.005710123106837273,
    "pDeath": 0.010034057311713696,
    "pPain": 0.020479809492826462,
    "pAirwayBlocked": 0.032287150621414185,
    "pInternalBleeding": 0.0017794673331081867,
    "pExternalBleeding": 0.01039987150579691,
    "entropy": 0.012082688510417938,
    "SUPPLIES_REMAINING": 0.0011669924715533853,
    "AVERAGE_TIME_USED": 0.007025786209851503,
    "DAMAGE_PER_SECOND": 0.00915614515542984,
    "INFORMATION_GAINED": 0.014484128914773464,
    "treatment": 0.055311091244220734,
    "category": 0.025137512013316154
}