{
    "age": 0.1073075607419014,
    "tagged": 0.01563258096575737,
    "injured_count": 0.028739633038640022,
    "questioning": 0.15488426387310028,
    "tagging": 0.5426281690597534,
    "HRA Strategy.time-resources.take-the-best": 0.023388482630252838,
    "AVERAGE_TIME_USED": 0.02780061587691307,
    "DAMAGE_PER_SECOND": 0.04966454580426216,
    "treatment": 0.03326408192515373,
    "category": 0.016690131276845932
}