{
    "age": 0.009985297918319702,
    "tagged": 0.01670605130493641,
    "visited": 0.005578573793172836,
    "conscious": 0.0030866824090480804,
    "breathing": 0.007565342355519533,
    "hrpmin": 0.003584184916689992,
    "unvisited_count": 0.020901596173644066,
    "injured_count": 0.004790603183209896,
    "environment_type": 0.0027760923840105534,
    "questioning": 0.14524084329605103,
    "assessing": 0.10629363358020782,
    "treating": 0.0012839300325140357,
    "tagging": 0.14380313456058502,
    "leaving": 0.4126324951648712,
    "treatment": 0.018455179408192635,
    "HRA Strategy.time-resources.take-the-best": 0.0014765745727345347,
    "HRA Strategy.time-system.exhaustive": 0.004318134859204292,
    "HRA Strategy.resources-system.exhaustive": 0.0008442680118605494,
    "Satisfactory Priority": 0.0015172130661085248,
    "One-Bounce Priority": 0.016609935089945793,
    "pDeath": 0.0008548626210540533,
    "pPain": 0.004832145757973194,
    "pBrainInjury": 0.009938043542206287,
    "pAirwayBlocked": 0.0022544425446540117,
    "pInternalBleeding": 0.005106987897306681,
    "pExternalBleeding": 0.0041494122706353664,
    "entropy": 0.010435424745082855,
    "entropyDeath": 0.0014445945853367448,
    "SEVERITY": 0.0013491108547896147,
    "SUPPLIES_REMAINING": 0.00040118268225342035,
    "AVERAGE_TIME_USED": 0.007222895976155996,
    "MEDSIM_P_DEATH": 0.01166447252035141,
    "MEDSIM_P_DEATH_ONE_MIN_LATER": 0.00044647560571320355,
    "SEVEREST_SEVERITY": 0.0006845417665317655,
    "SEVEREST_SEVERITY_CHANGE": 0.0005269955727271736,
    "WEIGHTED_RESOURCE_SCORE": 0.002671485999599099,
    "SMOL_MEDICAL_SOUNDNESS": 0.0004315275582484901,
    "INFORMATION_GAINED": 0.0032717781141400337,
    "category": 0.0048637730069458485
}