{
    "tagged": 0.009349343366920948,
    "conscious": 0.0011752337450161576,
    "mental_status": 0.011013821698725224,
    "breathing": 0.001440400374121964,
    "intent": 0.007421043701469898,
    "directness_of_causality": 0.06956061720848083,
    "others_tagged_or_uninjured": 0.09123561531305313,
    "aid_available": 0.10726854205131531,
    "treating": 0.10374127328395844,
    "HRA Strategy.time-risk_reward_ratio.one-bounce": 0.00835738517343998,
    "HRA Strategy.resources-system.take-the-best": 0.0337066613137722,
    "Take-The-Best Priority": 0.003914140164852142,
    "pDeath": 0.0036542946472764015,
    "pPain": 0.006632687523961067,
    "pInternalBleeding": 0.023911092430353165,
    "SEVERITY": 0.003423245158046484,
    "AVERAGE_TIME_USED": 0.005454487167298794,
    "DAMAGE_PER_SECOND": 0.022304315119981766,
    "MEDSIM_P_DEATH": 0.1686811000108719,
    "SUPPLIES_USED": 0.18576942384243011,
    "WEIGHTED_RESOURCE_SCORE": 0.007720076944679022,
    "SMOL_MEDICAL_SOUNDNESS": 0.11554040759801865,
    "treatment": 0.008724776096642017
}