{
    "tagged": 0.03204990550875664,
    "questioning": 0.18372038006782532,
    "assessing": 0.4011257588863373,
    "tagging": 0.10675844550132751,
    "Satisfactory Priority": 0.03902658075094223,
    "One-Bounce Priority": 0.06923986226320267,
    "WEIGHTED_RESOURCE_SCORE": 0.018057599663734436,
    "INFORMATION_GAINED": 0.08584854006767273,
    "treatment": 0.04712534695863724,
    "category": 0.0170475821942091
}