{
    "age": 0.11964426189661026,
    "questioning": 0.1725405752658844,
    "tagging": 0.5098837018013,
    "HRA Strategy.time-resources.take-the-best": 0.09470068663358688,
    "AVERAGE_TIME_USED": 0.033990390598773956,
    "DAMAGE_PER_SECOND": 0.034501686692237854,
    "treatment": 0.03473871201276779
}