{
    "tagged": 0.016321323812007904,
    "hrpmin": 0.0035337721928954124,
    "unvisited_count": 0.005911099724471569,
    "injured_count": 0.018017321825027466,
    "questioning": 0.2724146842956543,
    "assessing": 0.3253813087940216,
    "tagging": 0.11407370120286942,
    "leaving": 0.13580012321472168,
    "One-Bounce Priority": 0.02231132611632347,
    "MEDSIM_P_DEATH": 0.0051069725304841995,
    "INFORMATION_GAINED": 0.046926867216825485,
    "treatment": 0.022994540631771088,
    "category": 0.011206970550119877
}