{
    "questioning": 0.4480641186237335,
    "assessing": 0.5519359111785889
}