{
    "intent": 0.05024896562099457,
    "directness_of_causality": 0.17836226522922516,
    "aid_available": 0.20004461705684662,
    "treating": 0.34721967577934265,
    "SUPPLIES_USED": 0.1787806749343872,
    "SMOL_MEDICAL_SOUNDNESS": 0.04534382000565529
}