{
    "age": 0.006793809123337269,
    "tagged": 0.031247766688466072,
    "visited": 0.00291887647472322,
    "breathing": 0.004188894294202328,
    "hrpmin": 0.0019112059380859137,
    "avpu": 0.0024461038410663605,
    "unvisited_count": 0.009664110839366913,
    "injured_count": 0.012860480695962906,
    "questioning": 0.23020656406879425,
    "assessing": 0.15636631846427917,
    "tagging": 0.15919844806194305,
    "leaving": 0.23084238171577454,
    "HRA Strategy.time-resources.take-the-best": 0.0017004429828375578,
    "HRA Strategy.resources-system.exhaustive": 0.00133883161470294,
    "Satisfactory Priority": 0.001942417467944324,
    "One-Bounce Priority": 0.024377061054110527,
    "pDeath": 0.0020697356667369604,
    "pPain": 0.005183856934309006,
    "pAirwayBlocked": 0.005101904738694429,
    "pInternalBleeding": 0.006275443360209465,
    "pExternalBleeding": 0.0066202967427670956,
    "entropy": 0.008373291231691837,
    "SEVERITY": 0.002781231189146638,
    "AVERAGE_TIME_USED": 0.003509526140987873,
    "MEDSIM_P_DEATH": 0.006659434176981449,
    "MEDSIM_P_DEATH_ONE_MIN_LATER": 0.0015982585027813911,
    "SEVEREST_SEVERITY": 0.0015376679366454482,
    "WEIGHTED_RESOURCE_SCORE": 0.0015008714981377125,
    "SMOL_MEDICAL_SOUNDNESS": 0.001316361129283905,
    "INFORMATION_GAINED": 0.029196668416261673,
    "treatment": 0.03292863816022873,
    "category": 0.00734304403886199
}