{
    "tagged": 0.0016421917825937271,
    "conscious": 0.0001590813772054389,
    "breathing": 0.0013910755515098572,
    "intent": 0.040981899946928024,
    "directness_of_causality": 0.020553089678287506,
    "injured_count": 0.5840320587158203,
    "aid_available": 0.037062015384435654,
    "treating": 0.06800704449415207,
    "HRA Strategy.time-resources.take-the-best": 0.0027324615512043238,
    "HRA Strategy.time-risk_reward_ratio.one-bounce": 0.0019432230619713664,
    "HRA Strategy.resources-risk_reward_ratio.one-bounce": 0.005212744232267141,
    "HRA Strategy.resources-system.take-the-best": 0.004189114086329937,
    "HRA Strategy.risk_reward_ratio-system.one-bounce": 0.0006363079883158207,
    "HRA Strategy.time-resources-system.one-bounce": 0.00019589992007240653,
    "HRA Strategy.resources-risk_reward_ratio-system.one-bounce": 0.0006084294291213155,
    "Take-The-Best Priority": 0.00024331400345545262,
    "Satisfactory Priority": 0.0004947672132402658,
    "pPain": 5.796503319288604e-05,
    "entropy": 0.00014384929090738297,
    "SEVERITY": 0.014483289793133736,
    "SUPPLIES_REMAINING": 0.0025839959271252155,
    "AVERAGE_TIME_USED": 0.011797796934843063,
    "DAMAGE_PER_SECOND": 0.0049742828123271465,
    "SUPPLIES_USED": 0.06068461015820503,
    "SEVEREST_SEVERITY": 0.015261546708643436,
    "SEVEREST_SEVERITY_CHANGE": 0.01897738128900528,
    "WEIGHTED_RESOURCE_SCORE": 0.00048283537034876645,
    "SMOL_MEDICAL_SOUNDNESS": 0.10046759247779846
}