{
    "directness_of_causality": 0.05369440093636513,
    "treating": 0.47344300150871277,
    "SEVERITY": 0.04161980375647545,
    "SUPPLIES_USED": 0.14420932531356812,
    "SMOL_MEDICAL_SOUNDNESS": 0.2870334982872009
}