{
    "age": 0.01773141697049141,
    "tagged": 0.03475186228752136,
    "breathing": 0.008429182693362236,
    "hrpmin": 0.005839277990162373,
    "avpu": 0.007713364902883768,
    "unvisited_count": 0.008959661237895489,
    "questioning": 0.152049720287323,
    "assessing": 0.17463338375091553,
    "tagging": 0.17156274616718292,
    "leaving": 0.15303902328014374,
    "HRA Strategy.time-system.exhaustive": 0.005851247347891331,
    "Satisfactory Priority": 0.008781149983406067,
    "One-Bounce Priority": 0.04728684574365616,
    "pDeath": 0.006240926217287779,
    "pPain": 0.01457866933196783,
    "pBrainInjury": 0.007052640896290541,
    "pAirwayBlocked": 0.02158883400261402,
    "pInternalBleeding": 0.013812362216413021,
    "pExternalBleeding": 0.008271020837128162,
    "entropy": 0.009224637411534786,
    "entropyDeath": 0.01484744343906641,
    "AVERAGE_TIME_USED": 0.01675357297062874,
    "MEDSIM_P_DEATH": 0.005039999261498451,
    "INFORMATION_GAINED": 0.026421114802360535,
    "treatment": 0.04739702492952347,
    "category": 0.012142837047576904
}