{
    "age": 0.011961671523749828,
    "tagged": 0.10933005064725876,
    "visited": 0.012844790704548359,
    "unvisited_count": 0.020344410091638565,
    "injured_count": 0.018048571422696114,
    "environment_type": 0.0099569633603096,
    "questioning": 0.22813402116298676,
    "assessing": 0.3019939959049225,
    "tagging": 0.013319811783730984,
    "leaving": 0.07440010458230972,
    "treatment": 0.0660284236073494,
    "HRA Strategy.time-risk_reward_ratio.take-the-best": 0.009197285398840904,
    "One-Bounce Priority": 0.02260245569050312,
    "pPain": 0.006755560636520386,
    "pExternalBleeding": 0.012248309329152107,
    "AVERAGE_TIME_USED": 0.005348609760403633,
    "MEDSIM_P_DEATH_ONE_MIN_LATER": 0.024619096890091896,
    "SEVEREST_SEVERITY": 0.01838107407093048,
    "WEIGHTED_RESOURCE_SCORE": 0.005619967356324196,
    "INFORMATION_GAINED": 0.012525729835033417,
    "category": 0.016339126974344254
}