{
    "assessing": 0.5109215378761292,
    "leaving": 0.48907849192619324
}