{
    "age": 0.0032717320136725903,
    "tagged": 0.0560084730386734,
    "visited": 0.0021002916619181633,
    "conscious": 0.0019192013423889875,
    "breathing": 0.011537465266883373,
    "hrpmin": 0.001266726409085095,
    "avpu": 0.0015408663311973214,
    "unvisited_count": 0.007674394641071558,
    "environment_type": 0.00221904250793159,
    "questioning": 0.203725665807724,
    "assessing": 0.2350378781557083,
    "tagging": 0.2733493149280548,
    "leaving": 0.0013216848019510508,
    "HRA Strategy.time-resources.take-the-best": 0.001414666185155511,
    "HRA Strategy.time-resources.one-bounce": 0.0005016287905164063,
    "HRA Strategy.time-system.tallying": 0.00011944870493607596,
    "HRA Strategy.resources-risk_reward_ratio.one-bounce": 0.0004666995955631137,
    "HRA Strategy.resources-system.take-the-best": 0.00041746595525182784,
    "Satisfactory Priority": 0.0006720363744534552,
    "One-Bounce Priority": 0.012361142784357071,
    "pDeath": 0.010104474611580372,
    "pPain": 0.006690268404781818,
    "pBrainInjury": 0.006533718667924404,
    "pAirwayBlocked": 0.0032981503754854202,
    "pInternalBleeding": 0.01784728653728962,
    "pExternalBleeding": 0.006176437251269817,
    "entropy": 0.012565969489514828,
    "entropyDeath": 0.0032171192578971386,
    "SEVERITY": 0.0020774826407432556,
    "SUPPLIES_REMAINING": 0.0008126965258270502,
    "AVERAGE_TIME_USED": 0.03637015447020531,
    "MEDSIM_P_DEATH": 0.008537140674889088,
    "MEDSIM_P_DEATH_ONE_MIN_LATER": 0.00036661114427261055,
    "SEVEREST_SEVERITY": 0.001132534584030509,
    "SEVEREST_SEVERITY_CHANGE": 0.0002975015959236771,
    "WEIGHTED_RESOURCE_SCORE": 0.003460471983999014,
    "SMOL_MEDICAL_SOUNDNESS": 0.0008280471083708107,
    "INFORMATION_GAINED": 0.016467535868287086,
    "treatment": 0.04086407274007797,
    "category": 0.005426556337624788
}