{
    "tagged": 0.17203105986118317,
    "intent": 0.04411924630403519,
    "directness_of_causality": 0.3950608968734741,
    "SMOL_MEDICAL_SOUNDNESS": 0.3887888491153717
}