{
    "age": 0.004926426336169243,
    "tagged": 0.02105865254998207,
    "visited": 0.003953376319259405,
    "conscious": 0.0005811820738017559,
    "breathing": 0.006815556436777115,
    "hrpmin": 0.0024069759529083967,
    "avpu": 0.00039972635568119586,
    "unvisited_count": 0.01545985508710146,
    "injured_count": 0.011895627714693546,
    "environment_type": 0.001203202991746366,
    "questioning": 0.11726909130811691,
    "assessing": 0.12335370481014252,
    "tagging": 0.13554838299751282,
    "leaving": 0.42971211671829224,
    "HRA Strategy.time-resources.take-the-best": 0.005007186438888311,
    "HRA Strategy.time-resources.one-bounce": 0.00018285006808582693,
    "HRA Strategy.time-system.exhaustive": 0.005302306730300188,
    "HRA Strategy.resources-risk_reward_ratio.take-the-best": 0.0001499042846262455,
    "HRA Strategy.resources-system.take-the-best": 0.0006954030832275748,
    "HRA Strategy.resources-system.exhaustive": 0.0017756345914676785,
    "HRA Strategy.risk_reward_ratio-system.exhaustive": 0.00018546603678259999,
    "Satisfactory Priority": 0.0031278592068701982,
    "One-Bounce Priority": 0.013773824088275433,
    "pDeath": 0.002982377540320158,
    "pPain": 0.004591524600982666,
    "pBrainInjury": 0.0016510678688064218,
    "pAirwayBlocked": 0.003623957047238946,
    "pInternalBleeding": 0.004364133346825838,
    "pExternalBleeding": 0.007188794668763876,
    "entropy": 0.003876218106597662,
    "entropyDeath": 0.004204389173537493,
    "SEVERITY": 0.003913903143256903,
    "SUPPLIES_REMAINING": 0.0003689856093842536,
    "AVERAGE_TIME_USED": 0.00489801587536931,
    "DAMAGE_PER_SECOND": 0.0002728319959715009,
    "MEDSIM_P_DEATH": 0.0074845533818006516,
    "MEDSIM_P_DEATH_ONE_MIN_LATER": 0.0021370863541960716,
    "SEVERITY_CHANGE": 0.0002771167492028326,
    "SEVEREST_SEVERITY": 0.000645723135676235,
    "SEVEREST_SEVERITY_CHANGE": 0.00029215309768915176,
    "WEIGHTED_RESOURCE_SCORE": 0.005659442860633135,
    "SMOL_MEDICAL_SOUNDNESS": 0.0008825153927318752,
    "INFORMATION_GAINED": 0.004349171184003353,
    "treatment": 0.0257900170981884,
    "category": 0.005761758890002966
}