{
    "age": 0.012879735790193081,
    "tagged": 0.021045390516519547,
    "conscious": 0.02389262244105339,
    "breathing": 0.04009254649281502,
    "injured_count": 0.07571965456008911,
    "environment_type": 0.01621280610561371,
    "questioning": 0.1724434494972229,
    "assessing": 0.13207300007343292,
    "tagging": 0.1155378594994545,
    "leaving": 0.09809727966785431,
    "HRA Strategy.time-resources.take-the-best": 0.00406847195699811,
    "Satisfactory Priority": 0.0012574308784678578,
    "pDeath": 0.04281526058912277,
    "pPain": 0.01875203847885132,
    "pBrainInjury": 0.0020677498541772366,
    "pAirwayBlocked": 0.0015672330046072602,
    "pInternalBleeding": 0.015133158303797245,
    "pExternalBleeding": 0.0013957443879917264,
    "entropy": 0.001857090974226594,
    "entropyDeath": 0.0062188515439629555,
    "SEVERITY": 0.0019092393340542912,
    "SUPPLIES_REMAINING": 0.005963578354567289,
    "AVERAGE_TIME_USED": 0.00848428439348936,
    "DAMAGE_PER_SECOND": 0.001576090813614428,
    "MEDSIM_P_DEATH": 0.0019185015698894858,
    "INFORMATION_GAINED": 0.07255896180868149,
    "treatment": 0.08675286173820496,
    "category": 0.017709167674183846
}