{
    "questioning": 0.31498363614082336,
    "assessing": 0.3892136216163635,
    "tagging": 0.06568007171154022,
    "leaving": 0.2009068727493286,
    "treatment": 0.029215846210718155
}