{
    "age": 0.044627655297517776,
    "tagged": 0.0004110878217034042,
    "visited": 0.00298626278527081,
    "conscious": 0.003984409850090742,
    "breathing": 0.006206005811691284,
    "unvisited_count": 0.00010012939310399815,
    "injured_count": 0.014048488810658455,
    "environment_type": 0.04340049624443054,
    "questioning": 0.11776152998209,
    "treating": 0.0004751694796141237,
    "tagging": 0.3611396253108978,
    "leaving": 0.09591158479452133,
    "category": 0.016663720831274986,
    "HRA Strategy.time-resources.take-the-best": 0.009821880608797073,
    "HRA Strategy.time-risk_reward_ratio.take-the-best": 0.0010702796280384064,
    "Take-The-Best Priority": 0.0001727482012938708,
    "pDeath": 0.005892511457204819,
    "pPain": 0.005920805037021637,
    "pBrainInjury": 0.006933495867997408,
    "pInternalBleeding": 0.007025904022157192,
    "entropy": 0.0012823621509596705,
    "SEVERITY": 0.03617174178361893,
    "SUPPLIES_REMAINING": 0.0016014418797567487,
    "AVERAGE_TIME_USED": 0.006987509783357382,
    "DAMAGE_PER_SECOND": 0.051371581852436066,
    "WEIGHTED_RESOURCE_SCORE": 0.06586199998855591,
    "INFORMATION_GAINED": 0.00443507544696331,
    "treatment": 0.08773455023765564
}