{
    "tagged": 0.18974971771240234,
    "environment_type": 0.06666814535856247,
    "questioning": 0.17809350788593292,
    "tagging": 0.21021750569343567,
    "leaving": 0.2014833241701126,
    "category": 0.06774990260601044,
    "treatment": 0.08603789657354355
}