{
    "breathing": 0.027888407930731773,
    "intent": 0.034670863300561905,
    "directness_of_causality": 0.2037678360939026,
    "aid_available": 0.16439266502857208,
    "treating": 0.28548285365104675,
    "HRA Strategy.time-resources.take-the-best": 0.006095607299357653,
    "HRA Strategy.resources-risk_reward_ratio.one-bounce": 0.03129497170448303,
    "HRA Strategy.resources-system.take-the-best": 0.028093935921788216,
    "HRA Strategy.risk_reward_ratio-system.one-bounce": 0.0012010146165266633,
    "HRA Strategy.resources-risk_reward_ratio-system.one-bounce": 0.001033511129207909,
    "Satisfactory Priority": 0.0011424500262364745,
    "entropyDeath": 0.0008585890755057335,
    "SEVERITY": 0.0008367313421331346,
    "SUPPLIES_REMAINING": 0.0013731862418353558,
    "AVERAGE_TIME_USED": 0.013254592195153236,
    "SUPPLIES_USED": 0.19861279428005219
}