{
    "directness_of_causality": 0.16894513368606567,
    "treating": 0.6795759797096252,
    "SUPPLIES_USED": 0.15147891640663147
}