{
    "age": 0.008585261180996895,
    "tagged": 0.02160055935382843,
    "breathing": 0.007834702730178833,
    "hrpmin": 0.012080647051334381,
    "injured_count": 0.030047232285141945,
    "questioning": 0.19352036714553833,
    "assessing": 0.22569100558757782,
    "tagging": 0.14750178158283234,
    "leaving": 0.23213443160057068,
    "One-Bounce Priority": 0.043635305017232895,
    "pPain": 0.005757290869951248,
    "MEDSIM_P_DEATH": 0.008428279310464859,
    "INFORMATION_GAINED": 0.026191726326942444,
    "treatment": 0.02639310620725155,
    "category": 0.010598184540867805
}