{
    "conscious": 0.00013814379053656012,
    "breathing": 0.010381228290498257,
    "intent": 0.06624703854322433,
    "directness_of_causality": 0.14567922055721283,
    "aid_available": 0.06570408493280411,
    "treating": 0.2369171679019928,
    "HRA Strategy.risk_reward_ratio-system.one-bounce": 0.002443482168018818,
    "HRA Strategy.time-resources-system.one-bounce": 0.0010729742934927344,
    "HRA Strategy.resources-risk_reward_ratio-system.one-bounce": 0.0021293426398187876,
    "HRA Strategy.time-resources-risk_reward_ratio-system.one-bounce": 0.0005442419205792248,
    "Take-The-Best Priority": 0.0026971250772476196,
    "One-Bounce Priority": 0.0008833613828755915,
    "pDeath": 0.0011734319850802422,
    "pPain": 0.00012005067401332781,
    "pAirwayBlocked": 0.000152916312799789,
    "pExternalBleeding": 0.00030302186496555805,
    "entropy": 0.0002014495403273031,
    "SEVERITY": 0.0003953787963837385,
    "SUPPLIES_REMAINING": 0.0031054087448865175,
    "AVERAGE_TIME_USED": 0.009609498083591461,
    "SEVERITY_CHANGE": 7.336752605624497e-05,
    "SUPPLIES_USED": 0.1715669184923172,
    "SEVEREST_SEVERITY": 8.508621976943687e-05,
    "WEIGHTED_RESOURCE_SCORE": 0.0005592094385065138,
    "SMOL_MEDICAL_SOUNDNESS": 0.27692392468452454,
    "treatment": 0.0008929531904868782
}