{
    "tagged": 0.03345845267176628,
    "breathing": 0.004373813513666391,
    "hrpmin": 0.002720360178500414,
    "avpu": 0.003720963839441538,
    "unvisited_count": 0.002902454463765025,
    "injured_count": 0.007509559392929077,
    "questioning": 0.19392959773540497,
    "assessing": 0.19479748606681824,
    "tagging": 0.11539112031459808,
    "leaving": 0.32700294256210327,
    "One-Bounce Priority": 0.013229114934802055,
    "pDeath": 0.002437209477648139,
    "pPain": 0.0039987387135624886,
    "pBrainInjury": 0.007506619207561016,
    "pAirwayBlocked": 0.0036366418935358524,
    "pInternalBleeding": 0.009352394379675388,
    "entropy": 0.010436378419399261,
    "entropyDeath": 0.0034084287472069263,
    "MEDSIM_P_DEATH": 0.003732244949787855,
    "MEDSIM_P_DEATH_ONE_MIN_LATER": 0.001110995770432055,
    "WEIGHTED_RESOURCE_SCORE": 0.005202283151447773,
    "INFORMATION_GAINED": 0.015581661835312843,
    "treatment": 0.0288254264742136,
    "category": 0.005735081620514393
}