{
    "age": 0.016811979934573174,
    "tagged": 0.05344555899500847,
    "visited": 0.0014872236642986536,
    "breathing": 0.013360199518501759,
    "avpu": 0.007234636694192886,
    "unvisited_count": 0.0046400572173297405,
    "injured_count": 0.009683151729404926,
    "environment_type": 0.004927149973809719,
    "questioning": 0.1718592792749405,
    "assessing": 0.1915028691291809,
    "treating": 0.02451654151082039,
    "tagging": 0.25850021839141846,
    "leaving": 0.11531989276409149,
    "HRA Strategy.time-resources.take-the-best": 0.0013059948105365038,
    "Satisfactory Priority": 0.002695677103474736,
    "One-Bounce Priority": 0.010034799575805664,
    "pPain": 0.00856381468474865,
    "entropy": 0.00749705545604229,
    "entropyDeath": 0.009208641946315765,
    "SEVERITY": 0.0015516426647081971,
    "SUPPLIES_REMAINING": 0.0015457485569640994,
    "AVERAGE_TIME_USED": 0.0029927289579063654,
    "DAMAGE_PER_SECOND": 0.0058295028284192085,
    "SEVEREST_SEVERITY": 0.019635509699583054,
    "treatment": 0.04856347665190697,
    "category": 0.0072866869159042835
}