{
    "age": 0.009119420312345028,
    "tagged": 0.026861947029829025,
    "hrpmin": 0.015758167952299118,
    "injured_count": 0.028265859931707382,
    "questioning": 0.21456924080848694,
    "assessing": 0.25145331025123596,
    "tagging": 0.16414856910705566,
    "leaving": 0.13039429485797882,
    "One-Bounce Priority": 0.06248078495264053,
    "pDeath": 0.007588996086269617,
    "entropy": 0.006912282668054104,
    "INFORMATION_GAINED": 0.03488980606198311,
    "treatment": 0.0337303951382637,
    "category": 0.01382705569267273
}