age,tagged,relationship,injured_count,questioning,assessing,tagging,leaving,treatment
0.07087633013725281,0.034076154232025146,0.11951873451471329,0.026846930384635925,0.044910404831171036,0.2530280351638794,0.04911277815699577,0.3596845865249634,0.04194609820842743
