{
    "avpu": 0.0014467526925727725,
    "intent": 0.029353881254792213,
    "directness_of_causality": 0.22327691316604614,
    "aid_available": 0.22170080244541168,
    "treating": 0.3109597861766815,
    "HRA Strategy.time-risk_reward_ratio.take-the-best": 0.00043575032032094896,
    "HRA Strategy.time-risk_reward_ratio.one-bounce": 0.0007494169985875487,
    "HRA Strategy.resources-risk_reward_ratio-system.one-bounce": 0.0004504102107603103,
    "Take-The-Best Priority": 0.0010296859545633197,
    "Satisfactory Priority": 0.0015344657003879547,
    "entropyDeath": 0.00050634506624192,
    "SEVERITY": 0.0007741642184555531,
    "SUPPLIES_REMAINING": 0.001062673283740878,
    "SUPPLIES_USED": 0.20671898126602173
}