{
    "age": 0.0064851283095777035,
    "tagged": 0.06514051556587219,
    "visited": 0.004362785257399082,
    "conscious": 0.0030117009300738573,
    "breathing": 0.003682775190100074,
    "hrpmin": 0.013463345356285572,
    "avpu": 0.0011931603075936437,
    "unvisited_count": 0.0035283900797367096,
    "environment_type": 0.0014219937147572637,
    "questioning": 0.09362564235925674,
    "assessing": 0.11269330233335495,
    "treating": 0.0005897371447645128,
    "tagging": 0.10513946413993835,
    "leaving": 0.39225324988365173,
    "HRA Strategy.time-resources.take-the-best": 0.005972647573798895,
    "HRA Strategy.time-resources.one-bounce": 0.00026719694142229855,
    "HRA Strategy.time-system.exhaustive": 0.004217290785163641,
    "HRA Strategy.resources-risk_reward_ratio.take-the-best": 0.00016822858015075326,
    "HRA Strategy.resources-system.take-the-best": 0.0013634476345032454,
    "HRA Strategy.resources-system.exhaustive": 0.0015168450772762299,
    "Take-The-Best Priority": 5.264665378490463e-05,
    "Satisfactory Priority": 0.00045283528743311763,
    "One-Bounce Priority": 0.02230575680732727,
    "pDeath": 0.0028958148322999477,
    "pPain": 0.006326089613139629,
    "pBrainInjury": 0.0014938260428607464,
    "pAirwayBlocked": 0.017858535051345825,
    "pInternalBleeding": 0.0012633525766432285,
    "pExternalBleeding": 0.010947361588478088,
    "entropy": 0.00711239967495203,
    "entropyDeath": 0.003998744301497936,
    "SEVERITY": 0.0024356867652386427,
    "SUPPLIES_REMAINING": 0.0005050026811659336,
    "AVERAGE_TIME_USED": 0.005397530738264322,
    "DAMAGE_PER_SECOND": 0.000461984338471666,
    "MEDSIM_P_DEATH": 0.0017503699054941535,
    "MEDSIM_P_DEATH_ONE_MIN_LATER": 0.006421106867492199,
    "SEVERITY_CHANGE": 0.0001086811171262525,
    "SEVEREST_SEVERITY": 0.00044989874004386365,
    "SEVEREST_SEVERITY_CHANGE": 7.441232446581125e-05,
    "WEIGHTED_RESOURCE_SCORE": 0.01416053343564272,
    "INFORMATION_GAINED": 0.04023943468928337,
    "treatment": 0.0263043399900198,
    "category": 0.006886756978929043
}