{
    "tagged": 3.0639621400041506e-05,
    "conscious": 0.0010429348330944777,
    "mental_status": 0.0003672843740787357,
    "breathing": 1.408155912940856e-05,
    "avpu": 7.950834697112441e-05,
    "intent": 0.05836198851466179,
    "directness_of_causality": 0.1983891725540161,
    "aid_available": 0.18939509987831116,
    "treating": 0.2762739956378937,
    "HRA Strategy.time-risk_reward_ratio.one-bounce": 0.0008548800833523273,
    "HRA Strategy.resources-system.take-the-best": 0.0010654686484485865,
    "HRA Strategy.risk_reward_ratio-system.one-bounce": 0.0015952903777360916,
    "HRA Strategy.time-resources-risk_reward_ratio-system.one-bounce": 0.0003145530354231596,
    "Take-The-Best Priority": 0.0003151042037643492,
    "Satisfactory Priority": 0.0007511823787353933,
    "One-Bounce Priority": 0.0002287196839461103,
    "pDeath": 0.00013253108772914857,
    "pPain": 2.8121274226577953e-05,
    "pBrainInjury": 0.0005014794296585023,
    "pAirwayBlocked": 0.00018472532974556088,
    "pInternalBleeding": 0.00031601384398527443,
    "entropyDeath": 0.0005572760128416121,
    "SEVERITY": 0.0012432977091521025,
    "SUPPLIES_REMAINING": 0.0011685362551361322,
    "AVERAGE_TIME_USED": 0.00995964277535677,
    "DAMAGE_PER_SECOND": 0.0003464848850853741,
    "SEVERITY_CHANGE": 4.416161755216308e-05,
    "SUPPLIES_USED": 0.25431522727012634,
    "SEVEREST_SEVERITY_CHANGE": 0.0003942648763768375,
    "WEIGHTED_RESOURCE_SCORE": 0.0008100175182335079,
    "SMOL_MEDICAL_SOUNDNESS": 0.00023435219191014767,
    "treatment": 0.0006839928100816905
}