{
    "age": 0.020084287971258163,
    "tagged": 0.06135841831564903,
    "breathing": 0.012039823457598686,
    "hrpmin": 0.023224301636219025,
    "unvisited_count": 0.05224262550473213,
    "environment_type": 0.009306095540523529,
    "questioning": 0.20517338812351227,
    "assessing": 0.19524076581001282,
    "treating": 0.072293721139431,
    "tagging": 0.11708183586597443,
    "One-Bounce Priority": 0.05830597132444382,
    "pPain": 0.01141279749572277,
    "pBrainInjury": 0.008531604893505573,
    "pAirwayBlocked": 0.01734681986272335,
    "pInternalBleeding": 0.01623222418129444,
    "pExternalBleeding": 0.013390455394983292,
    "entropy": 0.011702102608978748,
    "AVERAGE_TIME_USED": 0.025750990957021713,
    "treatment": 0.053081970661878586,
    "category": 0.016199879348278046
}