{
    "questioning": 0.354073703289032,
    "assessing": 0.4105900824069977,
    "leaving": 0.2353362888097763
}