{
    "age": 0.13346028327941895,
    "tagged": 0.06354378908872604,
    "visited": 0.004843550268560648,
    "relationship": 0.08403187990188599,
    "breathing": 0.019459830597043037,
    "hrpmin": 0.00306777935475111,
    "avpu": 0.005250161048024893,
    "unvisited_count": 0.003646789351478219,
    "injured_count": 0.02725166082382202,
    "environment_type": 0.0040402887389063835,
    "questioning": 0.08993885666131973,
    "assessing": 0.19120319187641144,
    "tagging": 0.0706985592842102,
    "leaving": 0.10997387766838074,
    "HRA Strategy.time-resources.take-the-best": 0.0023572223726660013,
    "HRA Strategy.time-risk_reward_ratio.take-the-best": 0.0016551318112760782,
    "HRA Strategy.time-system.exhaustive": 0.0013841426698490977,
    "HRA Strategy.time-system.one-bounce": 0.0008884136914275587,
    "HRA Strategy.resources-system.take-the-best": 0.000859620573464781,
    "HRA Strategy.resources-system.exhaustive": 0.002058684825897217,
    "HRA Strategy.time-risk_reward_ratio-system.one-bounce": 0.0013966286787763238,
    "One-Bounce Priority": 0.0014068506425246596,
    "pDeath": 0.008568082004785538,
    "pPain": 0.013412734493613243,
    "pBrainInjury": 0.004837315995246172,
    "pAirwayBlocked": 0.0089167021214962,
    "pInternalBleeding": 0.006680510006844997,
    "pExternalBleeding": 0.012038839049637318,
    "entropy": 0.011871563270688057,
    "entropyDeath": 0.009048200212419033,
    "SEVERITY": 0.002742196898907423,
    "SUPPLIES_REMAINING": 0.018061839044094086,
    "AVERAGE_TIME_USED": 0.003483191365376115,
    "DAMAGE_PER_SECOND": 0.0012695366749539971,
    "MEDSIM_P_DEATH": 0.009469534270465374,
    "MEDSIM_P_DEATH_ONE_MIN_LATER": 0.0033455966040492058,
    "SEVERITY_CHANGE": 0.0012726372806355357,
    "SEVEREST_SEVERITY": 0.0010595102794468403,
    "SEVEREST_SEVERITY_CHANGE": 0.0015335897915065289,
    "SMOL_MEDICAL_SOUNDNESS": 0.002735503949224949,
    "INFORMATION_GAINED": 0.0008941383566707373,
    "treatment": 0.04194081574678421,
    "category": 0.014400866813957691
}