age,tagged,visited,relationship,breathing,hrpmin,avpu,unvisited_count,injured_count,environment_type,questioning,assessing,tagging,leaving,HRA Strategy.time-resources.take-the-best,HRA Strategy.time-risk_reward_ratio.take-the-best,HRA Strategy.time-system.exhaustive,HRA Strategy.time-system.one-bounce,HRA Strategy.resources-system.take-the-best,HRA Strategy.resources-system.exhaustive,HRA Strategy.time-risk_reward_ratio-system.one-bounce,One-Bounce Priority,pDeath,pPain,pBrainInjury,pAirwayBlocked,pInternalBleeding,pExternalBleeding,entropy,entropyDeath,SEVERITY,SUPPLIES_REMAINING,AVERAGE_TIME_USED,DAMAGE_PER_SECOND,MEDSIM_P_DEATH,MEDSIM_P_DEATH_ONE_MIN_LATER,SEVERITY_CHANGE,SEVEREST_SEVERITY,SEVEREST_SEVERITY_CHANGE,SMOL_MEDICAL_SOUNDNESS,INFORMATION_GAINED,treatment,category
0.13346028327941895,0.06354378908872604,0.004843550268560648,0.08403187990188599,0.019459830597043037,0.00306777935475111,0.005250161048024893,0.003646789351478219,0.02725166082382202,0.0040402887389063835,0.08993885666131973,0.19120319187641144,0.0706985592842102,0.10997387766838074,0.0023572223726660013,0.0016551318112760782,0.0013841426698490977,0.0008884136914275587,0.000859620573464781,0.002058684825897217,0.0013966286787763238,0.0014068506425246596,0.008568082004785538,0.013412734493613243,0.004837315995246172,0.0089167021214962,0.006680510006844997,0.012038839049637318,0.011871563270688057,0.009048200212419033,0.002742196898907423,0.018061839044094086,0.003483191365376115,0.0012695366749539971,0.009469534270465374,0.0033455966040492058,0.0012726372806355357,0.0010595102794468403,0.0015335897915065289,0.002735503949224949,0.0008941383566707373,0.04194081574678421,0.014400866813957691
