{
    "injured_count": 0.04308048635721207,
    "questioning": 0.3906301259994507,
    "assessing": 0.4698673486709595,
    "tagging": 0.0590057373046875,
    "treatment": 0.03741634264588356
}