{
    "tagged": 0.15222832560539246,
    "breathing": 0.03439251706004143,
    "intent": 0.06927871704101562,
    "directness_of_causality": 0.3758869171142578,
    "SMOL_MEDICAL_SOUNDNESS": 0.346272736787796,
    "category": 0.021940741688013077
}