{
    "tagged": 0.021040720865130424,
    "injured_count": 0.011831287294626236,
    "questioning": 0.28520557284355164,
    "assessing": 0.32639384269714355,
    "tagging": 0.08360721170902252,
    "leaving": 0.21210838854312897,
    "treatment": 0.04765434190630913,
    "category": 0.012158720754086971
}