{
    "conscious": 0.004421628545969725,
    "breathing": 0.02717951312661171,
    "intent": 0.1562565267086029,
    "directness_of_causality": 0.09677322208881378,
    "aid_available": 0.10581853240728378,
    "treating": 0.19357161223888397,
    "HRA Strategy.time-resources.take-the-best": 0.0020839322824031115,
    "HRA Strategy.resources-risk_reward_ratio.one-bounce": 0.008456905372440815,
    "HRA Strategy.resources-system.take-the-best": 0.012067812494933605,
    "HRA Strategy.risk_reward_ratio-system.one-bounce": 0.0010862522758543491,
    "HRA Strategy.time-resources-system.one-bounce": 0.00040222296956926584,
    "HRA Strategy.resources-risk_reward_ratio-system.one-bounce": 0.0016159593360498548,
    "HRA Strategy.time-resources-risk_reward_ratio-system.one-bounce": 0.0002475917572155595,
    "Take-The-Best Priority": 0.0009840299608185887,
    "Satisfactory Priority": 0.000652111426461488,
    "pPain": 0.0003568152023945004,
    "pAirwayBlocked": 0.00010481641947990283,
    "pInternalBleeding": 0.006079049315303564,
    "entropyDeath": 0.0004622007836587727,
    "SEVERITY": 0.00998866930603981,
    "SUPPLIES_REMAINING": 0.0006679888465441763,
    "AVERAGE_TIME_USED": 0.012309633195400238,
    "SUPPLIES_USED": 0.16363079845905304,
    "WEIGHTED_RESOURCE_SCORE": 0.00025773822562769055,
    "SMOL_MEDICAL_SOUNDNESS": 0.19278967380523682,
    "treatment": 0.0017348643159493804
}