{
    "age": 0.037383321672677994,
    "tagged": 0.2825309932231903,
    "hrpmin": 0.08316683024168015,
    "injured_count": 0.0608968548476696,
    "environment_type": 0.019843880087137222,
    "category": 0.02198527380824089,
    "HRA Strategy.time-resources.take-the-best": 0.013841846026480198,
    "One-Bounce Priority": 0.04208270087838173,
    "pDeath": 0.011881704442203045,
    "pAirwayBlocked": 0.005691714584827423,
    "pInternalBleeding": 0.022787807509303093,
    "pExternalBleeding": 0.04239299148321152,
    "entropy": 0.03330201655626297,
    "entropyDeath": 0.015365799888968468,
    "SEVERITY": 0.013223831541836262,
    "AVERAGE_TIME_USED": 0.1165970042347908,
    "DAMAGE_PER_SECOND": 0.0074654812924563885,
    "MEDSIM_P_DEATH": 0.0002917742822319269,
    "MEDSIM_P_DEATH_ONE_MIN_LATER": 0.006168592255562544,
    "SEVEREST_SEVERITY": 0.01093900203704834,
    "SMOL_MEDICAL_SOUNDNESS": 0.03987133130431175,
    "treatment": 0.11228921264410019
}