{
    "breathing": 0.008590148761868477,
    "intent": 0.02930038422346115,
    "directness_of_causality": 0.12977008521556854,
    "aid_available": 0.15733186900615692,
    "treating": 0.3992479741573334,
    "HRA Strategy.risk_reward_ratio-system.one-bounce": 0.0038883325178176165,
    "Satisfactory Priority": 0.0017935766372829676,
    "SUPPLIES_REMAINING": 0.03511469438672066,
    "AVERAGE_TIME_USED": 0.003675303189083934,
    "SUPPLIES_USED": 0.2254532128572464,
    "WEIGHTED_RESOURCE_SCORE": 0.0005053065251559019,
    "treatment": 0.005329122766852379
}