{
    "age": 0.010126367211341858,
    "tagged": 0.038468971848487854,
    "conscious": 0.0084636015817523,
    "breathing": 0.0017406564438715577,
    "avpu": 0.006062430329620838,
    "unvisited_count": 0.006482286844402552,
    "injured_count": 0.04835248365998268,
    "environment_type": 0.004402793012559414,
    "questioning": 0.06250561773777008,
    "assessing": 0.11812528967857361,
    "tagging": 0.10157126933336258,
    "leaving": 0.42804673314094543,
    "treatment": 0.026160968467593193,
    "HRA Strategy.time-resources.take-the-best": 0.008015895262360573,
    "Satisfactory Priority": 0.0014353569131344557,
    "One-Bounce Priority": 0.022418571636080742,
    "pDeath": 0.002404027385637164,
    "pPain": 0.015230201184749603,
    "pBrainInjury": 0.03733941912651062,
    "pAirwayBlocked": 0.002032676013186574,
    "entropyDeath": 0.005377412773668766,
    "MEDSIM_P_DEATH_ONE_MIN_LATER": 0.0018993276171386242,
    "SEVEREST_SEVERITY_CHANGE": 0.012658493593335152,
    "INFORMATION_GAINED": 0.022271323949098587,
    "category": 0.008407744579017162
}