{
    "aid_available": 0.03698132187128067,
    "treating": 0.34726059436798096,
    "Take-The-Best Priority": 0.00011401521624065936,
    "SEVERITY": 0.010654347017407417,
    "AVERAGE_TIME_USED": 0.0006898019346408546,
    "SUPPLIES_USED": 0.055858321487903595,
    "SEVEREST_SEVERITY": 0.0006468187784776092,
    "SEVEREST_SEVERITY_CHANGE": 0.00013821532775182277,
    "WEIGHTED_RESOURCE_SCORE": 0.00031719281105324626,
    "HRA Strategy.time-system.satisfactory": 0.005665340926498175,
    "mental_status": 0.011748062446713448,
    "HRA Strategy.resources-risk_reward_ratio-system.satisfactory": 0.002730423817411065,
    "HRA Strategy.time-resources-system.one-bounce": 0.000710897205863148,
    "pDeath": 0.1249704360961914,
    "HRA Strategy.resources-risk_reward_ratio.one-bounce": 0.0021051245275884867,
    "HRA Strategy.risk_reward_ratio-system.one-bounce": 0.0012660706415772438,
    "HRA Strategy.time-resources-system.satisfactory": 0.00018547695071902126,
    "intent": 0.021949298679828644,
    "breathing": 0.0008953530923463404,
    "treatment": 0.00037797054392285645,
    "entropyDeath": 0.09691383689641953,
    "directness_of_causality": 0.2582670748233795,
    "pBrainInjury": 0.01870809681713581,
    "avpu": 0.0001594750356161967,
    "HRA Strategy.resources-risk_reward_ratio-system.one-bounce": 0.000686418148688972
}