{
    "tagged": 0.006018791813403368,
    "conscious": 0.00467141205444932,
    "breathing": 0.01576816290616989,
    "hrpmin": 0.026254335418343544,
    "intent": 0.17332255840301514,
    "directness_of_causality": 0.11352446675300598,
    "injured_count": 0.00017823876987677068,
    "aid_available": 0.12114224582910538,
    "treating": 0.20230744779109955,
    "HRA Strategy.time-resources.take-the-best": 0.0002944493608083576,
    "HRA Strategy.risk_reward_ratio-system.one-bounce": 0.002307921415194869,
    "HRA Strategy.time-resources-system.one-bounce": 0.0005318594048731029,
    "HRA Strategy.resources-risk_reward_ratio-system.one-bounce": 0.0018980130553245544,
    "HRA Strategy.time-resources-risk_reward_ratio-system.one-bounce": 0.0003243265673518181,
    "Take-The-Best Priority": 0.0016660855617374182,
    "pPain": 0.00036695683957077563,
    "SEVERITY": 0.027314141392707825,
    "SUPPLIES_REMAINING": 0.004726900719106197,
    "AVERAGE_TIME_USED": 0.056707073003053665,
    "DAMAGE_PER_SECOND": 0.00013228028547018766,
    "SUPPLIES_USED": 0.1665622442960739,
    "SEVEREST_SEVERITY": 0.00038263751775957644,
    "WEIGHTED_RESOURCE_SCORE": 0.0012658494524657726,
    "treatment": 0.07233159244060516
}