intent,directness_of_causality,aid_available,treating,HRA Strategy.time-risk_reward_ratio.one-bounce,HRA Strategy.risk_reward_ratio-system.one-bounce,HRA Strategy.time-resources-risk_reward_ratio-system.one-bounce,Take-The-Best Priority,Satisfactory Priority,entropyDeath,SUPPLIES_REMAINING,AVERAGE_TIME_USED,SUPPLIES_USED,SMOL_MEDICAL_SOUNDNESS,treatment
0.03418051078915596,0.1914815604686737,0.17683546245098114,0.2881677746772766,0.0009253494790755212,0.0012667009141296148,0.00024050267529673874,0.0006768511375412345,0.00016573883476667106,0.00048506312305107713,0.10737987607717514,0.006411622744053602,0.1912674605846405,0.00019287255418021232,0.00032252678647637367
