{
    "conscious": 0.07787065207958221,
    "mental_status": 0.008166950196027756,
    "intent": 0.021559199318289757,
    "directness_of_causality": 0.1731267124414444,
    "aid_available": 0.18890345096588135,
    "treating": 0.30398112535476685,
    "HRA Strategy.time-resources.take-the-best": 0.006304765120148659,
    "HRA Strategy.resources-risk_reward_ratio.one-bounce": 0.024183280766010284,
    "HRA Strategy.resources-system.take-the-best": 0.018739724531769753,
    "HRA Strategy.risk_reward_ratio-system.one-bounce": 0.0006902359891682863,
    "Take-The-Best Priority": 0.0014777503674849868,
    "Satisfactory Priority": 0.0018042438896372914,
    "pDeath": 0.0007479633204638958,
    "entropyDeath": 0.00256638927385211,
    "SUPPLIES_REMAINING": 0.0016165920533239841,
    "SUPPLIES_USED": 0.16826099157333374
}