{
    "tagged": 3.9250411646207795e-05,
    "mental_status": 0.024683943018317223,
    "avpu": 0.002600436331704259,
    "intent": 0.036006804555654526,
    "directness_of_causality": 0.19569896161556244,
    "aid_available": 0.13484548032283783,
    "treating": 0.215963214635849,
    "HRA Strategy.time-resources.take-the-best": 0.005901232827454805,
    "HRA Strategy.time-resources.one-bounce": 0.0004152256587985903,
    "HRA Strategy.time-risk_reward_ratio.take-the-best": 0.0007586509454995394,
    "HRA Strategy.resources-system.take-the-best": 0.0002613093238323927,
    "HRA Strategy.risk_reward_ratio-system.one-bounce": 0.0011679251911118627,
    "HRA Strategy.time-resources-system.tallying": 0.0014308808604255319,
    "HRA Strategy.time-resources-system.one-bounce": 0.0006602478679269552,
    "HRA Strategy.resources-risk_reward_ratio-system.one-bounce": 0.001110525568947196,
    "HRA Strategy.time-resources-risk_reward_ratio-system.one-bounce": 0.0003026924096047878,
    "Take-The-Best Priority": 0.0019842004403471947,
    "Satisfactory Priority": 0.0022154184989631176,
    "pDeath": 2.9633856684085913e-05,
    "pPain": 0.00033370181336067617,
    "pBrainInjury": 0.0011515353107824922,
    "pInternalBleeding": 2.4747456336626783e-05,
    "entropyDeath": 0.0010633833007887006,
    "SEVERITY": 0.00944468192756176,
    "SUPPLIES_REMAINING": 0.0017613753443583846,
    "AVERAGE_TIME_USED": 0.009481256827712059,
    "DAMAGE_PER_SECOND": 5.1417122449493036e-05,
    "MEDSIM_P_DEATH": 0.00017209128418471664,
    "SEVERITY_CHANGE": 3.906849815393798e-05,
    "SUPPLIES_USED": 0.20094597339630127,
    "SEVEREST_SEVERITY": 8.95268822205253e-05,
    "WEIGHTED_RESOURCE_SCORE": 0.0005746650276705623,
    "SMOL_MEDICAL_SOUNDNESS": 0.125449538230896,
    "treatment": 0.023341044783592224
}