{
    "age": 0.025255048647522926,
    "tagged": 0.03921494260430336,
    "visited": 0.012422137893736362,
    "conscious": 0.004467672668397427,
    "breathing": 0.014221963472664356,
    "hrpmin": 0.016982272267341614,
    "avpu": 0.008215425536036491,
    "unvisited_count": 0.012871640734374523,
    "injured_count": 0.007586516439914703,
    "environment_type": 0.007897215895354748,
    "questioning": 0.28078657388687134,
    "assessing": 0.15374687314033508,
    "tagging": 0.10108964145183563,
    "HRA Strategy.time-risk_reward_ratio.take-the-best": 0.005157033447176218,
    "HRA Strategy.time-system.tallying": 0.0019429095555096865,
    "HRA Strategy.resources-system.take-the-best": 0.005349270533770323,
    "One-Bounce Priority": 0.04467155784368515,
    "pDeath": 0.00839242897927761,
    "pPain": 0.015504161827266216,
    "pBrainInjury": 0.0037536059971898794,
    "pAirwayBlocked": 0.0068308692425489426,
    "pInternalBleeding": 0.01952090859413147,
    "pExternalBleeding": 0.01705949939787388,
    "entropy": 0.010683446191251278,
    "entropyDeath": 0.012128712609410286,
    "SEVERITY": 0.004563708323985338,
    "AVERAGE_TIME_USED": 0.023421622812747955,
    "MEDSIM_P_DEATH": 0.004862351343035698,
    "MEDSIM_P_DEATH_ONE_MIN_LATER": 0.008109848946332932,
    "WEIGHTED_RESOURCE_SCORE": 0.015654129907488823,
    "SMOL_MEDICAL_SOUNDNESS": 0.0036224040668457747,
    "INFORMATION_GAINED": 0.06422416865825653,
    "treatment": 0.029116515070199966,
    "category": 0.010672848671674728
}