{
    "age": 0.02173209935426712,
    "tagged": 0.18531683087348938,
    "assessing": 0.17264658212661743,
    "tagging": 0.2799917459487915,
    "category": 0.01197004783898592,
    "HRA Strategy.time-resources.take-the-best": 0.053014613687992096,
    "HRA Strategy.time-system.tallying": 0.04296925291419029,
    "SEVERITY": 0.021541358903050423,
    "DAMAGE_PER_SECOND": 0.170820951461792,
    "WEIGHTED_RESOURCE_SCORE": 0.03999655693769455
}