{
    "age": 0.027784042060375214,
    "tagged": 0.03853076323866844,
    "visited": 0.02103143371641636,
    "conscious": 0.005315933842211962,
    "breathing": 0.009442754089832306,
    "hrpmin": 0.005693215411156416,
    "avpu": 0.0021758873481303453,
    "unvisited_count": 0.009377175942063332,
    "environment_type": 0.011521621607244015,
    "questioning": 0.05950702726840973,
    "assessing": 0.13889865577220917,
    "tagging": 0.07960323244333267,
    "leaving": 0.2526090145111084,
    "HRA Strategy.time-system.exhaustive": 0.0013534508179873228,
    "HRA Strategy.resources-system.exhaustive": 0.002814478473737836,
    "Satisfactory Priority": 0.01737825945019722,
    "One-Bounce Priority": 0.03394404053688049,
    "pDeath": 0.013515075668692589,
    "pPain": 0.01648723892867565,
    "pBrainInjury": 0.017703674733638763,
    "pAirwayBlocked": 0.002545969793573022,
    "pInternalBleeding": 0.005007698200643063,
    "pExternalBleeding": 0.004405752290040255,
    "entropy": 0.011246851645410061,
    "entropyDeath": 0.00283482251688838,
    "SEVERITY": 0.002385556697845459,
    "SUPPLIES_REMAINING": 0.001987622119486332,
    "AVERAGE_TIME_USED": 0.011412582360208035,
    "DAMAGE_PER_SECOND": 0.0027719803620129824,
    "SEVERITY_CHANGE": 0.0011738002067431808,
    "SEVEREST_SEVERITY": 0.0010091051226481795,
    "SEVEREST_SEVERITY_CHANGE": 0.12182547897100449,
    "WEIGHTED_RESOURCE_SCORE": 0.014432628639042377,
    "INFORMATION_GAINED": 0.00886333268135786,
    "treatment": 0.026365069672465324,
    "category": 0.017044708132743835
}