{
    "intent": 0.17494219541549683,
    "directness_of_causality": 0.12065412849187851,
    "aid_available": 0.15066038072109222,
    "treating": 0.2714853286743164,
    "SEVERITY": 0.0159910935908556,
    "SUPPLIES_USED": 0.17330174148082733,
    "SMOL_MEDICAL_SOUNDNESS": 0.09296511858701706
}