{
    "tagged": 0.02890971675515175,
    "unvisited_count": 0.013678922317922115,
    "questioning": 0.17871220409870148,
    "assessing": 0.24340054392814636,
    "tagging": 0.1943492889404297,
    "leaving": 0.11375172436237335,
    "treatment": 0.05369264632463455,
    "HRA Strategy.time-resources.take-the-best": 0.007713929284363985,
    "One-Bounce Priority": 0.07597397267818451,
    "pPain": 0.011006363667547703,
    "INFORMATION_GAINED": 0.05664914846420288,
    "category": 0.022161489352583885
}