{
    "age": 0.011368321254849434,
    "tagged": 0.031270720064640045,
    "visited": 0.00038378775934688747,
    "conscious": 0.0008346561226062477,
    "breathing": 0.006999014876782894,
    "hrpmin": 0.007642946671694517,
    "avpu": 0.006270070094615221,
    "unvisited_count": 0.006045040208846331,
    "others_tagged_or_uninjured": 0.0006314371130429208,
    "environment_type": 0.0028107590042054653,
    "questioning": 0.12312747538089752,
    "assessing": 0.15843185782432556,
    "treating": 0.000848000927362591,
    "tagging": 0.1761050522327423,
    "leaving": 0.2476818710565567,
    "HRA Strategy.time-resources.take-the-best": 0.0040425145998597145,
    "HRA Strategy.time-resources.one-bounce": 0.0001686652103671804,
    "HRA Strategy.time-system.exhaustive": 0.012763596139848232,
    "HRA Strategy.time-system.tallying": 0.0016125791007652879,
    "HRA Strategy.resources-risk_reward_ratio.take-the-best": 0.0004495313041843474,
    "HRA Strategy.resources-system.take-the-best": 0.0017324837390333414,
    "HRA Strategy.resources-system.exhaustive": 0.002907639602199197,
    "Take-The-Best Priority": 0.0003234107280150056,
    "Satisfactory Priority": 0.0020016280468553305,
    "One-Bounce Priority": 0.02825283072888851,
    "pDeath": 0.0061523267067968845,
    "pPain": 0.00907741766422987,
    "pBrainInjury": 0.0024852582719177008,
    "pAirwayBlocked": 0.012940109707415104,
    "pInternalBleeding": 0.009229201823472977,
    "pExternalBleeding": 0.0055681681260466576,
    "entropy": 0.007415133994072676,
    "entropyDeath": 0.007988139986991882,
    "SEVERITY": 0.0036244213115423918,
    "SUPPLIES_REMAINING": 0.0006484030745923519,
    "AVERAGE_TIME_USED": 0.009158642962574959,
    "DAMAGE_PER_SECOND": 0.00043586420360952616,
    "MEDSIM_P_DEATH": 0.00815830659121275,
    "MEDSIM_P_DEATH_ONE_MIN_LATER": 0.002033752156421542,
    "SEVERITY_CHANGE": 0.0027014659717679024,
    "SEVEREST_SEVERITY": 0.0006920696469023824,
    "SEVEREST_SEVERITY_CHANGE": 0.0033012032508850098,
    "WEIGHTED_RESOURCE_SCORE": 0.003640715731307864,
    "SMOL_MEDICAL_SOUNDNESS": 0.003992164041846991,
    "INFORMATION_GAINED": 0.021736329421401024,
    "treatment": 0.03549860417842865,
    "category": 0.008816472254693508
}