{
    "tagged": 0.5652668476104736,
    "conscious": 0.04535965621471405,
    "category": 0.024645699188113213,
    "HRA Strategy.time-resources.take-the-best": 0.14482606947422028,
    "SEVERITY": 0.07091660052537918,
    "DAMAGE_PER_SECOND": 0.11484701186418533,
    "treatment": 0.03413812816143036
}