{
    "age": 0.008421026170253754,
    "tagged": 0.020365914329886436,
    "breathing": 0.007682831026613712,
    "avpu": 0.003873559646308422,
    "unvisited_count": 0.014169695787131786,
    "injured_count": 0.020735008642077446,
    "questioning": 0.22420284152030945,
    "assessing": 0.2000287026166916,
    "tagging": 0.12828463315963745,
    "leaving": 0.19879354536533356,
    "treatment": 0.026835570111870766,
    "Satisfactory Priority": 0.006470025982707739,
    "One-Bounce Priority": 0.03760881349444389,
    "pPain": 0.005368716549128294,
    "pBrainInjury": 0.0032506221905350685,
    "pAirwayBlocked": 0.004203077405691147,
    "pInternalBleeding": 0.006483770906925201,
    "pExternalBleeding": 0.00778341107070446,
    "entropy": 0.007956800051033497,
    "entropyDeath": 0.010868236422538757,
    "MEDSIM_P_DEATH": 0.005755760706961155,
    "INFORMATION_GAINED": 0.040773969143629074,
    "category": 0.010083607397973537
}