{
    "age": 0.04163138195872307,
    "visited": 0.05880220979452133,
    "unvisited_count": 0.02455884777009487,
    "injured_count": 0.053173381835222244,
    "questioning": 0.13098502159118652,
    "assessing": 0.1833404004573822,
    "tagging": 0.28892403841018677,
    "HRA Strategy.time-resources.take-the-best": 0.04652838408946991,
    "One-Bounce Priority": 0.055033836513757706,
    "pPain": 0.01957896538078785,
    "entropy": 0.018425626680254936,
    "treatment": 0.061246130615472794,
    "category": 0.017771853134036064
}