intent,directness_of_causality,aid_available,treating,SUPPLIES_REMAINING,AVERAGE_TIME_USED,SUPPLIES_USED
0.023771697655320168,0.19365228712558746,0.19726243615150452,0.29960641264915466,0.08714427053928375,0.004642949439585209,0.1939201056957245
