{
    "questioning": 0.24792680144309998,
    "assessing": 0.35065895318984985,
    "tagging": 0.09240216761827469,
    "leaving": 0.3090120553970337
}