{
    "age": 0.00420477194711566,
    "tagged": 0.014666902832686901,
    "breathing": 0.002770938677713275,
    "hrpmin": 0.0038059218786656857,
    "unvisited_count": 0.007244025822728872,
    "injured_count": 0.011590187437832355,
    "questioning": 0.1301823854446411,
    "assessing": 0.10351492464542389,
    "tagging": 0.12840360403060913,
    "leaving": 0.5019785165786743,
    "HRA Strategy.time-resources.take-the-best": 0.0015215168241411448,
    "Satisfactory Priority": 0.003110898192971945,
    "One-Bounce Priority": 0.017377560958266258,
    "pPain": 0.00314482394605875,
    "pBrainInjury": 0.0013775734696537256,
    "pAirwayBlocked": 0.009786191396415234,
    "pInternalBleeding": 0.004987036343663931,
    "pExternalBleeding": 0.005511010531336069,
    "entropy": 0.004934889730066061,
    "entropyDeath": 0.0018397493986412883,
    "AVERAGE_TIME_USED": 0.005218194797635078,
    "MEDSIM_P_DEATH": 0.003647757461294532,
    "INFORMATION_GAINED": 0.0028646430000662804,
    "treatment": 0.020425453782081604,
    "category": 0.005890460219234228
}