{
    "breathing": 0.019792597740888596,
    "intent": 0.018372274935245514,
    "directness_of_causality": 0.19879695773124695,
    "aid_available": 0.2069500833749771,
    "treating": 0.2977626323699951,
    "SEVERITY": 0.026854870840907097,
    "SUPPLIES_USED": 0.2111111283302307,
    "SEVEREST_SEVERITY": 0.020359398797154427
}