{
    "tagged": 0.03114956058561802,
    "conscious": 0.012009365484118462,
    "breathing": 0.05648794397711754,
    "hrpmin": 0.012112283147871494,
    "environment_type": 0.013800961896777153,
    "questioning": 0.2786191701889038,
    "assessing": 0.28988468647003174,
    "tagging": 0.20337128639221191,
    "category": 0.010283968411386013,
    "pDeath": 0.00947825238108635,
    "pBrainInjury": 0.0078633027151227,
    "entropyDeath": 0.013951902277767658,
    "AVERAGE_TIME_USED": 0.014687158167362213,
    "treatment": 0.04630006104707718
}