{
    "intent": 0.14643023908138275,
    "aid_available": 0.12945914268493652,
    "treating": 0.5029984712600708,
    "MEDSIM_P_DEATH_ONE_MIN_LATER": 0.06260187178850174,
    "SUPPLIES_USED": 0.1286904215812683,
    "SMOL_MEDICAL_SOUNDNESS": 0.029819848015904427
}