{
    "age": 0.016100415959954262,
    "tagged": 0.05712534114718437,
    "visited": 0.0010791232343763113,
    "conscious": 0.0065986402332782745,
    "breathing": 0.006870628334581852,
    "hrpmin": 0.000975823262706399,
    "avpu": 0.0008106612367555499,
    "unvisited_count": 0.008839116431772709,
    "others_tagged_or_uninjured": 0.0021323475521057844,
    "environment_type": 0.0029318511951714754,
    "questioning": 0.2262984812259674,
    "assessing": 0.18596556782722473,
    "tagging": 0.2661605179309845,
    "category": 0.007494918070733547,
    "HRA Strategy.time-resources.take-the-best": 0.0023377747274935246,
    "HRA Strategy.time-risk_reward_ratio.take-the-best": 0.0023147049359977245,
    "HRA Strategy.time-system.tallying": 0.010341405868530273,
    "HRA Strategy.resources-system.take-the-best": 0.0007469228003174067,
    "One-Bounce Priority": 0.02099190652370453,
    "pDeath": 0.01705494150519371,
    "pPain": 0.026418272405862808,
    "pBrainInjury": 0.0012233518064022064,
    "pAirwayBlocked": 0.006421479396522045,
    "pInternalBleeding": 0.009888858534395695,
    "pExternalBleeding": 0.007714468985795975,
    "entropy": 0.02003774233162403,
    "entropyDeath": 0.0004343334003351629,
    "SEVERITY": 0.0016949878772720695,
    "SUPPLIES_REMAINING": 0.0005248518427833915,
    "AVERAGE_TIME_USED": 0.02910587005317211,
    "DAMAGE_PER_SECOND": 0.0018871347419917583,
    "MEDSIM_P_DEATH": 0.0010488966945558786,
    "MEDSIM_P_DEATH_ONE_MIN_LATER": 0.0009097949368879199,
    "WEIGHTED_RESOURCE_SCORE": 0.004182156175374985,
    "SMOL_MEDICAL_SOUNDNESS": 0.005451697390526533,
    "INFORMATION_GAINED": 0.0048489137552678585,
    "treatment": 0.035036083310842514
}