{
    "age": 0.12319415807723999,
    "tagged": 0.14745627343654633,
    "visited": 0.012810553424060345,
    "conscious": 0.08228687942028046,
    "breathing": 0.025446083396673203,
    "unvisited_count": 0.000604116590693593,
    "injured_count": 0.00584788853302598,
    "environment_type": 0.0013224409194663167,
    "questioning": 0.12301909178495407,
    "tagging": 0.03751171752810478,
    "category": 0.07978372275829315,
    "HRA Strategy.time-resources.take-the-best": 0.003996474202722311,
    "HRA Strategy.time-resources.one-bounce": 0.002248102566227317,
    "HRA Strategy.time-risk_reward_ratio.take-the-best": 0.03185968101024628,
    "HRA Strategy.time-risk_reward_ratio.one-bounce": 0.000986296683549881,
    "pPain": 0.0009702079696580768,
    "pAirwayBlocked": 0.003417976899072528,
    "entropy": 0.13170413672924042,
    "SEVERITY": 0.031171580776572227,
    "SUPPLIES_REMAINING": 0.026705408468842506,
    "AVERAGE_TIME_USED": 0.0038041279185563326,
    "DAMAGE_PER_SECOND": 0.039918866008520126,
    "MEDSIM_P_DEATH": 0.011795644648373127,
    "MEDSIM_P_DEATH_ONE_MIN_LATER": 0.0012814465444535017,
    "WEIGHTED_RESOURCE_SCORE": 0.006067133042961359,
    "SMOL_MEDICAL_SOUNDNESS": 0.022306589409708977,
    "INFORMATION_GAINED": 0.011331479996442795,
    "treatment": 0.031152011826634407
}