{
    "age": 0.024749038740992546,
    "tagged": 0.0367819182574749,
    "breathing": 0.017434243112802505,
    "injured_count": 0.10314983874559402,
    "environment_type": 0.04553507640957832,
    "questioning": 0.17085811495780945,
    "assessing": 0.2087053507566452,
    "tagging": 0.19779352843761444,
    "category": 0.018659917637705803,
    "HRA Strategy.time-system.exhaustive": 0.009139242582023144,
    "pAirwayBlocked": 0.0041551548056304455,
    "entropy": 0.012039334513247013,
    "SEVERITY": 0.02164445072412491,
    "AVERAGE_TIME_USED": 0.02838784269988537,
    "MEDSIM_P_DEATH": 0.026350906118750572,
    "WEIGHTED_RESOURCE_SCORE": 0.01799633912742138,
    "SMOL_MEDICAL_SOUNDNESS": 0.009686840698122978,
    "INFORMATION_GAINED": 0.02094307169318199,
    "treatment": 0.025989847257733345
}