{
    "questioning": 0.4077795743942261,
    "assessing": 0.5922203660011292
}