{
    "conscious": 0.0212018433958292,
    "avpu": 0.03811104595661163,
    "intent": 0.010237546637654305,
    "directness_of_causality": 0.15556497871875763,
    "aid_available": 0.1085357517004013,
    "treating": 0.1687564253807068,
    "HRA Strategy.time-resources.take-the-best": 0.0015486790798604488,
    "HRA Strategy.resources-system.take-the-best": 0.0071160318329930305,
    "HRA Strategy.risk_reward_ratio-system.one-bounce": 0.0009603470098227262,
    "Satisfactory Priority": 0.0009989681420847774,
    "SEVERITY": 0.0049670385196805,
    "AVERAGE_TIME_USED": 0.027043122798204422,
    "SUPPLIES_USED": 0.12429194897413254,
    "SMOL_MEDICAL_SOUNDNESS": 0.3077496588230133,
    "treatment": 0.022916577756404877
}