{
    "age": 0.03586998209357262,
    "tagged": 0.06158456206321716,
    "visited": 0.0029451765585690737,
    "conscious": 0.013560195453464985,
    "breathing": 0.011430943384766579,
    "hrpmin": 0.007831186056137085,
    "avpu": 0.008470967411994934,
    "unvisited_count": 0.010983741842210293,
    "environment_type": 0.015579255297780037,
    "questioning": 0.16356073319911957,
    "assessing": 0.09371106326580048,
    "treating": 0.007146591320633888,
    "tagging": 0.0009168629185296595,
    "leaving": 0.07273655384778976,
    "category": 0.022403258830308914,
    "HRA Strategy.time-resources.take-the-best": 0.009035434573888779,
    "HRA Strategy.time-resources.one-bounce": 0.0004408151435200125,
    "HRA Strategy.time-risk_reward_ratio.take-the-best": 0.0002989369386341423,
    "HRA Strategy.time-risk_reward_ratio.one-bounce": 0.00017326998931821436,
    "HRA Strategy.time-system.exhaustive": 0.006252108607441187,
    "HRA Strategy.time-system.tallying": 0.00020957748347427696,
    "HRA Strategy.resources-risk_reward_ratio.one-bounce": 0.0038909115828573704,
    "HRA Strategy.resources-system.take-the-best": 0.0002973926020786166,
    "HRA Strategy.resources-system.exhaustive": 0.0015255480539053679,
    "HRA Strategy.risk_reward_ratio-system.exhaustive": 0.005499730817973614,
    "HRA Strategy.time-resources-system.one-bounce": 0.00017354612646158785,
    "Take-The-Best Priority": 0.0003983652568422258,
    "One-Bounce Priority": 0.0012386980233713984,
    "pDeath": 0.009820995852351189,
    "pPain": 0.0059594702906906605,
    "pBrainInjury": 0.08744058758020401,
    "pAirwayBlocked": 0.0007346112979575992,
    "pInternalBleeding": 0.007949733175337315,
    "pExternalBleeding": 0.0030759647488594055,
    "entropy": 0.012252151034772396,
    "entropyDeath": 0.05142362043261528,
    "SEVERITY": 0.007945912890136242,
    "SUPPLIES_REMAINING": 0.004809211473912001,
    "AVERAGE_TIME_USED": 0.009994707070291042,
    "DAMAGE_PER_SECOND": 0.00793247576802969,
    "MEDSIM_P_DEATH_ONE_MIN_LATER": 0.012067210860550404,
    "SEVERITY_CHANGE": 0.0018406541785225272,
    "SEVEREST_SEVERITY": 0.00016074332233984023,
    "SEVEREST_SEVERITY_CHANGE": 0.13870927691459656,
    "WEIGHTED_RESOURCE_SCORE": 0.005387197248637676,
    "INFORMATION_GAINED": 0.048648640513420105,
    "treatment": 0.025681328028440475
}