{
    "directness_of_causality": 0.12960860133171082,
    "aid_available": 0.21383601427078247,
    "treating": 0.3663080036640167,
    "SEVERITY": 0.026958905160427094,
    "SUPPLIES_USED": 0.24071526527404785,
    "SEVEREST_SEVERITY": 0.02257321961224079
}