{
    "age": 0.03385506197810173,
    "tagged": 0.018762195482850075,
    "environment_type": 0.013337481766939163,
    "assessing": 0.2927428185939789,
    "tagging": 0.340953528881073,
    "treatment": 0.05886704474687576,
    "HRA Strategy.time-system.tallying": 0.017403561621904373,
    "Satisfactory Priority": 0.03473187983036041,
    "pPain": 0.019564928486943245,
    "AVERAGE_TIME_USED": 0.02960921823978424,
    "DAMAGE_PER_SECOND": 0.006954992655664682,
    "MEDSIM_P_DEATH": 0.04269551858305931,
    "SEVEREST_SEVERITY": 0.03105718269944191,
    "SMOL_MEDICAL_SOUNDNESS": 0.0594644695520401
}