{
    "questioning": 0.2881205976009369,
    "assessing": 0.28391554951667786,
    "tagging": 0.09301590174436569,
    "leaving": 0.3349479138851166
}