{
    "mental_status": 0.0020477285142987967,
    "intent": 0.028285417705774307,
    "directness_of_causality": 0.18971888720989227,
    "aid_available": 0.17546024918556213,
    "treating": 0.2817423343658447,
    "Take-The-Best Priority": 0.0005800962098874152,
    "SUPPLIES_REMAINING": 0.0012868517078459263,
    "AVERAGE_TIME_USED": 0.0031405712943524122,
    "SUPPLIES_USED": 0.23360195755958557,
    "SMOL_MEDICAL_SOUNDNESS": 0.08413590490818024
}