{
    "age": 0.01510435901582241,
    "tagged": 0.031791798770427704,
    "visited": 0.002345585497096181,
    "conscious": 0.004868095275014639,
    "breathing": 0.007159809581935406,
    "avpu": 0.008257219567894936,
    "injured_count": 0.007976558990776539,
    "environment_type": 0.013284318149089813,
    "questioning": 0.1653609275817871,
    "assessing": 0.12115483731031418,
    "treating": 0.0005791959702037275,
    "tagging": 0.18548378348350525,
    "leaving": 0.2812037765979767,
    "category": 0.004413402173668146,
    "HRA Strategy.time-resources.take-the-best": 0.001827199594117701,
    "HRA Strategy.time-resources.one-bounce": 0.0020262578036636114,
    "HRA Strategy.time-risk_reward_ratio.take-the-best": 0.0008204272598959506,
    "HRA Strategy.resources-system.take-the-best": 0.0006574785802513361,
    "Satisfactory Priority": 0.010256079025566578,
    "One-Bounce Priority": 0.004675297997891903,
    "pDeath": 0.012213516980409622,
    "pPain": 0.005003670230507851,
    "pBrainInjury": 0.011724268086254597,
    "pAirwayBlocked": 0.0006107500521466136,
    "pInternalBleeding": 0.00948377139866352,
    "pExternalBleeding": 0.005036313086748123,
    "entropy": 0.004357931669801474,
    "entropyDeath": 0.0034445079509168863,
    "SEVERITY": 0.00535268010571599,
    "SUPPLIES_REMAINING": 0.005451846867799759,
    "AVERAGE_TIME_USED": 0.00854866299778223,
    "DAMAGE_PER_SECOND": 0.0038114115595817566,
    "MEDSIM_P_DEATH": 0.0022637550719082355,
    "MEDSIM_P_DEATH_ONE_MIN_LATER": 0.006222846917808056,
    "SEVEREST_SEVERITY_CHANGE": 0.0026190432254225016,
    "WEIGHTED_RESOURCE_SCORE": 0.001240684767253697,
    "SMOL_MEDICAL_SOUNDNESS": 0.004563761409372091,
    "INFORMATION_GAINED": 0.007895870134234428,
    "treatment": 0.03090829961001873
}