{
    "age": 0.0057023330591619015,
    "tagged": 0.025059374049305916,
    "breathing": 0.005801341030746698,
    "hrpmin": 0.006687487475574017,
    "injured_count": 0.014873865060508251,
    "questioning": 0.21173928678035736,
    "assessing": 0.2271835058927536,
    "tagging": 0.18648779392242432,
    "leaving": 0.17245829105377197,
    "Satisfactory Priority": 0.01342229638248682,
    "One-Bounce Priority": 0.026191582903265953,
    "pPain": 0.006867441348731518,
    "pAirwayBlocked": 0.0046233139000833035,
    "pInternalBleeding": 0.008044956251978874,
    "pExternalBleeding": 0.007916665636003017,
    "entropy": 0.01396363228559494,
    "AVERAGE_TIME_USED": 0.010625870898365974,
    "treatment": 0.04157008230686188,
    "category": 0.010780892334878445
}