{
    "tagged": 0.017967652529478073,
    "intent": 0.013326897285878658,
    "directness_of_causality": 0.10940833389759064,
    "aid_available": 0.08182231336832047,
    "treating": 0.14297746121883392,
    "HRA Strategy.time-resources.take-the-best": 0.002699360018596053,
    "HRA Strategy.time-system.tallying": 0.041716884821653366,
    "Take-The-Best Priority": 0.002371431328356266,
    "Satisfactory Priority": 0.0022393525578081608,
    "pInternalBleeding": 0.01149259228259325,
    "entropyDeath": 0.019667983055114746,
    "SEVERITY": 0.012171825394034386,
    "SUPPLIES_REMAINING": 0.002256223699077964,
    "AVERAGE_TIME_USED": 0.031244508922100067,
    "DAMAGE_PER_SECOND": 0.06652039289474487,
    "SUPPLIES_USED": 0.1599183976650238,
    "SMOL_MEDICAL_SOUNDNESS": 0.2790168225765228,
    "treatment": 0.0031816407572478056
}