{
    "age": 0.011451676487922668,
    "tagged": 0.026205820962786674,
    "visited": 0.005108504556119442,
    "breathing": 0.008400854654610157,
    "hrpmin": 0.009739573113620281,
    "unvisited_count": 0.0017219993751496077,
    "injured_count": 0.01840950734913349,
    "environment_type": 0.0020908077713102102,
    "questioning": 0.23991133272647858,
    "assessing": 0.1693958193063736,
    "treating": 0.0040820082649588585,
    "tagging": 0.1607656031847,
    "leaving": 0.154464453458786,
    "HRA Strategy.time-resources.take-the-best": 0.002045285888016224,
    "HRA Strategy.time-system.exhaustive": 0.014048718847334385,
    "HRA Strategy.resources-system.exhaustive": 0.0008538260590285063,
    "Satisfactory Priority": 0.0019367600325495005,
    "One-Bounce Priority": 0.026067066937685013,
    "pDeath": 0.0028717543464154005,
    "pPain": 0.00576839130371809,
    "pBrainInjury": 0.0020865367259830236,
    "pAirwayBlocked": 0.003892306936904788,
    "pInternalBleeding": 0.0064146863296628,
    "pExternalBleeding": 0.008366345427930355,
    "entropy": 0.011768357828259468,
    "entropyDeath": 0.005557424854487181,
    "SEVERITY": 0.0009391172206960618,
    "SUPPLIES_REMAINING": 0.0008741487981751561,
    "AVERAGE_TIME_USED": 0.011553355492651463,
    "MEDSIM_P_DEATH": 0.01475281547755003,
    "MEDSIM_P_DEATH_ONE_MIN_LATER": 0.000752530584577471,
    "SEVEREST_SEVERITY": 0.003465151647105813,
    "WEIGHTED_RESOURCE_SCORE": 0.0047943745739758015,
    "SMOL_MEDICAL_SOUNDNESS": 0.0032772470731288195,
    "INFORMATION_GAINED": 0.019381355494260788,
    "treatment": 0.027205895632505417,
    "category": 0.00957854650914669
}