{
    "tagged": 0.028624137863516808,
    "visited": 0.001727441092953086,
    "mental_status": 0.004273760598152876,
    "breathing": 0.002456482034176588,
    "intent": 0.1302718222141266,
    "directness_of_causality": 0.11460045725107193,
    "treating": 0.10559966415166855,
    "HRA Strategy.risk_reward_ratio-system.one-bounce": 0.0013936636969447136,
    "pAirwayBlocked": 0.0025624579284340143,
    "pInternalBleeding": 0.0013138019712641835,
    "SEVERITY": 0.026581265032291412,
    "SUPPLIES_REMAINING": 0.0020383386872708797,
    "SEVERITY_CHANGE": 0.26733675599098206,
    "WEIGHTED_RESOURCE_SCORE": 0.0017243782058358192,
    "SMOL_MEDICAL_SOUNDNESS": 0.2050749659538269,
    "treatment": 0.09589383751153946,
    "category": 0.008526730351150036
}