{
    "age": 0.021817179396748543,
    "tagged": 0.00204517412930727,
    "visited": 0.08272679150104523,
    "conscious": 0.021702077239751816,
    "breathing": 0.015527970157563686,
    "hrpmin": 0.004148009233176708,
    "avpu": 0.007317427545785904,
    "unvisited_count": 0.023104529827833176,
    "injured_count": 0.03025391511619091,
    "environment_type": 0.008798508904874325,
    "questioning": 0.07768422365188599,
    "assessing": 0.11234964430332184,
    "tagging": 0.2968491017818451,
    "HRA Strategy.time-resources.take-the-best": 0.07722490280866623,
    "HRA Strategy.time-resources.one-bounce": 0.001006736303679645,
    "HRA Strategy.resources-risk_reward_ratio.take-the-best": 0.0017316322773694992,
    "HRA Strategy.resources-risk_reward_ratio.one-bounce": 0.001367485849186778,
    "Satisfactory Priority": 0.005665035918354988,
    "One-Bounce Priority": 0.014441979117691517,
    "pDeath": 0.01348621491342783,
    "pPain": 0.02470734342932701,
    "pBrainInjury": 0.004431167617440224,
    "pAirwayBlocked": 0.0011020173551514745,
    "pInternalBleeding": 0.015114028938114643,
    "pExternalBleeding": 0.014448232017457485,
    "entropy": 0.013959291391074657,
    "SEVERITY": 0.00819791853427887,
    "SUPPLIES_REMAINING": 0.006814594380557537,
    "AVERAGE_TIME_USED": 0.009879146702587605,
    "MEDSIM_P_DEATH": 0.013728998601436615,
    "SMOL_MEDICAL_SOUNDNESS": 0.000617547775618732,
    "treatment": 0.05740406736731529,
    "category": 0.010347102768719196
}