{
    "directness_of_causality": 0.12393687665462494,
    "aid_available": 0.17874696850776672,
    "treating": 0.3558195233345032,
    "AVERAGE_TIME_USED": 0.021813590079545975,
    "SEVERITY_CHANGE": 0.02295607142150402,
    "SUPPLIES_USED": 0.24908259510993958,
    "SEVEREST_SEVERITY": 0.04764430224895477
}