{
    "tagged": 0.13876672089099884,
    "mental_status": 0.012118574231863022,
    "breathing": 0.025765210390090942,
    "intent": 0.049873869866132736,
    "directness_of_causality": 0.3691522777080536,
    "treating": 0.015156724490225315,
    "HRA Strategy.resources-system.take-the-best": 0.023344896733760834,
    "HRA Strategy.time-resources-system.one-bounce": 0.011663583107292652,
    "HRA Strategy.time-resources-risk_reward_ratio-system.one-bounce": 0.007438438944518566,
    "Take-The-Best Priority": 0.009967814199626446,
    "Satisfactory Priority": 0.029771748930215836,
    "WEIGHTED_RESOURCE_SCORE": 0.009940201416611671,
    "SMOL_MEDICAL_SOUNDNESS": 0.2815645933151245,
    "category": 0.015475421212613583
}