{
    "age": 0.031034542247653008,
    "tagged": 0.06256789714097977,
    "visited": 0.0367286317050457,
    "conscious": 0.0032989487517625093,
    "breathing": 0.010222170501947403,
    "hrpmin": 0.006785720586776733,
    "unvisited_count": 0.008147766813635826,
    "environment_type": 0.013439154252409935,
    "questioning": 0.07820118963718414,
    "assessing": 0.11985205858945847,
    "tagging": 0.059479765594005585,
    "leaving": 0.30016109347343445,
    "HRA Strategy.resources-system.exhaustive": 0.004826300777494907,
    "Satisfactory Priority": 0.005810504779219627,
    "One-Bounce Priority": 0.03894529491662979,
    "pDeath": 0.016106436029076576,
    "pPain": 0.019252220168709755,
    "pBrainInjury": 0.02290238067507744,
    "pAirwayBlocked": 0.002826477400958538,
    "pInternalBleeding": 0.005985022522509098,
    "pExternalBleeding": 0.006709301378577948,
    "entropy": 0.011401723138988018,
    "entropyDeath": 0.004242489114403725,
    "SEVERITY": 0.002752352738752961,
    "AVERAGE_TIME_USED": 0.008442850783467293,
    "DAMAGE_PER_SECOND": 0.0017274480778723955,
    "SEVEREST_SEVERITY_CHANGE": 0.03800605610013008,
    "WEIGHTED_RESOURCE_SCORE": 0.021394094452261925,
    "INFORMATION_GAINED": 0.007693694904446602,
    "treatment": 0.03246761113405228,
    "category": 0.018588876351714134
}