{
    "age": 0.00695630069822073,
    "tagged": 0.04052622616291046,
    "visited": 0.0028915710281580687,
    "conscious": 0.002153631765395403,
    "breathing": 0.0053532300516963005,
    "hrpmin": 0.006043530534952879,
    "avpu": 0.0006736607756465673,
    "unvisited_count": 0.012654537335038185,
    "injured_count": 0.014874075539410114,
    "environment_type": 0.001158615224994719,
    "questioning": 0.1956212818622589,
    "assessing": 0.1541386991739273,
    "treating": 0.00040167529368773103,
    "tagging": 0.1751369833946228,
    "leaving": 0.21670296788215637,
    "HRA Strategy.time-resources.take-the-best": 0.0035533637274056673,
    "HRA Strategy.time-system.exhaustive": 0.0015853546792641282,
    "HRA Strategy.time-system.one-bounce": 0.0004920023493468761,
    "HRA Strategy.resources-system.take-the-best": 0.0014476235955953598,
    "HRA Strategy.resources-system.exhaustive": 0.0007881807396188378,
    "HRA Strategy.risk_reward_ratio-system.exhaustive": 0.001905264682136476,
    "Satisfactory Priority": 0.004644184373319149,
    "One-Bounce Priority": 0.02032524161040783,
    "pDeath": 0.0033808716107159853,
    "pPain": 0.006166643928736448,
    "pBrainInjury": 0.0021557214204221964,
    "pAirwayBlocked": 0.013676582835614681,
    "pInternalBleeding": 0.010090128518640995,
    "pExternalBleeding": 0.014013582840561867,
    "entropy": 0.009244423359632492,
    "entropyDeath": 0.002010564785450697,
    "SEVERITY": 0.0030048841144889593,
    "SUPPLIES_REMAINING": 0.00040769114275462925,
    "AVERAGE_TIME_USED": 0.010174326598644257,
    "DAMAGE_PER_SECOND": 0.00036488150362856686,
    "MEDSIM_P_DEATH": 0.002321015577763319,
    "MEDSIM_P_DEATH_ONE_MIN_LATER": 0.0009924565674737096,
    "SEVERITY_CHANGE": 0.0014865250559523702,
    "SEVEREST_SEVERITY": 0.005751021206378937,
    "WEIGHTED_RESOURCE_SCORE": 0.0014772569993510842,
    "SMOL_MEDICAL_SOUNDNESS": 0.0010439184261485934,
    "INFORMATION_GAINED": 0.0023027961142361164,
    "treatment": 0.030862025916576385,
    "category": 0.009044524282217026
}