{
    "tagged": 0.29031088948249817,
    "conscious": 0.13122355937957764,
    "category": 0.0954686850309372,
    "SEVERITY": 0.13606606423854828,
    "AVERAGE_TIME_USED": 0.1142825186252594,
    "DAMAGE_PER_SECOND": 0.11928718537092209,
    "treatment": 0.11336107552051544
}