{
    "age": 0.016669802367687225,
    "tagged": 0.050912901759147644,
    "visited": 0.005236431956291199,
    "breathing": 0.01257285289466381,
    "hrpmin": 0.02214241214096546,
    "unvisited_count": 0.047743670642375946,
    "environment_type": 0.008313638158142567,
    "questioning": 0.23801574110984802,
    "assessing": 0.163476824760437,
    "treating": 0.01198999211192131,
    "tagging": 0.16672275960445404,
    "HRA Strategy.time-resources.take-the-best": 0.0019120665965601802,
    "HRA Strategy.time-risk_reward_ratio.take-the-best": 0.002750505693256855,
    "HRA Strategy.time-system.exhaustive": 0.004204819444566965,
    "HRA Strategy.resources-system.exhaustive": 0.0011544188018888235,
    "One-Bounce Priority": 0.04152841866016388,
    "pDeath": 0.005780551582574844,
    "pPain": 0.0158896055072546,
    "pBrainInjury": 0.005636368412524462,
    "pAirwayBlocked": 0.023200388997793198,
    "pInternalBleeding": 0.013761629350483418,
    "pExternalBleeding": 0.014556154608726501,
    "entropy": 0.008071786724030972,
    "entropyDeath": 0.00444849394261837,
    "SEVERITY": 0.007629112806171179,
    "AVERAGE_TIME_USED": 0.013533459976315498,
    "MEDSIM_P_DEATH": 0.004707991611212492,
    "SEVEREST_SEVERITY": 0.004323543049395084,
    "WEIGHTED_RESOURCE_SCORE": 0.013409065082669258,
    "SMOL_MEDICAL_SOUNDNESS": 0.010959556326270103,
    "treatment": 0.04577765241265297,
    "category": 0.012967346236109734
}