{
    "age": 0.01437464077025652,
    "tagged": 0.03682670369744301,
    "conscious": 0.006482715252786875,
    "breathing": 0.002215757267549634,
    "avpu": 0.004615240730345249,
    "unvisited_count": 0.00828685611486435,
    "injured_count": 0.0456167496740818,
    "environment_type": 0.004583871923387051,
    "questioning": 0.054229144006967545,
    "assessing": 0.10207420587539673,
    "treating": 0.000747660466004163,
    "tagging": 0.14051832258701324,
    "leaving": 0.37143149971961975,
    "treatment": 0.025802478194236755,
    "HRA Strategy.time-resources.take-the-best": 0.007502916269004345,
    "HRA Strategy.time-system.one-bounce": 0.0009774297941476107,
    "Satisfactory Priority": 0.010924860835075378,
    "One-Bounce Priority": 0.024876924231648445,
    "pDeath": 0.0016148732975125313,
    "pPain": 0.015287654474377632,
    "pBrainInjury": 0.03785548731684685,
    "pAirwayBlocked": 0.0029421839863061905,
    "pExternalBleeding": 0.001236303593032062,
    "entropy": 0.001151918200775981,
    "entropyDeath": 0.005404866300523281,
    "SEVERITY": 0.001345597323961556,
    "SUPPLIES_REMAINING": 0.0011310545960441232,
    "DAMAGE_PER_SECOND": 0.001299126772210002,
    "MEDSIM_P_DEATH": 0.002366258529946208,
    "MEDSIM_P_DEATH_ONE_MIN_LATER": 0.0049873823300004005,
    "SEVEREST_SEVERITY": 0.0011006341082975268,
    "SEVEREST_SEVERITY_CHANGE": 0.03315196931362152,
    "INFORMATION_GAINED": 0.018401896581053734,
    "category": 0.008634723722934723
}