{
    "treating": 0.8919456005096436,
    "HRA Strategy.time-resources.take-the-best": 0.01607327349483967,
    "Take-The-Best Priority": 0.09198106080293655
}