{
    "intent": 0.4906846880912781,
    "treating": 0.5093153119087219
}