{
    "age": 0.016031235456466675,
    "tagged": 0.03702253848314285,
    "conscious": 0.007641985546797514,
    "breathing": 0.0024870873894542456,
    "avpu": 0.005002950318157673,
    "unvisited_count": 0.008547862060368061,
    "injured_count": 0.047519903630018234,
    "environment_type": 0.005020763725042343,
    "questioning": 0.056746236979961395,
    "assessing": 0.11514129489660263,
    "tagging": 0.10221187770366669,
    "leaving": 0.3867301642894745,
    "treatment": 0.026214083656668663,
    "HRA Strategy.time-resources.take-the-best": 0.007134021259844303,
    "Satisfactory Priority": 0.013898090459406376,
    "One-Bounce Priority": 0.024461429566144943,
    "pDeath": 0.0015922203892841935,
    "pPain": 0.014860100112855434,
    "pBrainInjury": 0.03644502907991409,
    "pAirwayBlocked": 0.002746024401858449,
    "pExternalBleeding": 0.0013342959573492408,
    "entropy": 0.0012564936187118292,
    "entropyDeath": 0.006083157379180193,
    "SEVERITY": 0.0011784274829551578,
    "SUPPLIES_REMAINING": 0.0011620994191616774,
    "DAMAGE_PER_SECOND": 0.001282953075133264,
    "MEDSIM_P_DEATH": 0.010961064137518406,
    "MEDSIM_P_DEATH_ONE_MIN_LATER": 0.005608308129012585,
    "SEVEREST_SEVERITY": 0.0008791601285338402,
    "SEVEREST_SEVERITY_CHANGE": 0.02055206149816513,
    "INFORMATION_GAINED": 0.023838596418499947,
    "category": 0.008408451452851295
}