{
    "intent": 0.1710704118013382,
    "directness_of_causality": 0.11284199357032776,
    "aid_available": 0.16637863218784332,
    "treating": 0.29850679636001587,
    "SUPPLIES_USED": 0.21333906054496765,
    "SMOL_MEDICAL_SOUNDNESS": 0.03786303102970123
}