{
    "age": 0.1372596025466919,
    "tagged": 0.06239696592092514,
    "visited": 0.0041337162256240845,
    "relationship": 0.08244366198778152,
    "conscious": 0.0009635025635361671,
    "breathing": 0.020740561187267303,
    "hrpmin": 0.002020271960645914,
    "avpu": 0.005668078549206257,
    "unvisited_count": 0.0037638272624462843,
    "injured_count": 0.026525303721427917,
    "environment_type": 0.0038051798474043608,
    "questioning": 0.08818498998880386,
    "assessing": 0.17339585721492767,
    "tagging": 0.0758209303021431,
    "leaving": 0.11348938196897507,
    "HRA Strategy.time-resources.take-the-best": 0.002389288740232587,
    "HRA Strategy.time-risk_reward_ratio.take-the-best": 0.004183848854154348,
    "HRA Strategy.time-risk_reward_ratio.one-bounce": 0.00010927785478997976,
    "HRA Strategy.time-system.exhaustive": 0.0019256605301052332,
    "HRA Strategy.time-system.tallying": 0.0011959458934143186,
    "HRA Strategy.time-system.one-bounce": 0.0021764948032796383,
    "HRA Strategy.resources-risk_reward_ratio.take-the-best": 0.0005313528818078339,
    "HRA Strategy.resources-system.take-the-best": 0.0015766201540827751,
    "HRA Strategy.resources-system.exhaustive": 0.004628512542694807,
    "HRA Strategy.risk_reward_ratio-system.exhaustive": 0.0002696485025808215,
    "HRA Strategy.time-resources-system.exhaustive": 0.0003609638079069555,
    "HRA Strategy.time-risk_reward_ratio-system.one-bounce": 0.0017678218428045511,
    "HRA Strategy.resources-risk_reward_ratio-system.take-the-best": 0.0005207849317230284,
    "HRA Strategy.resources-risk_reward_ratio-system.exhaustive": 0.0003363985160831362,
    "HRA Strategy.resources-risk_reward_ratio-system.one-bounce": 0.000139330280944705,
    "Satisfactory Priority": 0.00023341535415966064,
    "One-Bounce Priority": 0.0015060626901686192,
    "pDeath": 0.009408433921635151,
    "pPain": 0.01423460990190506,
    "pBrainInjury": 0.005516467150300741,
    "pAirwayBlocked": 0.010287233628332615,
    "pInternalBleeding": 0.005089572165161371,
    "pExternalBleeding": 0.010614036582410336,
    "entropy": 0.012517917901277542,
    "entropyDeath": 0.008441273123025894,
    "SEVERITY": 0.0025094845332205296,
    "SUPPLIES_REMAINING": 0.017728295177221298,
    "AVERAGE_TIME_USED": 0.0037171845324337482,
    "DAMAGE_PER_SECOND": 0.0014911399921402335,
    "MEDSIM_P_DEATH": 0.007349276915192604,
    "MEDSIM_P_DEATH_ONE_MIN_LATER": 0.0030563834588974714,
    "SEVERITY_CHANGE": 0.0014782845973968506,
    "SEVEREST_SEVERITY": 0.001106891082599759,
    "SEVEREST_SEVERITY_CHANGE": 0.0015295364428311586,
    "WEIGHTED_RESOURCE_SCORE": 0.0012981041800230742,
    "SMOL_MEDICAL_SOUNDNESS": 0.0013630089815706015,
    "INFORMATION_GAINED": 0.0008564361487515271,
    "treatment": 0.04233596473932266,
    "category": 0.013607188127934933
}