{
    "age": 0.012314065359532833,
    "tagged": 0.05261184275150299,
    "visited": 0.0014524058206006885,
    "breathing": 0.01260373368859291,
    "avpu": 0.008300038985908031,
    "unvisited_count": 0.0035612469073385,
    "injured_count": 0.008800223469734192,
    "environment_type": 0.004737100098282099,
    "questioning": 0.2668864130973816,
    "assessing": 0.17044980823993683,
    "treating": 0.018515942618250847,
    "tagging": 0.2194100022315979,
    "leaving": 0.09531521797180176,
    "HRA Strategy.time-resources.take-the-best": 0.0034573813900351524,
    "HRA Strategy.time-system.exhaustive": 7.893204019637778e-05,
    "HRA Strategy.time-system.one-bounce": 0.0001909732964122668,
    "HRA Strategy.resources-risk_reward_ratio.one-bounce": 0.0015000930288806558,
    "HRA Strategy.resources-system.take-the-best": 0.0015588670503348112,
    "Satisfactory Priority": 0.0026488713920116425,
    "One-Bounce Priority": 0.009148040786385536,
    "pDeath": 0.0018220567144453526,
    "pPain": 0.005904860328882933,
    "pBrainInjury": 0.0009695060434751213,
    "entropy": 0.006408936809748411,
    "entropyDeath": 0.011597754433751106,
    "SEVERITY": 0.0016996298218145967,
    "SUPPLIES_REMAINING": 0.0013537605991587043,
    "AVERAGE_TIME_USED": 0.0021993624977767467,
    "DAMAGE_PER_SECOND": 0.005136975087225437,
    "MEDSIM_P_DEATH_ONE_MIN_LATER": 0.0012731075985357165,
    "SEVEREST_SEVERITY": 0.018637502565979958,
    "treatment": 0.04299085587263107,
    "category": 0.006464495789259672
}