{
    "tagged": 0.026574892923235893,
    "injured_count": 0.018795078620314598,
    "questioning": 0.24691422283649445,
    "assessing": 0.38543063402175903,
    "tagging": 0.1183854267001152,
    "One-Bounce Priority": 0.056725695729255676,
    "AVERAGE_TIME_USED": 0.01381357479840517,
    "INFORMATION_GAINED": 0.07129985839128494,
    "treatment": 0.039147112518548965,
    "category": 0.02291356585919857
}