{
    "assessing": 0.5096677541732788,
    "tagging": 0.44659650325775146,
    "Satisfactory Priority": 0.04373577609658241
}