{
    "age": 0.008914623409509659,
    "tagged": 0.03921917825937271,
    "visited": 0.002766005927696824,
    "conscious": 0.002398099284619093,
    "breathing": 0.006625531241297722,
    "hrpmin": 0.006773757748305798,
    "avpu": 0.0007918593473732471,
    "unvisited_count": 0.01135993655771017,
    "injured_count": 0.011788389645516872,
    "environment_type": 0.001617404050193727,
    "questioning": 0.22358131408691406,
    "assessing": 0.17735274136066437,
    "treating": 0.0006517608417198062,
    "tagging": 0.21211378276348114,
    "leaving": 0.1012931540608406,
    "HRA Strategy.time-resources.take-the-best": 0.0016295124078169465,
    "HRA Strategy.time-system.one-bounce": 0.0020586049649864435,
    "HRA Strategy.resources-system.take-the-best": 0.001570880296640098,
    "HRA Strategy.resources-system.exhaustive": 0.0006240473012439907,
    "Take-The-Best Priority": 0.0005083304131403565,
    "Satisfactory Priority": 0.0025397816207259893,
    "One-Bounce Priority": 0.022208478301763535,
    "pDeath": 0.0038952960167080164,
    "pPain": 0.0074714431539177895,
    "pBrainInjury": 0.0019944836385548115,
    "pAirwayBlocked": 0.005009150598198175,
    "pInternalBleeding": 0.005805132910609245,
    "pExternalBleeding": 0.016054285690188408,
    "entropy": 0.01372674573212862,
    "entropyDeath": 0.004898695275187492,
    "SEVERITY": 0.0022512818686664104,
    "SUPPLIES_REMAINING": 0.0006276329513639212,
    "AVERAGE_TIME_USED": 0.003643536241725087,
    "DAMAGE_PER_SECOND": 0.0012033864622935653,
    "MEDSIM_P_DEATH": 0.009549504145979881,
    "MEDSIM_P_DEATH_ONE_MIN_LATER": 0.0047951871529221535,
    "SEVERITY_CHANGE": 0.0009995653526857495,
    "SEVEREST_SEVERITY": 0.0031803010497242212,
    "WEIGHTED_RESOURCE_SCORE": 0.002933741081506014,
    "SMOL_MEDICAL_SOUNDNESS": 0.00279595167376101,
    "INFORMATION_GAINED": 0.027728915214538574,
    "treatment": 0.033699557185173035,
    "category": 0.009349033236503601
}