{
    "age": 0.016415683552622795,
    "tagged": 0.01965755596756935,
    "conscious": 0.03493120148777962,
    "breathing": 0.0241848137229681,
    "injured_count": 0.08389538526535034,
    "environment_type": 0.010189124383032322,
    "questioning": 0.2248314619064331,
    "assessing": 0.17372384667396545,
    "tagging": 0.15529488027095795,
    "leaving": 0.12771178781986237,
    "pDeath": 0.023870332166552544,
    "pPain": 0.00986374169588089,
    "pInternalBleeding": 0.012213857844471931,
    "treatment": 0.06312265992164612,
    "category": 0.020093711093068123
}