{
    "intent": 0.14167852699756622,
    "treating": 0.7810961604118347,
    "treatment": 0.07722527533769608
}