{
    "tagged": 0.14249172806739807,
    "breathing": 0.03355037048459053,
    "intent": 0.2564544081687927,
    "directness_of_causality": 0.10242859274148941,
    "treating": 0.23659534752368927,
    "AVERAGE_TIME_USED": 0.17286638915538788,
    "SUPPLIES_USED": 0.0013344993349164724,
    "SEVEREST_SEVERITY": 0.006073454394936562,
    "category": 0.010423670522868633,
    "treatment": 0.037781596183776855
}