{
    "age": 0.01304478757083416,
    "tagged": 0.032793961465358734,
    "visited": 0.006972296163439751,
    "unvisited_count": 0.010639320127665997,
    "environment_type": 0.025661716237664223,
    "questioning": 0.10322969406843185,
    "assessing": 0.1137835830450058,
    "tagging": 0.161948561668396,
    "leaving": 0.2975718677043915,
    "Satisfactory Priority": 0.05444665998220444,
    "One-Bounce Priority": 0.0628591850399971,
    "pInternalBleeding": 0.00930049829185009,
    "entropy": 0.010641749016940594,
    "AVERAGE_TIME_USED": 0.009023640304803848,
    "SEVEREST_SEVERITY_CHANGE": 0.007429699879139662,
    "INFORMATION_GAINED": 0.02788362465798855,
    "treatment": 0.036452919244766235,
    "category": 0.016316277906298637
}