{
    "conscious": 0.0018429618794471025,
    "mental_status": 0.021607058122754097,
    "breathing": 0.1928628832101822,
    "intent": 0.049888402223587036,
    "directness_of_causality": 0.15591074526309967,
    "aid_available": 0.008116585202515125,
    "treating": 0.2337348610162735,
    "HRA Strategy.time-resources.take-the-best": 0.006220856215804815,
    "HRA Strategy.time-resources.one-bounce": 0.022627035155892372,
    "HRA Strategy.time-risk_reward_ratio.one-bounce": 0.0010225670412182808,
    "HRA Strategy.resources-risk_reward_ratio.one-bounce": 0.1622830033302307,
    "HRA Strategy.resources-system.take-the-best": 0.054420046508312225,
    "HRA Strategy.risk_reward_ratio-system.one-bounce": 0.0022025497164577246,
    "HRA Strategy.resources-risk_reward_ratio-system.one-bounce": 0.0015867688925936818,
    "Take-The-Best Priority": 0.00024827150627970695,
    "pDeath": 0.00012205613165860996,
    "pInternalBleeding": 0.00019742206495720893,
    "entropy": 0.00016590712766628712,
    "entropyDeath": 0.007264747284352779,
    "SEVERITY": 0.0005473501514643431,
    "AVERAGE_TIME_USED": 0.03417957201600075,
    "SUPPLIES_USED": 0.03938895836472511,
    "SEVEREST_SEVERITY": 0.00023887040151748806,
    "WEIGHTED_RESOURCE_SCORE": 0.001360120251774788,
    "treatment": 0.0019604226108640432
}