{
    "age": 0.007651911582797766,
    "tagged": 0.18013925850391388,
    "questioning": 0.18009443581104279,
    "assessing": 0.19179651141166687,
    "tagging": 0.29526185989379883,
    "SEVERITY": 0.01036772970110178,
    "DAMAGE_PER_SECOND": 0.01334669254720211,
    "treatment": 0.11047504842281342,
    "category": 0.010866605676710606
}