{
    "age": 0.004925203043967485,
    "tagged": 0.02105342410504818,
    "visited": 0.00395239470526576,
    "conscious": 0.0005810377770103514,
    "breathing": 0.0068138642236590385,
    "hrpmin": 0.0024063782766461372,
    "avpu": 0.0003996271116193384,
    "unvisited_count": 0.015456016175448895,
    "injured_count": 0.011892673559486866,
    "environment_type": 0.0012029041536152363,
    "questioning": 0.11723997443914413,
    "assessing": 0.12332307547330856,
    "treating": 0.00014506507432088256,
    "tagging": 0.13551472127437592,
    "leaving": 0.4296054244041443,
    "HRA Strategy.time-resources.take-the-best": 0.005005942657589912,
    "HRA Strategy.time-resources.one-bounce": 0.00018280466611031443,
    "HRA Strategy.time-system.exhaustive": 0.005300989840179682,
    "HRA Strategy.resources-risk_reward_ratio.take-the-best": 0.00014986706082709134,
    "HRA Strategy.resources-system.take-the-best": 0.0006952303810976446,
    "HRA Strategy.resources-system.exhaustive": 0.00177519372664392,
    "HRA Strategy.risk_reward_ratio-system.exhaustive": 0.0001854199799709022,
    "Satisfactory Priority": 0.003127082483842969,
    "One-Bounce Priority": 0.013770404271781445,
    "pDeath": 0.0029816371388733387,
    "pPain": 0.004590384196490049,
    "pBrainInjury": 0.0016506579704582691,
    "pAirwayBlocked": 0.0036230571568012238,
    "pInternalBleeding": 0.004363049287348986,
    "pExternalBleeding": 0.007187009789049625,
    "entropy": 0.003875255584716797,
    "entropyDeath": 0.004203345160931349,
    "SEVERITY": 0.0039129313081502914,
    "SUPPLIES_REMAINING": 0.0003688939905259758,
    "AVERAGE_TIME_USED": 0.0050000986084342,
    "DAMAGE_PER_SECOND": 0.0002727642422541976,
    "MEDSIM_P_DEATH": 0.007482694927603006,
    "MEDSIM_P_DEATH_ONE_MIN_LATER": 0.0021365557331591845,
    "SEVERITY_CHANGE": 0.00027704794774763286,
    "SEVEREST_SEVERITY": 0.0006455627735704184,
    "SEVEREST_SEVERITY_CHANGE": 0.0002920805418398231,
    "WEIGHTED_RESOURCE_SCORE": 0.00565803749486804,
    "SMOL_MEDICAL_SOUNDNESS": 0.0008822962990961969,
    "INFORMATION_GAINED": 0.004348090849816799,
    "treatment": 0.025783613324165344,
    "category": 0.005760327912867069
}