{
    "questioning": 0.26272812485694885,
    "assessing": 0.3814420700073242,
    "tagging": 0.05027885362505913,
    "Satisfactory Priority": 0.024594467133283615,
    "One-Bounce Priority": 0.04094573110342026,
    "WEIGHTED_RESOURCE_SCORE": 0.0042840950191020966,
    "INFORMATION_GAINED": 0.18425628542900085,
    "treatment": 0.0514703169465065
}