{
    "age": 0.011377990245819092,
    "tagged": 0.00594713632017374,
    "visited": 0.000976625015027821,
    "conscious": 0.004751476459205151,
    "breathing": 0.016981033608317375,
    "hrpmin": 0.02006285823881626,
    "avpu": 0.01881629228591919,
    "unvisited_count": 0.03523394092917442,
    "injured_count": 0.02893424592912197,
    "others_tagged_or_uninjured": 0.002404632978141308,
    "environment_type": 0.005972746293991804,
    "questioning": 0.20580990612506866,
    "assessing": 0.1933942586183548,
    "tagging": 0.243544340133667,
    "category": 0.005451416131108999,
    "HRA Strategy.time-resources.take-the-best": 0.0020254389382898808,
    "HRA Strategy.time-risk_reward_ratio.take-the-best": 0.0023165580350905657,
    "Satisfactory Priority": 0.004458645824342966,
    "One-Bounce Priority": 0.02119585871696472,
    "pDeath": 0.008149899542331696,
    "pPain": 0.010222095996141434,
    "pBrainInjury": 0.0016840911703184247,
    "pAirwayBlocked": 0.0033154513221234083,
    "pInternalBleeding": 0.0012635774910449982,
    "pExternalBleeding": 0.00182563834823668,
    "entropy": 0.02361282892525196,
    "entropyDeath": 0.0018550698878243566,
    "SEVERITY": 0.004208418074995279,
    "SUPPLIES_REMAINING": 0.0004916712641716003,
    "AVERAGE_TIME_USED": 0.02436787635087967,
    "DAMAGE_PER_SECOND": 0.0007482700748369098,
    "MEDSIM_P_DEATH": 0.025971634313464165,
    "MEDSIM_P_DEATH_ONE_MIN_LATER": 0.0008052882039919496,
    "WEIGHTED_RESOURCE_SCORE": 0.003114710794761777,
    "SMOL_MEDICAL_SOUNDNESS": 0.003437725128605962,
    "INFORMATION_GAINED": 0.007750034332275391,
    "treatment": 0.04752028360962868
}