{
    "age": 0.00723130302503705,
    "tagged": 0.018511777743697166,
    "avpu": 0.005963883362710476,
    "injured_count": 0.019186444580554962,
    "environment_type": 0.012925267219543457,
    "questioning": 0.15624257922172546,
    "assessing": 0.14437860250473022,
    "tagging": 0.11602171510457993,
    "leaving": 0.4238453209400177,
    "category": 0.0048275357112288475,
    "Satisfactory Priority": 0.005438047926872969,
    "One-Bounce Priority": 0.0066432342864573,
    "pDeath": 0.011504829861223698,
    "pPain": 0.00711697805672884,
    "pInternalBleeding": 0.007463923189789057,
    "SUPPLIES_REMAINING": 0.00425083190202713,
    "AVERAGE_TIME_USED": 0.01037454605102539,
    "INFORMATION_GAINED": 0.007988939061760902,
    "treatment": 0.030084287747740746
}