{
    "age": 0.06144312769174576,
    "tagged": 0.08258631825447083,
    "conscious": 0.014586236327886581,
    "breathing": 0.07580063492059708,
    "injured_count": 0.09236276894807816,
    "questioning": 0.28355664014816284,
    "category": 0.08511056005954742,
    "HRA Strategy.time-resources.take-the-best": 0.027505947276949883,
    "pInternalBleeding": 0.07051101326942444,
    "entropyDeath": 0.0490349642932415,
    "SUPPLIES_REMAINING": 0.02126700058579445,
    "DAMAGE_PER_SECOND": 0.019571201875805855,
    "MEDSIM_P_DEATH_ONE_MIN_LATER": 0.05155276134610176,
    "SMOL_MEDICAL_SOUNDNESS": 0.02657456509768963,
    "treatment": 0.03853626176714897
}