{
    "others_tagged_or_uninjured": 0.1581488698720932,
    "aid_available": 0.12657596170902252,
    "treating": 0.1675640344619751,
    "Take-The-Best Priority": 0.12897264957427979,
    "Satisfactory Priority": 0.001331004430539906,
    "SEVERITY": 0.04754510149359703,
    "SUPPLIES_REMAINING": 0.001435664831660688,
    "MEDSIM_P_DEATH": 0.04240128770470619,
    "SEVERITY_CHANGE": 0.005104730371385813,
    "SMOL_MEDICAL_SOUNDNESS": 0.09834557771682739,
    "mental_status": 0.028648382052779198,
    "HRA Strategy.time-resources-system.one-bounce": 0.00596907502040267,
    "HRA Strategy.time-resources-risk_reward_ratio-system.one-bounce": 0.0019232515478506684,
    "tagged": 0.000884652603417635,
    "pPain": 0.0014945128932595253,
    "entropyDeath": 0.0014265408972278237,
    "directness_of_causality": 0.08183871954679489,
    "hrpmin": 0.0014756012242287397,
    "treatment": 0.09891436249017715
}