{
    "intent": 0.013805435039103031,
    "directness_of_causality": 0.15365780889987946,
    "treating": 0.29821109771728516,
    "HRA Strategy.time-resources.take-the-best": 0.5312239527702332,
    "HRA Strategy.time-risk_reward_ratio.one-bounce": 0.0003666634438559413,
    "Satisfactory Priority": 0.002735026879236102
}