{
    "age": 0.016089992597699165,
    "tagged": 0.035051025450229645,
    "visited": 0.005144620779901743,
    "breathing": 0.005970930680632591,
    "hrpmin": 0.018595531582832336,
    "avpu": 0.002274923026561737,
    "unvisited_count": 0.0006018481799401343,
    "injured_count": 0.022781159728765488,
    "environment_type": 0.0028526729438453913,
    "questioning": 0.11921587586402893,
    "assessing": 0.20089031755924225,
    "treating": 0.016906311735510826,
    "tagging": 0.18074339628219604,
    "leaving": 0.08875934034585953,
    "HRA Strategy.time-resources.take-the-best": 0.002794428961351514,
    "HRA Strategy.time-system.exhaustive": 0.0020040622912347317,
    "Satisfactory Priority": 0.013102051801979542,
    "One-Bounce Priority": 0.037485167384147644,
    "pDeath": 0.0017625055043026805,
    "pPain": 0.009054257534444332,
    "pAirwayBlocked": 0.0073412200435996056,
    "pInternalBleeding": 0.004760709125548601,
    "pExternalBleeding": 0.012716240249574184,
    "entropy": 0.012034155428409576,
    "entropyDeath": 0.016248011961579323,
    "SEVERITY": 0.0028322755824774504,
    "AVERAGE_TIME_USED": 0.003620186587795615,
    "MEDSIM_P_DEATH": 0.02630799077451229,
    "MEDSIM_P_DEATH_ONE_MIN_LATER": 0.001225228770636022,
    "SMOL_MEDICAL_SOUNDNESS": 0.004140038974583149,
    "INFORMATION_GAINED": 0.07304984331130981,
    "treatment": 0.042720481753349304,
    "category": 0.010923155583441257
}