{
    "tagged": 0.08460745215415955,
    "breathing": 0.040768831968307495,
    "hrpmin": 0.06952174007892609,
    "assessing": 0.25705236196517944,
    "tagging": 0.32924309372901917,
    "category": 0.03632562234997749,
    "entropyDeath": 0.06014731898903847,
    "SEVERITY": 0.03574938327074051,
    "treatment": 0.08658417314291
}