{
    "tagged": 0.06772380322217941,
    "injured_count": 0.02543368749320507,
    "questioning": 0.37266457080841064,
    "assessing": 0.3626492917537689,
    "tagging": 0.028593363240361214,
    "SEVEREST_SEVERITY": 0.022809596732258797,
    "treatment": 0.12012577056884766
}