{
    "age": 0.007213367149233818,
    "tagged": 0.030423816293478012,
    "visited": 0.0019520105561241508,
    "conscious": 0.03686700761318207,
    "hrpmin": 0.0031590634025633335,
    "unvisited_count": 0.0011643581092357635,
    "injured_count": 0.049713753163814545,
    "environment_type": 0.01020372286438942,
    "questioning": 0.13893893361091614,
    "assessing": 0.07626811414957047,
    "treating": 0.012657937593758106,
    "tagging": 0.38675907254219055,
    "category": 0.012511174194514751,
    "HRA Strategy.time-resources.take-the-best": 0.0015503217000514269,
    "HRA Strategy.time-system.exhaustive": 0.005670024547725916,
    "HRA Strategy.resources-risk_reward_ratio.one-bounce": 0.004923309199512005,
    "HRA Strategy.resources-system.take-the-best": 0.001015742076560855,
    "Satisfactory Priority": 0.008267449215054512,
    "One-Bounce Priority": 0.006423605140298605,
    "pDeath": 0.02205522172152996,
    "pPain": 0.013708722777664661,
    "pBrainInjury": 0.01374728698283434,
    "pAirwayBlocked": 0.002441641641780734,
    "pExternalBleeding": 0.0030984545592218637,
    "SEVERITY": 0.014418053440749645,
    "SUPPLIES_REMAINING": 0.0007819990278221667,
    "AVERAGE_TIME_USED": 0.015292445197701454,
    "DAMAGE_PER_SECOND": 0.003109101438894868,
    "SEVEREST_SEVERITY": 0.032865144312381744,
    "WEIGHTED_RESOURCE_SCORE": 0.002913778182119131,
    "INFORMATION_GAINED": 0.004082909785211086,
    "treatment": 0.07580240815877914
}