{
    "tagged": 5.7649122027214617e-05,
    "mental_status": 7.599364471388981e-05,
    "avpu": 0.00015220297791529447,
    "intent": 0.05514683574438095,
    "directness_of_causality": 0.2004249095916748,
    "aid_available": 0.19200371205806732,
    "treating": 0.2777712345123291,
    "HRA Strategy.resources-system.take-the-best": 0.001023510005325079,
    "HRA Strategy.risk_reward_ratio-system.one-bounce": 0.0016154461773112416,
    "HRA Strategy.time-resources-risk_reward_ratio-system.one-bounce": 0.0005151185905560851,
    "Take-The-Best Priority": 0.00042064808076247573,
    "Satisfactory Priority": 0.0007877199095673859,
    "One-Bounce Priority": 0.0005597978015430272,
    "pDeath": 8.822415111353621e-05,
    "pPain": 0.00010353831748943776,
    "pBrainInjury": 0.0032991464249789715,
    "pAirwayBlocked": 0.00018484221072867513,
    "pInternalBleeding": 0.000762196839787066,
    "pExternalBleeding": 3.964966526837088e-05,
    "entropyDeath": 0.0011046647559851408,
    "SEVERITY": 0.0010328893549740314,
    "SUPPLIES_REMAINING": 0.0025426987558603287,
    "AVERAGE_TIME_USED": 0.010893684811890125,
    "SEVERITY_CHANGE": 0.00013842801854480058,
    "SUPPLIES_USED": 0.2474391609430313,
    "SEVEREST_SEVERITY": 7.626149454154074e-05,
    "SEVEREST_SEVERITY_CHANGE": 1.977728788915556e-05,
    "WEIGHTED_RESOURCE_SCORE": 0.0008186745108105242,
    "treatment": 0.0009014152456074953
}