{
    "age": 0.0017022885149344802,
    "tagged": 0.03593668341636658,
    "visited": 0.00021058987476862967,
    "conscious": 0.0011437557404860854,
    "breathing": 0.0030634035356342793,
    "hrpmin": 0.006571190431714058,
    "unvisited_count": 0.0050284769386053085,
    "injured_count": 0.00817174557596445,
    "environment_type": 0.00282701151445508,
    "questioning": 0.16857609152793884,
    "assessing": 0.14974522590637207,
    "treating": 0.0006402878207154572,
    "tagging": 0.17820605635643005,
    "leaving": 0.2968326508998871,
    "HRA Strategy.time-resources.take-the-best": 0.005451628938317299,
    "HRA Strategy.time-resources.one-bounce": 0.00018096683197654784,
    "HRA Strategy.time-system.tallying": 0.0005814271280542016,
    "HRA Strategy.resources-system.take-the-best": 0.000649875495582819,
    "Take-The-Best Priority": 0.0001457745674997568,
    "Satisfactory Priority": 0.001948559540323913,
    "One-Bounce Priority": 0.01634344831109047,
    "pDeath": 0.0026133772917091846,
    "pPain": 0.006539731752127409,
    "pBrainInjury": 0.0010046421084553003,
    "pAirwayBlocked": 0.0018143935594707727,
    "pInternalBleeding": 0.00589550519362092,
    "pExternalBleeding": 0.013917102478444576,
    "entropy": 0.011014772579073906,
    "entropyDeath": 0.0004233118670526892,
    "SEVERITY": 0.001635564025491476,
    "SUPPLIES_REMAINING": 0.0003681702655740082,
    "AVERAGE_TIME_USED": 0.006999297998845577,
    "DAMAGE_PER_SECOND": 0.0001807263179216534,
    "MEDSIM_P_DEATH": 0.005934041924774647,
    "MEDSIM_P_DEATH_ONE_MIN_LATER": 0.0025692819617688656,
    "SEVERITY_CHANGE": 4.505139440880157e-05,
    "SEVEREST_SEVERITY": 0.00018910574726760387,
    "WEIGHTED_RESOURCE_SCORE": 0.0010388224618509412,
    "SMOL_MEDICAL_SOUNDNESS": 0.0021355999633669853,
    "INFORMATION_GAINED": 0.007363635115325451,
    "treatment": 0.03803139179944992,
    "category": 0.006329321768134832
}