{
    "tagged": 0.027860231697559357,
    "questioning": 0.22002249956130981,
    "assessing": 0.2070848047733307,
    "tagging": 0.3615776002407074,
    "leaving": 0.11007120460271835,
    "AVERAGE_TIME_USED": 0.010276183485984802,
    "DAMAGE_PER_SECOND": 0.0044892579317092896,
    "SMOL_MEDICAL_SOUNDNESS": 0.0180754866451025,
    "treatment": 0.04054272919893265
}