{
    "tagged": 0.02828505076467991,
    "questioning": 0.31988224387168884,
    "assessing": 0.33504900336265564,
    "tagging": 0.191534161567688,
    "One-Bounce Priority": 0.015199100598692894,
    "pDeath": 0.0059279100969433784,
    "pInternalBleeding": 0.011574633419513702,
    "entropy": 0.008073551580309868,
    "entropyDeath": 0.0067086913622915745,
    "AVERAGE_TIME_USED": 0.015409941785037518,
    "INFORMATION_GAINED": 0.023731781169772148,
    "treatment": 0.03115963563323021,
    "category": 0.0074641406536102295
}