{
    "age": 0.0012991901021450758,
    "tagged": 0.03690538555383682,
    "conscious": 0.0012547060614451766,
    "breathing": 0.007330684456974268,
    "hrpmin": 0.007078574970364571,
    "avpu": 0.00204025162383914,
    "unvisited_count": 0.006342387292534113,
    "injured_count": 0.0027451463975012302,
    "environment_type": 0.0014255897840484977,
    "questioning": 0.19109930098056793,
    "assessing": 0.19215735793113708,
    "tagging": 0.10372065752744675,
    "leaving": 0.32287710905075073,
    "One-Bounce Priority": 0.015221086330711842,
    "pDeath": 0.0017764605581760406,
    "pPain": 0.005486789159476757,
    "pBrainInjury": 0.007670470979064703,
    "pAirwayBlocked": 0.003244304098188877,
    "pInternalBleeding": 0.011703817173838615,
    "entropy": 0.010982398875057697,
    "entropyDeath": 0.0032172396313399076,
    "SEVERITY": 0.001424017595127225,
    "MEDSIM_P_DEATH": 0.0040560695342719555,
    "MEDSIM_P_DEATH_ONE_MIN_LATER": 0.002223806921392679,
    "WEIGHTED_RESOURCE_SCORE": 0.00247002812102437,
    "INFORMATION_GAINED": 0.015858061611652374,
    "treatment": 0.033188410103321075,
    "category": 0.00520078232511878
}