{
    "tagged": 0.009367047809064388,
    "conscious": 0.0016298159025609493,
    "mental_status": 2.017047518165782e-05,
    "breathing": 0.025488805025815964,
    "hrpmin": 0.0003358687972649932,
    "intent": 0.12170233577489853,
    "directness_of_causality": 0.02831195294857025,
    "injured_count": 9.981011680793017e-05,
    "aid_available": 0.04032159969210625,
    "treating": 0.09415712207555771,
    "HRA Strategy.time-resources.take-the-best": 0.0007449754048138857,
    "HRA Strategy.time-risk_reward_ratio.one-bounce": 2.7764484912040643e-05,
    "HRA Strategy.resources-risk_reward_ratio.one-bounce": 0.0004752586246468127,
    "HRA Strategy.resources-system.take-the-best": 0.00031721260165795684,
    "HRA Strategy.risk_reward_ratio-system.one-bounce": 0.0005094130174256861,
    "HRA Strategy.time-resources-risk_reward_ratio.one-bounce": 0.00015459733549505472,
    "HRA Strategy.resources-risk_reward_ratio-system.one-bounce": 0.0005083230207674205,
    "HRA Strategy.time-resources-risk_reward_ratio-system.one-bounce": 0.00013764560571871698,
    "Take-The-Best Priority": 0.0005089418264105916,
    "pDeath": 0.0006925330380909145,
    "pPain": 0.00025330623611807823,
    "pBrainInjury": 0.00016577693168073893,
    "pAirwayBlocked": 0.00012437034456524998,
    "pInternalBleeding": 0.014448238536715508,
    "pExternalBleeding": 0.011585334315896034,
    "entropyDeath": 0.0014350996352732182,
    "SEVERITY": 0.017145007848739624,
    "SUPPLIES_REMAINING": 0.005700018722563982,
    "AVERAGE_TIME_USED": 0.01322354655712843,
    "DAMAGE_PER_SECOND": 0.0001536713825771585,
    "MEDSIM_P_DEATH_ONE_MIN_LATER": 0.31709933280944824,
    "SEVERITY_CHANGE": 3.8943991967244074e-05,
    "SUPPLIES_USED": 0.0510210283100605,
    "SEVEREST_SEVERITY": 0.003152801189571619,
    "SEVEREST_SEVERITY_CHANGE": 0.1056261733174324,
    "WEIGHTED_RESOURCE_SCORE": 0.000427513150498271,
    "SMOL_MEDICAL_SOUNDNESS": 0.13184082508087158,
    "treatment": 0.0010478764306753874
}