{
    "age": 0.009091132320463657,
    "tagged": 0.033962804824113846,
    "visited": 0.00035773287527263165,
    "conscious": 0.0023657858837395906,
    "breathing": 0.014135850593447685,
    "hrpmin": 0.01226505171507597,
    "avpu": 0.0016200498212128878,
    "unvisited_count": 0.001636168803088367,
    "injured_count": 0.015897560864686966,
    "environment_type": 0.0036281358916312456,
    "questioning": 0.10696291923522949,
    "assessing": 0.18947499990463257,
    "treating": 0.0026324375066906214,
    "tagging": 0.15350620448589325,
    "leaving": 0.29914262890815735,
    "HRA Strategy.time-resources.take-the-best": 0.004416940733790398,
    "HRA Strategy.time-system.exhaustive": 0.0007636952796019614,
    "HRA Strategy.resources-system.take-the-best": 0.0003494777192827314,
    "HRA Strategy.resources-system.exhaustive": 0.003483362030237913,
    "Take-The-Best Priority": 0.0004897558246739209,
    "Satisfactory Priority": 0.0020586077589541674,
    "One-Bounce Priority": 0.022783620283007622,
    "pDeath": 0.002385287545621395,
    "pPain": 0.006973154377192259,
    "pBrainInjury": 0.0011535334633663297,
    "pAirwayBlocked": 0.006793200969696045,
    "pInternalBleeding": 0.002792106242850423,
    "pExternalBleeding": 0.0031588824931532145,
    "entropy": 0.010668049566447735,
    "entropyDeath": 0.0060197217389941216,
    "SEVERITY": 0.004548382945358753,
    "SUPPLIES_REMAINING": 0.0007164732087403536,
    "AVERAGE_TIME_USED": 0.0018835910595953465,
    "DAMAGE_PER_SECOND": 0.002766616176813841,
    "MEDSIM_P_DEATH": 0.011053735390305519,
    "MEDSIM_P_DEATH_ONE_MIN_LATER": 0.0026003967504948378,
    "SEVERITY_CHANGE": 0.003195072989910841,
    "SEVEREST_SEVERITY": 0.0004590486059896648,
    "SEVEREST_SEVERITY_CHANGE": 0.004456968046724796,
    "WEIGHTED_RESOURCE_SCORE": 0.0023672834504395723,
    "SMOL_MEDICAL_SOUNDNESS": 0.0034712126944214106,
    "INFORMATION_GAINED": 0.0056980932131409645,
    "treatment": 0.029387198388576508,
    "category": 0.006427100859582424
}