{
    "age": 0.05979641526937485,
    "tagged": 0.7200122475624084,
    "AVERAGE_TIME_USED": 0.04759657755494118,
    "MEDSIM_P_DEATH_ONE_MIN_LATER": 0.025199944153428078,
    "WEIGHTED_RESOURCE_SCORE": 0.0714409276843071,
    "treatment": 0.07595396786928177
}