intent,directness_of_causality,aid_available,treating,HRA Strategy.time-risk_reward_ratio.one-bounce,HRA Strategy.risk_reward_ratio-system.one-bounce,HRA Strategy.time-resources-risk_reward_ratio-system.one-bounce,Take-The-Best Priority,entropyDeath,SUPPLIES_REMAINING,AVERAGE_TIME_USED,SUPPLIES_USED,treatment
0.033633872866630554,0.1763714998960495,0.17743989825248718,0.2865216135978699,0.0009223353699781001,0.0012143637286499143,0.0003257804492022842,0.0007341542514041066,0.0004949938738718629,0.11712723225355148,0.0066056447103619576,0.19826549291610718,0.00034308136673644185
