{
    "breathing": 0.007405319716781378,
    "intent": 0.029079819098114967,
    "directness_of_causality": 0.14294889569282532,
    "aid_available": 0.15700365602970123,
    "treating": 0.3945145905017853,
    "HRA Strategy.risk_reward_ratio-system.one-bounce": 0.003849572967737913,
    "Satisfactory Priority": 0.0017512452322989702,
    "SUPPLIES_REMAINING": 0.034683723002672195,
    "AVERAGE_TIME_USED": 0.003689984790980816,
    "SUPPLIES_USED": 0.22281821072101593,
    "treatment": 0.0022551638539880514
}