{
    "age": 0.005443820264190435,
    "tagged": 0.019846811890602112,
    "breathing": 0.00562257831916213,
    "hrpmin": 0.01835508830845356,
    "unvisited_count": 0.008994201198220253,
    "injured_count": 0.013326126150786877,
    "questioning": 0.0998881608247757,
    "assessing": 0.16469155251979828,
    "tagging": 0.1552155613899231,
    "leaving": 0.39396461844444275,
    "category": 0.00739375501871109,
    "One-Bounce Priority": 0.013917035423219204,
    "pDeath": 0.004712740425020456,
    "pInternalBleeding": 0.0052931723184883595,
    "entropy": 0.005898089613765478,
    "entropyDeath": 0.011236719787120819,
    "MEDSIM_P_DEATH": 0.00782657042145729,
    "WEIGHTED_RESOURCE_SCORE": 0.009704172611236572,
    "INFORMATION_GAINED": 0.020114686340093613,
    "treatment": 0.028554605320096016
}