{
    "age": 0.05134832486510277,
    "tagged": 0.6852399706840515,
    "SEVERITY": 0.011091096326708794,
    "AVERAGE_TIME_USED": 0.03304852172732353,
    "MEDSIM_P_DEATH_ONE_MIN_LATER": 0.05157152935862541,
    "WEIGHTED_RESOURCE_SCORE": 0.0667923092842102,
    "treatment": 0.10090819001197815
}