{
    "questioning": 0.5257035493850708,
    "assessing": 0.474296510219574
}