{
    "tagged": 0.3446582853794098,
    "conscious": 0.09328034520149231,
    "pPain": 0.05071955546736717,
    "SEVERITY": 0.03387310355901718,
    "AVERAGE_TIME_USED": 0.3136209547519684,
    "treatment": 0.16384783387184143
}