{
    "age": 0.055009227246046066,
    "tagged": 0.12326209247112274,
    "breathing": 0.016372481361031532,
    "environment_type": 0.0974423959851265,
    "questioning": 0.15647485852241516,
    "tagging": 0.05680178478360176,
    "leaving": 0.12634694576263428,
    "category": 0.027331972494721413,
    "HRA Strategy.time-resources.take-the-best": 0.006817463785409927,
    "SEVERITY": 0.019261309877038002,
    "AVERAGE_TIME_USED": 0.06128649041056633,
    "DAMAGE_PER_SECOND": 0.13831192255020142,
    "WEIGHTED_RESOURCE_SCORE": 0.006279985886067152,
    "treatment": 0.10900106281042099
}