{
    "age": 0.011572354473173618,
    "tagged": 0.02726987563073635,
    "conscious": 0.002551523968577385,
    "breathing": 0.005407205782830715,
    "hrpmin": 0.0003537515294738114,
    "avpu": 0.0038625046145170927,
    "unvisited_count": 0.021498337388038635,
    "environment_type": 0.007172770798206329,
    "questioning": 0.09961210936307907,
    "assessing": 0.0810447707772255,
    "treating": 0.0007053922745399177,
    "tagging": 0.20054903626441956,
    "leaving": 0.3020041584968567,
    "category": 0.01053053792566061,
    "HRA Strategy.time-resources.take-the-best": 0.006154739763587713,
    "HRA Strategy.time-resources.one-bounce": 0.0024514358956366777,
    "HRA Strategy.time-system.tallying": 0.007611551322042942,
    "HRA Strategy.resources-system.take-the-best": 0.0005900932010263205,
    "Satisfactory Priority": 0.0018038993002846837,
    "One-Bounce Priority": 0.03820032998919487,
    "pDeath": 0.019638419151306152,
    "pPain": 0.0005719219334423542,
    "pBrainInjury": 0.003132097190245986,
    "pAirwayBlocked": 0.006979431491345167,
    "pInternalBleeding": 0.01551369484513998,
    "pExternalBleeding": 0.01221610326319933,
    "entropy": 0.0054555232636630535,
    "entropyDeath": 0.0006044207257218659,
    "SEVERITY": 0.0033679897896945477,
    "SUPPLIES_REMAINING": 0.005550816655158997,
    "AVERAGE_TIME_USED": 0.008214554749429226,
    "DAMAGE_PER_SECOND": 0.01001427136361599,
    "MEDSIM_P_DEATH": 0.006627840921282768,
    "MEDSIM_P_DEATH_ONE_MIN_LATER": 0.008216792717576027,
    "SEVEREST_SEVERITY": 0.0008262894116342068,
    "SEVEREST_SEVERITY_CHANGE": 0.017963802441954613,
    "WEIGHTED_RESOURCE_SCORE": 0.0007703100563958287,
    "SMOL_MEDICAL_SOUNDNESS": 0.0019654384814202785,
    "INFORMATION_GAINED": 0.01549438014626503,
    "treatment": 0.02592954970896244
}