{
    "aid_available": 0.1997985988855362,
    "treating": 0.535151481628418,
    "SUPPLIES_USED": 0.26504990458488464
}