{
    "tagged": 0.0014782228972762823,
    "breathing": 0.0014065756695345044,
    "intent": 0.040697891265153885,
    "directness_of_causality": 0.01811881735920906,
    "injured_count": 0.5796054005622864,
    "aid_available": 0.03645287826657295,
    "treating": 0.06673360615968704,
    "HRA Strategy.time-resources.take-the-best": 0.0027117510326206684,
    "HRA Strategy.time-risk_reward_ratio.one-bounce": 0.001928494544699788,
    "HRA Strategy.resources-risk_reward_ratio.one-bounce": 0.005173234269022942,
    "HRA Strategy.resources-system.take-the-best": 0.0041653369553387165,
    "HRA Strategy.risk_reward_ratio-system.one-bounce": 0.0005627772770822048,
    "HRA Strategy.time-resources-system.one-bounce": 0.0001864395453594625,
    "HRA Strategy.resources-risk_reward_ratio-system.one-bounce": 0.0006127036176621914,
    "Satisfactory Priority": 0.00016215711366385221,
    "SEVERITY": 0.02025175839662552,
    "SUPPLIES_REMAINING": 0.0010596696520224214,
    "AVERAGE_TIME_USED": 0.0107300765812397,
    "DAMAGE_PER_SECOND": 0.003287684405222535,
    "SUPPLIES_USED": 0.05923589691519737,
    "SEVEREST_SEVERITY": 0.01514706015586853,
    "SEVEREST_SEVERITY_CHANGE": 0.01767120137810707,
    "WEIGHTED_RESOURCE_SCORE": 0.00048727067769505084,
    "SMOL_MEDICAL_SOUNDNESS": 0.11213313788175583
}