{
    "age": 0.014480436220765114,
    "tagged": 0.034631140530109406,
    "visited": 0.002219828311353922,
    "conscious": 0.0011406796984374523,
    "breathing": 0.011639603413641453,
    "unvisited_count": 0.01523999497294426,
    "environment_type": 0.011684124357998371,
    "questioning": 0.11181344836950302,
    "assessing": 0.23774319887161255,
    "tagging": 0.16021046042442322,
    "HRA Strategy.time-resources.take-the-best": 0.004590986296534538,
    "Satisfactory Priority": 0.0560893714427948,
    "One-Bounce Priority": 0.04291807860136032,
    "pDeath": 0.010236133821308613,
    "pPain": 0.02249118871986866,
    "pBrainInjury": 0.0052642980590462685,
    "pInternalBleeding": 0.012983701191842556,
    "entropy": 0.005163710098713636,
    "SEVERITY": 0.013234064914286137,
    "SUPPLIES_REMAINING": 0.0011263805208727717,
    "AVERAGE_TIME_USED": 0.0052559953182935715,
    "DAMAGE_PER_SECOND": 0.0014045564457774162,
    "MEDSIM_P_DEATH": 0.033280178904533386,
    "WEIGHTED_RESOURCE_SCORE": 0.01561572216451168,
    "SMOL_MEDICAL_SOUNDNESS": 0.005026625469326973,
    "INFORMATION_GAINED": 0.08571326732635498,
    "treatment": 0.06655620038509369,
    "category": 0.012246566824615002
}