{
    "age": 0.05015738680958748,
    "visited": 0.003356285160407424,
    "conscious": 0.004974215291440487,
    "breathing": 0.006547678727656603,
    "injured_count": 0.0157892107963562,
    "environment_type": 0.049942273646593094,
    "questioning": 0.13235315680503845,
    "tagging": 0.3631824851036072,
    "leaving": 0.10779581218957901,
    "category": 0.018446607515215874,
    "HRA Strategy.time-resources.take-the-best": 0.011883990839123726,
    "HRA Strategy.time-risk_reward_ratio.take-the-best": 0.0012060223380103707,
    "pDeath": 0.006622641813009977,
    "pPain": 0.0066544413566589355,
    "pBrainInjury": 0.008679847232997417,
    "pInternalBleeding": 0.006627591792494059,
    "entropy": 0.001407627947628498,
    "SEVERITY": 0.03931870684027672,
    "SUPPLIES_REMAINING": 0.002169092884287238,
    "AVERAGE_TIME_USED": 0.008243943564593792,
    "DAMAGE_PER_SECOND": 0.045387860387563705,
    "WEIGHTED_RESOURCE_SCORE": 0.0067350114695727825,
    "INFORMATION_GAINED": 0.004984617233276367,
    "treatment": 0.0975334644317627
}