{
    "tagged": 0.00018833209469448775,
    "mental_status": 0.01112988032400608,
    "breathing": 0.0005092130741104484,
    "avpu": 8.75877303769812e-05,
    "intent": 0.06100074201822281,
    "directness_of_causality": 0.15506446361541748,
    "aid_available": 0.12450072169303894,
    "treating": 0.20134875178337097,
    "HRA Strategy.risk_reward_ratio-system.one-bounce": 0.0020039610099047422,
    "HRA Strategy.time-resources-system.one-bounce": 0.00028198439395055175,
    "HRA Strategy.resources-risk_reward_ratio-system.one-bounce": 0.0010821273317560554,
    "HRA Strategy.time-resources-risk_reward_ratio-system.one-bounce": 0.0006795248482376337,
    "Take-The-Best Priority": 0.0010179904056712985,
    "pDeath": 0.0005395787302404642,
    "pPain": 0.0007568910950794816,
    "pBrainInjury": 0.0009148511453531682,
    "pInternalBleeding": 7.558457582490519e-05,
    "pExternalBleeding": 0.002692790934816003,
    "SEVERITY": 0.006796720903366804,
    "SUPPLIES_REMAINING": 0.001746274414472282,
    "AVERAGE_TIME_USED": 0.02348022721707821,
    "DAMAGE_PER_SECOND": 0.0001444475637981668,
    "MEDSIM_P_DEATH": 0.0042099193669855595,
    "SEVERITY_CHANGE": 0.00027944782050326467,
    "SUPPLIES_USED": 0.2048480212688446,
    "SEVEREST_SEVERITY_CHANGE": 0.000367594271665439,
    "WEIGHTED_RESOURCE_SCORE": 0.0008373503806069493,
    "SMOL_MEDICAL_SOUNDNESS": 0.16408829391002655,
    "treatment": 0.029326707124710083
}