{
    "intent": 0.2749165892601013,
    "directness_of_causality": 0.36265209317207336,
    "injured_count": 0.011640519835054874,
    "treating": 0.3457726836204529,
    "HRA Strategy.resources-system.take-the-best": 0.0029938698280602694,
    "pBrainInjury": 0.002024323446676135
}