{
    "age": 0.006933525204658508,
    "tagged": 0.030875645577907562,
    "visited": 0.0025449625682085752,
    "conscious": 0.001088388729840517,
    "breathing": 0.006386598572134972,
    "hrpmin": 0.0032201826106756926,
    "avpu": 0.003236987628042698,
    "unvisited_count": 0.011694786138832569,
    "injured_count": 0.013453150168061256,
    "environment_type": 0.0012283979449421167,
    "questioning": 0.1613868623971939,
    "assessing": 0.14942368865013123,
    "tagging": 0.23275472223758698,
    "leaving": 0.19431737065315247,
    "treatment": 0.03324630483984947,
    "HRA Strategy.time-resources.take-the-best": 0.0018981248140335083,
    "HRA Strategy.time-system.exhaustive": 0.0005518171819858253,
    "HRA Strategy.time-system.one-bounce": 0.0016101516084745526,
    "HRA Strategy.resources-system.take-the-best": 0.0010062545770779252,
    "HRA Strategy.resources-system.exhaustive": 0.000417310104239732,
    "HRA Strategy.risk_reward_ratio-system.exhaustive": 0.0012194601586088538,
    "Satisfactory Priority": 0.003926670178771019,
    "One-Bounce Priority": 0.0237718652933836,
    "pDeath": 0.00324071804061532,
    "pPain": 0.0060784886591136456,
    "pBrainInjury": 0.002446937607601285,
    "pAirwayBlocked": 0.003572877962142229,
    "pInternalBleeding": 0.006426292937248945,
    "pExternalBleeding": 0.010027904063463211,
    "entropy": 0.009125609882175922,
    "entropyDeath": 0.005938680376857519,
    "SEVERITY": 0.0024638224858790636,
    "SUPPLIES_REMAINING": 0.0006843787850812078,
    "AVERAGE_TIME_USED": 0.001710043754428625,
    "DAMAGE_PER_SECOND": 0.0009480027947574854,
    "MEDSIM_P_DEATH": 0.008248664438724518,
    "MEDSIM_P_DEATH_ONE_MIN_LATER": 0.002350581344217062,
    "SEVERITY_CHANGE": 0.0008533503278158605,
    "SEVEREST_SEVERITY": 0.003704785369336605,
    "WEIGHTED_RESOURCE_SCORE": 0.0017923262203112245,
    "INFORMATION_GAINED": 0.035831186920404434,
    "category": 0.00836215354502201
}