{
    "age": 0.03192121163010597,
    "tagged": 0.04074689745903015,
    "visited": 0.02101040445268154,
    "conscious": 0.005516416393220425,
    "breathing": 0.012026332318782806,
    "avpu": 0.005595482420176268,
    "unvisited_count": 0.0005318470648489892,
    "injured_count": 0.09433438628911972,
    "environment_type": 0.021611005067825317,
    "questioning": 0.12770959734916687,
    "assessing": 0.21750132739543915,
    "tagging": 0.1466159075498581,
    "category": 0.010477269999682903,
    "HRA Strategy.time-resources.take-the-best": 0.002909300150349736,
    "HRA Strategy.time-system.tallying": 0.005182956345379353,
    "Satisfactory Priority": 0.003272587200626731,
    "One-Bounce Priority": 0.017888609319925308,
    "pDeath": 0.007759892847388983,
    "pPain": 0.002437042538076639,
    "pBrainInjury": 0.0037793745286762714,
    "pAirwayBlocked": 0.0081409253180027,
    "pInternalBleeding": 0.025069257244467735,
    "pExternalBleeding": 0.0075659193098545074,
    "entropy": 0.01312293577939272,
    "entropyDeath": 0.0031310224439948797,
    "SEVERITY": 0.004041430074721575,
    "SUPPLIES_REMAINING": 0.0008508102037012577,
    "AVERAGE_TIME_USED": 0.019514767453074455,
    "DAMAGE_PER_SECOND": 0.0012745620915666223,
    "MEDSIM_P_DEATH": 0.010629354044795036,
    "MEDSIM_P_DEATH_ONE_MIN_LATER": 0.0003804137231782079,
    "WEIGHTED_RESOURCE_SCORE": 0.008265741169452667,
    "INFORMATION_GAINED": 0.07766485959291458,
    "treatment": 0.04152021184563637
}