{
    "intent": 0.43248724937438965,
    "treating": 0.5534434914588928,
    "treatment": 0.0006285832496359944,
    "HRA Strategy.time-resources-system.one-bounce": 0.0024857157841324806,
    "DAMAGE_PER_SECOND": 0.0008274493156932294,
    "WEIGHTED_RESOURCE_SCORE": 0.010127456858754158
}