{
    "age": 0.010302439332008362,
    "tagged": 0.006706497631967068,
    "visited": 0.0020309460815042257,
    "conscious": 0.0016399690648540854,
    "breathing": 0.010945369489490986,
    "hrpmin": 0.012044068425893784,
    "avpu": 0.002014006720855832,
    "unvisited_count": 0.0004917615442536771,
    "environment_type": 0.002275902545079589,
    "questioning": 0.27691563963890076,
    "assessing": 0.20922881364822388,
    "treating": 0.0009200542699545622,
    "tagging": 0.22766950726509094,
    "category": 0.009263221174478531,
    "HRA Strategy.time-resources.take-the-best": 0.0015316987410187721,
    "HRA Strategy.time-risk_reward_ratio.take-the-best": 0.00495488103479147,
    "HRA Strategy.time-system.exhaustive": 0.00045503475121222436,
    "HRA Strategy.resources-system.take-the-best": 0.0012068954529240727,
    "HRA Strategy.resources-system.exhaustive": 0.0014190232614055276,
    "HRA Strategy.risk_reward_ratio-system.exhaustive": 0.002067586872726679,
    "One-Bounce Priority": 0.017688248306512833,
    "pDeath": 0.0028718130197376013,
    "pPain": 0.0080450139939785,
    "pBrainInjury": 0.008476542308926582,
    "pAirwayBlocked": 0.0012232548324391246,
    "pInternalBleeding": 0.004705676343291998,
    "pExternalBleeding": 0.003267258405685425,
    "entropy": 0.03797842562198639,
    "entropyDeath": 0.02076837792992592,
    "SEVERITY": 0.01011267676949501,
    "AVERAGE_TIME_USED": 0.004319060128182173,
    "DAMAGE_PER_SECOND": 0.0018773915944620967,
    "MEDSIM_P_DEATH": 0.00419765105471015,
    "MEDSIM_P_DEATH_ONE_MIN_LATER": 0.0008734739967621863,
    "SEVEREST_SEVERITY": 0.0007259830599650741,
    "WEIGHTED_RESOURCE_SCORE": 0.005396347958594561,
    "SMOL_MEDICAL_SOUNDNESS": 0.006231881212443113,
    "INFORMATION_GAINED": 0.021144531667232513,
    "treatment": 0.056013088673353195
}