{
    "age": 0.0986771211028099,
    "tagged": 0.0036515446845442057,
    "visited": 0.008740541525185108,
    "breathing": 0.018441863358020782,
    "environment_type": 0.015479820780456066,
    "assessing": 0.09542949497699738,
    "treating": 0.0321829691529274,
    "tagging": 0.00044719126890413463,
    "category": 0.046152617782354355,
    "HRA Strategy.time-resources.take-the-best": 0.021450664848089218,
    "HRA Strategy.time-system.tallying": 0.0026607168838381767,
    "Satisfactory Priority": 0.0029869426507502794,
    "pDeath": 0.08766895532608032,
    "pAirwayBlocked": 0.005323256831616163,
    "pExternalBleeding": 0.009765972383320332,
    "entropy": 0.0004229121550451964,
    "SEVERITY": 0.008358241058886051,
    "SUPPLIES_REMAINING": 0.01491519808769226,
    "AVERAGE_TIME_USED": 0.02976478636264801,
    "DAMAGE_PER_SECOND": 0.03730117157101631,
    "MEDSIM_P_DEATH": 0.009780711494386196,
    "MEDSIM_P_DEATH_ONE_MIN_LATER": 0.30347612500190735,
    "SEVERITY_CHANGE": 0.0019705293234437704,
    "SEVEREST_SEVERITY": 0.009029063396155834,
    "WEIGHTED_RESOURCE_SCORE": 0.07519905269145966,
    "SMOL_MEDICAL_SOUNDNESS": 0.005595065653324127,
    "treatment": 0.05512746796011925
}