{
    "tagged": 0.022314434871077538,
    "breathing": 0.006390238646417856,
    "unvisited_count": 0.004974968731403351,
    "injured_count": 0.02378379926085472,
    "questioning": 0.22265565395355225,
    "assessing": 0.29059287905693054,
    "tagging": 0.15689820051193237,
    "leaving": 0.13344630599021912,
    "One-Bounce Priority": 0.028918970376253128,
    "pPain": 0.006107156630605459,
    "pBrainInjury": 0.007535416167229414,
    "pAirwayBlocked": 0.007891783490777016,
    "pInternalBleeding": 0.0055143204517662525,
    "entropyDeath": 0.0102296257391572,
    "INFORMATION_GAINED": 0.032206498086452484,
    "treatment": 0.029734598472714424,
    "category": 0.010805101133883
}