{
    "age": 0.00807417556643486,
    "tagged": 0.023489395156502724,
    "visited": 0.0024519728031009436,
    "breathing": 0.00639708898961544,
    "hrpmin": 0.0035111408215016127,
    "unvisited_count": 0.014933844096958637,
    "injured_count": 0.018374353647232056,
    "questioning": 0.23076339066028595,
    "assessing": 0.2120935320854187,
    "tagging": 0.14107432961463928,
    "leaving": 0.18054001033306122,
    "Satisfactory Priority": 0.003891289932653308,
    "One-Bounce Priority": 0.03227747231721878,
    "pPain": 0.00685162516310811,
    "pAirwayBlocked": 0.00348371802829206,
    "pInternalBleeding": 0.00613148370757699,
    "pExternalBleeding": 0.012183832935988903,
    "entropy": 0.011168776080012321,
    "entropyDeath": 0.0036664651706814766,
    "AVERAGE_TIME_USED": 0.005843276623636484,
    "MEDSIM_P_DEATH": 0.006833341903984547,
    "INFORMATION_GAINED": 0.023763960227370262,
    "treatment": 0.03276894614100456,
    "category": 0.009432545863091946
}