{
    "age": 0.007072193082422018,
    "tagged": 0.033807653933763504,
    "visited": 0.0016684491420164704,
    "conscious": 0.0005936018424108624,
    "breathing": 0.00812680833041668,
    "hrpmin": 0.004040102940052748,
    "avpu": 0.0027608722448349,
    "unvisited_count": 0.012858601287007332,
    "injured_count": 0.0162083487957716,
    "environment_type": 0.0014330096310004592,
    "questioning": 0.14838342368602753,
    "assessing": 0.1772715300321579,
    "tagging": 0.22667573392391205,
    "leaving": 0.17824386060237885,
    "HRA Strategy.time-resources.take-the-best": 0.0026124848518520594,
    "HRA Strategy.time-system.exhaustive": 0.0008375357720069587,
    "HRA Strategy.time-system.one-bounce": 0.0022038279566913843,
    "HRA Strategy.resources-system.take-the-best": 0.00060324277728796,
    "HRA Strategy.resources-system.exhaustive": 0.0003079406451433897,
    "Satisfactory Priority": 0.00337040307931602,
    "One-Bounce Priority": 0.02032141573727131,
    "pDeath": 0.0050015514716506,
    "pPain": 0.00530936848372221,
    "pBrainInjury": 0.0019745139870792627,
    "pAirwayBlocked": 0.00538126565515995,
    "pInternalBleeding": 0.006211340893059969,
    "pExternalBleeding": 0.00877387635409832,
    "entropy": 0.010217839851975441,
    "entropyDeath": 0.008022857829928398,
    "SEVERITY": 0.0026850090362131596,
    "SUPPLIES_REMAINING": 0.000750935054384172,
    "AVERAGE_TIME_USED": 0.0037548476830124855,
    "DAMAGE_PER_SECOND": 0.0010495077585801482,
    "MEDSIM_P_DEATH": 0.013002702035009861,
    "MEDSIM_P_DEATH_ONE_MIN_LATER": 0.005513927433639765,
    "SEVERITY_CHANGE": 0.000566675909794867,
    "SEVEREST_SEVERITY": 0.0005784786771982908,
    "WEIGHTED_RESOURCE_SCORE": 0.003842482343316078,
    "SMOL_MEDICAL_SOUNDNESS": 0.001392895937897265,
    "INFORMATION_GAINED": 0.018064364790916443,
    "treatment": 0.03969220444560051,
    "category": 0.00881235022097826
}