{
    "age": 0.002980768447741866,
    "tagged": 0.07133854180574417,
    "conscious": 0.009807780385017395,
    "breathing": 0.028883596882224083,
    "avpu": 0.029872195795178413,
    "environment_type": 0.03277738392353058,
    "assessing": 0.12623009085655212,
    "tagging": 0.4365881383419037,
    "category": 0.00576067715883255,
    "HRA Strategy.time-resources.take-the-best": 0.020480072125792503,
    "HRA Strategy.time-system.tallying": 0.04628261551260948,
    "One-Bounce Priority": 0.006457258481532335,
    "pBrainInjury": 0.007510807830840349,
    "pAirwayBlocked": 0.002458648756146431,
    "pInternalBleeding": 0.00757881673052907,
    "SEVERITY": 0.008201511576771736,
    "SUPPLIES_REMAINING": 0.020571915432810783,
    "AVERAGE_TIME_USED": 0.04675307124853134,
    "DAMAGE_PER_SECOND": 0.028506848961114883,
    "MEDSIM_P_DEATH": 0.009307068772614002,
    "SMOL_MEDICAL_SOUNDNESS": 0.010609909892082214,
    "treatment": 0.04104229062795639
}