{
    "questioning": 0.42500290274620056,
    "assessing": 0.41946709156036377,
    "tagging": 0.10303918272256851,
    "treatment": 0.05249081179499626
}