{
    "conscious": 0.0007468850817531347,
    "intent": 0.22702956199645996,
    "directness_of_causality": 0.13701531291007996,
    "aid_available": 0.16093246638774872,
    "treating": 0.24575576186180115,
    "HRA Strategy.resources-system.take-the-best": 0.000922180013731122,
    "HRA Strategy.risk_reward_ratio-system.one-bounce": 0.0012706908164545894,
    "HRA Strategy.resources-risk_reward_ratio-system.one-bounce": 0.0009174885344691575,
    "HRA Strategy.time-resources-risk_reward_ratio-system.one-bounce": 0.00028044986538589,
    "Satisfactory Priority": 0.0008483106503263116,
    "pDeath": 0.00020485103596001863,
    "pAirwayBlocked": 0.0005913844797760248,
    "SEVERITY": 8.665615314384922e-05,
    "SUPPLIES_REMAINING": 0.0005538864061236382,
    "AVERAGE_TIME_USED": 0.004091479815542698,
    "SUPPLIES_USED": 0.21667802333831787,
    "SEVEREST_SEVERITY": 0.00040699460078030825,
    "SMOL_MEDICAL_SOUNDNESS": 0.0013694140361621976,
    "treatment": 0.0002982055302709341
}