{
    "age": 0.005727502983063459,
    "tagged": 0.0245168749243021,
    "breathing": 0.0038188572507351637,
    "hrpmin": 0.0039473664946854115,
    "unvisited_count": 0.0032353971619158983,
    "injured_count": 0.009452282451093197,
    "environment_type": 0.0019887732341885567,
    "questioning": 0.1234835684299469,
    "assessing": 0.14631475508213043,
    "tagging": 0.2435213327407837,
    "leaving": 0.32653096318244934,
    "HRA Strategy.time-risk_reward_ratio.take-the-best": 0.0022768727503716946,
    "Satisfactory Priority": 0.007585758343338966,
    "One-Bounce Priority": 0.013112733140587807,
    "pPain": 0.006047371309250593,
    "pBrainInjury": 0.0020741557236760855,
    "pAirwayBlocked": 0.003335115732625127,
    "pInternalBleeding": 0.0040605016984045506,
    "pExternalBleeding": 0.006640507373958826,
    "entropy": 0.010732612572610378,
    "SEVERITY": 0.0018949686782434583,
    "AVERAGE_TIME_USED": 0.007135087624192238,
    "WEIGHTED_RESOURCE_SCORE": 0.002026704605668783,
    "treatment": 0.03426698222756386,
    "category": 0.006272910628467798
}