{
    "tagged": 0.01285841315984726,
    "conscious": 0.0020462616812437773,
    "breathing": 0.020348630845546722,
    "intent": 0.12975147366523743,
    "directness_of_causality": 0.030229708179831505,
    "aid_available": 0.04495711252093315,
    "treating": 0.10831999778747559,
    "pInternalBleeding": 0.011324367485940456,
    "pExternalBleeding": 0.006275765132158995,
    "entropyDeath": 0.0012634210288524628,
    "SEVERITY": 0.00411413237452507,
    "SUPPLIES_REMAINING": 0.0056261587888002396,
    "AVERAGE_TIME_USED": 0.008731868118047714,
    "MEDSIM_P_DEATH_ONE_MIN_LATER": 0.3733294904232025,
    "SUPPLIES_USED": 0.057840220630168915,
    "SEVEREST_SEVERITY_CHANGE": 0.02776329591870308,
    "SMOL_MEDICAL_SOUNDNESS": 0.15521970391273499
}