{
    "age": 0.07722634077072144,
    "tagged": 0.20388108491897583,
    "visited": 0.020829616114497185,
    "conscious": 0.025588272139430046,
    "breathing": 0.023069674149155617,
    "questioning": 0.19206944108009338,
    "tagging": 0.029242385178804398,
    "category": 0.14056241512298584,
    "entropy": 0.04399123787879944,
    "SEVERITY": 0.04507111757993698,
    "SUPPLIES_REMAINING": 0.012941312976181507,
    "AVERAGE_TIME_USED": 0.009450921788811684,
    "DAMAGE_PER_SECOND": 0.06478744745254517,
    "MEDSIM_P_DEATH": 0.01562875509262085,
    "WEIGHTED_RESOURCE_SCORE": 0.00869187992066145,
    "SMOL_MEDICAL_SOUNDNESS": 0.038156889379024506,
    "treatment": 0.04881114512681961
}