{
    "questioning": 0.3037527799606323,
    "assessing": 0.39542847871780396,
    "tagging": 0.061455029994249344,
    "leaving": 0.2003687024116516,
    "treatment": 0.02664373442530632,
    "INFORMATION_GAINED": 0.01235135830938816
}