{
    "age": 0.007091833278536797,
    "tagged": 0.033422499895095825,
    "visited": 0.0030772765167057514,
    "conscious": 0.0009496077545918524,
    "breathing": 0.00667303241789341,
    "hrpmin": 0.0030632999259978533,
    "avpu": 0.0028854748234152794,
    "unvisited_count": 0.012267191894352436,
    "injured_count": 0.01389821246266365,
    "environment_type": 0.0012256255140528083,
    "questioning": 0.17295461893081665,
    "assessing": 0.15756547451019287,
    "treating": 0.0005715421284548938,
    "tagging": 0.21199876070022583,
    "leaving": 0.16290263831615448,
    "HRA Strategy.time-resources.take-the-best": 0.002810635371133685,
    "HRA Strategy.time-resources.one-bounce": 0.0002628155052661896,
    "HRA Strategy.time-system.exhaustive": 0.0004438985779415816,
    "HRA Strategy.time-system.tallying": 0.0004570957098621875,
    "HRA Strategy.time-system.one-bounce": 0.0016182966064661741,
    "HRA Strategy.resources-risk_reward_ratio.take-the-best": 3.9037920942064375e-05,
    "HRA Strategy.resources-system.take-the-best": 0.0013074759626761079,
    "HRA Strategy.resources-system.exhaustive": 0.0004920365172438323,
    "HRA Strategy.risk_reward_ratio-system.exhaustive": 0.0012256287736818194,
    "Take-The-Best Priority": 0.00017336649762000889,
    "Satisfactory Priority": 0.005318916402757168,
    "One-Bounce Priority": 0.023574259132146835,
    "pDeath": 0.0033736107870936394,
    "pPain": 0.0058008963242173195,
    "pBrainInjury": 0.002571636578068137,
    "pAirwayBlocked": 0.004658831283450127,
    "pInternalBleeding": 0.0061264121904969215,
    "pExternalBleeding": 0.009624352678656578,
    "entropy": 0.010020162910223007,
    "entropyDeath": 0.006372978910803795,
    "SEVERITY": 0.002957706106826663,
    "SUPPLIES_REMAINING": 0.0007218612590804696,
    "AVERAGE_TIME_USED": 0.004082105588167906,
    "DAMAGE_PER_SECOND": 0.0012035786639899015,
    "MEDSIM_P_DEATH": 0.020848112180829048,
    "MEDSIM_P_DEATH_ONE_MIN_LATER": 0.0024397780653089285,
    "SEVERITY_CHANGE": 0.002241433598101139,
    "SEVEREST_SEVERITY": 0.0038509569130837917,
    "SEVEREST_SEVERITY_CHANGE": 0.00021667394321411848,
    "WEIGHTED_RESOURCE_SCORE": 0.001940597197972238,
    "SMOL_MEDICAL_SOUNDNESS": 0.000987013103440404,
    "INFORMATION_GAINED": 0.03601245582103729,
    "treatment": 0.03671811893582344,
    "category": 0.008960183709859848
}