{
    "breathing": 0.008571382611989975,
    "intent": 0.024188155308365822,
    "directness_of_causality": 0.14294348657131195,
    "aid_available": 0.1549801081418991,
    "treating": 0.39704206585884094,
    "HRA Strategy.risk_reward_ratio-system.one-bounce": 0.0038697917480021715,
    "SUPPLIES_REMAINING": 0.03868403285741806,
    "AVERAGE_TIME_USED": 0.0037682601250708103,
    "SUPPLIES_USED": 0.22424373030662537,
    "treatment": 0.001709031406790018
}