{
    "age": 0.022909367457032204,
    "tagged": 0.08186361193656921,
    "breathing": 0.01464695855975151,
    "hrpmin": 0.0292745940387249,
    "unvisited_count": 0.029026245698332787,
    "environment_type": 0.008207259699702263,
    "questioning": 0.23745019733905792,
    "assessing": 0.18520300090312958,
    "treating": 0.011839757673442364,
    "tagging": 0.12258163094520569,
    "One-Bounce Priority": 0.049560174345970154,
    "pDeath": 0.006405471358448267,
    "pPain": 0.0132164740934968,
    "pBrainInjury": 0.007787609938532114,
    "pAirwayBlocked": 0.017046906054019928,
    "pInternalBleeding": 0.01568102277815342,
    "pExternalBleeding": 0.020888209342956543,
    "entropy": 0.011435655876994133,
    "SEVERITY": 0.007857825607061386,
    "AVERAGE_TIME_USED": 0.016331996768712997,
    "SEVEREST_SEVERITY": 0.004860591609030962,
    "WEIGHTED_RESOURCE_SCORE": 0.01789095439016819,
    "treatment": 0.05076709762215614,
    "category": 0.017267413437366486
}