{
    "age": 0.005741515662521124,
    "tagged": 0.041437819600105286,
    "visited": 0.0027163515333086252,
    "conscious": 0.0011408452410250902,
    "breathing": 0.006098625715821981,
    "hrpmin": 0.003298342926427722,
    "avpu": 0.00525402557104826,
    "unvisited_count": 0.006107328459620476,
    "injured_count": 0.012715720571577549,
    "environment_type": 0.001486607943661511,
    "questioning": 0.196519136428833,
    "assessing": 0.20576909184455872,
    "tagging": 0.2194903939962387,
    "leaving": 0.11522432416677475,
    "HRA Strategy.time-resources.take-the-best": 0.004137602634727955,
    "HRA Strategy.time-resources.one-bounce": 0.0002627393987495452,
    "HRA Strategy.time-system.exhaustive": 0.000983516569249332,
    "HRA Strategy.time-system.tallying": 0.0009977070149034262,
    "HRA Strategy.resources-risk_reward_ratio.take-the-best": 0.0001597431255504489,
    "HRA Strategy.resources-system.take-the-best": 0.000952649163082242,
    "HRA Strategy.resources-system.exhaustive": 0.004105608444660902,
    "Satisfactory Priority": 0.0008492186898365617,
    "One-Bounce Priority": 0.01836245320737362,
    "pDeath": 0.004908914212137461,
    "pPain": 0.007109373342245817,
    "pBrainInjury": 0.0036994386464357376,
    "pAirwayBlocked": 0.003149634227156639,
    "pInternalBleeding": 0.008555671200156212,
    "pExternalBleeding": 0.005886203143745661,
    "entropy": 0.004542358685284853,
    "entropyDeath": 0.007219498045742512,
    "SEVERITY": 0.00350242224521935,
    "SUPPLIES_REMAINING": 0.000643923063762486,
    "AVERAGE_TIME_USED": 0.0033783093094825745,
    "DAMAGE_PER_SECOND": 0.0005192203680053353,
    "MEDSIM_P_DEATH": 0.01046072319149971,
    "MEDSIM_P_DEATH_ONE_MIN_LATER": 0.0031565402168780565,
    "SEVERITY_CHANGE": 0.0003217103658244014,
    "SEVEREST_SEVERITY": 0.0007045870297588408,
    "WEIGHTED_RESOURCE_SCORE": 0.0004282909503672272,
    "INFORMATION_GAINED": 0.03460783138871193,
    "treatment": 0.0361870713531971,
    "category": 0.007206997834146023
}