{
    "tagged": 0.00036587633076123893,
    "mental_status": 0.038233160972595215,
    "breathing": 0.12437701970338821,
    "directness_of_causality": 0.12112203240394592,
    "unvisited_count": 0.00015179025649558753,
    "aid_available": 0.02449757233262062,
    "treating": 0.18631964921951294,
    "HRA Strategy.time-resources.one-bounce": 0.012087104842066765,
    "HRA Strategy.time-risk_reward_ratio.one-bounce": 0.003851009765639901,
    "HRA Strategy.resources-system.take-the-best": 7.763475150568411e-05,
    "HRA Strategy.risk_reward_ratio-system.one-bounce": 0.001814137096516788,
    "HRA Strategy.time-resources-system.take-the-best": 0.0018524364568293095,
    "HRA Strategy.time-resources-system.one-bounce": 0.000182823117938824,
    "HRA Strategy.resources-risk_reward_ratio-system.one-bounce": 0.0014336706371977925,
    "pDeath": 0.00022484776854980737,
    "pPain": 9.979528840631247e-05,
    "pInternalBleeding": 0.010102844797074795,
    "entropy": 0.27685582637786865,
    "SEVERITY": 0.015887433663010597,
    "AVERAGE_TIME_USED": 0.008789676241576672,
    "DAMAGE_PER_SECOND": 0.0005976045504212379,
    "SEVERITY_CHANGE": 0.00014566925528924912,
    "SUPPLIES_USED": 0.08718390762805939,
    "SEVEREST_SEVERITY": 0.00019824394257739186,
    "WEIGHTED_RESOURCE_SCORE": 0.00033358336077071726,
    "treatment": 0.08321469277143478
}