{
    "age": 0.01207906287163496,
    "tagged": 0.019679544493556023,
    "visited": 0.010567913763225079,
    "conscious": 0.004788462538272142,
    "breathing": 0.008738864213228226,
    "avpu": 0.0014148700283840299,
    "unvisited_count": 0.08097974956035614,
    "environment_type": 0.018415341153740883,
    "questioning": 0.0653851255774498,
    "assessing": 0.08811698108911514,
    "treating": 0.0006085038767196238,
    "tagging": 0.1979856789112091,
    "leaving": 0.23212243616580963,
    "HRA Strategy.time-resources.take-the-best": 0.0008900948450900614,
    "HRA Strategy.time-risk_reward_ratio.take-the-best": 0.00043469597585499287,
    "HRA Strategy.time-system.one-bounce": 0.00013087956176605076,
    "Satisfactory Priority": 0.022812247276306152,
    "One-Bounce Priority": 0.03650115802884102,
    "pDeath": 0.002284643705934286,
    "pPain": 0.009185971692204475,
    "pBrainInjury": 0.0025766738690435886,
    "pAirwayBlocked": 0.0009075356647372246,
    "pInternalBleeding": 0.010518815368413925,
    "pExternalBleeding": 0.013667313382029533,
    "entropy": 0.011455751955509186,
    "entropyDeath": 0.0006659754435531795,
    "SEVERITY": 0.0021213951986283064,
    "SUPPLIES_REMAINING": 0.0006154553266242146,
    "AVERAGE_TIME_USED": 0.009124803356826305,
    "DAMAGE_PER_SECOND": 0.0018237947952002287,
    "MEDSIM_P_DEATH": 0.0015240570064634085,
    "MEDSIM_P_DEATH_ONE_MIN_LATER": 0.003337680594995618,
    "SEVEREST_SEVERITY": 0.0007962221279740334,
    "SEVEREST_SEVERITY_CHANGE": 0.0653211772441864,
    "WEIGHTED_RESOURCE_SCORE": 0.001281753764487803,
    "SMOL_MEDICAL_SOUNDNESS": 0.0021610173862427473,
    "INFORMATION_GAINED": 0.02101987414062023,
    "treatment": 0.0264565572142601,
    "category": 0.011502053588628769
}