{
    "directness_of_causality": 0.12455489486455917,
    "aid_available": 0.24958565831184387,
    "treating": 0.42647168040275574,
    "SUPPLIES_USED": 0.1993878185749054
}