{
    "intent": 0.24309620261192322,
    "treating": 0.7569038271903992
}