{
    "age": 0.03125856816768646,
    "tagged": 0.05940932407975197,
    "visited": 0.0025252015329897404,
    "conscious": 0.013732366263866425,
    "breathing": 0.01313241757452488,
    "hrpmin": 0.007747704163193703,
    "avpu": 0.008241904899477959,
    "unvisited_count": 0.011123199947178364,
    "environment_type": 0.015291173942387104,
    "questioning": 0.16563741862773895,
    "assessing": 0.09490089118480682,
    "treating": 0.007237329613417387,
    "tagging": 0.0008723977953195572,
    "leaving": 0.07366006821393967,
    "category": 0.02281966619193554,
    "HRA Strategy.time-resources.take-the-best": 0.005513269454240799,
    "HRA Strategy.time-system.exhaustive": 0.006331489887088537,
    "HRA Strategy.resources-risk_reward_ratio.one-bounce": 0.0014337932225316763,
    "HRA Strategy.resources-system.exhaustive": 0.0015239478088915348,
    "HRA Strategy.risk_reward_ratio-system.exhaustive": 0.005569559521973133,
    "One-Bounce Priority": 0.0012544255005195737,
    "pDeath": 0.008981550112366676,
    "pPain": 0.005168428178876638,
    "pBrainInjury": 0.0937502309679985,
    "pAirwayBlocked": 0.0007929423009045422,
    "pInternalBleeding": 0.008046752773225307,
    "pExternalBleeding": 0.002478434005752206,
    "entropy": 0.014230865985155106,
    "entropyDeath": 0.050963785499334335,
    "SEVERITY": 0.008181816898286343,
    "SUPPLIES_REMAINING": 0.004784237127751112,
    "AVERAGE_TIME_USED": 0.009292328730225563,
    "DAMAGE_PER_SECOND": 0.008239485323429108,
    "MEDSIM_P_DEATH_ONE_MIN_LATER": 0.011968180537223816,
    "SEVERITY_CHANGE": 0.0018640244379639626,
    "SEVEREST_SEVERITY_CHANGE": 0.1404704451560974,
    "WEIGHTED_RESOURCE_SCORE": 0.005455596838146448,
    "INFORMATION_GAINED": 0.04926632344722748,
    "treatment": 0.026848435401916504
}