{
    "age": 0.03072979301214218,
    "tagged": 0.011648428626358509,
    "visited": 0.013155191205441952,
    "conscious": 0.007695275358855724,
    "breathing": 0.01190769299864769,
    "injured_count": 0.08126422017812729,
    "environment_type": 0.007458780892193317,
    "questioning": 0.1542193591594696,
    "assessing": 0.26654016971588135,
    "tagging": 0.07027969509363174,
    "category": 0.04749784991145134,
    "Satisfactory Priority": 0.014990619383752346,
    "pPain": 0.0023452306631952524,
    "pInternalBleeding": 0.003905470948666334,
    "pExternalBleeding": 0.016257554292678833,
    "entropy": 0.05355102941393852,
    "SEVERITY": 0.003393566934391856,
    "AVERAGE_TIME_USED": 0.0049892934039235115,
    "DAMAGE_PER_SECOND": 0.05357334762811661,
    "MEDSIM_P_DEATH": 0.009034685790538788,
    "MEDSIM_P_DEATH_ONE_MIN_LATER": 0.005476124119013548,
    "SEVEREST_SEVERITY_CHANGE": 0.04851575940847397,
    "WEIGHTED_RESOURCE_SCORE": 0.0042754667811095715,
    "SMOL_MEDICAL_SOUNDNESS": 0.026819752529263496,
    "INFORMATION_GAINED": 0.0196680948138237,
    "treatment": 0.030807625502347946
}