{
    "intent": 0.5446094870567322,
    "treating": 0.4541153907775879,
    "DAMAGE_PER_SECOND": 0.0012751288013532758
}