{
    "intent": 0.1642417162656784,
    "aid_available": 0.21993380784988403,
    "treating": 0.43286529183387756,
    "SUPPLIES_USED": 0.18295921385288239
}