{
    "tagged": 0.03665996715426445,
    "breathing": 0.00438271788880229,
    "hrpmin": 0.004888974595814943,
    "avpu": 0.003915083594620228,
    "unvisited_count": 0.0038568133022636175,
    "injured_count": 0.008095402270555496,
    "questioning": 0.1972436010837555,
    "assessing": 0.18799693882465363,
    "tagging": 0.09893174469470978,
    "leaving": 0.3325108587741852,
    "One-Bounce Priority": 0.012567255645990372,
    "pDeath": 0.0031020226888358593,
    "pPain": 0.004840114153921604,
    "pBrainInjury": 0.008607194758951664,
    "pAirwayBlocked": 0.0033435195218771696,
    "pInternalBleeding": 0.01155160553753376,
    "entropy": 0.012398948892951012,
    "entropyDeath": 0.003511786926537752,
    "SEVERITY": 0.0018472208175808191,
    "MEDSIM_P_DEATH": 0.0028003675397485495,
    "MEDSIM_P_DEATH_ONE_MIN_LATER": 0.0026383951772004366,
    "WEIGHTED_RESOURCE_SCORE": 0.002158959163352847,
    "INFORMATION_GAINED": 0.014324014075100422,
    "treatment": 0.031963545829057693,
    "category": 0.0058629498817026615
}