{
    "conscious": 0.015585237182676792,
    "breathing": 0.00014486268628388643,
    "hrpmin": 0.003024620469659567,
    "intent": 0.19664537906646729,
    "directness_of_causality": 0.1696825474500656,
    "aid_available": 0.12099147588014603,
    "treating": 0.21203549206256866,
    "HRA Strategy.risk_reward_ratio-system.one-bounce": 0.0013458157191053033,
    "HRA Strategy.time-resources-system.one-bounce": 0.0004652306961361319,
    "HRA Strategy.resources-risk_reward_ratio-system.one-bounce": 0.0010806404752656817,
    "HRA Strategy.time-resources-risk_reward_ratio-system.one-bounce": 0.0003832748916465789,
    "pAirwayBlocked": 0.00018427187751512975,
    "pExternalBleeding": 0.000494502775836736,
    "SEVERITY": 0.0021569791715592146,
    "SUPPLIES_REMAINING": 0.0008747844840399921,
    "AVERAGE_TIME_USED": 0.015982069075107574,
    "DAMAGE_PER_SECOND": 0.00015299534425139427,
    "SEVERITY_CHANGE": 0.0002524183364585042,
    "SUPPLIES_USED": 0.19036902487277985,
    "WEIGHTED_RESOURCE_SCORE": 0.0001635765947867185,
    "SMOL_MEDICAL_SOUNDNESS": 0.06691452860832214,
    "treatment": 0.001070333761163056
}