{
    "tagged": 0.011565469205379486,
    "mental_status": 0.017856501042842865,
    "intent": 0.042780350893735886,
    "directness_of_causality": 0.3300032615661621,
    "treating": 0.475154846906662,
    "HRA Strategy.time-resources.take-the-best": 0.030040891841053963,
    "HRA Strategy.resources-system.take-the-best": 0.052201420068740845,
    "HRA Strategy.risk_reward_ratio-system.one-bounce": 0.003802225226536393,
    "HRA Strategy.time-resources-system.exhaustive": 0.0010817752918228507,
    "HRA Strategy.time-resources-system.tallying": 0.0027702704537659883,
    "Take-The-Best Priority": 0.007144635543227196,
    "Satisfactory Priority": 0.02226707525551319,
    "AVERAGE_TIME_USED": 0.003331245156005025
}