{
    "conscious": 0.0932484120130539,
    "mental_status": 0.009657884016633034,
    "avpu": 0.00011720572365447879,
    "intent": 0.03532964736223221,
    "directness_of_causality": 0.17640690505504608,
    "aid_available": 0.15459293127059937,
    "treating": 0.24960802495479584,
    "HRA Strategy.time-resources.take-the-best": 0.005027681589126587,
    "HRA Strategy.resources-risk_reward_ratio.one-bounce": 0.019284753128886223,
    "HRA Strategy.resources-system.take-the-best": 0.01864435523748398,
    "HRA Strategy.risk_reward_ratio-system.one-bounce": 0.001739269937388599,
    "HRA Strategy.time-resources-system.one-bounce": 0.0005153938545845449,
    "HRA Strategy.resources-risk_reward_ratio-system.one-bounce": 0.0015188019024208188,
    "HRA Strategy.time-resources-risk_reward_ratio-system.one-bounce": 0.000656060001347214,
    "Take-The-Best Priority": 0.0021349668968468904,
    "Satisfactory Priority": 0.0012469416251406074,
    "One-Bounce Priority": 0.0006169997504912317,
    "pDeath": 0.0010304682655259967,
    "pPain": 0.00029847811674699187,
    "pBrainInjury": 0.000881700892932713,
    "pAirwayBlocked": 0.0004313566896598786,
    "entropy": 0.0004964316030964255,
    "entropyDeath": 0.005339363589882851,
    "SEVERITY": 0.0019278619438409805,
    "SUPPLIES_REMAINING": 0.0012440659338608384,
    "AVERAGE_TIME_USED": 0.0007577303913421929,
    "DAMAGE_PER_SECOND": 5.872401379747316e-05,
    "MEDSIM_P_DEATH": 0.006113196257501841,
    "SUPPLIES_USED": 0.20971187949180603,
    "SEVEREST_SEVERITY": 0.0003921589523088187,
    "WEIGHTED_RESOURCE_SCORE": 0.0001640467089600861,
    "treatment": 0.0008062858250923455
}