{
    "breathing": 0.02719113603234291,
    "intent": 0.23153412342071533,
    "directness_of_causality": 0.06794892996549606,
    "treating": 0.4588409662246704,
    "SUPPLIES_USED": 0.04907747358083725,
    "treatment": 0.16540728509426117
}