{
    "age": 0.012238962575793266,
    "tagged": 0.035210393369197845,
    "conscious": 0.005302367266267538,
    "breathing": 0.0022768890485167503,
    "avpu": 0.005127269774675369,
    "unvisited_count": 0.006789803504943848,
    "injured_count": 0.0433751679956913,
    "environment_type": 0.004826003685593605,
    "questioning": 0.05156424641609192,
    "assessing": 0.10493561625480652,
    "treating": 0.002036635996773839,
    "tagging": 0.1397145539522171,
    "leaving": 0.35317957401275635,
    "treatment": 0.02471992000937462,
    "HRA Strategy.time-resources.take-the-best": 0.03130161017179489,
    "HRA Strategy.time-resources.one-bounce": 0.0003271445748396218,
    "HRA Strategy.time-system.tallying": 0.00010279005073243752,
    "HRA Strategy.time-system.one-bounce": 0.0028065259102731943,
    "HRA Strategy.resources-risk_reward_ratio.take-the-best": 7.900877972133458e-05,
    "HRA Strategy.resources-system.take-the-best": 0.00028704930446110666,
    "Satisfactory Priority": 0.012675641104578972,
    "One-Bounce Priority": 0.024096162989735603,
    "pDeath": 0.0013461506459861994,
    "pPain": 0.01622873917222023,
    "pBrainInjury": 0.03719193488359451,
    "pAirwayBlocked": 0.0020208065398037434,
    "pInternalBleeding": 0.0005291930283419788,
    "pExternalBleeding": 0.0030369681771844625,
    "entropy": 0.0013541096122935414,
    "entropyDeath": 0.00421518599614501,
    "SEVERITY": 0.001435192534700036,
    "SUPPLIES_REMAINING": 0.0010562071111053228,
    "AVERAGE_TIME_USED": 0.0007708918419666588,
    "DAMAGE_PER_SECOND": 0.0010231754276901484,
    "MEDSIM_P_DEATH": 0.001975364051759243,
    "MEDSIM_P_DEATH_ONE_MIN_LATER": 0.008807176724076271,
    "SEVERITY_CHANGE": 0.0001665362506173551,
    "SEVEREST_SEVERITY": 0.0012601111084222794,
    "SEVEREST_SEVERITY_CHANGE": 0.028334490954875946,
    "SMOL_MEDICAL_SOUNDNESS": 0.000638894154690206,
    "INFORMATION_GAINED": 0.017499877139925957,
    "category": 0.008135690353810787
}