{
    "conscious": 0.1396438479423523,
    "mental_status": 0.02559211105108261,
    "intent": 0.07224468886852264,
    "directness_of_causality": 0.14671501517295837,
    "aid_available": 0.02200710028409958,
    "treating": 0.27598798274993896,
    "HRA Strategy.time-resources.take-the-best": 0.005091181956231594,
    "HRA Strategy.resources-risk_reward_ratio.one-bounce": 0.0233626551926136,
    "HRA Strategy.resources-system.take-the-best": 0.03164886683225632,
    "pDeath": 0.09041348099708557,
    "entropyDeath": 0.03340965136885643,
    "SEVERITY": 0.011189963668584824,
    "SUPPLIES_USED": 0.039200201630592346,
    "SEVEREST_SEVERITY": 0.006776540074497461,
    "treatment": 0.07671665400266647
}