{
    "directness_of_causality": 0.12885239720344543,
    "aid_available": 0.23741604387760162,
    "treating": 0.44166284799575806,
    "SUPPLIES_USED": 0.1920686960220337
}