{
    "mental_status": 0.004455708898603916,
    "intent": 0.11542265862226486,
    "directness_of_causality": 0.12403037399053574,
    "aid_available": 0.1485549509525299,
    "treating": 0.26058822870254517,
    "HRA Strategy.time-resources.take-the-best": 0.00013452941493596882,
    "HRA Strategy.resources-system.take-the-best": 0.00021011086937505752,
    "HRA Strategy.risk_reward_ratio-system.one-bounce": 0.002077585319057107,
    "HRA Strategy.time-resources-system.one-bounce": 0.0007320913136936724,
    "HRA Strategy.time-resources-risk_reward_ratio-system.one-bounce": 0.0005455267964862287,
    "Take-The-Best Priority": 0.00038140741526149213,
    "Satisfactory Priority": 0.0013773689279332757,
    "pBrainInjury": 0.00030989525839686394,
    "pAirwayBlocked": 0.00021631713025271893,
    "SEVERITY": 0.014215787872672081,
    "SUPPLIES_REMAINING": 0.0014403231907635927,
    "AVERAGE_TIME_USED": 0.007374081294983625,
    "DAMAGE_PER_SECOND": 0.00011850794544443488,
    "SUPPLIES_USED": 0.18959128856658936,
    "SEVEREST_SEVERITY": 0.0005652495310641825,
    "SMOL_MEDICAL_SOUNDNESS": 0.1264350265264511,
    "treatment": 0.0012230074498802423
}