{
    "age": 0.14794166386127472,
    "tagged": 0.09852026402950287,
    "visited": 0.02400473691523075,
    "assessing": 0.25242382287979126,
    "treating": 0.003581374417990446,
    "tagging": 0.25305697321891785,
    "treatment": 0.014463520608842373,
    "HRA Strategy.time-resources.take-the-best": 0.0073730479925870895,
    "SEVERITY": 0.012371404096484184,
    "AVERAGE_TIME_USED": 0.09903130680322647,
    "DAMAGE_PER_SECOND": 0.019643692299723625,
    "WEIGHTED_RESOURCE_SCORE": 0.06758816540241241
}