{
    "tagged": 0.0015153385465964675,
    "breathing": 0.001565737882629037,
    "intent": 0.04985717684030533,
    "directness_of_causality": 0.02068624086678028,
    "injured_count": 0.5933467745780945,
    "aid_available": 0.03767690062522888,
    "treating": 0.06831297278404236,
    "HRA Strategy.time-resources.take-the-best": 0.002776041394099593,
    "HRA Strategy.time-risk_reward_ratio.one-bounce": 0.0019742154981940985,
    "HRA Strategy.resources-risk_reward_ratio.one-bounce": 0.005295882001519203,
    "HRA Strategy.resources-system.take-the-best": 0.004264474846422672,
    "HRA Strategy.risk_reward_ratio-system.one-bounce": 0.000556722457986325,
    "HRA Strategy.time-resources-system.one-bounce": 0.00018687375995796174,
    "HRA Strategy.resources-risk_reward_ratio-system.one-bounce": 0.0006229928694665432,
    "Take-The-Best Priority": 0.0001579499221406877,
    "Satisfactory Priority": 0.0004944181418977678,
    "SEVERITY": 0.01905064843595028,
    "SUPPLIES_REMAINING": 0.0010689005721360445,
    "AVERAGE_TIME_USED": 0.01168049592524767,
    "DAMAGE_PER_SECOND": 0.004366688430309296,
    "SUPPLIES_USED": 0.06274764984846115,
    "SEVEREST_SEVERITY": 0.014093556441366673,
    "SEVEREST_SEVERITY_CHANGE": 0.013777859508991241,
    "WEIGHTED_RESOURCE_SCORE": 0.000432028085924685,
    "SMOL_MEDICAL_SOUNDNESS": 0.08349146693944931
}