{
    "treating": 0.42495593428611755,
    "Take-The-Best Priority": 0.3305792808532715,
    "Satisfactory Priority": 0.24446475505828857
}