{
    "age": 0.016413578763604164,
    "tagged": 0.027896855026483536,
    "visited": 0.049919284880161285,
    "conscious": 0.014419392682611942,
    "breathing": 0.013254295103251934,
    "hrpmin": 0.008207451552152634,
    "unvisited_count": 0.024956023320555687,
    "environment_type": 0.031071748584508896,
    "questioning": 0.2452838271856308,
    "assessing": 0.1967613399028778,
    "tagging": 0.10832126438617706,
    "leaving": 0.1641867309808731,
    "treatment": 0.06547053903341293,
    "MEDSIM_P_DEATH_ONE_MIN_LATER": 0.02136331796646118,
    "category": 0.012474223971366882
}