{
    "tagged": 0.025430388748645782,
    "breathing": 0.007100952323526144,
    "injured_count": 0.011111553758382797,
    "questioning": 0.24457140266895294,
    "assessing": 0.289619117975235,
    "tagging": 0.19437934458255768,
    "leaving": 0.12253676354885101,
    "One-Bounce Priority": 0.017672153189778328,
    "pInternalBleeding": 0.005411601159721613,
    "entropy": 0.009096546098589897,
    "WEIGHTED_RESOURCE_SCORE": 0.008596586063504219,
    "INFORMATION_GAINED": 0.01943778432905674,
    "treatment": 0.03758372738957405,
    "category": 0.0074520474299788475
}