{
    "age": 0.01051329169422388,
    "tagged": 0.048013173043727875,
    "visited": 0.006383668631315231,
    "conscious": 0.001063468400388956,
    "breathing": 0.008314006961882114,
    "hrpmin": 0.01941041834652424,
    "avpu": 0.0034949344117194414,
    "unvisited_count": 0.007414060179144144,
    "injured_count": 0.0045646014623343945,
    "others_tagged_or_uninjured": 0.0006738485535606742,
    "environment_type": 0.005574359092861414,
    "questioning": 0.22546836733818054,
    "assessing": 0.2093888372182846,
    "tagging": 0.19474652409553528,
    "leaving": 0.008937356062233448,
    "HRA Strategy.time-resources.take-the-best": 0.006116457283496857,
    "HRA Strategy.time-resources.one-bounce": 0.0004264003655407578,
    "HRA Strategy.time-system.exhaustive": 0.0009019355056807399,
    "HRA Strategy.time-system.tallying": 0.013229519128799438,
    "HRA Strategy.resources-risk_reward_ratio.take-the-best": 0.0008542834548279643,
    "HRA Strategy.resources-system.take-the-best": 0.0007113821338862181,
    "Satisfactory Priority": 0.0033895669039338827,
    "One-Bounce Priority": 0.018050702288746834,
    "pDeath": 0.0036929515190422535,
    "pPain": 0.005500929430127144,
    "pBrainInjury": 0.007586441468447447,
    "pAirwayBlocked": 0.00497314240783453,
    "pInternalBleeding": 0.00885846372693777,
    "pExternalBleeding": 0.006166522391140461,
    "entropy": 0.009253772906959057,
    "entropyDeath": 0.02205647900700569,
    "SEVERITY": 0.008450615219771862,
    "SUPPLIES_REMAINING": 0.0007341585005633533,
    "AVERAGE_TIME_USED": 0.01009419932961464,
    "DAMAGE_PER_SECOND": 0.0016998337814584374,
    "MEDSIM_P_DEATH": 0.005878201220184565,
    "MEDSIM_P_DEATH_ONE_MIN_LATER": 0.00027115384000353515,
    "SEVERITY_CHANGE": 0.0041018296033144,
    "SEVEREST_SEVERITY": 0.000895473756827414,
    "SEVEREST_SEVERITY_CHANGE": 0.00019597457139752805,
    "WEIGHTED_RESOURCE_SCORE": 0.0027968650683760643,
    "SMOL_MEDICAL_SOUNDNESS": 0.007253736257553101,
    "INFORMATION_GAINED": 0.05513683706521988,
    "treatment": 0.02816307730972767,
    "category": 0.00859826523810625
}