{
    "age": 0.015115601941943169,
    "tagged": 0.0650109127163887,
    "visited": 0.0031910708639770746,
    "conscious": 0.003094987478107214,
    "breathing": 0.007758428808301687,
    "hrpmin": 0.02111983299255371,
    "avpu": 0.0020803415682166815,
    "unvisited_count": 0.0032899887301027775,
    "injured_count": 0.05580964311957359,
    "others_tagged_or_uninjured": 0.0035076665226370096,
    "environment_type": 0.012102054432034492,
    "questioning": 0.16831618547439575,
    "assessing": 0.17337678372859955,
    "tagging": 0.1851281374692917,
    "category": 0.01223251037299633,
    "HRA Strategy.time-resources.take-the-best": 0.0025445804931223392,
    "HRA Strategy.time-risk_reward_ratio.take-the-best": 0.009911458007991314,
    "Satisfactory Priority": 0.0151132233440876,
    "One-Bounce Priority": 0.03762514144182205,
    "pDeath": 0.002582845976576209,
    "pPain": 0.009987005032598972,
    "pBrainInjury": 0.0011759600602090359,
    "pAirwayBlocked": 0.017541104927659035,
    "entropy": 0.006069336086511612,
    "SEVERITY": 0.006065525580197573,
    "AVERAGE_TIME_USED": 0.0039376793429255486,
    "DAMAGE_PER_SECOND": 0.0025506047531962395,
    "MEDSIM_P_DEATH": 0.0038535024505108595,
    "MEDSIM_P_DEATH_ONE_MIN_LATER": 0.001656790147535503,
    "SEVEREST_SEVERITY": 0.001135373953729868,
    "SMOL_MEDICAL_SOUNDNESS": 0.005252974107861519,
    "INFORMATION_GAINED": 0.10783177614212036,
    "treatment": 0.034030988812446594
}