{
    "age": 0.006459848023951054,
    "tagged": 0.014369454234838486,
    "breathing": 0.006303479429334402,
    "hrpmin": 0.0019097723998129368,
    "unvisited_count": 0.012424537912011147,
    "injured_count": 0.016240520402789116,
    "questioning": 0.17516973614692688,
    "assessing": 0.1441321074962616,
    "tagging": 0.12110637128353119,
    "leaving": 0.366222083568573,
    "Satisfactory Priority": 0.004698541015386581,
    "One-Bounce Priority": 0.02629818394780159,
    "pPain": 0.0046479362063109875,
    "pInternalBleeding": 0.0028637442737817764,
    "pExternalBleeding": 0.006430257111787796,
    "entropy": 0.006455079652369022,
    "entropyDeath": 0.0049239820800721645,
    "AVERAGE_TIME_USED": 0.003527589375153184,
    "MEDSIM_P_DEATH": 0.0031353444792330265,
    "INFORMATION_GAINED": 0.03559555858373642,
    "treatment": 0.029282385483384132,
    "category": 0.007803594693541527
}