{
    "mental_status": 0.0017650122754275799,
    "breathing": 0.24353894591331482,
    "intent": 0.001232719048857689,
    "directness_of_causality": 0.2048453390598297,
    "unvisited_count": 0.0012077835854142904,
    "aid_available": 0.01305376086384058,
    "treating": 0.30890777707099915,
    "HRA Strategy.time-resources.take-the-best": 0.007286601699888706,
    "HRA Strategy.time-resources.one-bounce": 0.0051757763139903545,
    "HRA Strategy.resources-risk_reward_ratio.one-bounce": 0.012054936960339546,
    "HRA Strategy.resources-system.take-the-best": 0.01984020322561264,
    "HRA Strategy.risk_reward_ratio-system.one-bounce": 0.001872905413620174,
    "HRA Strategy.resources-risk_reward_ratio-system.one-bounce": 0.0012807324528694153,
    "Take-The-Best Priority": 0.001871577464044094,
    "Satisfactory Priority": 0.0011865249834954739,
    "pBrainInjury": 0.0008756918832659721,
    "entropyDeath": 0.03161591663956642,
    "SEVERITY": 0.03276883438229561,
    "SUPPLIES_REMAINING": 0.0009250958682969213,
    "AVERAGE_TIME_USED": 0.00544565636664629,
    "SUPPLIES_USED": 0.09751617908477783,
    "SEVEREST_SEVERITY": 0.004752680193632841,
    "WEIGHTED_RESOURCE_SCORE": 0.000344534550094977,
    "treatment": 0.0006348197930492461
}