{
    "treating": 0.5434821248054504,
    "SMOL_MEDICAL_SOUNDNESS": 0.1784728616476059,
    "intent": 0.09729829430580139,
    "directness_of_causality": 0.1807466596364975
}