{
    "age": 0.005513177718967199,
    "tagged": 0.03620041906833649,
    "visited": 0.002829526783898473,
    "conscious": 0.001558072050102055,
    "breathing": 0.006310384254902601,
    "hrpmin": 0.007425823248922825,
    "avpu": 0.0007532971794717014,
    "unvisited_count": 0.010685675777494907,
    "injured_count": 0.015092778950929642,
    "environment_type": 0.0009290330344811082,
    "questioning": 0.16961459815502167,
    "assessing": 0.18134942650794983,
    "tagging": 0.2113960236310959,
    "leaving": 0.14901135861873627,
    "HRA Strategy.time-resources.take-the-best": 0.0016844013007357717,
    "Satisfactory Priority": 0.008364267647266388,
    "One-Bounce Priority": 0.02583419345319271,
    "pDeath": 0.00277760555036366,
    "pPain": 0.005741192493587732,
    "pBrainInjury": 0.002318012062460184,
    "pAirwayBlocked": 0.014142956584692001,
    "pInternalBleeding": 0.005973026622086763,
    "pExternalBleeding": 0.011642283760011196,
    "entropy": 0.008689413778483868,
    "entropyDeath": 0.002557314932346344,
    "SEVERITY": 0.002475440502166748,
    "AVERAGE_TIME_USED": 0.004021984525024891,
    "DAMAGE_PER_SECOND": 0.0009229147108271718,
    "MEDSIM_P_DEATH": 0.015294606797397137,
    "MEDSIM_P_DEATH_ONE_MIN_LATER": 0.0036853512283414602,
    "SEVERITY_CHANGE": 0.0009914455004036427,
    "SEVEREST_SEVERITY": 0.0035938380751758814,
    "WEIGHTED_RESOURCE_SCORE": 0.002869975520297885,
    "SMOL_MEDICAL_SOUNDNESS": 0.002890167059376836,
    "INFORMATION_GAINED": 0.03548784926533699,
    "treatment": 0.031705986708402634,
    "category": 0.007666127756237984
}