{
    "tagged": 0.0002438013907521963,
    "mental_status": 0.00687859021127224,
    "intent": 0.009198018349707127,
    "directness_of_causality": 0.3034876883029938,
    "treating": 0.4502072036266327,
    "treatment": 0.17046767473220825,
    "HRA Strategy.time-resources.take-the-best": 0.01275299210101366,
    "HRA Strategy.time-system.tallying": 0.00021995532733853906,
    "HRA Strategy.risk_reward_ratio-system.one-bounce": 0.0042568412609398365,
    "HRA Strategy.time-resources-system.tallying": 0.0026637567207217216,
    "Take-The-Best Priority": 0.0037571704015135765,
    "Satisfactory Priority": 0.004090029280632734,
    "pDeath": 0.0001301007141591981,
    "pInternalBleeding": 1.4553673281625379e-05,
    "entropyDeath": 0.005494713317602873,
    "SEVERITY": 0.0001782739709597081,
    "AVERAGE_TIME_USED": 0.018732542172074318,
    "DAMAGE_PER_SECOND": 0.0002935842494480312,
    "SEVERITY_CHANGE": 0.00013963058881927282,
    "SUPPLIES_USED": 0.0003108832461293787,
    "SEVEREST_SEVERITY": 0.0019010192481800914,
    "SEVEREST_SEVERITY_CHANGE": 0.0012780039105564356,
    "WEIGHTED_RESOURCE_SCORE": 0.0033028980251401663
}