{
    "conscious": 0.0007031222921796143,
    "breathing": 0.01747383177280426,
    "intent": 0.10145725309848785,
    "directness_of_causality": 0.14446493983268738,
    "aid_available": 0.09594576060771942,
    "treating": 0.20172379910945892,
    "HRA Strategy.risk_reward_ratio-system.one-bounce": 0.0010680463165044785,
    "HRA Strategy.resources-risk_reward_ratio-system.one-bounce": 0.0013231943594291806,
    "HRA Strategy.time-resources-risk_reward_ratio-system.one-bounce": 0.0002901481348089874,
    "Take-The-Best Priority": 0.001022916752845049,
    "pPain": 9.275173215428367e-05,
    "pAirwayBlocked": 0.00016596504428889602,
    "SEVERITY": 0.01395778451114893,
    "SUPPLIES_REMAINING": 0.001591913285665214,
    "AVERAGE_TIME_USED": 0.0650424137711525,
    "DAMAGE_PER_SECOND": 0.00011115986853837967,
    "MEDSIM_P_DEATH": 0.0008548475452698767,
    "SEVERITY_CHANGE": 0.00023425652761943638,
    "SUPPLIES_USED": 0.13640274107456207,
    "SEVEREST_SEVERITY": 6.507110083475709e-05,
    "SEVEREST_SEVERITY_CHANGE": 0.03441369906067848,
    "WEIGHTED_RESOURCE_SCORE": 0.00020368210971355438,
    "SMOL_MEDICAL_SOUNDNESS": 0.11832845211029053,
    "treatment": 0.06306226551532745
}