{
    "directness_of_causality": 0.12680049240589142,
    "treating": 0.4810348153114319,
    "treatment": 0.13138826191425323,
    "SUPPLIES_USED": 0.26077648997306824
}