{
    "intent": 0.03141177445650101,
    "directness_of_causality": 0.1358441859483719,
    "aid_available": 0.16996757686138153,
    "treating": 0.30881795287132263,
    "HRA Strategy.risk_reward_ratio-system.one-bounce": 0.0016077480977401137,
    "HRA Strategy.resources-risk_reward_ratio-system.one-bounce": 0.0016975405160337687,
    "pBrainInjury": 0.0030260668136179447,
    "SUPPLIES_REMAINING": 0.00143626204226166,
    "AVERAGE_TIME_USED": 0.0222763828933239,
    "SUPPLIES_USED": 0.2664351761341095,
    "SMOL_MEDICAL_SOUNDNESS": 0.05747934430837631
}