{
    "tagged": 0.012064828537404537,
    "intent": 0.20352748036384583,
    "treating": 0.15050660073757172,
    "SEVERITY": 0.06002392619848251,
    "AVERAGE_TIME_USED": 0.14794446527957916,
    "DAMAGE_PER_SECOND": 0.02799791842699051,
    "MEDSIM_P_DEATH_ONE_MIN_LATER": 0.012771488167345524,
    "SMOL_MEDICAL_SOUNDNESS": 0.3851633667945862
}