{
    "age": 0.006782769691199064,
    "visited": 0.0004302565648686141,
    "environment_type": 0.04579184949398041,
    "questioning": 0.2440929114818573,
    "assessing": 0.4035676419734955,
    "treating": 0.009392119944095612,
    "category": 0.0821356251835823,
    "HRA Strategy.time-resources.take-the-best": 0.0889844223856926,
    "SEVERITY": 0.02658633328974247,
    "SUPPLIES_REMAINING": 0.0012925795745104551,
    "DAMAGE_PER_SECOND": 0.021681269630789757,
    "INFORMATION_GAINED": 0.06926217675209045
}