{
    "age": 0.010808076709508896,
    "tagged": 0.020204713568091393,
    "visited": 0.005581655073910952,
    "breathing": 0.007609156426042318,
    "hrpmin": 0.009052771143615246,
    "injured_count": 0.01970391906797886,
    "environment_type": 0.0020823802333325148,
    "questioning": 0.2161782830953598,
    "assessing": 0.17063546180725098,
    "treating": 0.0037789742927998304,
    "tagging": 0.15064659714698792,
    "leaving": 0.23038938641548157,
    "HRA Strategy.time-resources.take-the-best": 0.002481074072420597,
    "HRA Strategy.time-system.exhaustive": 0.004449676722288132,
    "Satisfactory Priority": 0.002019061241298914,
    "One-Bounce Priority": 0.028901129961013794,
    "pDeath": 0.002909701084718108,
    "pPain": 0.004328756593167782,
    "pBrainInjury": 0.0027898545376956463,
    "pAirwayBlocked": 0.003248003078624606,
    "pInternalBleeding": 0.00680176867172122,
    "pExternalBleeding": 0.009576888754963875,
    "entropy": 0.010412300936877728,
    "entropyDeath": 0.006719678640365601,
    "AVERAGE_TIME_USED": 0.012348481453955173,
    "MEDSIM_P_DEATH": 0.004032829776406288,
    "SMOL_MEDICAL_SOUNDNESS": 0.0028721357230097055,
    "INFORMATION_GAINED": 0.019491683691740036,
    "treatment": 0.021124817430973053,
    "category": 0.008820807561278343
}