{
    "tagged": 0.06280845403671265,
    "visited": 0.007061961106956005,
    "injured_count": 0.02984713949263096,
    "questioning": 0.32719284296035767,
    "assessing": 0.3967376947402954,
    "tagging": 0.011297031305730343,
    "treatment": 0.04772180691361427,
    "One-Bounce Priority": 0.029900522902607918,
    "MEDSIM_P_DEATH_ONE_MIN_LATER": 0.030586447566747665,
    "SEVEREST_SEVERITY": 0.014961307868361473,
    "INFORMATION_GAINED": 0.0226904209703207,
    "category": 0.01919429935514927
}