{
    "questioning": 0.35308748483657837,
    "assessing": 0.3315827250480652,
    "tagging": 0.09060053527355194,
    "leaving": 0.13962914049625397,
    "treatment": 0.023869521915912628,
    "One-Bounce Priority": 0.01648150011897087,
    "INFORMATION_GAINED": 0.025541801005601883,
    "category": 0.019207369536161423
}