{
    "intent": 0.183444544672966,
    "directness_of_causality": 0.1147107183933258,
    "aid_available": 0.16465257108211517,
    "treating": 0.3099517524242401,
    "SUPPLIES_USED": 0.19796167314052582,
    "SMOL_MEDICAL_SOUNDNESS": 0.029278703033924103
}