{
    "age": 0.028824979439377785,
    "tagged": 0.04619697481393814,
    "visited": 0.013270953670144081,
    "breathing": 0.01897444576025009,
    "hrpmin": 0.018476193770766258,
    "avpu": 0.007893238216638565,
    "unvisited_count": 0.008667394518852234,
    "injured_count": 0.011507555842399597,
    "environment_type": 0.009880037978291512,
    "questioning": 0.300652414560318,
    "assessing": 0.1612282246351242,
    "tagging": 0.06753214448690414,
    "One-Bounce Priority": 0.058769382536411285,
    "pDeath": 0.0099327452480793,
    "pPain": 0.01542232371866703,
    "pAirwayBlocked": 0.006682734936475754,
    "pInternalBleeding": 0.019367951899766922,
    "pExternalBleeding": 0.019059522077441216,
    "entropy": 0.01175200380384922,
    "entropyDeath": 0.013766516931355,
    "SEVERITY": 0.006135103292763233,
    "AVERAGE_TIME_USED": 0.030105212703347206,
    "MEDSIM_P_DEATH": 0.005786150693893433,
    "MEDSIM_P_DEATH_ONE_MIN_LATER": 0.008869127370417118,
    "WEIGHTED_RESOURCE_SCORE": 0.015726467594504356,
    "INFORMATION_GAINED": 0.03655489534139633,
    "treatment": 0.03560081869363785,
    "category": 0.013364570215344429
}