{
    "age": 0.013706793077290058,
    "tagged": 0.09915371984243393,
    "visited": 0.027666281908750534,
    "conscious": 0.004745404701679945,
    "unvisited_count": 0.017855947837233543,
    "injured_count": 0.020308157429099083,
    "environment_type": 0.008962246589362621,
    "questioning": 0.20455090701580048,
    "assessing": 0.27179113030433655,
    "tagging": 0.0075496481731534,
    "leaving": 0.06651761382818222,
    "treatment": 0.057317886501550674,
    "HRA Strategy.time-resources.take-the-best": 0.0012791667832061648,
    "HRA Strategy.time-risk_reward_ratio.take-the-best": 0.013422790914773941,
    "HRA Strategy.resources-system.take-the-best": 0.0011348186526447535,
    "HRA Strategy.time-resources-system.exhaustive": 0.0009230212308466434,
    "Satisfactory Priority": 0.0020808768458664417,
    "One-Bounce Priority": 0.025824163109064102,
    "pDeath": 0.005829803179949522,
    "pPain": 0.01757008209824562,
    "pAirwayBlocked": 0.0013226157752797008,
    "pExternalBleeding": 0.017174426466226578,
    "SEVERITY": 0.0008013572660274804,
    "AVERAGE_TIME_USED": 0.004119349643588066,
    "MEDSIM_P_DEATH_ONE_MIN_LATER": 0.024704501032829285,
    "SEVEREST_SEVERITY": 0.04690643399953842,
    "WEIGHTED_RESOURCE_SCORE": 0.007170788943767548,
    "SMOL_MEDICAL_SOUNDNESS": 0.00583786191418767,
    "INFORMATION_GAINED": 0.010391423478722572,
    "category": 0.013380884192883968
}