{
    "age": 0.007507001981139183,
    "tagged": 0.020531006157398224,
    "breathing": 0.008449058048427105,
    "unvisited_count": 0.019822562113404274,
    "injured_count": 0.017072880640625954,
    "questioning": 0.2194182574748993,
    "assessing": 0.19409194588661194,
    "tagging": 0.13330483436584473,
    "leaving": 0.23197390139102936,
    "One-Bounce Priority": 0.03298642113804817,
    "pPain": 0.0047733355313539505,
    "pInternalBleeding": 0.004755011294037104,
    "pExternalBleeding": 0.011612040922045708,
    "entropy": 0.009597555734217167,
    "entropyDeath": 0.009521028026938438,
    "AVERAGE_TIME_USED": 0.004518524743616581,
    "MEDSIM_P_DEATH": 0.007496068254113197,
    "INFORMATION_GAINED": 0.01626702956855297,
    "treatment": 0.036594294011592865,
    "category": 0.009707266464829445
}