{
    "age": 0.011816737242043018,
    "tagged": 0.029484733939170837,
    "visited": 0.0070226979441940784,
    "conscious": 0.006599455140531063,
    "breathing": 0.009539173915982246,
    "avpu": 0.0028025247156620026,
    "unvisited_count": 0.06379814445972443,
    "environment_type": 0.02090129442512989,
    "questioning": 0.07663420587778091,
    "assessing": 0.08402058482170105,
    "tagging": 0.16113077104091644,
    "leaving": 0.2765263020992279,
    "HRA Strategy.time-resources.take-the-best": 0.0009495543199591339,
    "Satisfactory Priority": 0.02460387349128723,
    "One-Bounce Priority": 0.04088210314512253,
    "pDeath": 0.004089464899152517,
    "pPain": 0.009527457877993584,
    "pBrainInjury": 0.002216027583926916,
    "pAirwayBlocked": 0.0005722843343392015,
    "pInternalBleeding": 0.013107425533235073,
    "pExternalBleeding": 0.018033184111118317,
    "entropy": 0.014227103441953659,
    "entropyDeath": 0.0013012299314141273,
    "SEVERITY": 0.0024800775572657585,
    "AVERAGE_TIME_USED": 0.010008336044847965,
    "DAMAGE_PER_SECOND": 0.0020409259013831615,
    "MEDSIM_P_DEATH": 0.0031086124945431948,
    "MEDSIM_P_DEATH_ONE_MIN_LATER": 0.0010143053950741887,
    "SEVEREST_SEVERITY_CHANGE": 0.030201682820916176,
    "WEIGHTED_RESOURCE_SCORE": 0.001772316754795611,
    "SMOL_MEDICAL_SOUNDNESS": 0.003561750752851367,
    "INFORMATION_GAINED": 0.020919358357787132,
    "treatment": 0.03134100139141083,
    "category": 0.013765372335910797
}