{
    "tagged": 0.011319899000227451,
    "conscious": 0.0012436026008799672,
    "mental_status": 0.010203945450484753,
    "breathing": 0.001092655467800796,
    "intent": 0.00904811080545187,
    "directness_of_causality": 0.07539194077253342,
    "others_tagged_or_uninjured": 0.09479618817567825,
    "aid_available": 0.11011500656604767,
    "treating": 0.10783550143241882,
    "HRA Strategy.time-risk_reward_ratio.one-bounce": 0.012892547063529491,
    "HRA Strategy.resources-system.take-the-best": 0.018223045393824577,
    "HRA Strategy.risk_reward_ratio-system.one-bounce": 0.0006727038999088109,
    "Take-The-Best Priority": 0.004402702674269676,
    "Satisfactory Priority": 0.0008541463175788522,
    "pDeath": 0.00412481976673007,
    "pPain": 0.006975520867854357,
    "pInternalBleeding": 0.03134234622120857,
    "SEVERITY": 0.00566968135535717,
    "AVERAGE_TIME_USED": 0.005393203813582659,
    "DAMAGE_PER_SECOND": 0.021369295194745064,
    "MEDSIM_P_DEATH": 0.13674932718276978,
    "SUPPLIES_USED": 0.1891413927078247,
    "SEVEREST_SEVERITY_CHANGE": 0.0008203599136322737,
    "WEIGHTED_RESOURCE_SCORE": 0.007441181689500809,
    "SMOL_MEDICAL_SOUNDNESS": 0.12005016207695007,
    "treatment": 0.012830705381929874
}