{
    "mental_status": 0.00570879178121686,
    "breathing": 0.00011213155812583864,
    "avpu": 0.00012962515756953508,
    "intent": 0.03707635775208473,
    "directness_of_causality": 0.18062058091163635,
    "aid_available": 0.14104434847831726,
    "treating": 0.23985646665096283,
    "HRA Strategy.time-risk_reward_ratio.one-bounce": 0.0007061877404339612,
    "HRA Strategy.risk_reward_ratio-system.one-bounce": 0.0012644757516682148,
    "HRA Strategy.resources-risk_reward_ratio-system.one-bounce": 0.001182539388537407,
    "HRA Strategy.time-resources-risk_reward_ratio-system.one-bounce": 0.00034455821150913835,
    "Take-The-Best Priority": 0.0015307087451219559,
    "Satisfactory Priority": 0.00096511235460639,
    "One-Bounce Priority": 0.000478198955534026,
    "pDeath": 0.0004849775286857039,
    "pBrainInjury": 0.00023263177718035877,
    "pAirwayBlocked": 0.00028663090779446065,
    "pInternalBleeding": 0.0003284972335677594,
    "SEVERITY": 0.0021741248201578856,
    "SUPPLIES_REMAINING": 0.0015593204880133271,
    "AVERAGE_TIME_USED": 0.0037809123750776052,
    "SUPPLIES_USED": 0.20874695479869843,
    "SEVEREST_SEVERITY_CHANGE": 0.00018484207976143807,
    "WEIGHTED_RESOURCE_SCORE": 0.0005654612323269248,
    "SMOL_MEDICAL_SOUNDNESS": 0.16988393664360046,
    "treatment": 0.000751641986425966
}