{
    "tagged": 0.022216085344552994,
    "conscious": 0.001292380504310131,
    "mental_status": 0.0011352949077263474,
    "breathing": 0.011306905187666416,
    "intent": 0.12350302934646606,
    "directness_of_causality": 0.08378937840461731,
    "aid_available": 0.03043261729180813,
    "treating": 0.13454028964042664,
    "HRA Strategy.time-resources.take-the-best": 0.002137001371011138,
    "HRA Strategy.time-resources.one-bounce": 0.015380962751805782,
    "HRA Strategy.time-risk_reward_ratio.one-bounce": 0.032475896179676056,
    "HRA Strategy.time-system.one-bounce": 0.00037180670187808573,
    "HRA Strategy.resources-risk_reward_ratio.one-bounce": 0.07327494770288467,
    "HRA Strategy.resources-system.take-the-best": 0.05081239715218544,
    "HRA Strategy.risk_reward_ratio-system.one-bounce": 0.0021195465233176947,
    "HRA Strategy.time-resources-system.tallying": 0.0019790520891547203,
    "HRA Strategy.resources-risk_reward_ratio-system.one-bounce": 0.002242111833766103,
    "HRA Strategy.time-resources-risk_reward_ratio-system.one-bounce": 0.0005284783546812832,
    "pBrainInjury": 0.00035071372985839844,
    "pAirwayBlocked": 0.00013618693628814071,
    "pInternalBleeding": 0.003385676071047783,
    "entropyDeath": 0.016477959230542183,
    "SEVERITY": 0.0027618303429335356,
    "SUPPLIES_REMAINING": 0.000793016399256885,
    "AVERAGE_TIME_USED": 0.01715266890823841,
    "MEDSIM_P_DEATH": 0.000963865895755589,
    "SEVERITY_CHANGE": 0.00010316802945453674,
    "SUPPLIES_USED": 0.17229367792606354,
    "SEVEREST_SEVERITY": 0.00029930644086562097,
    "SMOL_MEDICAL_SOUNDNESS": 0.19409887492656708,
    "treatment": 0.0016449103131890297
}