{
    "age": 0.12186522781848907,
    "tagged": 0.11651206761598587,
    "conscious": 0.20242896676063538,
    "breathing": 0.025813335552811623,
    "environment_type": 0.03384636342525482,
    "tagging": 0.02756543830037117,
    "category": 0.02897673286497593,
    "HRA Strategy.time-resources.take-the-best": 0.0032006429973989725,
    "HRA Strategy.time-system.tallying": 0.0014935802901163697,
    "HRA Strategy.time-system.one-bounce": 0.0021550962701439857,
    "One-Bounce Priority": 0.01594153791666031,
    "pDeath": 0.0524771623313427,
    "pPain": 0.008462049067020416,
    "pBrainInjury": 0.005820963531732559,
    "entropyDeath": 0.0033302742522209883,
    "SEVERITY": 0.04634237661957741,
    "SUPPLIES_REMAINING": 0.005688067059963942,
    "AVERAGE_TIME_USED": 0.07080460339784622,
    "DAMAGE_PER_SECOND": 0.1388242393732071,
    "MEDSIM_P_DEATH": 0.010220780968666077,
    "MEDSIM_P_DEATH_ONE_MIN_LATER": 0.006552373059093952,
    "WEIGHTED_RESOURCE_SCORE": 0.0010546613484621048,
    "SMOL_MEDICAL_SOUNDNESS": 0.0326816588640213,
    "treatment": 0.037941791117191315
}