{
    "age": 0.00517135439440608,
    "tagged": 0.02532637119293213,
    "breathing": 0.005495893768966198,
    "hrpmin": 0.00681225536391139,
    "unvisited_count": 0.006495126988738775,
    "injured_count": 0.017854170873761177,
    "questioning": 0.21966484189033508,
    "assessing": 0.23242659866809845,
    "tagging": 0.12202002108097076,
    "leaving": 0.19518649578094482,
    "One-Bounce Priority": 0.031500305980443954,
    "pPain": 0.0057945698499679565,
    "pBrainInjury": 0.005780662875622511,
    "pAirwayBlocked": 0.005666288081556559,
    "pInternalBleeding": 0.005669637117534876,
    "pExternalBleeding": 0.008888723328709602,
    "entropy": 0.003916420973837376,
    "entropyDeath": 0.012653163634240627,
    "AVERAGE_TIME_USED": 0.005853887181729078,
    "MEDSIM_P_DEATH": 0.004538168665021658,
    "INFORMATION_GAINED": 0.029392780736088753,
    "treatment": 0.03479297459125519,
    "category": 0.009099369868636131
}