{
    "tagged": 0.0009419338894076645,
    "mental_status": 0.00011043506674468517,
    "intent": 0.06017694249749184,
    "directness_of_causality": 0.18419058620929718,
    "treating": 0.3459494411945343,
    "HRA Strategy.time-resources.take-the-best": 0.37173694372177124,
    "HRA Strategy.time-risk_reward_ratio.one-bounce": 0.0032802370842546225,
    "Satisfactory Priority": 0.0017353117000311613,
    "pDeath": 0.00016830622917041183,
    "pBrainInjury": 0.01745665818452835,
    "SEVERITY": 0.0009217056795023382,
    "AVERAGE_TIME_USED": 0.0003855647810269147,
    "DAMAGE_PER_SECOND": 0.0023393798619508743,
    "SEVEREST_SEVERITY_CHANGE": 0.0028069268446415663,
    "WEIGHTED_RESOURCE_SCORE": 0.0009994390420615673,
    "treatment": 0.0068001216277480125
}