{
    "tagged": 0.13286042213439941,
    "conscious": 0.0021840527188032866,
    "breathing": 0.03571409359574318,
    "intent": 0.19251231849193573,
    "directness_of_causality": 0.0854836031794548,
    "treating": 0.19256076216697693,
    "HRA Strategy.time-resources.take-the-best": 0.010666818358004093,
    "HRA Strategy.risk_reward_ratio-system.one-bounce": 0.006069698836654425,
    "HRA Strategy.time-resources-system.exhaustive": 0.005239790305495262,
    "HRA Strategy.time-resources-system.tallying": 0.003215790493413806,
    "HRA Strategy.time-resources-system.one-bounce": 0.0025668437592685223,
    "pInternalBleeding": 0.0055013177916407585,
    "AVERAGE_TIME_USED": 0.17706456780433655,
    "SUPPLIES_USED": 0.008591420017182827,
    "SEVEREST_SEVERITY": 0.010361569933593273,
    "category": 0.008367524482309818,
    "treatment": 0.12103933095932007
}