{
    "age": 0.022780641913414,
    "tagged": 0.054885562509298325,
    "breathing": 0.010656501166522503,
    "hrpmin": 0.02324245683848858,
    "unvisited_count": 0.033650606870651245,
    "environment_type": 0.00970178097486496,
    "questioning": 0.21048235893249512,
    "assessing": 0.22596541047096252,
    "treating": 0.07980421930551529,
    "tagging": 0.11492753028869629,
    "One-Bounce Priority": 0.054252251982688904,
    "pPain": 0.010460496880114079,
    "pAirwayBlocked": 0.01366905216127634,
    "pInternalBleeding": 0.017199600115418434,
    "pExternalBleeding": 0.012384640984237194,
    "entropy": 0.011456617154181004,
    "AVERAGE_TIME_USED": 0.028837844729423523,
    "treatment": 0.04957985132932663,
    "category": 0.01606261171400547
}