{
    "intent": 0.17244763672351837,
    "directness_of_causality": 0.1551845818758011,
    "treating": 0.1361384391784668,
    "SEVERITY": 0.026739438995718956,
    "SEVERITY_CHANGE": 0.2660951018333435,
    "SMOL_MEDICAL_SOUNDNESS": 0.16212476789951324,
    "treatment": 0.08126998692750931
}