{
    "unvisited_count": 0.017564382404088974,
    "injured_count": 0.031023694202303886,
    "questioning": 0.25059106945991516,
    "assessing": 0.343076229095459,
    "tagging": 0.21382060647010803,
    "HRA Strategy.time-resources.take-the-best": 0.03897048905491829,
    "One-Bounce Priority": 0.028067445382475853,
    "treatment": 0.07688606530427933
}