{
    "conscious": 0.00449876906350255,
    "breathing": 0.029499249532818794,
    "intent": 0.16065341234207153,
    "directness_of_causality": 0.09082940965890884,
    "aid_available": 0.1043512225151062,
    "treating": 0.18874560296535492,
    "HRA Strategy.time-resources.take-the-best": 0.001697859144769609,
    "HRA Strategy.time-risk_reward_ratio.one-bounce": 9.384574514115229e-05,
    "HRA Strategy.resources-risk_reward_ratio.one-bounce": 0.00833920855075121,
    "HRA Strategy.resources-system.take-the-best": 0.014671233482658863,
    "HRA Strategy.risk_reward_ratio-system.one-bounce": 0.0010684090666472912,
    "HRA Strategy.time-resources-system.one-bounce": 0.0003970130637753755,
    "HRA Strategy.resources-risk_reward_ratio-system.one-bounce": 0.0015863419976085424,
    "HRA Strategy.time-resources-risk_reward_ratio-system.one-bounce": 0.0002478297974448651,
    "Take-The-Best Priority": 0.0009718069341033697,
    "Satisfactory Priority": 0.0006190467393025756,
    "pPain": 0.00035997576196677983,
    "pBrainInjury": 8.304205402964726e-05,
    "pAirwayBlocked": 0.0001551811583340168,
    "pInternalBleeding": 0.005927741527557373,
    "pExternalBleeding": 7.68281752243638e-05,
    "entropyDeath": 0.0007126168929971755,
    "SEVERITY": 0.01723630726337433,
    "SUPPLIES_REMAINING": 0.0006300996174104512,
    "AVERAGE_TIME_USED": 0.01287569385021925,
    "SUPPLIES_USED": 0.16135960817337036,
    "SEVEREST_SEVERITY": 8.737234747968614e-05,
    "WEIGHTED_RESOURCE_SCORE": 0.00028820408624596894,
    "SMOL_MEDICAL_SOUNDNESS": 0.1901065707206726,
    "treatment": 0.0018305669073015451
}