{
    "assessing": 0.33536481857299805,
    "treating": 0.02487347461283207,
    "treatment": 0.4459947645664215,
    "HRA Strategy.time-resources.take-the-best": 0.12512268126010895,
    "SEVERITY": 0.008695526048541069,
    "category": 0.05994873866438866
}