{
    "age": 0.006166922859847546,
    "tagged": 0.03344344347715378,
    "visited": 0.003473640652373433,
    "conscious": 0.0013247524620965123,
    "breathing": 0.005580522585660219,
    "hrpmin": 0.007738825399428606,
    "unvisited_count": 0.010930594056844711,
    "injured_count": 0.015158594585955143,
    "environment_type": 0.0009149403194896877,
    "questioning": 0.16731303930282593,
    "assessing": 0.20025767385959625,
    "tagging": 0.1808614581823349,
    "leaving": 0.1769532412290573,
    "HRA Strategy.time-resources.take-the-best": 0.001563510624691844,
    "Satisfactory Priority": 0.006937219295650721,
    "One-Bounce Priority": 0.024794135242700577,
    "pDeath": 0.0028461769688874483,
    "pPain": 0.005502175539731979,
    "pBrainInjury": 0.0021387599408626556,
    "pAirwayBlocked": 0.010691449046134949,
    "pInternalBleeding": 0.006284832488745451,
    "pExternalBleeding": 0.01544820424169302,
    "entropy": 0.008165048435330391,
    "entropyDeath": 0.0023555366788059473,
    "SEVERITY": 0.00231041107326746,
    "AVERAGE_TIME_USED": 0.003249652683734894,
    "DAMAGE_PER_SECOND": 0.0010020103072747588,
    "MEDSIM_P_DEATH": 0.009965267963707447,
    "MEDSIM_P_DEATH_ONE_MIN_LATER": 0.002989324973896146,
    "SEVERITY_CHANGE": 0.0010858552996069193,
    "SEVEREST_SEVERITY": 0.0034620752558112144,
    "WEIGHTED_RESOURCE_SCORE": 0.0033346766140311956,
    "SMOL_MEDICAL_SOUNDNESS": 0.002423725090920925,
    "INFORMATION_GAINED": 0.03539833799004555,
    "treatment": 0.03069840744137764,
    "category": 0.007235526107251644
}