{
    "aid_available": 0.19017532467842102,
    "treating": 0.8098246455192566
}