{
    "tagged": 0.3909406065940857,
    "hrpmin": 0.07550720125436783,
    "injured_count": 0.07344379276037216,
    "category": 0.04208539053797722,
    "One-Bounce Priority": 0.08909118920564651,
    "pExternalBleeding": 0.049020830541849136,
    "AVERAGE_TIME_USED": 0.108817458152771,
    "treatment": 0.17109349370002747
}