{
    "age": 0.0176763404160738,
    "tagged": 0.08726677298545837,
    "visited": 0.19458721578121185,
    "conscious": 0.0036090898793190718,
    "breathing": 0.0029994496144354343,
    "avpu": 0.0015527158975601196,
    "unvisited_count": 0.03462181240320206,
    "injured_count": 0.02520858682692051,
    "environment_type": 0.008987940847873688,
    "assessing": 0.19638210535049438,
    "tagging": 0.18454162776470184,
    "category": 0.010671381838619709,
    "HRA Strategy.time-resources.take-the-best": 0.0029984312132000923,
    "HRA Strategy.time-system.tallying": 0.002646882552653551,
    "One-Bounce Priority": 0.030226409435272217,
    "pDeath": 0.011646186001598835,
    "pPain": 0.04072431102395058,
    "pAirwayBlocked": 0.014969202689826488,
    "pInternalBleeding": 0.0194198377430439,
    "pExternalBleeding": 0.007777207996696234,
    "entropy": 0.003751664888113737,
    "entropyDeath": 0.0027008794713765383,
    "SEVERITY": 0.004871310666203499,
    "AVERAGE_TIME_USED": 0.006701815407723188,
    "DAMAGE_PER_SECOND": 0.003701475216075778,
    "MEDSIM_P_DEATH": 0.004306941293179989,
    "treatment": 0.07545239478349686
}