{
    "age": 0.13623568415641785,
    "tagged": 0.06083670258522034,
    "visited": 0.0029463614337146282,
    "relationship": 0.08248743414878845,
    "conscious": 0.0009640140924602747,
    "breathing": 0.01975466124713421,
    "hrpmin": 0.0020267758518457413,
    "avpu": 0.00566702289506793,
    "unvisited_count": 0.0036696731112897396,
    "injured_count": 0.026539389044046402,
    "environment_type": 0.0040115169249475,
    "questioning": 0.08823180943727493,
    "assessing": 0.17348791658878326,
    "tagging": 0.0776655375957489,
    "leaving": 0.1135496273636818,
    "HRA Strategy.time-resources.take-the-best": 0.004350588656961918,
    "HRA Strategy.time-resources.one-bounce": 0.00010919037595158443,
    "HRA Strategy.time-risk_reward_ratio.take-the-best": 0.004531618673354387,
    "HRA Strategy.time-risk_reward_ratio.one-bounce": 0.00010418653982924297,
    "HRA Strategy.time-system.exhaustive": 0.002267582342028618,
    "HRA Strategy.time-system.tallying": 0.0011965808225795627,
    "HRA Strategy.time-system.one-bounce": 0.002177650108933449,
    "HRA Strategy.resources-risk_reward_ratio.take-the-best": 0.0005316349561326206,
    "HRA Strategy.resources-system.take-the-best": 0.0016467384994029999,
    "HRA Strategy.resources-system.exhaustive": 0.00463096983730793,
    "HRA Strategy.risk_reward_ratio-system.exhaustive": 0.0002609548391774297,
    "HRA Strategy.time-resources-risk_reward_ratio.take-the-best": 0.0001773502299329266,
    "HRA Strategy.time-resources-risk_reward_ratio.one-bounce": 8.762829384068027e-05,
    "HRA Strategy.time-resources-system.take-the-best": 6.552492413902655e-05,
    "HRA Strategy.time-resources-system.exhaustive": 0.0003773851494770497,
    "HRA Strategy.time-risk_reward_ratio-system.one-bounce": 0.0017687603831291199,
    "HRA Strategy.resources-risk_reward_ratio-system.take-the-best": 0.0005210614181123674,
    "HRA Strategy.resources-risk_reward_ratio-system.exhaustive": 0.0003406577161513269,
    "HRA Strategy.resources-risk_reward_ratio-system.one-bounce": 0.00013016833690926433,
    "Satisfactory Priority": 0.00023129722103476524,
    "One-Bounce Priority": 0.0015068622305989265,
    "pDeath": 0.009515770711004734,
    "pPain": 0.013424287550151348,
    "pBrainInjury": 0.005228299181908369,
    "pAirwayBlocked": 0.010797575116157532,
    "pInternalBleeding": 0.0051818229258060455,
    "pExternalBleeding": 0.01059727929532528,
    "entropy": 0.012706674635410309,
    "entropyDeath": 0.008745414204895496,
    "SEVERITY": 0.0024744600523263216,
    "SUPPLIES_REMAINING": 0.01783519797027111,
    "AVERAGE_TIME_USED": 0.0038120592944324017,
    "DAMAGE_PER_SECOND": 0.00120350846555084,
    "MEDSIM_P_DEATH": 0.006923095788806677,
    "MEDSIM_P_DEATH_ONE_MIN_LATER": 0.0029189628548920155,
    "SEVERITY_CHANGE": 0.0014791004359722137,
    "SUPPLIES_USED": 0.00015262719534803182,
    "SEVEREST_SEVERITY": 0.0010543103562667966,
    "SEVEREST_SEVERITY_CHANGE": 0.0015303484397009015,
    "WEIGHTED_RESOURCE_SCORE": 0.001268406631425023,
    "SMOL_MEDICAL_SOUNDNESS": 0.0011517908424139023,
    "INFORMATION_GAINED": 0.0008568908087909222,
    "treatment": 0.04220416024327278,
    "category": 0.013849509879946709
}