{
    "avpu": 0.0011822959640994668,
    "intent": 0.03228339925408363,
    "directness_of_causality": 0.21724118292331696,
    "aid_available": 0.21810667216777802,
    "treating": 0.3122067153453827,
    "HRA Strategy.time-risk_reward_ratio.one-bounce": 0.0004496798210311681,
    "Take-The-Best Priority": 0.0010225748410448432,
    "Satisfactory Priority": 0.001299606403335929,
    "SEVERITY": 0.0006971564143896103,
    "SUPPLIES_REMAINING": 0.0009415217209607363,
    "SUPPLIES_USED": 0.21456924080848694
}