{
    "age": 0.012262140400707722,
    "tagged": 0.010421175509691238,
    "breathing": 0.012828170321881771,
    "hrpmin": 0.015084406360983849,
    "environment_type": 0.0029444782994687557,
    "questioning": 0.27628278732299805,
    "assessing": 0.23805022239685059,
    "tagging": 0.21775324642658234,
    "category": 0.011548344977200031,
    "HRA Strategy.time-risk_reward_ratio.take-the-best": 0.0035580950789153576,
    "One-Bounce Priority": 0.0210917666554451,
    "pDeath": 0.003278998425230384,
    "pPain": 0.008375590667128563,
    "pBrainInjury": 0.008339928463101387,
    "pInternalBleeding": 0.0034248840529471636,
    "pExternalBleeding": 0.006176420021802187,
    "entropy": 0.03467382863163948,
    "entropyDeath": 0.02144160307943821,
    "SEVERITY": 0.009411686100065708,
    "AVERAGE_TIME_USED": 0.0025065410882234573,
    "WEIGHTED_RESOURCE_SCORE": 0.008835650980472565,
    "INFORMATION_GAINED": 0.01703401282429695,
    "treatment": 0.05467592179775238
}