{
    "mental_status": 0.005511077120900154,
    "intent": 0.05347326025366783,
    "directness_of_causality": 0.15078319609165192,
    "aid_available": 0.1348990947008133,
    "treating": 0.21610763669013977,
    "SEVERITY": 0.004267120733857155,
    "AVERAGE_TIME_USED": 0.019246656447649002,
    "SUPPLIES_USED": 0.20955194532871246,
    "SMOL_MEDICAL_SOUNDNESS": 0.18986216187477112,
    "treatment": 0.01629781536757946
}