{
    "tagged": 0.039207182824611664,
    "questioning": 0.3729722499847412,
    "assessing": 0.3614477217197418,
    "tagging": 0.1048484519124031,
    "One-Bounce Priority": 0.06444233655929565,
    "treatment": 0.057082124054431915
}