{
    "conscious": 0.06153571233153343,
    "avpu": 0.04873623326420784,
    "intent": 0.014807594940066338,
    "directness_of_causality": 0.14914757013320923,
    "aid_available": 0.1085752621293068,
    "treating": 0.1543089598417282,
    "HRA Strategy.time-resources.take-the-best": 0.0014160919236019254,
    "HRA Strategy.resources-system.take-the-best": 0.006506806705147028,
    "HRA Strategy.risk_reward_ratio-system.one-bounce": 0.0009595216833986342,
    "HRA Strategy.time-resources-risk_reward_ratio-system.one-bounce": 0.00040074653225019574,
    "Take-The-Best Priority": 0.000366566120646894,
    "Satisfactory Priority": 0.0010138695361092687,
    "pBrainInjury": 0.00036870434996671975,
    "pExternalBleeding": 0.0004235812812112272,
    "SEVERITY": 0.002563672373071313,
    "SUPPLIES_REMAINING": 0.0008491375483572483,
    "AVERAGE_TIME_USED": 0.026080172508955002,
    "SUPPLIES_USED": 0.10927382111549377,
    "SEVEREST_SEVERITY_CHANGE": 0.0002467410231474787,
    "SMOL_MEDICAL_SOUNDNESS": 0.2814022898674011,
    "treatment": 0.031016942113637924
}