{
    "conscious": 0.028970617800951004,
    "avpu": 0.023136010393500328,
    "intent": 0.009084491059184074,
    "directness_of_causality": 0.14875848591327667,
    "aid_available": 0.1169223040342331,
    "treating": 0.174716979265213,
    "SEVERITY": 0.006211710162460804,
    "AVERAGE_TIME_USED": 0.025699660181999207,
    "SUPPLIES_USED": 0.12499845772981644,
    "SMOL_MEDICAL_SOUNDNESS": 0.3154805898666382,
    "treatment": 0.026020651683211327
}