{
    "age": 0.005129215307533741,
    "tagged": 0.044640082865953445,
    "conscious": 0.003689663717523217,
    "breathing": 0.009707639925181866,
    "hrpmin": 0.014576734974980354,
    "unvisited_count": 0.0044457982294261456,
    "injured_count": 0.015919523313641548,
    "questioning": 0.13708050549030304,
    "assessing": 0.20162071287631989,
    "tagging": 0.23933382332324982,
    "leaving": 0.1828109323978424,
    "HRA Strategy.time-resources.take-the-best": 0.0046092187985777855,
    "One-Bounce Priority": 0.03271415829658508,
    "pDeath": 0.002813827944919467,
    "pPain": 0.007937741465866566,
    "pAirwayBlocked": 0.001982293790206313,
    "pExternalBleeding": 0.006681023631244898,
    "entropy": 0.015032694675028324,
    "INFORMATION_GAINED": 0.021613074466586113,
    "treatment": 0.03654589131474495,
    "category": 0.011115504428744316
}