{
    "tagged": 0.0001713460951577872,
    "conscious": 0.0006518967566080391,
    "breathing": 0.019629592075943947,
    "intent": 0.07822494953870773,
    "directness_of_causality": 0.2047368288040161,
    "aid_available": 0.13612879812717438,
    "treating": 0.20687764883041382,
    "HRA Strategy.time-resources.one-bounce": 0.0008343610097654164,
    "HRA Strategy.resources-system.take-the-best": 0.0015683386009186506,
    "HRA Strategy.risk_reward_ratio-system.one-bounce": 0.0020661295857280493,
    "HRA Strategy.resources-risk_reward_ratio-system.one-bounce": 0.0011226136703044176,
    "HRA Strategy.time-resources-risk_reward_ratio-system.one-bounce": 0.0003262507088948041,
    "Take-The-Best Priority": 0.0014973150100558996,
    "pDeath": 0.0017147669568657875,
    "pPain": 0.00045204852358438075,
    "pBrainInjury": 0.0004815432184841484,
    "pAirwayBlocked": 0.00026639067800715566,
    "entropy": 0.0004045465320814401,
    "SEVERITY": 0.03398727998137474,
    "SUPPLIES_REMAINING": 0.0025202350225299597,
    "AVERAGE_TIME_USED": 0.008405025117099285,
    "SUPPLIES_USED": 0.2041894644498825,
    "treatment": 0.09374263137578964
}