{
    "questioning": 0.9345076680183411,
    "tagging": 0.06549234688282013
}