{
    "age": 0.010767710395157337,
    "tagged": 0.024149945005774498,
    "visited": 0.0036233237478882074,
    "breathing": 0.00716674979776144,
    "unvisited_count": 0.006751020438969135,
    "injured_count": 0.02099711075425148,
    "questioning": 0.18644344806671143,
    "assessing": 0.19029879570007324,
    "tagging": 0.1395646333694458,
    "leaving": 0.20814798772335052,
    "HRA Strategy.time-system.exhaustive": 0.00245193624868989,
    "Satisfactory Priority": 0.008968506939709187,
    "One-Bounce Priority": 0.037025123834609985,
    "pDeath": 0.0038047339767217636,
    "pPain": 0.004925420042127371,
    "pBrainInjury": 0.0036931028589606285,
    "pAirwayBlocked": 0.004694179631769657,
    "pInternalBleeding": 0.00718084629625082,
    "pExternalBleeding": 0.00923998188227415,
    "entropy": 0.008203553967177868,
    "entropyDeath": 0.020847119390964508,
    "SEVERITY": 0.0025926425587385893,
    "AVERAGE_TIME_USED": 0.0063095781952142715,
    "MEDSIM_P_DEATH": 0.0072257546707987785,
    "MEDSIM_P_DEATH_ONE_MIN_LATER": 0.0019137064227834344,
    "WEIGHTED_RESOURCE_SCORE": 0.0016665073344483972,
    "INFORMATION_GAINED": 0.023603904992341995,
    "treatment": 0.0403205044567585,
    "category": 0.007422262337058783
}