{
    "questioning": 0.32318979501724243,
    "tagging": 0.612042248249054,
    "HRA Strategy.time-resources.take-the-best": 0.06476801633834839
}