{
    "conscious": 0.07653364539146423,
    "environment_type": 0.14481641352176666,
    "assessing": 0.4122900068759918,
    "tagging": 0.16740457713603973,
    "category": 0.029039224609732628,
    "AVERAGE_TIME_USED": 0.07759532332420349,
    "WEIGHTED_RESOURCE_SCORE": 0.046570613980293274,
    "treatment": 0.045750126242637634
}