{
    "tagged": 0.027590863406658173,
    "questioning": 0.3822893500328064,
    "assessing": 0.3265336751937866,
    "tagging": 0.16037556529045105,
    "category": 0.0076147099025547504,
    "One-Bounce Priority": 0.0277340617030859,
    "AVERAGE_TIME_USED": 0.010731744579970837,
    "INFORMATION_GAINED": 0.01750747673213482,
    "treatment": 0.03962259367108345
}