{
    "age": 0.010294190607964993,
    "tagged": 0.029180964455008507,
    "visited": 0.008486795239150524,
    "conscious": 0.0006911653908900917,
    "breathing": 0.007813968695700169,
    "hrpmin": 0.013564820401370525,
    "avpu": 0.015130620449781418,
    "unvisited_count": 0.0033019683323800564,
    "injured_count": 0.017683496698737144,
    "environment_type": 0.0016305048484355211,
    "questioning": 0.14925161004066467,
    "assessing": 0.18768276274204254,
    "tagging": 0.1730797439813614,
    "leaving": 0.14900708198547363,
    "HRA Strategy.time-resources.take-the-best": 0.003710207063704729,
    "HRA Strategy.time-system.exhaustive": 0.0009992467239499092,
    "HRA Strategy.resources-system.take-the-best": 0.0009196062455885112,
    "HRA Strategy.resources-system.exhaustive": 0.005272451788187027,
    "Satisfactory Priority": 0.006575940176844597,
    "One-Bounce Priority": 0.040774017572402954,
    "pDeath": 0.012661085464060307,
    "pPain": 0.004445510450750589,
    "pBrainInjury": 0.0012267394922673702,
    "pAirwayBlocked": 0.001960066147148609,
    "pInternalBleeding": 0.00690110819414258,
    "pExternalBleeding": 0.005645679775625467,
    "entropy": 0.009735199622809887,
    "entropyDeath": 0.0034626703709363937,
    "SEVERITY": 0.0030023136641830206,
    "AVERAGE_TIME_USED": 0.002728175837546587,
    "DAMAGE_PER_SECOND": 0.001784481224603951,
    "MEDSIM_P_DEATH": 0.011278782971203327,
    "SEVEREST_SEVERITY": 0.0005967631004750729,
    "WEIGHTED_RESOURCE_SCORE": 0.006991110742092133,
    "INFORMATION_GAINED": 0.05091279745101929,
    "treatment": 0.044111140072345734,
    "category": 0.0075052413158118725
}