{
    "questioning": 0.4420635402202606,
    "assessing": 0.5579364895820618
}