{
    "age": 0.09349123388528824,
    "tagged": 0.018383434042334557,
    "injured_count": 0.03647608309984207,
    "questioning": 0.14088504016399384,
    "tagging": 0.4969681203365326,
    "HRA Strategy.time-resources.take-the-best": 0.020102588459849358,
    "pDeath": 0.004723627120256424,
    "SEVERITY": 0.008042523637413979,
    "SUPPLIES_REMAINING": 0.0029682298190891743,
    "AVERAGE_TIME_USED": 0.04354960471391678,
    "DAMAGE_PER_SECOND": 0.0452425554394722,
    "treatment": 0.07400381565093994,
    "category": 0.015163158997893333
}