{
    "directness_of_causality": 0.12990960478782654,
    "treating": 0.3352857530117035,
    "SEVERITY": 0.05072057992219925,
    "DAMAGE_PER_SECOND": 0.004583843983709812,
    "MEDSIM_P_DEATH": 3.3330823498545215e-05,
    "SEVEREST_SEVERITY_CHANGE": 0.47664374113082886,
    "treatment": 0.0028231842443346977
}