{
    "age": 0.0059641157276928425,
    "tagged": 0.028615381568670273,
    "breathing": 0.004565275739878416,
    "hrpmin": 0.004038750194013119,
    "unvisited_count": 0.005470131523907185,
    "injured_count": 0.015761181712150574,
    "environment_type": 0.0008863498223945498,
    "questioning": 0.15459564328193665,
    "assessing": 0.1690922975540161,
    "tagging": 0.19176548719406128,
    "leaving": 0.22839611768722534,
    "HRA Strategy.time-resources.take-the-best": 0.002667253604158759,
    "HRA Strategy.time-system.exhaustive": 0.0006977652083151042,
    "Satisfactory Priority": 0.006314788479357958,
    "One-Bounce Priority": 0.03027813322842121,
    "pDeath": 0.0032924271654337645,
    "pPain": 0.0047035813331604,
    "pBrainInjury": 0.0019344014581292868,
    "pAirwayBlocked": 0.0026336214505136013,
    "pInternalBleeding": 0.006459069438278675,
    "pExternalBleeding": 0.008944603614509106,
    "entropy": 0.010101482272148132,
    "entropyDeath": 0.010868986137211323,
    "SEVERITY": 0.0009015808464027941,
    "AVERAGE_TIME_USED": 0.008114105090498924,
    "MEDSIM_P_DEATH": 0.0031439075246453285,
    "SEVEREST_SEVERITY": 0.0020904859993606806,
    "WEIGHTED_RESOURCE_SCORE": 0.0011470718309283257,
    "SMOL_MEDICAL_SOUNDNESS": 0.0030826227739453316,
    "INFORMATION_GAINED": 0.03620423004031181,
    "treatment": 0.03979354351758957,
    "category": 0.007475618738681078
}