{
    "intent": 0.1756902039051056,
    "directness_of_causality": 0.1665824055671692,
    "treating": 0.27080073952674866,
    "SEVERITY_CHANGE": 0.1055021807551384,
    "SMOL_MEDICAL_SOUNDNESS": 0.28142452239990234
}