{
    "age": 0.009726908057928085,
    "tagged": 0.017486782744526863,
    "breathing": 0.007581469137221575,
    "unvisited_count": 0.008996338583528996,
    "injured_count": 0.020367393270134926,
    "questioning": 0.24961087107658386,
    "assessing": 0.19558106362819672,
    "tagging": 0.11765657365322113,
    "leaving": 0.22532561421394348,
    "treatment": 0.02583087794482708,
    "Satisfactory Priority": 0.0057148560881614685,
    "One-Bounce Priority": 0.03478746861219406,
    "pPain": 0.004997302312403917,
    "pExternalBleeding": 0.0061994013376533985,
    "entropy": 0.005971768405288458,
    "entropyDeath": 0.004910509567707777,
    "MEDSIM_P_DEATH": 0.006547166500240564,
    "INFORMATION_GAINED": 0.04354098439216614,
    "category": 0.00916665606200695
}