{
    "conscious": 0.0016543626552447677,
    "mental_status": 0.00027086137561127543,
    "avpu": 2.173955726902932e-05,
    "intent": 0.0555315762758255,
    "directness_of_causality": 0.18740613758563995,
    "aid_available": 0.19403894245624542,
    "treating": 0.2750479578971863,
    "HRA Strategy.time-risk_reward_ratio.one-bounce": 0.0006036945851519704,
    "HRA Strategy.resources-system.take-the-best": 0.0010811290703713894,
    "HRA Strategy.risk_reward_ratio-system.one-bounce": 0.001633683335967362,
    "HRA Strategy.time-resources-system.one-bounce": 0.0001527540443930775,
    "HRA Strategy.time-resources-risk_reward_ratio-system.one-bounce": 0.0003232036833651364,
    "Take-The-Best Priority": 0.0006518166628666222,
    "Satisfactory Priority": 0.0007023349171504378,
    "pDeath": 0.0001420015178155154,
    "pPain": 2.1583595298579894e-05,
    "pBrainInjury": 0.0003383974253665656,
    "pAirwayBlocked": 0.00017901716637425125,
    "pInternalBleeding": 0.00042421906255185604,
    "entropyDeath": 0.0004753020475618541,
    "SEVERITY": 0.0006962351617403328,
    "SUPPLIES_REMAINING": 0.0010512428125366569,
    "AVERAGE_TIME_USED": 0.009806257672607899,
    "DAMAGE_PER_SECOND": 0.0007019481272436678,
    "SEVERITY_CHANGE": 0.00012131029507145286,
    "SUPPLIES_USED": 0.2646254301071167,
    "SEVEREST_SEVERITY": 6.470867083407938e-05,
    "SEVEREST_SEVERITY_CHANGE": 0.0006211844738572836,
    "WEIGHTED_RESOURCE_SCORE": 0.0008786515099927783,
    "treatment": 0.0007323444006033242
}