{
    "age": 0.01254724059253931,
    "tagged": 0.02502426691353321,
    "visited": 0.00619601970538497,
    "breathing": 0.009465630166232586,
    "hrpmin": 0.013429663144052029,
    "unvisited_count": 0.0019843236077576876,
    "injured_count": 0.02156463824212551,
    "environment_type": 0.002334099030122161,
    "questioning": 0.2151697874069214,
    "assessing": 0.200712651014328,
    "treating": 0.005958965513855219,
    "tagging": 0.15432699024677277,
    "leaving": 0.13864761590957642,
    "HRA Strategy.time-resources.take-the-best": 0.0019410522654652596,
    "HRA Strategy.time-system.exhaustive": 0.004019919782876968,
    "Satisfactory Priority": 0.0023248624056577682,
    "One-Bounce Priority": 0.027952848002314568,
    "pDeath": 0.0027549867518246174,
    "pPain": 0.0056393081322312355,
    "pBrainInjury": 0.0025090044364333153,
    "pAirwayBlocked": 0.003473149612545967,
    "pInternalBleeding": 0.007574648596346378,
    "pExternalBleeding": 0.010500781238079071,
    "entropy": 0.012324587441980839,
    "entropyDeath": 0.006628974340856075,
    "SEVERITY": 0.000933934235945344,
    "SUPPLIES_REMAINING": 0.0009742386173456907,
    "AVERAGE_TIME_USED": 0.015361235477030277,
    "MEDSIM_P_DEATH": 0.009244532324373722,
    "SEVEREST_SEVERITY": 0.0033343045506626368,
    "WEIGHTED_RESOURCE_SCORE": 0.004543142393231392,
    "SMOL_MEDICAL_SOUNDNESS": 0.004486772697418928,
    "INFORMATION_GAINED": 0.025511736050248146,
    "treatment": 0.02977312169969082,
    "category": 0.010830913670361042
}