{
    "intent": 0.10609754920005798,
    "directness_of_causality": 0.14088909327983856,
    "aid_available": 0.18956613540649414,
    "treating": 0.31243354082107544,
    "SUPPLIES_USED": 0.1315944641828537,
    "SMOL_MEDICAL_SOUNDNESS": 0.11941923946142197
}