{
    "age": 0.09192635118961334,
    "tagged": 0.3958381414413452,
    "environment_type": 0.049043379724025726,
    "category": 0.09330561012029648,
    "AVERAGE_TIME_USED": 0.11667877435684204,
    "DAMAGE_PER_SECOND": 0.1511431336402893,
    "WEIGHTED_RESOURCE_SCORE": 0.056797292083501816,
    "treatment": 0.04526735097169876
}