{
    "tagged": 0.012418042868375778,
    "conscious": 0.0011446162825450301,
    "mental_status": 0.0010713236406445503,
    "breathing": 0.015896081924438477,
    "intent": 0.11019325256347656,
    "directness_of_causality": 0.0671144649386406,
    "aid_available": 0.013637644238770008,
    "treating": 0.11483711749315262,
    "HRA Strategy.time-resources.take-the-best": 0.003175116842612624,
    "HRA Strategy.time-risk_reward_ratio.one-bounce": 0.02131064049899578,
    "HRA Strategy.resources-risk_reward_ratio.one-bounce": 0.0006963032647036016,
    "HRA Strategy.resources-system.take-the-best": 0.033187177032232285,
    "HRA Strategy.risk_reward_ratio-system.one-bounce": 0.0012406576424837112,
    "HRA Strategy.time-resources-system.one-bounce": 0.0006370746996253729,
    "HRA Strategy.resources-risk_reward_ratio-system.one-bounce": 0.0011742290807887912,
    "HRA Strategy.time-resources-risk_reward_ratio-system.one-bounce": 0.0003076482389587909,
    "Take-The-Best Priority": 0.0007185922004282475,
    "pDeath": 0.0005950290360487998,
    "pAirwayBlocked": 6.997015589149669e-05,
    "pInternalBleeding": 0.23003053665161133,
    "pExternalBleeding": 0.00035611228668130934,
    "entropy": 0.0006070821546018124,
    "entropyDeath": 0.00011641930177574977,
    "SEVERITY": 0.06017959117889404,
    "AVERAGE_TIME_USED": 0.024462468922138214,
    "MEDSIM_P_DEATH": 0.0008133694645948708,
    "SUPPLIES_USED": 0.12400388717651367,
    "SEVEREST_SEVERITY": 0.00011656516289804131,
    "WEIGHTED_RESOURCE_SCORE": 0.00022332467779051512,
    "SMOL_MEDICAL_SOUNDNESS": 0.15913799405097961,
    "treatment": 0.0005276812589727342
}