{
    "tagged": 0.026529494673013687,
    "hrpmin": 0.02340516820549965,
    "questioning": 0.22829285264015198,
    "assessing": 0.28911226987838745,
    "tagging": 0.22552336752414703,
    "One-Bounce Priority": 0.040343716740608215,
    "AVERAGE_TIME_USED": 0.012718395330011845,
    "INFORMATION_GAINED": 0.08574890345335007,
    "treatment": 0.05077654868364334,
    "category": 0.01754922978579998
}