{
    "mental_status": 0.01626582443714142,
    "avpu": 0.0026920356322079897,
    "intent": 0.034335050731897354,
    "directness_of_causality": 0.19901663064956665,
    "aid_available": 0.14103223383426666,
    "treating": 0.22356976568698883,
    "HRA Strategy.time-resources.take-the-best": 0.006109101232141256,
    "HRA Strategy.time-resources.one-bounce": 0.0004298517887946218,
    "HRA Strategy.time-risk_reward_ratio.take-the-best": 0.0007853740826249123,
    "HRA Strategy.resources-system.take-the-best": 0.0002705138176679611,
    "HRA Strategy.risk_reward_ratio-system.one-bounce": 0.001206059823743999,
    "HRA Strategy.time-resources-system.tallying": 0.0014874114422127604,
    "HRA Strategy.time-resources-system.one-bounce": 0.0006802334100939333,
    "HRA Strategy.resources-risk_reward_ratio-system.one-bounce": 0.0011368233244866133,
    "HRA Strategy.time-resources-risk_reward_ratio-system.one-bounce": 0.00030238949693739414,
    "Take-The-Best Priority": 0.002082306891679764,
    "Satisfactory Priority": 0.002319270046427846,
    "pPain": 0.0003917430294677615,
    "pBrainInjury": 0.0009589249384589493,
    "SEVERITY": 0.006640143226832151,
    "SUPPLIES_REMAINING": 0.0018188420217484236,
    "AVERAGE_TIME_USED": 0.008348234929144382,
    "SUPPLIES_USED": 0.20802420377731323,
    "WEIGHTED_RESOURCE_SCORE": 0.00036211212864145637,
    "SMOL_MEDICAL_SOUNDNESS": 0.1226649135351181,
    "treatment": 0.017069971188902855
}