{
    "age": 0.15247401595115662,
    "environment_type": 0.024082450196146965,
    "assessing": 0.18070785701274872,
    "category": 0.07361816614866257,
    "HRA Strategy.time-resources.take-the-best": 0.03352384641766548,
    "pDeath": 0.10800755023956299,
    "AVERAGE_TIME_USED": 0.030618906021118164,
    "MEDSIM_P_DEATH_ONE_MIN_LATER": 0.18773411214351654,
    "WEIGHTED_RESOURCE_SCORE": 0.12125496566295624,
    "treatment": 0.08797804266214371
}