{
    "tagged": 0.020374594256281853,
    "breathing": 0.004578225780278444,
    "hrpmin": 0.01141107827425003,
    "injured_count": 0.02765496075153351,
    "questioning": 0.28915855288505554,
    "assessing": 0.29466304183006287,
    "tagging": 0.12861713767051697,
    "leaving": 0.12631967663764954,
    "One-Bounce Priority": 0.031466204673051834,
    "AVERAGE_TIME_USED": 0.005250516813248396,
    "INFORMATION_GAINED": 0.0233773160725832,
    "treatment": 0.025917310267686844,
    "category": 0.011211373843252659
}