{
    "tagged": 0.008445330895483494,
    "conscious": 0.0009923229226842523,
    "mental_status": 0.009394227527081966,
    "breathing": 0.007460909895598888,
    "hrpmin": 0.0001468250120524317,
    "intent": 0.007760853506624699,
    "directness_of_causality": 0.06790894269943237,
    "others_tagged_or_uninjured": 0.08241477608680725,
    "aid_available": 0.10135407000780106,
    "treating": 0.09470617026090622,
    "HRA Strategy.time-risk_reward_ratio.one-bounce": 0.022252071648836136,
    "HRA Strategy.time-system.one-bounce": 0.000464232376543805,
    "HRA Strategy.resources-system.take-the-best": 0.010868513956665993,
    "HRA Strategy.risk_reward_ratio-system.one-bounce": 0.000613634823821485,
    "HRA Strategy.time-resources-system.one-bounce": 0.0003449743671808392,
    "HRA Strategy.resources-risk_reward_ratio-system.one-bounce": 0.0006085619679652154,
    "HRA Strategy.time-resources-risk_reward_ratio-system.one-bounce": 0.00020186448819004,
    "Take-The-Best Priority": 0.0035053114406764507,
    "Satisfactory Priority": 0.0007005113875493407,
    "pDeath": 0.005723991431295872,
    "pPain": 0.0059704589657485485,
    "pBrainInjury": 8.7812622950878e-05,
    "pAirwayBlocked": 0.00013457395834848285,
    "pInternalBleeding": 0.03401065245270729,
    "entropyDeath": 0.0004487974219955504,
    "SEVERITY": 0.005918735172599554,
    "SUPPLIES_REMAINING": 0.000650873756967485,
    "AVERAGE_TIME_USED": 0.005268536042422056,
    "DAMAGE_PER_SECOND": 0.044390663504600525,
    "MEDSIM_P_DEATH": 0.13369718194007874,
    "SEVERITY_CHANGE": 0.00012631629942916334,
    "SUPPLIES_USED": 0.16773521900177002,
    "SEVEREST_SEVERITY_CHANGE": 0.0006564402137883008,
    "WEIGHTED_RESOURCE_SCORE": 0.005941238719969988,
    "SMOL_MEDICAL_SOUNDNESS": 0.1565239578485489,
    "treatment": 0.01257037278264761
}