{
    "tagged": 0.0021707795094698668,
    "breathing": 0.013577566482126713,
    "avpu": 0.000315248646074906,
    "intent": 0.026912817731499672,
    "directness_of_causality": 0.1687585413455963,
    "aid_available": 0.15378029644489288,
    "treating": 0.37137073278427124,
    "HRA Strategy.risk_reward_ratio-system.one-bounce": 0.002453774446621537,
    "HRA Strategy.resources-risk_reward_ratio-system.one-bounce": 0.0006496361456811428,
    "HRA Strategy.time-resources-risk_reward_ratio-system.one-bounce": 0.0005158073618076742,
    "Take-The-Best Priority": 0.00021204419317655265,
    "Satisfactory Priority": 0.0023093826603144407,
    "pPain": 0.0002385133266216144,
    "pBrainInjury": 0.00016085978131741285,
    "pInternalBleeding": 9.205285459756851e-05,
    "SEVERITY": 0.00041810257243923843,
    "SUPPLIES_REMAINING": 0.032656051218509674,
    "AVERAGE_TIME_USED": 0.005161878652870655,
    "DAMAGE_PER_SECOND": 0.00016758518177084625,
    "SEVERITY_CHANGE": 0.0003511525283101946,
    "SUPPLIES_USED": 0.20662380754947662,
    "SEVEREST_SEVERITY": 0.00017837018822319806,
    "SEVEREST_SEVERITY_CHANGE": 0.001151752076111734,
    "WEIGHTED_RESOURCE_SCORE": 0.0015273327007889748,
    "treatment": 0.008245907723903656
}