{
    "age": 0.022888632491230965,
    "assessing": 0.3101508319377899,
    "tagging": 0.4263419508934021,
    "HRA Strategy.time-resources.take-the-best": 0.02940719947218895,
    "Satisfactory Priority": 0.17667566239833832,
    "treatment": 0.03453565016388893
}