{
    "tagged": 0.012069356627762318,
    "conscious": 0.0018040237482637167,
    "breathing": 0.025443317368626595,
    "intent": 0.12391035258769989,
    "directness_of_causality": 0.03207721188664436,
    "injured_count": 0.00011030695895897225,
    "aid_available": 0.04348631948232651,
    "treating": 0.10285579413175583,
    "HRA Strategy.time-resources.take-the-best": 0.0008233231492340565,
    "HRA Strategy.resources-risk_reward_ratio.one-bounce": 0.0005252407281659544,
    "HRA Strategy.resources-system.take-the-best": 0.0002925531007349491,
    "HRA Strategy.risk_reward_ratio-system.one-bounce": 0.0006165705854073167,
    "HRA Strategy.resources-risk_reward_ratio-system.one-bounce": 0.0005504934815689921,
    "HRA Strategy.time-resources-risk_reward_ratio-system.one-bounce": 0.0001578237279318273,
    "Take-The-Best Priority": 0.000623913889285177,
    "pDeath": 0.0005798402708023787,
    "pPain": 0.00029107971931807697,
    "pBrainInjury": 0.0001203698047902435,
    "pAirwayBlocked": 0.0001035440873238258,
    "pInternalBleeding": 0.015966180711984634,
    "pExternalBleeding": 0.008555431850254536,
    "entropyDeath": 0.0024732835590839386,
    "SEVERITY": 0.015772951766848564,
    "SUPPLIES_REMAINING": 0.005639170296490192,
    "AVERAGE_TIME_USED": 0.01147136278450489,
    "MEDSIM_P_DEATH_ONE_MIN_LATER": 0.3504481017589569,
    "SUPPLIES_USED": 0.0555410161614418,
    "SEVEREST_SEVERITY": 0.002064037835225463,
    "SEVEREST_SEVERITY_CHANGE": 0.039035819470882416,
    "WEIGHTED_RESOURCE_SCORE": 9.49659661273472e-05,
    "SMOL_MEDICAL_SOUNDNESS": 0.14570628106594086,
    "treatment": 0.0007899902411736548
}