{
    "age": 0.0068411752581596375,
    "tagged": 0.03325765207409859,
    "conscious": 0.013661677949130535,
    "breathing": 0.0591769739985466,
    "hrpmin": 0.010005137883126736,
    "avpu": 0.004307340364903212,
    "unvisited_count": 0.01635032519698143,
    "environment_type": 0.00990334339439869,
    "questioning": 0.1783718466758728,
    "assessing": 0.16346375644207,
    "tagging": 0.30814850330352783,
    "leaving": 0.003987267147749662,
    "category": 0.008212713524699211,
    "HRA Strategy.time-resources.take-the-best": 0.0017670830711722374,
    "HRA Strategy.time-system.tallying": 0.005650456063449383,
    "HRA Strategy.resources-system.take-the-best": 0.0010415790602564812,
    "Satisfactory Priority": 0.010322515852749348,
    "pDeath": 0.0253718551248312,
    "pPain": 0.0054096681997179985,
    "pBrainInjury": 0.01452469453215599,
    "pAirwayBlocked": 0.0016191088361665606,
    "pInternalBleeding": 0.004519523121416569,
    "pExternalBleeding": 0.012391596101224422,
    "entropy": 0.0008699508034624159,
    "entropyDeath": 0.014105205424129963,
    "SEVERITY": 0.002874476835131645,
    "SUPPLIES_REMAINING": 0.0013183967676013708,
    "AVERAGE_TIME_USED": 0.020696138963103294,
    "DAMAGE_PER_SECOND": 0.0033538469579070807,
    "MEDSIM_P_DEATH": 0.0008314481237903237,
    "MEDSIM_P_DEATH_ONE_MIN_LATER": 0.004956916440278292,
    "SEVERITY_CHANGE": 0.0005633935215882957,
    "SEVEREST_SEVERITY_CHANGE": 0.0008109436021186411,
    "WEIGHTED_RESOURCE_SCORE": 0.006240104790776968,
    "INFORMATION_GAINED": 0.0037794613745063543,
    "treatment": 0.041293926537036896
}