{
    "age": 0.01242357213050127,
    "tagged": 0.04514513537287712,
    "visited": 0.006389119196683168,
    "conscious": 0.0010640467517077923,
    "breathing": 0.007358903996646404,
    "hrpmin": 0.019118931144475937,
    "avpu": 0.0036183365155011415,
    "unvisited_count": 0.006682659033685923,
    "injured_count": 0.005275386851280928,
    "others_tagged_or_uninjured": 0.0006353775970637798,
    "environment_type": 0.005083874333649874,
    "questioning": 0.23166921734809875,
    "assessing": 0.19743162393569946,
    "tagging": 0.22158974409103394,
    "leaving": 0.006274629384279251,
    "HRA Strategy.time-resources.take-the-best": 0.004118429962545633,
    "HRA Strategy.time-system.exhaustive": 0.0008022685651667416,
    "HRA Strategy.time-system.tallying": 0.012498545460402966,
    "HRA Strategy.resources-risk_reward_ratio.take-the-best": 0.0007209916948340833,
    "HRA Strategy.resources-system.take-the-best": 0.0006265591946430504,
    "Satisfactory Priority": 0.0026442958042025566,
    "One-Bounce Priority": 0.016962667927145958,
    "pDeath": 0.0038866866379976273,
    "pPain": 0.004940088372677565,
    "pBrainInjury": 0.006524348631501198,
    "pAirwayBlocked": 0.005222179926931858,
    "pInternalBleeding": 0.0083391098305583,
    "pExternalBleeding": 0.007009080611169338,
    "entropy": 0.008000833913683891,
    "entropyDeath": 0.01976531557738781,
    "SEVERITY": 0.007982144132256508,
    "SUPPLIES_REMAINING": 0.0006951860850676894,
    "AVERAGE_TIME_USED": 0.009311042726039886,
    "DAMAGE_PER_SECOND": 0.0015586580848321319,
    "MEDSIM_P_DEATH": 0.007639644667506218,
    "MEDSIM_P_DEATH_ONE_MIN_LATER": 0.000453567219665274,
    "SEVERITY_CHANGE": 0.0032963731791824102,
    "SEVEREST_SEVERITY": 0.0009858821285888553,
    "WEIGHTED_RESOURCE_SCORE": 0.00265874108299613,
    "SMOL_MEDICAL_SOUNDNESS": 0.008032246492803097,
    "INFORMATION_GAINED": 0.05198900029063225,
    "treatment": 0.02522818185389042,
    "category": 0.008347278460860252
}