{
    "intent": 0.12434281408786774,
    "directness_of_causality": 0.07315105199813843,
    "treating": 0.802506148815155
}