{
    "unvisited_count": 0.025330714881420135,
    "injured_count": 0.011507788673043251,
    "questioning": 0.3869086503982544,
    "assessing": 0.40458157658576965,
    "tagging": 0.08977705985307693,
    "One-Bounce Priority": 0.020006554201245308,
    "AVERAGE_TIME_USED": 0.016964297741651535,
    "treatment": 0.0449233315885067
}