{
    "mental_status": 0.0017247730866074562,
    "breathing": 0.2570052742958069,
    "hrpmin": 0.0005540467100217938,
    "intent": 0.00111946533434093,
    "directness_of_causality": 0.1976955085992813,
    "unvisited_count": 0.0011802009539678693,
    "aid_available": 0.012751026079058647,
    "treating": 0.3018532991409302,
    "HRA Strategy.time-resources.take-the-best": 0.007120194844901562,
    "HRA Strategy.time-resources.one-bounce": 0.0050575751811265945,
    "HRA Strategy.resources-risk_reward_ratio.one-bounce": 0.011779633350670338,
    "HRA Strategy.resources-system.take-the-best": 0.019387105479836464,
    "HRA Strategy.risk_reward_ratio-system.one-bounce": 0.0015559890307486057,
    "HRA Strategy.time-resources-risk_reward_ratio.one-bounce": 0.00028720262343995273,
    "HRA Strategy.resources-risk_reward_ratio-system.one-bounce": 0.0013950846623629332,
    "Take-The-Best Priority": 0.0018261116929352283,
    "Satisfactory Priority": 0.0011683909688144922,
    "pBrainInjury": 0.002085799816995859,
    "entropy": 0.00016307146870531142,
    "entropyDeath": 0.03089255653321743,
    "SEVERITY": 0.03311627730727196,
    "SUPPLIES_REMAINING": 0.0009039691067300737,
    "AVERAGE_TIME_USED": 0.005425695795565844,
    "SUPPLIES_USED": 0.09869105368852615,
    "SEVEREST_SEVERITY": 0.004267133306711912,
    "WEIGHTED_RESOURCE_SCORE": 0.0003559442120604217,
    "treatment": 0.0006376592791639268
}