{
    "age": 0.00828936044126749,
    "tagged": 0.04473673179745674,
    "visited": 0.0024643067736178637,
    "conscious": 0.002145830076187849,
    "breathing": 0.006786915007978678,
    "hrpmin": 0.005401753820478916,
    "avpu": 0.0006884864997118711,
    "unvisited_count": 0.011689652688801289,
    "injured_count": 0.011567303910851479,
    "environment_type": 0.0015551018295809627,
    "questioning": 0.23916618525981903,
    "assessing": 0.1739729791879654,
    "treating": 0.00045730965211987495,
    "tagging": 0.2081272304058075,
    "leaving": 0.09932120889425278,
    "HRA Strategy.time-resources.take-the-best": 0.001542877173051238,
    "HRA Strategy.time-system.one-bounce": 0.001994654769077897,
    "HRA Strategy.resources-system.take-the-best": 0.0013135664630681276,
    "Satisfactory Priority": 0.0021971375681459904,
    "One-Bounce Priority": 0.020706139504909515,
    "pDeath": 0.003699014661833644,
    "pPain": 0.007553056348115206,
    "pBrainInjury": 0.002002106513828039,
    "pAirwayBlocked": 0.004788906313478947,
    "pInternalBleeding": 0.005708297714591026,
    "pExternalBleeding": 0.012799070216715336,
    "entropy": 0.01253342255949974,
    "entropyDeath": 0.003970039542764425,
    "SEVERITY": 0.0021591861732304096,
    "SUPPLIES_REMAINING": 0.0006320527172647417,
    "AVERAGE_TIME_USED": 0.0036625799257308245,
    "DAMAGE_PER_SECOND": 0.000979052041657269,
    "MEDSIM_P_DEATH": 0.00815335288643837,
    "MEDSIM_P_DEATH_ONE_MIN_LATER": 0.005532652605324984,
    "SEVERITY_CHANGE": 0.0008790256688371301,
    "SEVEREST_SEVERITY": 0.0035086048301309347,
    "WEIGHTED_RESOURCE_SCORE": 0.0032289857044816017,
    "SMOL_MEDICAL_SOUNDNESS": 0.002237554406747222,
    "INFORMATION_GAINED": 0.027199968695640564,
    "treatment": 0.03524377569556236,
    "category": 0.009404526092112064
}