{
    "questioning": 0.3159010708332062,
    "assessing": 0.3602062463760376,
    "tagging": 0.0976819172501564,
    "leaving": 0.1461472362279892,
    "INFORMATION_GAINED": 0.029152773320674896,
    "treatment": 0.031416766345500946,
    "category": 0.01949404552578926
}