{
    "aid_available": 0.1461763232946396,
    "treating": 0.5876050591468811,
    "SUPPLIES_USED": 0.2662186324596405
}