{
    "treating": 0.928371012210846,
    "SUPPLIES_USED": 0.07162901759147644
}