{
    "intent": 0.18266431987285614,
    "directness_of_causality": 0.0729425847530365,
    "aid_available": 0.13298383355140686,
    "treating": 0.26812562346458435,
    "treatment": 0.07610068470239639,
    "AVERAGE_TIME_USED": 0.017420783638954163,
    "SUPPLIES_USED": 0.2497621774673462
}