{
    "age": 0.022977229207754135,
    "tagged": 0.30943596363067627,
    "conscious": 0.004070404917001724,
    "breathing": 0.0046211532317101955,
    "hrpmin": 0.06146343797445297,
    "avpu": 0.0036389147862792015,
    "injured_count": 0.04919835925102234,
    "environment_type": 0.020995281636714935,
    "category": 0.016791867092251778,
    "HRA Strategy.time-resources.take-the-best": 0.036611780524253845,
    "Take-The-Best Priority": 0.016221297904849052,
    "One-Bounce Priority": 0.02902418188750744,
    "pDeath": 0.01021279115229845,
    "pPain": 0.01591283455491066,
    "pAirwayBlocked": 0.02279633656144142,
    "pInternalBleeding": 0.0197773277759552,
    "pExternalBleeding": 0.028554588556289673,
    "entropy": 0.031363654881715775,
    "entropyDeath": 0.010670695453882217,
    "SEVERITY": 0.013016151264309883,
    "SUPPLIES_REMAINING": 0.001471858355216682,
    "AVERAGE_TIME_USED": 0.11350905150175095,
    "DAMAGE_PER_SECOND": 0.005391668062657118,
    "MEDSIM_P_DEATH": 0.006270913872867823,
    "MEDSIM_P_DEATH_ONE_MIN_LATER": 0.007464933209121227,
    "SEVEREST_SEVERITY": 0.007905449718236923,
    "SMOL_MEDICAL_SOUNDNESS": 0.0381302684545517,
    "treatment": 0.09250158816576004
}