{
    "age": 0.005003598053008318,
    "tagged": 0.024149179458618164,
    "conscious": 0.0034026107750833035,
    "breathing": 0.0037915618158876896,
    "hrpmin": 0.007653016597032547,
    "unvisited_count": 0.004757457412779331,
    "questioning": 0.10939732193946838,
    "assessing": 0.13710427284240723,
    "tagging": 0.093780517578125,
    "leaving": 0.4829457402229309,
    "HRA Strategy.time-resources.take-the-best": 0.0032392817083746195,
    "One-Bounce Priority": 0.02894449047744274,
    "pPain": 0.0036397594958543777,
    "pAirwayBlocked": 0.005942604970186949,
    "pExternalBleeding": 0.011137698777019978,
    "entropy": 0.005474337842315435,
    "entropyDeath": 0.003745567286387086,
    "AVERAGE_TIME_USED": 0.005382501520216465,
    "MEDSIM_P_DEATH_ONE_MIN_LATER": 0.004460041411221027,
    "WEIGHTED_RESOURCE_SCORE": 0.010381489992141724,
    "INFORMATION_GAINED": 0.008725780993700027,
    "treatment": 0.02844502590596676,
    "category": 0.008496067486703396
}