{
    "tagged": 3.082672992604785e-05,
    "conscious": 0.001398347900249064,
    "mental_status": 7.450608973158523e-05,
    "breathing": 2.5749215637915768e-05,
    "avpu": 6.419675628421828e-05,
    "intent": 0.03575717285275459,
    "directness_of_causality": 0.20807336270809174,
    "aid_available": 0.18711508810520172,
    "treating": 0.28183308243751526,
    "HRA Strategy.time-risk_reward_ratio.one-bounce": 0.0008167168707586825,
    "HRA Strategy.resources-system.take-the-best": 0.000934624404180795,
    "HRA Strategy.risk_reward_ratio-system.one-bounce": 0.001534294686280191,
    "HRA Strategy.time-resources-system.one-bounce": 0.00025645640562288463,
    "HRA Strategy.time-resources-risk_reward_ratio-system.one-bounce": 0.00031814558315090835,
    "Take-The-Best Priority": 0.0005038576782681048,
    "Satisfactory Priority": 0.0007651447085663676,
    "pDeath": 0.00014529847248923033,
    "pPain": 2.5246210498153232e-05,
    "pBrainInjury": 0.0003400610003154725,
    "pAirwayBlocked": 0.00018895405810326338,
    "pInternalBleeding": 0.00043381479918025434,
    "entropy": 2.051136652880814e-05,
    "entropyDeath": 0.000560338085051626,
    "SEVERITY": 0.0011677970178425312,
    "SUPPLIES_REMAINING": 0.0013051190180703998,
    "AVERAGE_TIME_USED": 0.010604685172438622,
    "DAMAGE_PER_SECOND": 0.0003621914074756205,
    "MEDSIM_P_DEATH": 8.304480434162542e-05,
    "SEVERITY_CHANGE": 4.9957947339862585e-05,
    "SUPPLIES_USED": 0.26402151584625244,
    "SEVEREST_SEVERITY": 9.331243927590549e-05,
    "WEIGHTED_RESOURCE_SCORE": 0.00036361851380206645,
    "treatment": 0.0007328908541239798
}