{
    "treating": 0.9088578224182129,
    "SUPPLIES_USED": 0.0911422148346901
}