{
    "mental_status": 0.002065704669803381,
    "avpu": 0.012654854916036129,
    "intent": 0.0993194580078125,
    "directness_of_causality": 0.08991909772157669,
    "aid_available": 0.061678674072027206,
    "treating": 0.1052517369389534,
    "pAirwayBlocked": 0.018099132925271988,
    "pInternalBleeding": 0.006901782471686602,
    "entropy": 0.009301415644586086,
    "SEVERITY": 0.032308392226696014,
    "AVERAGE_TIME_USED": 0.010997653938829899,
    "DAMAGE_PER_SECOND": 0.02413797937333584,
    "SUPPLIES_USED": 0.09349048137664795,
    "SEVEREST_SEVERITY": 0.04775324463844299,
    "WEIGHTED_RESOURCE_SCORE": 0.021354254335165024,
    "SMOL_MEDICAL_SOUNDNESS": 0.30069485306739807,
    "treatment": 0.06407126039266586
}