{
    "tagged": 3.2555137295275927e-05,
    "conscious": 0.09218525886535645,
    "mental_status": 0.009046882390975952,
    "breathing": 2.7041907742386684e-05,
    "hrpmin": 4.704376624431461e-05,
    "avpu": 0.00010019008914241567,
    "intent": 0.037064049392938614,
    "directness_of_causality": 0.18365339934825897,
    "aid_available": 0.152830570936203,
    "treating": 0.24676217138767242,
    "HRA Strategy.time-resources.take-the-best": 0.004970359615981579,
    "HRA Strategy.resources-risk_reward_ratio.one-bounce": 0.019064882770180702,
    "HRA Strategy.resources-system.take-the-best": 0.018431784585118294,
    "HRA Strategy.risk_reward_ratio-system.one-bounce": 0.0017194399842992425,
    "HRA Strategy.time-resources-system.one-bounce": 0.0005095177330076694,
    "HRA Strategy.resources-risk_reward_ratio-system.one-bounce": 0.0015014855889603496,
    "HRA Strategy.time-resources-risk_reward_ratio-system.one-bounce": 0.0006485800840891898,
    "Take-The-Best Priority": 0.0021106256172060966,
    "Satisfactory Priority": 0.0012327248696237803,
    "One-Bounce Priority": 0.0006099651800468564,
    "pDeath": 0.0010720345890149474,
    "pPain": 0.00028286236920394003,
    "pBrainInjury": 0.0009182071080431342,
    "pAirwayBlocked": 0.00042643866618163884,
    "entropy": 0.0004907716065645218,
    "entropyDeath": 0.005278488155454397,
    "SEVERITY": 0.002004723297432065,
    "SUPPLIES_REMAINING": 0.0012298820074647665,
    "AVERAGE_TIME_USED": 0.0007691789651289582,
    "DAMAGE_PER_SECOND": 5.805448381579481e-05,
    "MEDSIM_P_DEATH": 0.006043497938662767,
    "SUPPLIES_USED": 0.207320898771286,
    "SEVEREST_SEVERITY": 0.0002448779996484518,
    "WEIGHTED_RESOURCE_SCORE": 0.0003126191149931401,
    "treatment": 0.0009989271638914943
}