{
    "tagged": 0.012025922536849976,
    "hrpmin": 0.021961433812975883,
    "questioning": 0.36864885687828064,
    "assessing": 0.2714061439037323,
    "tagging": 0.13545729219913483,
    "category": 0.012285715900361538,
    "One-Bounce Priority": 0.022992774844169617,
    "pPain": 0.006235416512936354,
    "pBrainInjury": 0.007835994474589825,
    "pExternalBleeding": 0.007655808236449957,
    "entropy": 0.024263476952910423,
    "entropyDeath": 0.019923986867070198,
    "SEVERITY": 0.010146666318178177,
    "INFORMATION_GAINED": 0.032681480050086975,
    "treatment": 0.04647902026772499
}