{
    "age": 0.03743470087647438,
    "visited": 0.012315372005105019,
    "breathing": 0.022127745673060417,
    "environment_type": 0.059760209172964096,
    "questioning": 0.16634957492351532,
    "tagging": 0.21440568566322327,
    "category": 0.03427133336663246,
    "pPain": 0.046561624854803085,
    "entropy": 0.03812502697110176,
    "SEVERITY": 0.012490350753068924,
    "AVERAGE_TIME_USED": 0.15955588221549988,
    "MEDSIM_P_DEATH": 0.03179992735385895,
    "INFORMATION_GAINED": 0.03201020881533623,
    "treatment": 0.1327923685312271
}