{
    "age": 0.15074408054351807,
    "tagged": 0.058758288621902466,
    "visited": 0.004181798081845045,
    "relationship": 0.09772785753011703,
    "breathing": 0.019251760095357895,
    "hrpmin": 0.003103082999587059,
    "avpu": 0.00571615481749177,
    "unvisited_count": 0.0031856761779636145,
    "injured_count": 0.025288287550210953,
    "environment_type": 0.0038641681894659996,
    "questioning": 0.11009430885314941,
    "assessing": 0.191438689827919,
    "tagging": 0.04668482393026352,
    "leaving": 0.12599726021289825,
    "pDeath": 0.008159044198691845,
    "pPain": 0.011637653224170208,
    "pBrainInjury": 0.005943017546087503,
    "pAirwayBlocked": 0.009553101845085621,
    "pInternalBleeding": 0.005989445373415947,
    "pExternalBleeding": 0.013003594242036343,
    "entropy": 0.012460417114198208,
    "entropyDeath": 0.010361040011048317,
    "SUPPLIES_REMAINING": 0.020525958389043808,
    "AVERAGE_TIME_USED": 0.004164667334407568,
    "MEDSIM_P_DEATH": 0.001854254282079637,
    "SEVEREST_SEVERITY_CHANGE": 0.0019164549885317683,
    "treatment": 0.03227275609970093,
    "category": 0.016122395172715187
}