age,tagged,visited,relationship,breathing,hrpmin,avpu,unvisited_count,injured_count,environment_type,questioning,assessing,tagging,leaving,pDeath,pPain,pBrainInjury,pAirwayBlocked,pInternalBleeding,pExternalBleeding,entropy,entropyDeath,SUPPLIES_REMAINING,AVERAGE_TIME_USED,MEDSIM_P_DEATH,SEVEREST_SEVERITY_CHANGE,treatment,category
0.15074408054351807,0.058758288621902466,0.004181798081845045,0.09772785753011703,0.019251760095357895,0.003103082999587059,0.00571615481749177,0.0031856761779636145,0.025288287550210953,0.0038641681894659996,0.11009430885314941,0.191438689827919,0.04668482393026352,0.12599726021289825,0.008159044198691845,0.011637653224170208,0.005943017546087503,0.009553101845085621,0.005989445373415947,0.013003594242036343,0.012460417114198208,0.010361040011048317,0.020525958389043808,0.004164667334407568,0.001854254282079637,0.0019164549885317683,0.03227275609970093,0.016122395172715187
