{
    "age": 0.027240866795182228,
    "tagged": 0.3890262246131897,
    "breathing": 0.011789383366703987,
    "avpu": 0.003100097645074129,
    "unvisited_count": 0.04524026811122894,
    "environment_type": 0.024510877206921577,
    "category": 0.01653486117720604,
    "HRA Strategy.time-resources.take-the-best": 0.019276026636362076,
    "One-Bounce Priority": 0.01956438645720482,
    "pPain": 0.007161892019212246,
    "pInternalBleeding": 0.08570431172847748,
    "entropy": 0.011369738727807999,
    "SEVERITY": 0.012169486843049526,
    "SUPPLIES_REMAINING": 0.0033596795983612537,
    "AVERAGE_TIME_USED": 0.1660233587026596,
    "DAMAGE_PER_SECOND": 0.03765355795621872,
    "MEDSIM_P_DEATH_ONE_MIN_LATER": 0.00935111753642559,
    "WEIGHTED_RESOURCE_SCORE": 0.05163636803627014,
    "SMOL_MEDICAL_SOUNDNESS": 0.0031801366712898016,
    "treatment": 0.05610734596848488
}