{
    "age": 0.012843441218137741,
    "tagged": 0.03436534106731415,
    "breathing": 0.009287627413868904,
    "hrpmin": 0.017461389303207397,
    "injured_count": 0.0356006883084774,
    "questioning": 0.16953961551189423,
    "assessing": 0.21411149203777313,
    "treating": 0.020057832822203636,
    "tagging": 0.12571273744106293,
    "leaving": 0.12430416792631149,
    "Satisfactory Priority": 0.010202190838754177,
    "One-Bounce Priority": 0.05211037024855614,
    "pPain": 0.009238583035767078,
    "pExternalBleeding": 0.00916223879903555,
    "entropyDeath": 0.010696790181100368,
    "AVERAGE_TIME_USED": 0.00575482239946723,
    "MEDSIM_P_DEATH": 0.005079975351691246,
    "SMOL_MEDICAL_SOUNDNESS": 0.008782107383012772,
    "INFORMATION_GAINED": 0.06944084167480469,
    "treatment": 0.04169277101755142,
    "category": 0.014554928056895733
}