{
    "age": 0.03757042810320854,
    "tagged": 0.06984370946884155,
    "visited": 0.030391601845622063,
    "breathing": 0.024710116907954216,
    "unvisited_count": 0.0359242781996727,
    "environment_type": 0.00027973728720098734,
    "questioning": 0.18267056345939636,
    "assessing": 0.20523640513420105,
    "treating": 0.0044299643486738205,
    "tagging": 0.027398912236094475,
    "HRA Strategy.resources-risk_reward_ratio.one-bounce": 0.00022389439982362092,
    "HRA Strategy.resources-system.take-the-best": 0.0018089531222358346,
    "HRA Strategy.resources-system.exhaustive": 0.0041947015561163425,
    "One-Bounce Priority": 0.004078052472323179,
    "pDeath": 0.003979593049734831,
    "pExternalBleeding": 0.012805929407477379,
    "entropyDeath": 0.0027495899703353643,
    "SEVERITY": 0.1728852391242981,
    "SUPPLIES_REMAINING": 0.0007978739449754357,
    "AVERAGE_TIME_USED": 0.0019450567197054625,
    "DAMAGE_PER_SECOND": 0.0018171098781749606,
    "MEDSIM_P_DEATH_ONE_MIN_LATER": 0.0483408123254776,
    "SMOL_MEDICAL_SOUNDNESS": 0.0001563422556500882,
    "INFORMATION_GAINED": 0.008736432529985905,
    "treatment": 0.10137107223272324,
    "category": 0.01565355807542801
}