{
    "intent": 0.26607176661491394,
    "directness_of_causality": 0.3515684902667999,
    "injured_count": 0.01080769021064043,
    "treating": 0.35164201259613037,
    "HRA Strategy.time-resources.one-bounce": 0.0002480053808540106,
    "HRA Strategy.resources-system.take-the-best": 0.00273911957629025,
    "HRA Strategy.time-resources-system.one-bounce": 0.0017088135937228799,
    "pBrainInjury": 0.004300771746784449,
    "SEVERITY": 0.00023191174841485918,
    "AVERAGE_TIME_USED": 0.002824647119268775,
    "DAMAGE_PER_SECOND": 0.004543588031083345,
    "SEVERITY_CHANGE": 0.0005134325474500656,
    "SEVEREST_SEVERITY_CHANGE": 0.0012299362570047379,
    "WEIGHTED_RESOURCE_SCORE": 0.0013616509968414903,
    "treatment": 0.0002083306753775105
}