{
    "questioning": 0.41945764422416687,
    "tagging": 0.31105294823646545,
    "AVERAGE_TIME_USED": 0.10579606890678406,
    "treatment": 0.1636933982372284
}