{
    "questioning": 0.3975048065185547,
    "assessing": 0.4399992525577545,
    "leaving": 0.1624959111213684
}