{
    "age": 0.0063596488907933235,
    "tagged": 0.02773713879287243,
    "visited": 0.0028026863001286983,
    "breathing": 0.007964028045535088,
    "unvisited_count": 0.014871564693748951,
    "injured_count": 0.013887317851185799,
    "questioning": 0.21037811040878296,
    "assessing": 0.20413993299007416,
    "tagging": 0.1213512048125267,
    "leaving": 0.2110128253698349,
    "Satisfactory Priority": 0.007114024832844734,
    "One-Bounce Priority": 0.023937812075018883,
    "pDeath": 0.0035893802996724844,
    "pPain": 0.0037532977294176817,
    "pBrainInjury": 0.007736634463071823,
    "pAirwayBlocked": 0.003095640568062663,
    "pInternalBleeding": 0.00798777211457491,
    "pExternalBleeding": 0.007210735697299242,
    "entropy": 0.01239211205393076,
    "entropyDeath": 0.020550381392240524,
    "SEVERITY": 0.002668685046955943,
    "AVERAGE_TIME_USED": 0.0036207286175340414,
    "MEDSIM_P_DEATH": 0.007505376823246479,
    "SEVEREST_SEVERITY": 0.0030742974486202,
    "SMOL_MEDICAL_SOUNDNESS": 0.001356612890958786,
    "INFORMATION_GAINED": 0.016578102484345436,
    "treatment": 0.039571281522512436,
    "category": 0.007752661593258381
}