{
    "age": 0.011040762066841125,
    "tagged": 0.026815906167030334,
    "conscious": 0.008119766600430012,
    "breathing": 0.005402820650488138,
    "avpu": 0.003934264183044434,
    "unvisited_count": 0.020968642085790634,
    "environment_type": 0.008081781677901745,
    "questioning": 0.08537179231643677,
    "assessing": 0.09026239812374115,
    "treating": 0.0017338749021291733,
    "tagging": 0.1806665062904358,
    "leaving": 0.3360738158226013,
    "category": 0.01199616864323616,
    "HRA Strategy.time-resources.take-the-best": 0.0017247177893295884,
    "Satisfactory Priority": 0.002594982972368598,
    "One-Bounce Priority": 0.04207688197493553,
    "pDeath": 0.02229282632470131,
    "pBrainInjury": 0.0037003709003329277,
    "pAirwayBlocked": 0.004157563671469688,
    "pInternalBleeding": 0.014815705828368664,
    "pExternalBleeding": 0.014895861968398094,
    "entropy": 0.003507981775328517,
    "SEVERITY": 0.0036324739921838045,
    "SUPPLIES_REMAINING": 0.006235760170966387,
    "AVERAGE_TIME_USED": 0.007506237365305424,
    "DAMAGE_PER_SECOND": 0.009616946801543236,
    "MEDSIM_P_DEATH": 0.003598136128857732,
    "MEDSIM_P_DEATH_ONE_MIN_LATER": 0.00723140686750412,
    "SEVEREST_SEVERITY_CHANGE": 0.018062090501189232,
    "INFORMATION_GAINED": 0.015044166706502438,
    "treatment": 0.028837384656071663
}