{
    "age": 0.019190296530723572,
    "tagged": 0.04002486914396286,
    "breathing": 0.008472314104437828,
    "hrpmin": 0.005117733962833881,
    "avpu": 0.003743964247405529,
    "unvisited_count": 0.008407429791986942,
    "environment_type": 0.0032066195271909237,
    "questioning": 0.15247297286987305,
    "assessing": 0.15401631593704224,
    "tagging": 0.2059757560491562,
    "leaving": 0.1532547026872635,
    "HRA Strategy.time-system.exhaustive": 0.005594007670879364,
    "HRA Strategy.resources-system.exhaustive": 0.0025046723894774914,
    "Satisfactory Priority": 0.006150079425424337,
    "One-Bounce Priority": 0.043381765484809875,
    "pDeath": 0.0068450006656348705,
    "pPain": 0.015324658714234829,
    "pBrainInjury": 0.0039890240877866745,
    "pAirwayBlocked": 0.015319141559302807,
    "pInternalBleeding": 0.011305318213999271,
    "pExternalBleeding": 0.005551056005060673,
    "entropy": 0.00922084879130125,
    "entropyDeath": 0.01174754835665226,
    "SEVERITY": 0.003826428670436144,
    "AVERAGE_TIME_USED": 0.013467102311551571,
    "MEDSIM_P_DEATH": 0.009417638182640076,
    "WEIGHTED_RESOURCE_SCORE": 0.004608681425452232,
    "INFORMATION_GAINED": 0.01928538829088211,
    "treatment": 0.04825390875339508,
    "category": 0.010324757546186447
}