{
    "mental_status": 0.0032363152131438255,
    "directness_of_causality": 0.2815069854259491,
    "treating": 0.18417705595493317,
    "treatment": 0.0017391388537362218,
    "HRA Strategy.time-resources-system.one-bounce": 0.003500967053696513,
    "SEVERITY": 0.029477540403604507,
    "SUPPLIES_REMAINING": 0.0014465319691225886,
    "SEVERITY_CHANGE": 0.23116299510002136,
    "SMOL_MEDICAL_SOUNDNESS": 0.26375243067741394
}