{
    "conscious": 0.000468706275569275,
    "breathing": 0.056659094989299774,
    "intent": 0.045175619423389435,
    "directness_of_causality": 0.18295645713806152,
    "aid_available": 0.16023708879947662,
    "treating": 0.274413138628006,
    "HRA Strategy.time-resources.take-the-best": 0.005748067982494831,
    "HRA Strategy.resources-risk_reward_ratio.one-bounce": 0.029510697349905968,
    "HRA Strategy.resources-system.take-the-best": 0.0264921672642231,
    "HRA Strategy.risk_reward_ratio-system.one-bounce": 0.0011617770651355386,
    "HRA Strategy.resources-risk_reward_ratio-system.one-bounce": 0.0012306624557822943,
    "HRA Strategy.time-resources-risk_reward_ratio-system.one-bounce": 0.000704378355294466,
    "Take-The-Best Priority": 0.00012733973562717438,
    "Satisfactory Priority": 0.001069498946890235,
    "One-Bounce Priority": 0.0006215703906491399,
    "pBrainInjury": 0.000619928992819041,
    "pAirwayBlocked": 0.00039862035191617906,
    "pInternalBleeding": 0.0001699532731436193,
    "entropyDeath": 0.0009384311852045357,
    "SEVERITY": 0.0019291937351226807,
    "SUPPLIES_REMAINING": 0.001455011311918497,
    "AVERAGE_TIME_USED": 0.014414194971323013,
    "DAMAGE_PER_SECOND": 0.0007383113843388855,
    "MEDSIM_P_DEATH": 0.0003704047994688153,
    "SEVERITY_CHANGE": 0.00021280253713484854,
    "SUPPLIES_USED": 0.18978658318519592,
    "SEVEREST_SEVERITY_CHANGE": 0.0005362656083889306,
    "WEIGHTED_RESOURCE_SCORE": 0.001534905401058495,
    "treatment": 0.00031909471726976335
}