{
    "age": 0.001718217390589416,
    "tagged": 0.038509730249643326,
    "visited": 0.00017356983153149486,
    "conscious": 0.0011232740944251418,
    "breathing": 0.0032656723633408546,
    "hrpmin": 0.007748442701995373,
    "unvisited_count": 0.005284764338284731,
    "injured_count": 0.00814007967710495,
    "environment_type": 0.0027419142425060272,
    "questioning": 0.16791534423828125,
    "assessing": 0.14916495978832245,
    "treating": 0.0006892703822813928,
    "tagging": 0.17744454741477966,
    "leaving": 0.2956823706626892,
    "HRA Strategy.time-resources.take-the-best": 0.004584930837154388,
    "HRA Strategy.time-resources.one-bounce": 0.00013797594874631613,
    "HRA Strategy.resources-system.take-the-best": 0.0006449910579249263,
    "Take-The-Best Priority": 0.00016650414909236133,
    "Satisfactory Priority": 0.002196867950260639,
    "One-Bounce Priority": 0.01650656759738922,
    "pDeath": 0.0025466568768024445,
    "pPain": 0.006567117292433977,
    "pBrainInjury": 0.0007693168008700013,
    "pAirwayBlocked": 0.0017343857325613499,
    "pInternalBleeding": 0.005606247112154961,
    "pExternalBleeding": 0.015199312940239906,
    "entropy": 0.011183653958141804,
    "entropyDeath": 0.0004192110209260136,
    "SEVERITY": 0.0015062101883813739,
    "SUPPLIES_REMAINING": 0.0003652034210972488,
    "AVERAGE_TIME_USED": 0.007350643631070852,
    "DAMAGE_PER_SECOND": 0.0001981762470677495,
    "MEDSIM_P_DEATH": 0.005089132580906153,
    "MEDSIM_P_DEATH_ONE_MIN_LATER": 0.0037449956871569157,
    "SEVEREST_SEVERITY": 0.00021255826868582517,
    "WEIGHTED_RESOURCE_SCORE": 0.0006315985228866339,
    "SMOL_MEDICAL_SOUNDNESS": 0.002392631024122238,
    "INFORMATION_GAINED": 0.007335099391639233,
    "treatment": 0.037067804485559464,
    "category": 0.006240103859454393
}