{
    "conscious": 0.004487848374992609,
    "breathing": 0.024491475895047188,
    "intent": 0.15475045144557953,
    "directness_of_causality": 0.0978061854839325,
    "aid_available": 0.10599964112043381,
    "treating": 0.1956184059381485,
    "HRA Strategy.time-resources.take-the-best": 0.002105958294123411,
    "HRA Strategy.resources-risk_reward_ratio.one-bounce": 0.00854628998786211,
    "HRA Strategy.resources-system.take-the-best": 0.015035554766654968,
    "HRA Strategy.risk_reward_ratio-system.one-bounce": 0.0010822027688845992,
    "HRA Strategy.time-resources-system.one-bounce": 0.00040509572136215866,
    "HRA Strategy.resources-risk_reward_ratio-system.one-bounce": 0.0015975746791809797,
    "HRA Strategy.time-resources-risk_reward_ratio-system.one-bounce": 0.00025748321786522865,
    "Take-The-Best Priority": 0.0009996680309996009,
    "pPain": 0.0004311486554797739,
    "pInternalBleeding": 0.003524523926898837,
    "entropyDeath": 0.000353907496901229,
    "SEVERITY": 0.010107199661433697,
    "SUPPLIES_REMAINING": 0.0006486342754215002,
    "AVERAGE_TIME_USED": 0.009925337508320808,
    "SUPPLIES_USED": 0.16536331176757812,
    "SMOL_MEDICAL_SOUNDNESS": 0.1948273479938507,
    "treatment": 0.0016346945194527507
}