{
    "age": 0.00913016963750124,
    "tagged": 0.021294068545103073,
    "breathing": 0.007647558581084013,
    "avpu": 0.004286956507712603,
    "unvisited_count": 0.011007500812411308,
    "injured_count": 0.021826235577464104,
    "questioning": 0.2463582307100296,
    "assessing": 0.20488221943378448,
    "tagging": 0.1451297551393509,
    "leaving": 0.15978063642978668,
    "treatment": 0.02599237859249115,
    "Satisfactory Priority": 0.005860648583620787,
    "One-Bounce Priority": 0.03783057630062103,
    "pPain": 0.005889258347451687,
    "pAirwayBlocked": 0.004338095895946026,
    "pInternalBleeding": 0.006008685566484928,
    "pExternalBleeding": 0.009397465735673904,
    "entropy": 0.00815806444734335,
    "entropyDeath": 0.007946120575070381,
    "MEDSIM_P_DEATH": 0.006211163476109505,
    "INFORMATION_GAINED": 0.04076552391052246,
    "category": 0.010258696042001247
}