{
    "tagged": 0.026705317199230194,
    "conscious": 0.0005387927521951497,
    "mental_status": 0.0004630397306755185,
    "breathing": 0.06802985072135925,
    "intent": 0.1324891746044159,
    "directness_of_causality": 0.037134673446416855,
    "injured_count": 0.28721383213996887,
    "aid_available": 0.01609417051076889,
    "assessing": 0.010821474716067314,
    "treating": 0.2161332070827484,
    "HRA Strategy.risk_reward_ratio-system.one-bounce": 0.010370285250246525,
    "HRA Strategy.time-resources-system.one-bounce": 0.0005120535497553647,
    "HRA Strategy.resources-risk_reward_ratio-system.one-bounce": 0.002736698603257537,
    "pBrainInjury": 0.09589118510484695,
    "pInternalBleeding": 0.000817245221696794,
    "entropyDeath": 8.079549297690392e-05,
    "SEVERITY": 0.018698174506425858,
    "SUPPLIES_REMAINING": 0.0013140374794602394,
    "AVERAGE_TIME_USED": 0.013770217075943947,
    "DAMAGE_PER_SECOND": 0.0010683840373530984,
    "SUPPLIES_USED": 0.05781930312514305,
    "WEIGHTED_RESOURCE_SCORE": 0.00038516425411216915,
    "treatment": 0.0009128808742389083
}