{
    "treating": 0.9324009418487549,
    "SUPPLIES_USED": 0.06759907305240631
}