{
    "tagged": 0.022385485470294952,
    "conscious": 0.0013022349448874593,
    "mental_status": 0.0011439515510573983,
    "breathing": 0.01166226714849472,
    "intent": 0.12692475318908691,
    "directness_of_causality": 0.08442725241184235,
    "aid_available": 0.028411133214831352,
    "treating": 0.13556712865829468,
    "HRA Strategy.time-resources.take-the-best": 0.0021532962564378977,
    "HRA Strategy.time-resources.one-bounce": 0.015498243272304535,
    "HRA Strategy.time-risk_reward_ratio.one-bounce": 0.032723527401685715,
    "HRA Strategy.resources-risk_reward_ratio.one-bounce": 0.07383366674184799,
    "HRA Strategy.resources-system.take-the-best": 0.05119984596967697,
    "HRA Strategy.risk_reward_ratio-system.one-bounce": 0.0021357079967856407,
    "HRA Strategy.time-resources-system.tallying": 0.0019941425416618586,
    "HRA Strategy.resources-risk_reward_ratio-system.one-bounce": 0.0022592078894376755,
    "HRA Strategy.time-resources-risk_reward_ratio-system.one-bounce": 0.0005281668272800744,
    "pInternalBleeding": 0.0029290039092302322,
    "entropyDeath": 0.01115600299090147,
    "SEVERITY": 0.0018548562657088041,
    "SUPPLIES_REMAINING": 0.0008006879361346364,
    "AVERAGE_TIME_USED": 0.01749899424612522,
    "MEDSIM_P_DEATH": 0.0009706486016511917,
    "SUPPLIES_USED": 0.17360760271549225,
    "SMOL_MEDICAL_SOUNDNESS": 0.19557888805866241,
    "treatment": 0.0014533288776874542
}