{
    "age": 0.005618609022349119,
    "tagged": 0.028654029592871666,
    "visited": 0.004359385930001736,
    "conscious": 0.000808868499007076,
    "breathing": 0.0041894069872796535,
    "hrpmin": 0.004063563887029886,
    "unvisited_count": 0.012537611648440361,
    "injured_count": 0.011813296005129814,
    "environment_type": 0.0008583611925132573,
    "questioning": 0.20794615149497986,
    "assessing": 0.15987619757652283,
    "tagging": 0.19504410028457642,
    "leaving": 0.21469315886497498,
    "HRA Strategy.time-resources.take-the-best": 0.003437528619542718,
    "HRA Strategy.resources-system.take-the-best": 0.0009295435738749802,
    "Satisfactory Priority": 0.008781692944467068,
    "One-Bounce Priority": 0.023540765047073364,
    "pDeath": 0.00303781614638865,
    "pPain": 0.0050609833560884,
    "pBrainInjury": 0.0022491184063255787,
    "pAirwayBlocked": 0.010862219147384167,
    "pInternalBleeding": 0.006306956522166729,
    "pExternalBleeding": 0.010895971208810806,
    "entropy": 0.007539423182606697,
    "entropyDeath": 0.0024989258963614702,
    "SEVERITY": 0.0020979885011911392,
    "AVERAGE_TIME_USED": 0.00879241805523634,
    "MEDSIM_P_DEATH": 0.0018681386718526483,
    "SEVEREST_SEVERITY": 0.002663383958861232,
    "WEIGHTED_RESOURCE_SCORE": 0.0023636354599148035,
    "SMOL_MEDICAL_SOUNDNESS": 0.004342188593000174,
    "INFORMATION_GAINED": 0.004240324255079031,
    "treatment": 0.030734693631529808,
    "category": 0.007293542847037315
}