{
    "age": 0.014105617068707943,
    "tagged": 0.029609762132167816,
    "conscious": 0.02066933922469616,
    "breathing": 0.007771520409733057,
    "hrpmin": 0.007100328337401152,
    "unvisited_count": 0.01107588317245245,
    "injured_count": 0.012568077072501183,
    "environment_type": 0.006226981058716774,
    "questioning": 0.13246287405490875,
    "assessing": 0.18492308259010315,
    "tagging": 0.13170918822288513,
    "leaving": 0.2433244287967682,
    "category": 0.008965699933469296,
    "One-Bounce Priority": 0.013087612576782703,
    "pDeath": 0.013414504937827587,
    "pPain": 0.0043294173665344715,
    "pBrainInjury": 0.008839762769639492,
    "pInternalBleeding": 0.020974868908524513,
    "pExternalBleeding": 0.004455674439668655,
    "entropy": 0.0060873329639434814,
    "entropyDeath": 0.021586429327726364,
    "SEVERITY": 0.003156124847009778,
    "MEDSIM_P_DEATH": 0.012574626132845879,
    "MEDSIM_P_DEATH_ONE_MIN_LATER": 0.004344283137470484,
    "WEIGHTED_RESOURCE_SCORE": 0.007396926172077656,
    "INFORMATION_GAINED": 0.03366280347108841,
    "treatment": 0.03557685762643814
}