{
    "directness_of_causality": 0.38890713453292847,
    "AVERAGE_TIME_USED": 0.6110928654670715
}