{
    "age": 0.011723236180841923,
    "tagged": 0.03758089244365692,
    "visited": 0.011817439459264278,
    "breathing": 0.00842079147696495,
    "hrpmin": 0.01973029412329197,
    "unvisited_count": 0.01020563393831253,
    "injured_count": 0.009646562859416008,
    "environment_type": 0.0069356076419353485,
    "questioning": 0.25295308232307434,
    "assessing": 0.289523720741272,
    "tagging": 0.11379892379045486,
    "leaving": 0.03347206488251686,
    "One-Bounce Priority": 0.025601018220186234,
    "pPain": 0.006353617180138826,
    "pAirwayBlocked": 0.004536174703389406,
    "pInternalBleeding": 0.009742652997374535,
    "pExternalBleeding": 0.006565778981894255,
    "entropy": 0.009839866310358047,
    "entropyDeath": 0.028071001172065735,
    "SEVERITY": 0.00827264878898859,
    "AVERAGE_TIME_USED": 0.010821378789842129,
    "INFORMATION_GAINED": 0.03755924478173256,
    "treatment": 0.03424026072025299,
    "category": 0.012588129378855228
}