{
    "conscious": 0.0007460566121153533,
    "breathing": 0.018462741747498512,
    "intent": 0.09104765206575394,
    "directness_of_causality": 0.150835320353508,
    "aid_available": 0.09146485477685928,
    "treating": 0.2132033109664917,
    "HRA Strategy.risk_reward_ratio-system.one-bounce": 0.0010417660232633352,
    "HRA Strategy.resources-risk_reward_ratio-system.one-bounce": 0.0015155920991674066,
    "HRA Strategy.time-resources-risk_reward_ratio-system.one-bounce": 0.000309012335492298,
    "Take-The-Best Priority": 0.0007036059396341443,
    "pAirwayBlocked": 0.00026875684852711856,
    "SEVERITY": 0.013610261492431164,
    "SUPPLIES_REMAINING": 0.0014518984826281667,
    "AVERAGE_TIME_USED": 0.07142797112464905,
    "DAMAGE_PER_SECOND": 0.00022211608302313834,
    "MEDSIM_P_DEATH": 0.0009034730028361082,
    "SEVERITY_CHANGE": 0.0002283281210111454,
    "SUPPLIES_USED": 0.14414429664611816,
    "SEVEREST_SEVERITY_CHANGE": 0.027281776070594788,
    "SMOL_MEDICAL_SOUNDNESS": 0.12506863474845886,
    "treatment": 0.04606249928474426
}