{
    "injured_count": 0.027573304250836372,
    "questioning": 0.3937126100063324,
    "assessing": 0.4602726399898529,
    "tagging": 0.052383389323949814,
    "One-Bounce Priority": 0.02118104137480259,
    "INFORMATION_GAINED": 0.025513703003525734,
    "treatment": 0.01936330646276474
}