{
    "tagged": 0.021501189097762108,
    "injured_count": 0.03488803654909134,
    "questioning": 0.34703391790390015,
    "assessing": 0.480440229177475,
    "tagging": 0.06115934997797012,
    "AVERAGE_TIME_USED": 0.020303305238485336,
    "treatment": 0.03467392176389694
}