{
    "age": 0.012356389313936234,
    "tagged": 0.10510415583848953,
    "visited": 0.02347465604543686,
    "conscious": 0.003990457393229008,
    "unvisited_count": 0.01420643087476492,
    "injured_count": 0.022318709641695023,
    "environment_type": 0.009683169424533844,
    "questioning": 0.21640512347221375,
    "assessing": 0.2877157926559448,
    "tagging": 0.01030649896711111,
    "leaving": 0.06391089409589767,
    "treatment": 0.05661391466856003,
    "HRA Strategy.time-resources.take-the-best": 0.0015687551349401474,
    "HRA Strategy.time-risk_reward_ratio.take-the-best": 0.01319925207644701,
    "One-Bounce Priority": 0.027957728132605553,
    "pDeath": 0.005785764195024967,
    "pPain": 0.018309682607650757,
    "pExternalBleeding": 0.024572428315877914,
    "AVERAGE_TIME_USED": 0.0048754108138382435,
    "MEDSIM_P_DEATH_ONE_MIN_LATER": 0.02525298483669758,
    "SEVEREST_SEVERITY": 0.017253484576940536,
    "WEIGHTED_RESOURCE_SCORE": 0.0068516843020915985,
    "SMOL_MEDICAL_SOUNDNESS": 0.004537607077509165,
    "INFORMATION_GAINED": 0.009937319904565811,
    "category": 0.013811669312417507
}