conscious,mental_status,avpu,intent,directness_of_causality,aid_available,treating,HRA Strategy.time-risk_reward_ratio.one-bounce,HRA Strategy.resources-system.take-the-best,HRA Strategy.risk_reward_ratio-system.one-bounce,HRA Strategy.time-resources-risk_reward_ratio-system.one-bounce,Take-The-Best Priority,Satisfactory Priority,One-Bounce Priority,pDeath,pPain,pBrainInjury,pAirwayBlocked,pInternalBleeding,entropy,entropyDeath,SEVERITY,SUPPLIES_REMAINING,AVERAGE_TIME_USED,DAMAGE_PER_SECOND,MEDSIM_P_DEATH,SEVERITY_CHANGE,SUPPLIES_USED,SEVEREST_SEVERITY_CHANGE,WEIGHTED_RESOURCE_SCORE,SMOL_MEDICAL_SOUNDNESS,treatment
0.0010370180243626237,0.0006713042384944856,0.00010579229274298996,0.05498620495200157,0.18077366054058075,0.1744387447834015,0.27391546964645386,0.000885822984855622,0.0009217733750119805,0.001528819091618061,0.0002569953503552824,0.0004405451181810349,0.00046894964179955423,0.000252837868174538,6.957819277886301e-05,0.00010877042223000899,0.0004251465143170208,0.00019232182239647955,0.0004051918804179877,2.9952161639812402e-05,0.0006138936150819063,0.0006601287750527263,0.10304451733827591,0.007109713740646839,0.0006289483280852437,0.0003299559757579118,3.486847708700225e-05,0.1938573569059372,0.0006544747157022357,0.00017294989083893597,0.0003211059083696455,0.0006572994170710444
