{
    "tagged": 0.012824632227420807,
    "mental_status": 0.009303148835897446,
    "breathing": 0.0028489981777966022,
    "intent": 0.04747854173183441,
    "directness_of_causality": 0.07547646760940552,
    "aid_available": 0.04506542161107063,
    "treating": 0.17430658638477325,
    "HRA Strategy.time-resources.take-the-best": 0.01687532663345337,
    "HRA Strategy.resources-system.take-the-best": 0.07590486854314804,
    "HRA Strategy.risk_reward_ratio-system.one-bounce": 0.001342531992122531,
    "HRA Strategy.resources-risk_reward_ratio-system.one-bounce": 0.0011272990377619863,
    "pPain": 0.009262201376259327,
    "pInternalBleeding": 0.0009476363775320351,
    "SEVERITY": 0.06993138045072556,
    "AVERAGE_TIME_USED": 0.018710825592279434,
    "DAMAGE_PER_SECOND": 0.06851986795663834,
    "SEVERITY_CHANGE": 0.0009966400684788823,
    "SUPPLIES_USED": 0.1950906217098236,
    "SMOL_MEDICAL_SOUNDNESS": 0.11308737099170685,
    "treatment": 0.06089971959590912
}