{
    "age": 0.004402874503284693,
    "tagged": 0.03462653234601021,
    "visited": 0.0027012471109628677,
    "breathing": 0.005570314824581146,
    "hrpmin": 0.001424335758201778,
    "avpu": 0.0011268982198089361,
    "unvisited_count": 0.01534146349877119,
    "injured_count": 0.01075475662946701,
    "questioning": 0.24761684238910675,
    "assessing": 0.16437876224517822,
    "tagging": 0.1841171830892563,
    "leaving": 0.17274431884288788,
    "HRA Strategy.time-resources.take-the-best": 0.0019953628070652485,
    "HRA Strategy.resources-system.exhaustive": 0.0011319905752316117,
    "Satisfactory Priority": 0.0057994164526462555,
    "One-Bounce Priority": 0.018756579607725143,
    "pDeath": 0.0027457012329250574,
    "pPain": 0.003229874884709716,
    "pBrainInjury": 0.006385033950209618,
    "pAirwayBlocked": 0.00181458645965904,
    "pInternalBleeding": 0.006456796079874039,
    "pExternalBleeding": 0.006901781540364027,
    "entropy": 0.010548516176640987,
    "entropyDeath": 0.012859631329774857,
    "SEVERITY": 0.002439528936520219,
    "AVERAGE_TIME_USED": 0.003335126442834735,
    "MEDSIM_P_DEATH": 0.005258601624518633,
    "SEVEREST_SEVERITY": 0.002058827318251133,
    "WEIGHTED_RESOURCE_SCORE": 0.0013710686471313238,
    "SMOL_MEDICAL_SOUNDNESS": 0.0014262052718549967,
    "INFORMATION_GAINED": 0.02001992054283619,
    "treatment": 0.034477587789297104,
    "category": 0.006182319484651089
}