{
    "age": 0.015772102400660515,
    "tagged": 0.06732218712568283,
    "visited": 0.05052278935909271,
    "conscious": 0.009396606124937534,
    "breathing": 0.01034453883767128,
    "hrpmin": 0.011966408230364323,
    "avpu": 0.000641176535282284,
    "unvisited_count": 0.01848371885716915,
    "environment_type": 0.036563750356435776,
    "questioning": 0.16135717928409576,
    "assessing": 0.15147723257541656,
    "treating": 0.0003062176110688597,
    "tagging": 0.19328729808330536,
    "leaving": 0.09221552312374115,
    "treatment": 0.08797749131917953,
    "HRA Strategy.time-resources.take-the-best": 0.00037667015567421913,
    "HRA Strategy.resources-risk_reward_ratio.one-bounce": 0.0001871805579867214,
    "HRA Strategy.resources-system.take-the-best": 0.0011926197912544012,
    "Satisfactory Priority": 0.025858314707875252,
    "pDeath": 0.007230336777865887,
    "pBrainInjury": 0.0011640271404758096,
    "pAirwayBlocked": 0.0011203776812180877,
    "pExternalBleeding": 0.0016322664450854063,
    "entropy": 0.00047298308345489204,
    "entropyDeath": 0.00034857323043979704,
    "SEVERITY": 0.003005359787493944,
    "SUPPLIES_REMAINING": 0.0044305287301540375,
    "AVERAGE_TIME_USED": 0.005479430314153433,
    "MEDSIM_P_DEATH_ONE_MIN_LATER": 0.01608560048043728,
    "SEVEREST_SEVERITY": 0.001481086714193225,
    "SMOL_MEDICAL_SOUNDNESS": 0.011177284643054008,
    "category": 0.011123078875243664
}