{
    "mental_status": 0.0039353035390377045,
    "intent": 0.1219383254647255,
    "directness_of_causality": 0.12138396501541138,
    "aid_available": 0.15538497269153595,
    "treating": 0.27530890703201294,
    "HRA Strategy.risk_reward_ratio-system.one-bounce": 0.0012630359269678593,
    "Satisfactory Priority": 0.0012101064203307033,
    "SEVERITY": 0.0056919557973742485,
    "SUPPLIES_REMAINING": 0.0010567957069724798,
    "AVERAGE_TIME_USED": 0.007311622612178326,
    "SUPPLIES_USED": 0.2003137171268463,
    "SMOL_MEDICAL_SOUNDNESS": 0.10389784723520279,
    "treatment": 0.0013034342555329204
}