{
    "age": 0.03596163168549538,
    "tagged": 0.05880853906273842,
    "visited": 0.0029527016449719667,
    "conscious": 0.013594843447208405,
    "breathing": 0.011692133732140064,
    "hrpmin": 0.008046011440455914,
    "avpu": 0.008859374560415745,
    "unvisited_count": 0.011011806316673756,
    "environment_type": 0.015619036741554737,
    "questioning": 0.16397863626480103,
    "assessing": 0.09395050257444382,
    "treating": 0.007164851296693087,
    "tagging": 0.0009166172239929438,
    "leaving": 0.07292240113019943,
    "category": 0.02233203686773777,
    "HRA Strategy.time-resources.take-the-best": 0.009058520197868347,
    "HRA Strategy.time-resources.one-bounce": 0.00044194149086251855,
    "HRA Strategy.time-risk_reward_ratio.take-the-best": 0.00021525837655644864,
    "HRA Strategy.time-system.exhaustive": 0.006268083117902279,
    "HRA Strategy.time-system.tallying": 0.00021011297940276563,
    "HRA Strategy.resources-risk_reward_ratio.one-bounce": 0.003900853218510747,
    "HRA Strategy.resources-system.take-the-best": 0.0002981524739880115,
    "HRA Strategy.resources-system.exhaustive": 0.0015306697459891438,
    "HRA Strategy.risk_reward_ratio-system.exhaustive": 0.005513783078640699,
    "HRA Strategy.time-resources-system.one-bounce": 0.00017427626880817115,
    "Take-The-Best Priority": 0.0003993831342086196,
    "One-Bounce Priority": 0.0012418630067259073,
    "pDeath": 0.009848291054368019,
    "pPain": 0.0059746974147856236,
    "pBrainInjury": 0.08766400814056396,
    "pAirwayBlocked": 0.0006991809350438416,
    "pInternalBleeding": 0.007970046252012253,
    "pExternalBleeding": 0.0030838241800665855,
    "entropy": 0.013355840928852558,
    "entropyDeath": 0.05099694803357124,
    "SEVERITY": 0.007642413955181837,
    "SUPPLIES_REMAINING": 0.004744496196508408,
    "AVERAGE_TIME_USED": 0.010249631479382515,
    "DAMAGE_PER_SECOND": 0.007579092867672443,
    "MEDSIM_P_DEATH_ONE_MIN_LATER": 0.012094941921532154,
    "SEVERITY_CHANGE": 0.0018453572411090136,
    "SEVEREST_SEVERITY_CHANGE": 0.13906370103359222,
    "WEIGHTED_RESOURCE_SCORE": 0.005400961730629206,
    "INFORMATION_GAINED": 0.048772942274808884,
    "treatment": 0.02594960480928421
}