{
    "age": 0.11351088434457779,
    "tagged": 0.017428100109100342,
    "visited": 0.0021099804434925318,
    "tagging": 0.2809672951698303,
    "HRA Strategy.time-system.tallying": 0.011957596056163311,
    "SEVERITY": 0.16844867169857025,
    "SUPPLIES_REMAINING": 0.01661274954676628,
    "AVERAGE_TIME_USED": 0.023287003859877586,
    "DAMAGE_PER_SECOND": 0.03993910178542137,
    "MEDSIM_P_DEATH": 0.00975403469055891,
    "MEDSIM_P_DEATH_ONE_MIN_LATER": 0.015031677670776844,
    "SMOL_MEDICAL_SOUNDNESS": 0.08682185411453247,
    "treatment": 0.21413108706474304
}