{
    "intent": 0.02060319297015667,
    "directness_of_causality": 0.18046100437641144,
    "aid_available": 0.20457273721694946,
    "treating": 0.32136914134025574,
    "SUPPLIES_USED": 0.2004314661026001,
    "SEVEREST_SEVERITY_CHANGE": 0.05647096410393715,
    "SMOL_MEDICAL_SOUNDNESS": 0.01609152741730213
}