{
    "age": 0.024270540103316307,
    "tagged": 0.03966863453388214,
    "visited": 0.02034107595682144,
    "breathing": 0.008042894303798676,
    "avpu": 0.004481079056859016,
    "injured_count": 0.10555295646190643,
    "environment_type": 0.023974457755684853,
    "questioning": 0.14593058824539185,
    "assessing": 0.23613320291042328,
    "tagging": 0.12571606040000916,
    "category": 0.013132341206073761,
    "HRA Strategy.time-system.tallying": 0.004606687929481268,
    "Satisfactory Priority": 0.004146391525864601,
    "One-Bounce Priority": 0.016069697216153145,
    "pDeath": 0.0047434489242732525,
    "pBrainInjury": 0.0060257394798099995,
    "pAirwayBlocked": 0.007683065719902515,
    "pInternalBleeding": 0.022891664877533913,
    "pExternalBleeding": 0.008988128043711185,
    "entropy": 0.012520953081548214,
    "SEVERITY": 0.004309836775064468,
    "AVERAGE_TIME_USED": 0.027942409738898277,
    "MEDSIM_P_DEATH": 0.014347116462886333,
    "WEIGHTED_RESOURCE_SCORE": 0.004044820554554462,
    "INFORMATION_GAINED": 0.0745307058095932,
    "treatment": 0.03990551829338074
}