{
    "conscious": 0.022275976836681366,
    "mental_status": 0.004753617569804192,
    "breathing": 0.001994434045627713,
    "intent": 0.027803674340248108,
    "directness_of_causality": 0.1381528079509735,
    "aid_available": 0.11803031712770462,
    "treating": 0.18877743184566498,
    "HRA Strategy.time-resources.take-the-best": 0.012805222533643246,
    "HRA Strategy.time-risk_reward_ratio.one-bounce": 0.0007400817703455687,
    "HRA Strategy.resources-system.take-the-best": 0.02242104709148407,
    "HRA Strategy.risk_reward_ratio-system.one-bounce": 0.0014148008776828647,
    "HRA Strategy.resources-risk_reward_ratio-system.one-bounce": 0.0008292521815747023,
    "Take-The-Best Priority": 0.0007726032636128366,
    "Satisfactory Priority": 0.0005837291828356683,
    "pBrainInjury": 0.0002377192722633481,
    "SEVERITY": 0.005216899793595076,
    "SUPPLIES_REMAINING": 0.011506137438118458,
    "AVERAGE_TIME_USED": 0.004250678699463606,
    "SUPPLIES_USED": 0.19358468055725098,
    "SEVEREST_SEVERITY_CHANGE": 0.11586187779903412,
    "WEIGHTED_RESOURCE_SCORE": 0.00048456527292728424,
    "SMOL_MEDICAL_SOUNDNESS": 0.1245511919260025,
    "treatment": 0.002951213624328375
}