{
    "aid_available": 0.15847747027873993,
    "treating": 0.6033408641815186,
    "SUPPLIES_USED": 0.2381817251443863
}