{
    "tagged": 0.004832614678889513,
    "intent": 0.006021540146321058,
    "directness_of_causality": 0.12918882071971893,
    "aid_available": 0.16467730700969696,
    "treating": 0.3350145220756531,
    "SEVERITY": 0.00312662310898304,
    "AVERAGE_TIME_USED": 0.004524411167949438,
    "SUPPLIES_USED": 0.25527969002723694,
    "SMOL_MEDICAL_SOUNDNESS": 0.06675395369529724,
    "treatment": 0.03058050014078617
}