{
    "age": 0.14667817950248718,
    "assessing": 0.2699899971485138,
    "category": 0.10011044144630432,
    "pDeath": 0.09629949927330017,
    "AVERAGE_TIME_USED": 0.06075010076165199,
    "MEDSIM_P_DEATH_ONE_MIN_LATER": 0.09402476996183395,
    "WEIGHTED_RESOURCE_SCORE": 0.1077410876750946,
    "treatment": 0.12440596520900726
}