{
    "assessing": 0.8134731650352478,
    "treatment": 0.18652687966823578
}