{
    "assessing": 0.40075212717056274,
    "tagging": 0.5542471408843994,
    "Satisfactory Priority": 0.04500067979097366
}