{
    "age": 0.02516069822013378,
    "tagged": 0.16553767025470734,
    "conscious": 0.0039023489225655794,
    "breathing": 0.0007694218656979501,
    "environment_type": 0.03196157142519951,
    "category": 0.049066249281167984,
    "HRA Strategy.time-resources.take-the-best": 0.00027117205900140107,
    "One-Bounce Priority": 0.0005147302872501314,
    "pBrainInjury": 0.16021060943603516,
    "SEVERITY": 0.06032504886388779,
    "SUPPLIES_REMAINING": 0.005348424892872572,
    "AVERAGE_TIME_USED": 0.19089865684509277,
    "DAMAGE_PER_SECOND": 0.18360404670238495,
    "MEDSIM_P_DEATH_ONE_MIN_LATER": 0.0884631872177124,
    "WEIGHTED_RESOURCE_SCORE": 0.0004052393778692931,
    "treatment": 0.03356089070439339
}