{
    "age": 0.00726552028208971,
    "tagged": 0.07144273817539215,
    "visited": 0.007800973951816559,
    "conscious": 0.0303207915276289,
    "breathing": 0.0016193902119994164,
    "environment_type": 0.027839072048664093,
    "assessing": 0.10097574442625046,
    "treating": 0.003005480859428644,
    "tagging": 0.0054269698448479176,
    "category": 0.017772356048226357,
    "HRA Strategy.time-resources.take-the-best": 0.033031828701496124,
    "pPain": 0.004346432164311409,
    "SEVERITY": 0.016987822949886322,
    "SUPPLIES_REMAINING": 0.0014335722662508488,
    "AVERAGE_TIME_USED": 0.0036025040317326784,
    "DAMAGE_PER_SECOND": 0.026154523715376854,
    "SEVEREST_SEVERITY_CHANGE": 0.5955742001533508,
    "WEIGHTED_RESOURCE_SCORE": 0.01297366339713335,
    "treatment": 0.03242643550038338
}