{
    "age": 0.0014154198579490185,
    "tagged": 0.03570781275629997,
    "visited": 0.0007140759844332933,
    "conscious": 0.0018062159651890397,
    "breathing": 0.006737241987138987,
    "hrpmin": 0.011341863311827183,
    "avpu": 0.00212387228384614,
    "unvisited_count": 0.01786365546286106,
    "injured_count": 0.0029536266811192036,
    "environment_type": 0.0013689494226127863,
    "questioning": 0.18580025434494019,
    "assessing": 0.17792589962482452,
    "tagging": 0.099507175385952,
    "leaving": 0.31376364827156067,
    "One-Bounce Priority": 0.014382853172719479,
    "pDeath": 0.0020167960319668055,
    "pPain": 0.005508390720933676,
    "pBrainInjury": 0.006531474180519581,
    "pAirwayBlocked": 0.00312984106130898,
    "pInternalBleeding": 0.013919590972363949,
    "pExternalBleeding": 0.0009037815034389496,
    "entropy": 0.009910606779158115,
    "entropyDeath": 0.00298834010027349,
    "SEVERITY": 0.0013599523808807135,
    "AVERAGE_TIME_USED": 0.0011210017837584019,
    "MEDSIM_P_DEATH": 0.007652709260582924,
    "MEDSIM_P_DEATH_ONE_MIN_LATER": 0.0025293882936239243,
    "WEIGHTED_RESOURCE_SCORE": 0.0026256642304360867,
    "SMOL_MEDICAL_SOUNDNESS": 0.0017147313337773085,
    "INFORMATION_GAINED": 0.015530570410192013,
    "treatment": 0.04419779032468796,
    "category": 0.00494676036760211
}