{
    "intent": 0.030983172357082367,
    "directness_of_causality": 0.18067745864391327,
    "aid_available": 0.1844562441110611,
    "treating": 0.2636054456233978,
    "HRA Strategy.time-risk_reward_ratio.one-bounce": 0.000927287561353296,
    "HRA Strategy.risk_reward_ratio-system.one-bounce": 0.0009244725806638598,
    "Satisfactory Priority": 0.0006620757631026208,
    "entropyDeath": 0.00031680174288339913,
    "SEVERITY": 0.002555923303589225,
    "SUPPLIES_REMAINING": 0.0009754784987308085,
    "AVERAGE_TIME_USED": 0.009686029516160488,
    "SUPPLIES_USED": 0.23630079627037048,
    "WEIGHTED_RESOURCE_SCORE": 0.00040787484613247216,
    "SMOL_MEDICAL_SOUNDNESS": 0.08752088993787766
}