{
    "age": 0.013602593913674355,
    "tagged": 0.1021328940987587,
    "visited": 0.18775267899036407,
    "unvisited_count": 0.037352193146944046,
    "injured_count": 0.029671549797058105,
    "environment_type": 0.010756270959973335,
    "assessing": 0.25343969464302063,
    "tagging": 0.14660966396331787,
    "category": 0.01329029817134142,
    "HRA Strategy.time-system.tallying": 0.010047314688563347,
    "One-Bounce Priority": 0.038204241544008255,
    "pDeath": 0.007842007093131542,
    "pPain": 0.024596473202109337,
    "pInternalBleeding": 0.008718173019587994,
    "pExternalBleeding": 0.008643602952361107,
    "entropy": 0.0036104386672377586,
    "SEVERITY": 0.005906353704631329,
    "AVERAGE_TIME_USED": 0.0058001559227705,
    "DAMAGE_PER_SECOND": 0.0034530777484178543,
    "MEDSIM_P_DEATH": 0.0060567427426576614,
    "treatment": 0.08251354098320007
}