{
    "age": 0.01469280757009983,
    "tagged": 0.03438742086291313,
    "unvisited_count": 0.014434143900871277,
    "environment_type": 0.01874607242643833,
    "questioning": 0.11557789146900177,
    "assessing": 0.12082208693027496,
    "tagging": 0.13867159187793732,
    "leaving": 0.322221040725708,
    "Satisfactory Priority": 0.04668359458446503,
    "One-Bounce Priority": 0.07147720456123352,
    "entropy": 0.009608451277017593,
    "AVERAGE_TIME_USED": 0.011839985847473145,
    "INFORMATION_GAINED": 0.020946960896253586,
    "treatment": 0.040575526654720306,
    "category": 0.01931530050933361
}