{
    "intent": 0.15356697142124176,
    "directness_of_causality": 0.08578629046678543,
    "aid_available": 0.12373470515012741,
    "treating": 0.23672780394554138,
    "treatment": 0.10877127945423126,
    "SEVERITY": 0.025654703378677368,
    "AVERAGE_TIME_USED": 0.024462644010782242,
    "SUPPLIES_USED": 0.22823914885520935,
    "SEVEREST_SEVERITY": 0.013056480325758457
}