{
    "age": 0.004728131461888552,
    "tagged": 0.02546393871307373,
    "visited": 0.001336675020866096,
    "breathing": 0.006321675144135952,
    "hrpmin": 0.002255222527310252,
    "unvisited_count": 0.009713242761790752,
    "injured_count": 0.013346360065042973,
    "questioning": 0.15514898300170898,
    "assessing": 0.13572804629802704,
    "tagging": 0.15810319781303406,
    "leaving": 0.3010808229446411,
    "HRA Strategy.time-resources.take-the-best": 0.001746863592416048,
    "Take-The-Best Priority": 0.034796297550201416,
    "Satisfactory Priority": 0.004620641935616732,
    "One-Bounce Priority": 0.021938616409897804,
    "pDeath": 0.001375703839585185,
    "pPain": 0.004849765449762344,
    "pBrainInjury": 0.0028944434598088264,
    "pAirwayBlocked": 0.00336872017942369,
    "pInternalBleeding": 0.004602223169058561,
    "pExternalBleeding": 0.0053972708992660046,
    "entropy": 0.0055834143422544,
    "entropyDeath": 0.014451545663177967,
    "SEVERITY": 0.0014316552551463246,
    "AVERAGE_TIME_USED": 0.0034549329429864883,
    "MEDSIM_P_DEATH": 0.002357376739382744,
    "SEVEREST_SEVERITY": 0.0016851365799084306,
    "WEIGHTED_RESOURCE_SCORE": 0.0019383028848096728,
    "INFORMATION_GAINED": 0.03345838934183121,
    "treatment": 0.03056185692548752,
    "category": 0.006260497961193323
}