{
    "tagged": 0.0006778572569601238,
    "breathing": 0.012690030969679356,
    "intent": 0.02905336022377014,
    "directness_of_causality": 0.13025252521038055,
    "aid_available": 0.1560061126947403,
    "treating": 0.3958820402622223,
    "HRA Strategy.risk_reward_ratio-system.one-bounce": 0.00385555112734437,
    "HRA Strategy.time-resources-risk_reward_ratio-system.one-bounce": 0.0005678555462509394,
    "Satisfactory Priority": 0.001778455451130867,
    "SUPPLIES_REMAINING": 0.03481864929199219,
    "AVERAGE_TIME_USED": 0.003692883998155594,
    "SUPPLIES_USED": 0.22355248034000397,
    "WEIGHTED_RESOURCE_SCORE": 0.0007332827080972493,
    "treatment": 0.0064389025792479515
}