{
    "tagged": 0.032223086804151535,
    "breathing": 0.005036255810409784,
    "questioning": 0.29689499735832214,
    "assessing": 0.29431861639022827,
    "tagging": 0.2419120967388153,
    "One-Bounce Priority": 0.01483349222689867,
    "pDeath": 0.005896571557968855,
    "pInternalBleeding": 0.012773563154041767,
    "entropy": 0.007020710501819849,
    "entropyDeath": 0.006166993640363216,
    "AVERAGE_TIME_USED": 0.0173519104719162,
    "MEDSIM_P_DEATH": 0.004848042968660593,
    "INFORMATION_GAINED": 0.023923851549625397,
    "treatment": 0.030195504426956177,
    "category": 0.006604258436709642
}