{
    "age": 0.1233389750123024,
    "tagged": 0.4127369821071625,
    "conscious": 0.014604498632252216,
    "environment_type": 0.013178649358451366,
    "category": 0.08140275627374649,
    "HRA Strategy.time-resources.take-the-best": 0.0033549158833920956,
    "Satisfactory Priority": 0.015751535072922707,
    "pInternalBleeding": 0.007337817456573248,
    "SEVERITY": 0.04544369503855705,
    "SUPPLIES_REMAINING": 0.012680832296609879,
    "AVERAGE_TIME_USED": 0.0595611073076725,
    "DAMAGE_PER_SECOND": 0.11893582344055176,
    "MEDSIM_P_DEATH": 0.014911946840584278,
    "WEIGHTED_RESOURCE_SCORE": 0.03587280958890915,
    "treatment": 0.04088766872882843
}