{
    "tagged": 0.03228778392076492,
    "conscious": 0.04643363505601883,
    "assessing": 0.2325756549835205,
    "category": 0.03189096227288246,
    "DAMAGE_PER_SECOND": 0.04273662343621254,
    "SEVEREST_SEVERITY_CHANGE": 0.6140753626823425
}