{
    "age": 0.057593777775764465,
    "tagged": 0.16204901039600372,
    "visited": 0.0211327001452446,
    "conscious": 0.04911705479025841,
    "breathing": 0.04396727681159973,
    "questioning": 0.22468288242816925,
    "assessing": 0.21630077064037323,
    "tagging": 0.05140864849090576,
    "pPain": 0.017210474237799644,
    "pAirwayBlocked": 0.024005508050322533,
    "entropy": 0.01754741556942463,
    "DAMAGE_PER_SECOND": 0.01268201507627964,
    "INFORMATION_GAINED": 0.018943002447485924,
    "treatment": 0.051284439861774445,
    "category": 0.0320749506354332
}