{
    "conscious": 0.000694841961376369,
    "mental_status": 9.088475962926168e-06,
    "breathing": 0.00048482028068974614,
    "avpu": 1.3084706552035641e-05,
    "intent": 0.1616097390651703,
    "directness_of_causality": 0.16554425656795502,
    "aid_available": 0.16861388087272644,
    "treating": 0.26827022433280945,
    "HRA Strategy.resources-system.take-the-best": 0.0009826477617025375,
    "HRA Strategy.risk_reward_ratio-system.one-bounce": 0.0010543878888711333,
    "HRA Strategy.time-resources-system.one-bounce": 0.00023019091167952865,
    "HRA Strategy.time-resources-risk_reward_ratio-system.one-bounce": 0.00028842242318205535,
    "Take-The-Best Priority": 0.0003693726903293282,
    "Satisfactory Priority": 0.0009243030217476189,
    "pDeath": 0.00038814047002233565,
    "pPain": 2.3198987037176266e-05,
    "pBrainInjury": 1.765451997925993e-05,
    "pAirwayBlocked": 0.00024499918799847364,
    "pInternalBleeding": 0.0003402876027394086,
    "entropy": 1.0369190022174735e-05,
    "entropyDeath": 0.00012119142047595233,
    "SEVERITY": 0.00015948670625220984,
    "SUPPLIES_REMAINING": 0.0008919961401261389,
    "AVERAGE_TIME_USED": 0.004987084306776524,
    "SEVERITY_CHANGE": 2.259696339024231e-05,
    "SUPPLIES_USED": 0.22308596968650818,
    "SEVEREST_SEVERITY": 4.478105984162539e-05,
    "WEIGHTED_RESOURCE_SCORE": 9.269990550819784e-05,
    "SMOL_MEDICAL_SOUNDNESS": 0.0002192471583839506,
    "treatment": 0.0002609427901916206
}