{
    "intent": 0.23184017837047577,
    "directness_of_causality": 0.11903157830238342,
    "aid_available": 0.15833698213100433,
    "treating": 0.2688671350479126,
    "HRA Strategy.risk_reward_ratio-system.one-bounce": 0.0009766139555722475,
    "SUPPLIES_REMAINING": 0.0009366843150928617,
    "AVERAGE_TIME_USED": 0.002945349318906665,
    "SUPPLIES_USED": 0.2170654684305191
}