{
    "age": 0.005262142978608608,
    "tagged": 0.047777242958545685,
    "visited": 0.010486106388270855,
    "conscious": 0.02930697612464428,
    "environment_type": 0.023494940251111984,
    "assessing": 0.097603939473629,
    "treating": 0.0019059638725593686,
    "tagging": 0.004154739435762167,
    "category": 0.016521859914064407,
    "HRA Strategy.time-resources.take-the-best": 0.07263802736997604,
    "pPain": 0.0038477331399917603,
    "SEVERITY": 0.01591513864696026,
    "AVERAGE_TIME_USED": 0.003602683776989579,
    "DAMAGE_PER_SECOND": 0.02578090876340866,
    "SEVEREST_SEVERITY_CHANGE": 0.5958626866340637,
    "WEIGHTED_RESOURCE_SCORE": 0.012483825907111168,
    "treatment": 0.03335506096482277
}