{
    "age": 0.00858843419700861,
    "tagged": 0.024168647825717926,
    "breathing": 0.006427359767258167,
    "unvisited_count": 0.011218986473977566,
    "injured_count": 0.019125869497656822,
    "questioning": 0.28066739439964294,
    "assessing": 0.21172061562538147,
    "tagging": 0.13796886801719666,
    "leaving": 0.1566745936870575,
    "One-Bounce Priority": 0.036604803055524826,
    "pPain": 0.0054168859496712685,
    "pExternalBleeding": 0.005890199914574623,
    "entropy": 0.00814974494278431,
    "MEDSIM_P_DEATH": 0.007875326089560986,
    "INFORMATION_GAINED": 0.040357474237680435,
    "treatment": 0.028368087485432625,
    "category": 0.010776716284453869
}