{
    "age": 0.011749543249607086,
    "tagged": 0.042128972709178925,
    "visited": 0.005131768062710762,
    "conscious": 0.017100822180509567,
    "breathing": 0.013220100663602352,
    "hrpmin": 0.010329051874577999,
    "avpu": 0.0015931295929476619,
    "unvisited_count": 0.01114748977124691,
    "injured_count": 0.010572048835456371,
    "environment_type": 0.005177801009267569,
    "questioning": 0.11069538444280624,
    "assessing": 0.15038228034973145,
    "tagging": 0.23789341747760773,
    "leaving": 0.11117763817310333,
    "category": 0.008152286522090435,
    "HRA Strategy.time-resources.take-the-best": 0.002581530949100852,
    "HRA Strategy.time-system.exhaustive": 0.001591009320691228,
    "HRA Strategy.resources-system.exhaustive": 0.0029596644453704357,
    "Satisfactory Priority": 0.0031965349335223436,
    "One-Bounce Priority": 0.010980944149196148,
    "pDeath": 0.010819684714078903,
    "pPain": 0.004330760799348354,
    "pBrainInjury": 0.009422549977898598,
    "pAirwayBlocked": 0.00269909854978323,
    "pInternalBleeding": 0.020286105573177338,
    "pExternalBleeding": 0.00984401348978281,
    "entropy": 0.006508727557957172,
    "entropyDeath": 0.02097189798951149,
    "SEVERITY": 0.005020319018512964,
    "SUPPLIES_REMAINING": 0.0016271318309009075,
    "AVERAGE_TIME_USED": 0.003724436741322279,
    "DAMAGE_PER_SECOND": 0.0017191014485433698,
    "MEDSIM_P_DEATH": 0.02450910024344921,
    "MEDSIM_P_DEATH_ONE_MIN_LATER": 0.009402425028383732,
    "SEVEREST_SEVERITY": 0.0007492064614780247,
    "WEIGHTED_RESOURCE_SCORE": 0.01790066622197628,
    "SMOL_MEDICAL_SOUNDNESS": 0.004036588594317436,
    "INFORMATION_GAINED": 0.03688285872340202,
    "treatment": 0.04178385064005852
}