{
    "age": 0.006257196422666311,
    "tagged": 0.023967301473021507,
    "visited": 0.00565327750518918,
    "breathing": 0.006081652827560902,
    "hrpmin": 0.0031232512556016445,
    "unvisited_count": 0.015612429939210415,
    "injured_count": 0.016193268820643425,
    "questioning": 0.23164168000221252,
    "assessing": 0.1542339324951172,
    "tagging": 0.19530923664569855,
    "leaving": 0.16861163079738617,
    "HRA Strategy.time-resources.take-the-best": 0.002071828581392765,
    "Satisfactory Priority": 0.004361162427812815,
    "One-Bounce Priority": 0.026682954281568527,
    "pDeath": 0.002167525701224804,
    "pPain": 0.005920796655118465,
    "pBrainInjury": 0.0039189583621919155,
    "pAirwayBlocked": 0.004621355328708887,
    "pInternalBleeding": 0.005449778866022825,
    "pExternalBleeding": 0.011737322434782982,
    "entropy": 0.010646387003362179,
    "entropyDeath": 0.005406483076512814,
    "SEVERITY": 0.002619739854708314,
    "AVERAGE_TIME_USED": 0.0033722787629812956,
    "MEDSIM_P_DEATH": 0.0072599006816744804,
    "SEVEREST_SEVERITY": 0.003022617194801569,
    "SMOL_MEDICAL_SOUNDNESS": 0.0033404154237359762,
    "INFORMATION_GAINED": 0.0269563477486372,
    "treatment": 0.03553998842835426,
    "category": 0.00821932777762413
}