{
    "mental_status": 0.0020020930096507072,
    "breathing": 0.22201551496982574,
    "directness_of_causality": 0.17186503112316132,
    "aid_available": 0.01592433825135231,
    "treating": 0.3472070097923279,
    "HRA Strategy.time-resources.take-the-best": 0.008639764972031116,
    "HRA Strategy.time-resources.one-bounce": 0.005670404992997646,
    "HRA Strategy.resources-risk_reward_ratio.one-bounce": 0.013805906288325787,
    "HRA Strategy.resources-system.take-the-best": 0.021030807867646217,
    "HRA Strategy.risk_reward_ratio-system.one-bounce": 0.001524419873021543,
    "Take-The-Best Priority": 0.002213374711573124,
    "entropyDeath": 0.03037155047059059,
    "SEVERITY": 0.027864564210176468,
    "AVERAGE_TIME_USED": 0.0052306619472801685,
    "SUPPLIES_USED": 0.11613468825817108,
    "SEVEREST_SEVERITY": 0.008499853312969208
}