{
    "tagged": 0.04895558953285217,
    "breathing": 0.016380568966269493,
    "avpu": 0.021980592980980873,
    "environment_type": 0.01836736686527729,
    "assessing": 0.14391888678073883,
    "tagging": 0.4970984160900116,
    "HRA Strategy.time-resources.take-the-best": 0.024293839931488037,
    "HRA Strategy.time-system.tallying": 0.0456322617828846,
    "One-Bounce Priority": 0.007939793169498444,
    "SEVERITY": 0.008471359498798847,
    "SUPPLIES_REMAINING": 0.024493126198649406,
    "AVERAGE_TIME_USED": 0.05356413125991821,
    "DAMAGE_PER_SECOND": 0.036920156329870224,
    "SMOL_MEDICAL_SOUNDNESS": 0.007499023340642452,
    "treatment": 0.04448506236076355
}