{
    "conscious": 0.000685240316670388,
    "breathing": 8.094343502307311e-05,
    "intent": 0.22764994204044342,
    "directness_of_causality": 0.1474098414182663,
    "aid_available": 0.1575622856616974,
    "treating": 0.24316395819187164,
    "HRA Strategy.resources-system.take-the-best": 0.0008851353195495903,
    "HRA Strategy.risk_reward_ratio-system.one-bounce": 0.0012389888288453221,
    "HRA Strategy.resources-risk_reward_ratio-system.one-bounce": 0.0009028000640682876,
    "HRA Strategy.time-resources-risk_reward_ratio-system.one-bounce": 0.0002882560365833342,
    "Take-The-Best Priority": 3.932091931346804e-05,
    "Satisfactory Priority": 0.0006582362111657858,
    "pDeath": 0.0004203587013762444,
    "pPain": 7.011496563791297e-06,
    "pBrainInjury": 3.0697912734467536e-05,
    "pAirwayBlocked": 0.0005415779887698591,
    "pInternalBleeding": 8.252686529885978e-05,
    "entropyDeath": 6.076129648135975e-05,
    "SEVERITY": 0.00013025754014961421,
    "SUPPLIES_REMAINING": 0.0006136862793937325,
    "AVERAGE_TIME_USED": 0.005842228885740042,
    "DAMAGE_PER_SECOND": 1.0839013157237787e-05,
    "MEDSIM_P_DEATH": 2.8777703846571967e-05,
    "SEVERITY_CHANGE": 9.339353709947318e-05,
    "SUPPLIES_USED": 0.20935821533203125,
    "SEVEREST_SEVERITY": 0.000496883993037045,
    "SEVEREST_SEVERITY_CHANGE": 3.905439007212408e-05,
    "WEIGHTED_RESOURCE_SCORE": 4.5332177251111716e-05,
    "SMOL_MEDICAL_SOUNDNESS": 0.0013571789022535086,
    "treatment": 0.00027634200523607433
}