{
    "age": 0.0035734649281948805,
    "tagged": 0.01343038771301508,
    "unvisited_count": 0.004551988560706377,
    "injured_count": 0.017040610313415527,
    "questioning": 0.2219168096780777,
    "assessing": 0.23775987327098846,
    "tagging": 0.09266562759876251,
    "leaving": 0.3133358061313629,
    "One-Bounce Priority": 0.035136282444000244,
    "INFORMATION_GAINED": 0.026989618316292763,
    "treatment": 0.024043168872594833,
    "category": 0.009556279517710209
}