{
    "tagged": 5.627186692436226e-05,
    "conscious": 0.000404880556743592,
    "mental_status": 2.448207487759646e-05,
    "breathing": 7.397345325443894e-05,
    "avpu": 1.1214187907171436e-05,
    "intent": 0.03014051727950573,
    "directness_of_causality": 0.2166370004415512,
    "aid_available": 0.1586838662624359,
    "treating": 0.2777346968650818,
    "HRA Strategy.time-resources.take-the-best": 0.008778871968388557,
    "HRA Strategy.resources-system.take-the-best": 0.022765757516026497,
    "HRA Strategy.risk_reward_ratio-system.one-bounce": 0.0014783060178160667,
    "HRA Strategy.time-resources-system.one-bounce": 0.0006665485561825335,
    "HRA Strategy.resources-risk_reward_ratio-system.one-bounce": 0.0009859142592176795,
    "HRA Strategy.time-resources-risk_reward_ratio-system.one-bounce": 0.00031760463025420904,
    "Take-The-Best Priority": 0.0004937357152812183,
    "Satisfactory Priority": 0.0011830111034214497,
    "pDeath": 0.08527356386184692,
    "pPain": 1.8109312804881483e-05,
    "pAirwayBlocked": 0.0003247036365792155,
    "entropy": 0.00020907657744828612,
    "entropyDeath": 0.00014813162852078676,
    "SEVERITY": 0.01834488846361637,
    "SUPPLIES_REMAINING": 0.014776023104786873,
    "AVERAGE_TIME_USED": 0.0033479647245258093,
    "DAMAGE_PER_SECOND": 6.231693987501785e-05,
    "SEVERITY_CHANGE": 8.754934242460877e-05,
    "SUPPLIES_USED": 0.1558113843202591,
    "SEVEREST_SEVERITY": 3.086933065787889e-05,
    "SEVEREST_SEVERITY_CHANGE": 1.2075573067704681e-05,
    "WEIGHTED_RESOURCE_SCORE": 5.394061008701101e-05,
    "SMOL_MEDICAL_SOUNDNESS": 0.00035116696381010115,
    "treatment": 0.0007115608896128833
}