{
    "tagged": 0.006542341783642769,
    "intent": 0.0058512152172625065,
    "directness_of_causality": 0.12422211468219757,
    "injured_count": 9.338614472653717e-05,
    "aid_available": 0.1671902984380722,
    "treating": 0.3401574492454529,
    "HRA Strategy.risk_reward_ratio-system.one-bounce": 0.0013431122060865164,
    "SEVERITY": 0.0040786005556583405,
    "AVERAGE_TIME_USED": 0.005105551332235336,
    "SUPPLIES_USED": 0.2592036724090576,
    "SMOL_MEDICAL_SOUNDNESS": 0.059314485639333725,
    "treatment": 0.026897775009274483
}