{
    "aid_available": 0.06579474359750748,
    "treating": 0.07200904935598373,
    "Take-The-Best Priority": 0.02166619524359703,
    "SEVERITY": 0.03287879750132561,
    "AVERAGE_TIME_USED": 0.0721602514386177,
    "DAMAGE_PER_SECOND": 0.0002830159792210907,
    "SUPPLIES_USED": 0.036599744111299515,
    "SMOL_MEDICAL_SOUNDNESS": 0.4398002028465271,
    "HRA Strategy.time-system.satisfactory": 0.03121081553399563,
    "conscious": 0.014898122288286686,
    "mental_status": 0.0012621792266145349,
    "HRA Strategy.time-resources-system.one-bounce": 0.0011672447435557842,
    "pExternalBleeding": 0.0018953379476442933,
    "pDeath": 0.0002972420770674944,
    "HRA Strategy.risk_reward_ratio-system.one-bounce": 0.0013545696856454015,
    "HRA Strategy.time-resources-risk_reward_ratio-system.one-bounce": 0.0003410858626011759,
    "entropy": 0.0011056067887693644,
    "intent": 0.07022591680288315,
    "pInternalBleeding": 0.003450483549386263,
    "treatment": 0.05316917970776558,
    "HRA Strategy.time-risk_reward_ratio.one-bounce": 0.0007241411367431283,
    "directness_of_causality": 0.0777059942483902
}