{
    "tagged": 0.0015127171063795686,
    "breathing": 0.004212833940982819,
    "intent": 0.14789001643657684,
    "directness_of_causality": 0.08380787074565887,
    "aid_available": 0.04625902697443962,
    "treating": 0.10670798271894455,
    "HRA Strategy.time-resources.take-the-best": 0.4102126657962799,
    "Satisfactory Priority": 0.00048183894250541925,
    "SEVERITY": 0.021391624584794044,
    "SUPPLIES_REMAINING": 0.000819124688860029,
    "SEVERITY_CHANGE": 0.05075091868638992,
    "SUPPLIES_USED": 0.08307737112045288,
    "WEIGHTED_RESOURCE_SCORE": 0.002064561704173684,
    "SMOL_MEDICAL_SOUNDNESS": 0.03675857558846474,
    "category": 0.002636516001075506,
    "treatment": 0.0014163933228701353
}