{
    "tagged": 0.033592984080314636,
    "questioning": 0.2872096002101898,
    "assessing": 0.5252302885055542,
    "treatment": 0.054313208907842636,
    "MEDSIM_P_DEATH_ONE_MIN_LATER": 0.020149225369095802,
    "INFORMATION_GAINED": 0.07950472086668015
}