{
    "directness_of_causality": 0.12239233404397964,
    "aid_available": 0.23046043515205383,
    "treating": 0.40276095271110535,
    "SUPPLIES_USED": 0.24438628554344177
}