{
    "aid_available": 0.06529996544122696,
    "treating": 0.07147131860256195,
    "Take-The-Best Priority": 0.021504633128643036,
    "SEVERITY": 0.03424982354044914,
    "AVERAGE_TIME_USED": 0.07326003909111023,
    "DAMAGE_PER_SECOND": 0.0006341917323879898,
    "SEVERITY_CHANGE": 0.00023113380302675068,
    "SUPPLIES_USED": 0.03766901418566704,
    "SMOL_MEDICAL_SOUNDNESS": 0.43652069568634033,
    "HRA Strategy.time-system.satisfactory": 0.030978083610534668,
    "conscious": 0.014787066727876663,
    "mental_status": 0.0012527673970907927,
    "HRA Strategy.time-resources-system.one-bounce": 0.0011586121981963515,
    "pExternalBleeding": 0.0022729344200342894,
    "pDeath": 0.000276618025964126,
    "HRA Strategy.risk_reward_ratio-system.one-bounce": 0.0013404865749180317,
    "HRA Strategy.time-resources-risk_reward_ratio-system.one-bounce": 0.00032755668507888913,
    "entropy": 0.0012263442622497678,
    "intent": 0.07148072868585587,
    "pInternalBleeding": 0.003426144365221262,
    "treatment": 0.052771274000406265,
    "HRA Strategy.time-risk_reward_ratio.one-bounce": 0.0007187413866631687,
    "directness_of_causality": 0.07714173942804337
}