{
    "age": 0.004967705812305212,
    "tagged": 0.022755645215511322,
    "visited": 0.0011116178939118981,
    "breathing": 0.005983303301036358,
    "hrpmin": 0.0011205232003703713,
    "avpu": 0.0009907846106216311,
    "unvisited_count": 0.016258105635643005,
    "injured_count": 0.010631208308041096,
    "questioning": 0.14649787545204163,
    "assessing": 0.14276358485221863,
    "tagging": 0.1518387645483017,
    "leaving": 0.3634764552116394,
    "HRA Strategy.time-resources.take-the-best": 0.0017868013819679618,
    "Satisfactory Priority": 0.0024967091158032417,
    "One-Bounce Priority": 0.01971147023141384,
    "pDeath": 0.001964170252904296,
    "pPain": 0.003688899800181389,
    "pBrainInjury": 0.006000797729939222,
    "pAirwayBlocked": 0.005015426781028509,
    "pInternalBleeding": 0.005430090241134167,
    "pExternalBleeding": 0.007697968278080225,
    "entropy": 0.007766379974782467,
    "entropyDeath": 0.01330603938549757,
    "SEVERITY": 0.0033644724171608686,
    "AVERAGE_TIME_USED": 0.0028459150344133377,
    "MEDSIM_P_DEATH": 0.005282361526042223,
    "MEDSIM_P_DEATH_ONE_MIN_LATER": 0.0009070807718671858,
    "SEVEREST_SEVERITY": 0.002467591781169176,
    "WEIGHTED_RESOURCE_SCORE": 0.0007348342332988977,
    "INFORMATION_GAINED": 0.004211174324154854,
    "treatment": 0.030517281964421272,
    "category": 0.006408983841538429
}