{
    "age": 0.007157215848565102,
    "tagged": 0.021720146760344505,
    "breathing": 0.006123256403952837,
    "hrpmin": 0.005110471975058317,
    "unvisited_count": 0.012324059382081032,
    "injured_count": 0.018484069034457207,
    "questioning": 0.2534548044204712,
    "assessing": 0.20473776757717133,
    "tagging": 0.12333440035581589,
    "leaving": 0.1693619042634964,
    "Satisfactory Priority": 0.003321781987324357,
    "One-Bounce Priority": 0.030468007549643517,
    "pPain": 0.006059737876057625,
    "pAirwayBlocked": 0.004861314315348864,
    "pInternalBleeding": 0.008097391575574875,
    "pExternalBleeding": 0.008760700933635235,
    "entropy": 0.008311535231769085,
    "entropyDeath": 0.0040457663126289845,
    "AVERAGE_TIME_USED": 0.005357131827622652,
    "MEDSIM_P_DEATH": 0.007691027130931616,
    "INFORMATION_GAINED": 0.051122650504112244,
    "treatment": 0.03129051625728607,
    "category": 0.008804241195321083
}