{
    "age": 0.0354854017496109,
    "tagged": 0.009010419249534607,
    "visited": 0.020537810400128365,
    "conscious": 0.007279459852725267,
    "breathing": 0.012567753903567791,
    "injured_count": 0.09183568507432938,
    "environment_type": 0.008210788480937481,
    "questioning": 0.18899866938591003,
    "assessing": 0.3008330464363098,
    "tagging": 0.07485970109701157,
    "category": 0.048604268580675125,
    "Satisfactory Priority": 0.010826538316905499,
    "pInternalBleeding": 0.009828469716012478,
    "entropy": 0.01738988608121872,
    "AVERAGE_TIME_USED": 0.005395062733441591,
    "DAMAGE_PER_SECOND": 0.01863379217684269,
    "MEDSIM_P_DEATH": 0.01301496010273695,
    "SEVEREST_SEVERITY_CHANGE": 0.03027956373989582,
    "WEIGHTED_RESOURCE_SCORE": 0.00653401343151927,
    "SMOL_MEDICAL_SOUNDNESS": 0.03888421878218651,
    "INFORMATION_GAINED": 0.017766250297427177,
    "treatment": 0.03322421386837959
}