{
    "age": 0.010548728518188,
    "tagged": 0.012759383767843246,
    "conscious": 0.007784329354763031,
    "breathing": 0.017258938401937485,
    "hrpmin": 0.03263426199555397,
    "unvisited_count": 0.00937753263860941,
    "questioning": 0.18317358195781708,
    "assessing": 0.20985591411590576,
    "treating": 0.011907929554581642,
    "tagging": 0.1538587063550949,
    "Satisfactory Priority": 0.05073554441332817,
    "One-Bounce Priority": 0.059385571628808975,
    "pPain": 0.011017546989023685,
    "pExternalBleeding": 0.015343800187110901,
    "entropy": 0.016597658395767212,
    "entropyDeath": 0.00800887867808342,
    "SEVERITY": 0.005258531309664249,
    "AVERAGE_TIME_USED": 0.03483998030424118,
    "MEDSIM_P_DEATH": 0.018172137439250946,
    "INFORMATION_GAINED": 0.049590740352869034,
    "treatment": 0.0689588114619255,
    "category": 0.012931538745760918
}