{
    "age": 0.0015488030621781945,
    "tagged": 0.03939039260149002,
    "visited": 0.001754275755956769,
    "conscious": 0.0019875180441886187,
    "breathing": 0.0073988852091133595,
    "hrpmin": 0.007599604316055775,
    "avpu": 0.0031633018516004086,
    "unvisited_count": 0.00593408290296793,
    "injured_count": 0.0026485866401344538,
    "environment_type": 0.0013448594836518168,
    "questioning": 0.17933499813079834,
    "assessing": 0.15649335086345673,
    "tagging": 0.1884775012731552,
    "leaving": 0.2640405297279358,
    "HRA Strategy.time-risk_reward_ratio.take-the-best": 0.0009103930788114667,
    "Satisfactory Priority": 0.0008197730057872832,
    "One-Bounce Priority": 0.012369771488010883,
    "pDeath": 0.0024695219472050667,
    "pPain": 0.007038302719593048,
    "pBrainInjury": 0.00943959690630436,
    "pAirwayBlocked": 0.0033557440619915724,
    "pInternalBleeding": 0.011111925356090069,
    "pExternalBleeding": 0.0006404256564565003,
    "entropy": 0.010943198576569557,
    "entropyDeath": 0.0017826745752245188,
    "SEVERITY": 0.00211363285779953,
    "SUPPLIES_REMAINING": 0.0006733101326972246,
    "AVERAGE_TIME_USED": 0.0011597403790801764,
    "DAMAGE_PER_SECOND": 0.0005213182885199785,
    "MEDSIM_P_DEATH": 0.0016288900515064597,
    "MEDSIM_P_DEATH_ONE_MIN_LATER": 0.005600301083177328,
    "SEVEREST_SEVERITY": 0.0005746004753746092,
    "WEIGHTED_RESOURCE_SCORE": 0.00412607891485095,
    "SMOL_MEDICAL_SOUNDNESS": 0.002173512475565076,
    "INFORMATION_GAINED": 0.010796318762004375,
    "treatment": 0.043147116899490356,
    "category": 0.0054871984757483006
}