intent,directness_of_causality,aid_available,treating,HRA Strategy.time-risk_reward_ratio.one-bounce,HRA Strategy.risk_reward_ratio-system.one-bounce,HRA Strategy.time-resources-risk_reward_ratio-system.one-bounce,Take-The-Best Priority,Satisfactory Priority,entropyDeath,SEVERITY,SUPPLIES_REMAINING,AVERAGE_TIME_USED,MEDSIM_P_DEATH,SUPPLIES_USED,SMOL_MEDICAL_SOUNDNESS,treatment
0.034830354154109955,0.18113310635089874,0.17927362024784088,0.2880762815475464,0.0006626768736168742,0.0012208906700834632,0.00044824517681263387,0.000504666764754802,0.00042831370956264436,0.0006799183320254087,0.0002759815542958677,0.10740920901298523,0.006735606584697962,7.562796236015856e-05,0.19757020473480225,0.000334630865836516,0.00034074080758728087
