{
    "age": 0.007314666174352169,
    "tagged": 0.0358596034348011,
    "conscious": 0.005954634863883257,
    "hrpmin": 0.018814953044056892,
    "unvisited_count": 0.006476415321230888,
    "questioning": 0.1601840704679489,
    "assessing": 0.19179321825504303,
    "tagging": 0.058329515159130096,
    "leaving": 0.3561497926712036,
    "One-Bounce Priority": 0.03979286924004555,
    "pPain": 0.00515664741396904,
    "pAirwayBlocked": 0.007800573483109474,
    "pExternalBleeding": 0.015239406377077103,
    "entropy": 0.008375684730708599,
    "entropyDeath": 0.005690714810043573,
    "AVERAGE_TIME_USED": 0.005761836655437946,
    "MEDSIM_P_DEATH_ONE_MIN_LATER": 0.0055200220085680485,
    "WEIGHTED_RESOURCE_SCORE": 0.000733300403226167,
    "INFORMATION_GAINED": 0.016680266708135605,
    "treatment": 0.03655734658241272,
    "category": 0.011814332567155361
}