{
    "assessing": 0.577360212802887,
    "treatment": 0.35219693183898926,
    "category": 0.07044285535812378
}