{
    "breathing": 0.009679376147687435,
    "avpu": 0.01425180397927761,
    "unvisited_count": 0.04514915868639946,
    "injured_count": 0.025785371661186218,
    "questioning": 0.3276733160018921,
    "assessing": 0.34315112233161926,
    "tagging": 0.1272338628768921,
    "One-Bounce Priority": 0.024530427530407906,
    "entropy": 0.011150388978421688,
    "AVERAGE_TIME_USED": 0.01961209625005722,
    "treatment": 0.05178306624293327
}