{
    "tagged": 0.01714223250746727,
    "conscious": 0.06706403195858002,
    "breathing": 0.013697365298867226,
    "avpu": 0.004727728199213743,
    "environment_type": 0.03546377643942833,
    "questioning": 0.15186749398708344,
    "assessing": 0.13543862104415894,
    "treating": 0.0063239592127501965,
    "tagging": 0.21362555027008057,
    "leaving": 0.1629418432712555,
    "category": 0.016447540372610092,
    "HRA Strategy.resources-risk_reward_ratio.one-bounce": 0.02396620251238346,
    "pAirwayBlocked": 0.005669937469065189,
    "pInternalBleeding": 0.013493971899151802,
    "entropy": 0.0023833843879401684,
    "entropyDeath": 0.007554218173027039,
    "SEVERITY": 0.019815310835838318,
    "SUPPLIES_REMAINING": 0.011830970644950867,
    "AVERAGE_TIME_USED": 0.02852712571620941,
    "MEDSIM_P_DEATH": 0.01055542565882206,
    "INFORMATION_GAINED": 0.009736338630318642,
    "treatment": 0.04172692447900772
}