{
    "age": 0.015889734029769897,
    "tagged": 0.03345062956213951,
    "visited": 0.0022048617247492075,
    "conscious": 0.0010333299869671464,
    "breathing": 0.010786440223455429,
    "unvisited_count": 0.015482298098504543,
    "environment_type": 0.012005578726530075,
    "questioning": 0.11359118670225143,
    "assessing": 0.2415231168270111,
    "tagging": 0.14155665040016174,
    "HRA Strategy.time-resources.take-the-best": 0.004569805692881346,
    "Satisfactory Priority": 0.05698114261031151,
    "One-Bounce Priority": 0.04432686045765877,
    "pDeath": 0.011464118026196957,
    "pPain": 0.023039132356643677,
    "pBrainInjury": 0.004318984225392342,
    "pInternalBleeding": 0.01304896455258131,
    "entropy": 0.0053625269792973995,
    "SEVERITY": 0.015664342790842056,
    "SUPPLIES_REMAINING": 0.0011395186884328723,
    "AVERAGE_TIME_USED": 0.005248928442597389,
    "DAMAGE_PER_SECOND": 0.0014075746294111013,
    "MEDSIM_P_DEATH": 0.03380930423736572,
    "SEVEREST_SEVERITY": 0.0009295170893892646,
    "WEIGHTED_RESOURCE_SCORE": 0.015863997861742973,
    "SMOL_MEDICAL_SOUNDNESS": 0.00651957280933857,
    "INFORMATION_GAINED": 0.08712152391672134,
    "treatment": 0.06926140934228897,
    "category": 0.012398969382047653
}