{
    "tagged": 0.016246387735009193,
    "questioning": 0.32615765929222107,
    "assessing": 0.2944161295890808,
    "tagging": 0.10487775504589081,
    "leaving": 0.1726377308368683,
    "One-Bounce Priority": 0.02302349917590618,
    "INFORMATION_GAINED": 0.023892851546406746,
    "treatment": 0.022898850962519646,
    "category": 0.015849100425839424
}