{
    "aid_available": 0.07921873033046722,
    "questioning": 0.030025292187929153,
    "treating": 0.4549233913421631,
    "Take-The-Best Priority": 0.19342140853405,
    "Satisfactory Priority": 0.01827104017138481,
    "SEVERITY": 0.0984315350651741,
    "AVERAGE_TIME_USED": 0.01927752047777176,
    "SEVEREST_SEVERITY": 0.0032371366396546364,
    "HRA Strategy.time-system.satisfactory": 0.07191182672977448,
    "HRA Strategy.resources-risk_reward_ratio-system.satisfactory": 0.010029037483036518,
    "HRA Strategy.risk_reward_ratio-system.one-bounce": 0.009488660842180252,
    "tagged": 0.005991402547806501,
    "breathing": 0.0025297675747424364,
    "directness_of_causality": 0.0032431420404464006
}