{
    "tagged": 0.0001919326896313578,
    "mental_status": 0.0019137865165248513,
    "intent": 0.0005254423012956977,
    "directness_of_causality": 0.20378738641738892,
    "treating": 0.13748842477798462,
    "treatment": 0.0013452412094920874,
    "HRA Strategy.time-resources-system.one-bounce": 0.004272582475095987,
    "Take-The-Best Priority": 0.00017468462465330958,
    "pBrainInjury": 0.00012704204709734768,
    "SEVERITY": 0.0751451924443245,
    "SUPPLIES_REMAINING": 0.001104699564166367,
    "AVERAGE_TIME_USED": 0.0005061905249021947,
    "DAMAGE_PER_SECOND": 0.0014257699949666858,
    "SEVERITY_CHANGE": 0.35158640146255493,
    "SUPPLIES_USED": 0.0006730883033014834,
    "WEIGHTED_RESOURCE_SCORE": 0.0007883076323196292,
    "SMOL_MEDICAL_SOUNDNESS": 0.21894387900829315
}