{
    "age": 0.004880581051111221,
    "tagged": 0.02909913659095764,
    "breathing": 0.006007629446685314,
    "hrpmin": 0.004075193777680397,
    "avpu": 0.002634942065924406,
    "unvisited_count": 0.006076901685446501,
    "injured_count": 0.01361506525427103,
    "questioning": 0.17027290165424347,
    "assessing": 0.18916386365890503,
    "tagging": 0.1913316249847412,
    "leaving": 0.18692785501480103,
    "HRA Strategy.time-resources.take-the-best": 0.002942216582596302,
    "HRA Strategy.time-system.exhaustive": 0.0027690536808222532,
    "One-Bounce Priority": 0.023642245680093765,
    "pDeath": 0.0026051218155771494,
    "pPain": 0.005963622126728296,
    "pBrainInjury": 0.005293878260999918,
    "pAirwayBlocked": 0.004074349533766508,
    "pInternalBleeding": 0.005267148371785879,
    "pExternalBleeding": 0.006559356115758419,
    "entropy": 0.004281375091522932,
    "entropyDeath": 0.01955833099782467,
    "SEVERITY": 0.002340092556551099,
    "AVERAGE_TIME_USED": 0.0029777507297694683,
    "MEDSIM_P_DEATH": 0.004064291715621948,
    "MEDSIM_P_DEATH_ONE_MIN_LATER": 0.0021389464382082224,
    "INFORMATION_GAINED": 0.05618051812052727,
    "treatment": 0.03800239786505699,
    "category": 0.007253679912537336
}