{
    "age": 0.008600861765444279,
    "tagged": 0.04214349389076233,
    "breathing": 0.011566651053726673,
    "hrpmin": 0.03223947808146477,
    "questioning": 0.22054961323738098,
    "assessing": 0.26854994893074036,
    "tagging": 0.16776230931282043,
    "Satisfactory Priority": 0.006500449497252703,
    "One-Bounce Priority": 0.06280993670225143,
    "pExternalBleeding": 0.010823339223861694,
    "AVERAGE_TIME_USED": 0.0359707735478878,
    "MEDSIM_P_DEATH": 0.006939867045730352,
    "INFORMATION_GAINED": 0.052359599620103836,
    "treatment": 0.0575556755065918,
    "category": 0.015628065913915634
}