{
    "intent": 0.1914381980895996,
    "directness_of_causality": 0.27876269817352295,
    "treating": 0.5297990441322327
}