{
    "tagged": 1.35842865347513e-05,
    "conscious": 0.017490867525339127,
    "mental_status": 0.003464766778051853,
    "breathing": 0.0018394236685708165,
    "intent": 0.019928984344005585,
    "directness_of_causality": 0.11520367115736008,
    "aid_available": 0.08949416130781174,
    "treating": 0.13356615602970123,
    "HRA Strategy.time-resources.take-the-best": 0.009059757925570011,
    "HRA Strategy.time-risk_reward_ratio.one-bounce": 0.0005121945287100971,
    "HRA Strategy.resources-system.take-the-best": 0.015863001346588135,
    "HRA Strategy.risk_reward_ratio-system.one-bounce": 0.0009610045235604048,
    "HRA Strategy.resources-risk_reward_ratio-system.one-bounce": 0.00047804531641304493,
    "HRA Strategy.time-resources-risk_reward_ratio-system.one-bounce": 0.0002968140470329672,
    "Take-The-Best Priority": 0.0008841244271025062,
    "Satisfactory Priority": 0.0007810587412677705,
    "pPain": 7.771267701173201e-05,
    "pBrainInjury": 0.0006258615758270025,
    "pAirwayBlocked": 9.778239473234862e-05,
    "pInternalBleeding": 0.00027302850503474474,
    "entropy": 2.9999946491443552e-05,
    "entropyDeath": 2.0867668354185298e-05,
    "SEVERITY": 0.01007896475493908,
    "SUPPLIES_REMAINING": 0.008961142040789127,
    "AVERAGE_TIME_USED": 0.0037780185230076313,
    "DAMAGE_PER_SECOND": 0.00033077914849855006,
    "SEVERITY_CHANGE": 8.109243935905397e-05,
    "SUPPLIES_USED": 0.1351584941148758,
    "SEVEREST_SEVERITY": 0.0001796668511815369,
    "SEVEREST_SEVERITY_CHANGE": 0.16385787725448608,
    "WEIGHTED_RESOURCE_SCORE": 0.00025223346892744303,
    "SMOL_MEDICAL_SOUNDNESS": 0.26340410113334656,
    "treatment": 0.002954865572974086
}