{
    "age": 0.012187475338578224,
    "tagged": 0.11570505052804947,
    "visited": 0.021747810766100883,
    "unvisited_count": 0.01173092145472765,
    "injured_count": 0.022373778745532036,
    "environment_type": 0.01001653354614973,
    "questioning": 0.21695317327976227,
    "assessing": 0.28821519017219543,
    "tagging": 0.01012186799198389,
    "leaving": 0.07059884071350098,
    "treatment": 0.057838357985019684,
    "HRA Strategy.time-risk_reward_ratio.take-the-best": 0.009333877824246883,
    "One-Bounce Priority": 0.02748018130660057,
    "pDeath": 0.004574579652398825,
    "pPain": 0.011731195263564587,
    "pExternalBleeding": 0.023744234815239906,
    "AVERAGE_TIME_USED": 0.004851603880524635,
    "MEDSIM_P_DEATH_ONE_MIN_LATER": 0.023707691580057144,
    "SEVEREST_SEVERITY": 0.01751837506890297,
    "WEIGHTED_RESOURCE_SCORE": 0.009140217676758766,
    "SMOL_MEDICAL_SOUNDNESS": 0.004954975564032793,
    "INFORMATION_GAINED": 0.010972709394991398,
    "category": 0.014501430094242096
}