{
    "treating": 0.906599223613739,
    "SUPPLIES_USED": 0.09340078383684158
}