{
    "age": 0.005499314051121473,
    "tagged": 0.03619271516799927,
    "visited": 0.0017199083231389523,
    "conscious": 0.0009667744743637741,
    "breathing": 0.004976937547326088,
    "hrpmin": 0.002546016126871109,
    "avpu": 0.004181485623121262,
    "unvisited_count": 0.00470162695273757,
    "injured_count": 0.012243418022990227,
    "environment_type": 0.0011593475937843323,
    "questioning": 0.19718414545059204,
    "assessing": 0.19457785785198212,
    "tagging": 0.16958048939704895,
    "leaving": 0.18592290580272675,
    "HRA Strategy.time-resources.take-the-best": 0.002506679855287075,
    "HRA Strategy.time-system.exhaustive": 0.002793422434478998,
    "HRA Strategy.resources-system.take-the-best": 0.0009097925503738225,
    "HRA Strategy.resources-system.exhaustive": 0.003936599474400282,
    "One-Bounce Priority": 0.022320669144392014,
    "pDeath": 0.005519081372767687,
    "pPain": 0.004915729630738497,
    "pBrainInjury": 0.0034076047595590353,
    "pAirwayBlocked": 0.004145728889852762,
    "pInternalBleeding": 0.0054646944627165794,
    "pExternalBleeding": 0.00799305085092783,
    "entropy": 0.0039185332134366035,
    "entropyDeath": 0.00804673321545124,
    "SEVERITY": 0.0018885534955188632,
    "AVERAGE_TIME_USED": 0.0030038896948099136,
    "MEDSIM_P_DEATH": 0.00864357128739357,
    "MEDSIM_P_DEATH_ONE_MIN_LATER": 0.0017113132635131478,
    "INFORMATION_GAINED": 0.04806845635175705,
    "treatment": 0.03377710282802582,
    "category": 0.005575879011303186
}