{
    "tagged": 0.011137416586279869,
    "conscious": 0.0014417303027585149,
    "mental_status": 0.0013954963069409132,
    "breathing": 0.018192097544670105,
    "intent": 0.12325813621282578,
    "directness_of_causality": 0.07987931370735168,
    "aid_available": 0.0196683332324028,
    "treating": 0.14377443492412567,
    "HRA Strategy.time-resources.take-the-best": 0.003975362982600927,
    "HRA Strategy.time-risk_reward_ratio.one-bounce": 0.026726458221673965,
    "HRA Strategy.resources-risk_reward_ratio.one-bounce": 0.000871797208674252,
    "HRA Strategy.resources-system.take-the-best": 0.04154456779360771,
    "HRA Strategy.risk_reward_ratio-system.one-bounce": 0.0017869080184027553,
    "HRA Strategy.time-resources-system.one-bounce": 0.0008396254270337522,
    "HRA Strategy.resources-risk_reward_ratio-system.one-bounce": 0.001339103328064084,
    "HRA Strategy.time-resources-risk_reward_ratio-system.one-bounce": 0.00038078762008808553,
    "Take-The-Best Priority": 0.0009143621427938342,
    "pDeath": 0.0006673553143627942,
    "pInternalBleeding": 0.07207803428173065,
    "pExternalBleeding": 0.0003987287636846304,
    "entropy": 0.0007691887440159917,
    "SEVERITY": 0.06225370988249779,
    "AVERAGE_TIME_USED": 0.030629565939307213,
    "MEDSIM_P_DEATH": 0.0010530585423111916,
    "SUPPLIES_USED": 0.1552577018737793,
    "SMOL_MEDICAL_SOUNDNESS": 0.19925017654895782,
    "treatment": 0.0005165235488675535
}