{
    "age": 0.018055126070976257,
    "tagged": 0.07593097537755966,
    "visited": 0.18351849913597107,
    "conscious": 0.0026218800339847803,
    "breathing": 0.003018359187990427,
    "unvisited_count": 0.036472272127866745,
    "injured_count": 0.02373938262462616,
    "environment_type": 0.009351756423711777,
    "assessing": 0.1957922726869583,
    "tagging": 0.21673767268657684,
    "category": 0.011127019301056862,
    "HRA Strategy.time-resources.take-the-best": 0.0018919090507552028,
    "HRA Strategy.time-system.tallying": 0.007448046002537012,
    "One-Bounce Priority": 0.032698825001716614,
    "pDeath": 0.017426399514079094,
    "pPain": 0.042093243449926376,
    "pInternalBleeding": 0.014236917719244957,
    "pExternalBleeding": 0.008668324910104275,
    "entropy": 0.0029125853907316923,
    "SEVERITY": 0.004839257802814245,
    "AVERAGE_TIME_USED": 0.005485302768647671,
    "DAMAGE_PER_SECOND": 0.0038922037929296494,
    "MEDSIM_P_DEATH": 0.003955926280468702,
    "treatment": 0.07808589935302734
}