{
    "conscious": 0.0007134287734515965,
    "mental_status": 0.00010198369272984564,
    "avpu": 4.0591377910459414e-05,
    "intent": 0.053990788757801056,
    "directness_of_causality": 0.20257169008255005,
    "aid_available": 0.18898797035217285,
    "treating": 0.275176465511322,
    "HRA Strategy.time-risk_reward_ratio.one-bounce": 0.0009413198567926884,
    "HRA Strategy.resources-system.take-the-best": 0.0009164024377241731,
    "HRA Strategy.risk_reward_ratio-system.one-bounce": 0.0016038925386965275,
    "HRA Strategy.time-resources-risk_reward_ratio-system.one-bounce": 0.0003084881172981113,
    "Take-The-Best Priority": 0.00046132932766340673,
    "Satisfactory Priority": 0.0007061867509037256,
    "pDeath": 0.0001828222448239103,
    "pBrainInjury": 0.0003565222432371229,
    "pAirwayBlocked": 0.0001566603605169803,
    "pInternalBleeding": 0.00017823382222559303,
    "entropyDeath": 0.0005520956474356353,
    "SEVERITY": 0.0010297342669218779,
    "SUPPLIES_REMAINING": 0.0011822282103821635,
    "AVERAGE_TIME_USED": 0.00896111223846674,
    "DAMAGE_PER_SECOND": 7.3893359513022e-05,
    "SUPPLIES_USED": 0.2590479850769043,
    "SEVEREST_SEVERITY_CHANGE": 9.70007386058569e-05,
    "WEIGHTED_RESOURCE_SCORE": 0.0008550414931960404,
    "SMOL_MEDICAL_SOUNDNESS": 0.00023561588022857904,
    "treatment": 0.0005705691291950643
}