{
    "treating": 0.908470094203949,
    "SUPPLIES_USED": 0.0915299654006958
}