{
    "age": 0.006537540350109339,
    "tagged": 0.015480163507163525,
    "breathing": 0.005835720803588629,
    "unvisited_count": 0.009890086017549038,
    "injured_count": 0.014505882747471333,
    "questioning": 0.16369327902793884,
    "assessing": 0.17154556512832642,
    "tagging": 0.11747045069932938,
    "leaving": 0.38001197576522827,
    "Satisfactory Priority": 0.004281987436115742,
    "One-Bounce Priority": 0.026198646053671837,
    "pPain": 0.003925642929971218,
    "pExternalBleeding": 0.003799159312620759,
    "entropy": 0.00543413870036602,
    "AVERAGE_TIME_USED": 0.0056040044873952866,
    "INFORMATION_GAINED": 0.031063709408044815,
    "treatment": 0.026771575212478638,
    "category": 0.007950599305331707
}