{
    "mental_status": 0.03254516050219536,
    "breathing": 0.05793249234557152,
    "intent": 0.48257991671562195,
    "directness_of_causality": 0.09568461030721664,
    "treating": 0.22985729575157166,
    "SEVERITY": 0.027901403605937958,
    "AVERAGE_TIME_USED": 0.021250026300549507,
    "SUPPLIES_USED": 0.05224910378456116
}