{
    "age": 0.14209242165088654,
    "tagged": 0.38006293773651123,
    "DAMAGE_PER_SECOND": 0.2959938943386078,
    "treatment": 0.18185070157051086
}