{
    "tagged": 0.009216798469424248,
    "mental_status": 0.001752141979523003,
    "breathing": 0.022726846858859062,
    "intent": 0.10721907019615173,
    "directness_of_causality": 0.09419877827167511,
    "aid_available": 0.025520645081996918,
    "treating": 0.18636669218540192,
    "HRA Strategy.time-resources.take-the-best": 0.005156594328582287,
    "HRA Strategy.time-risk_reward_ratio.one-bounce": 0.015620565041899681,
    "HRA Strategy.resources-system.take-the-best": 0.04100567474961281,
    "HRA Strategy.risk_reward_ratio-system.one-bounce": 0.001956803724169731,
    "pInternalBleeding": 0.034141868352890015,
    "SEVERITY": 0.06405851244926453,
    "AVERAGE_TIME_USED": 0.03514984995126724,
    "SUPPLIES_USED": 0.1341720074415207,
    "SMOL_MEDICAL_SOUNDNESS": 0.22173719108104706
}