{
    "tagged": 0.1430785357952118,
    "conscious": 0.0582956038415432,
    "intent": 0.22249704599380493,
    "directness_of_causality": 0.08058571070432663,
    "treating": 0.3051096200942993,
    "AVERAGE_TIME_USED": 0.12248916178941727,
    "SUPPLIES_USED": 0.021999698132276535,
    "SEVEREST_SEVERITY": 0.04594464972615242
}