{
    "Take-The-Best Priority": 0.2737337052822113,
    "SEVERITY": 0.009402860887348652,
    "SMOL_MEDICAL_SOUNDNESS": 0.7168633937835693
}