{
    "age": 0.005402043461799622,
    "tagged": 0.03610137477517128,
    "visited": 0.003250609152019024,
    "conscious": 0.0033964773174375296,
    "breathing": 0.0045887562446296215,
    "hrpmin": 0.007150632794946432,
    "unvisited_count": 0.005281988997012377,
    "environment_type": 0.001512221759185195,
    "questioning": 0.11850965768098831,
    "assessing": 0.12573443353176117,
    "tagging": 0.08934304118156433,
    "leaving": 0.43766891956329346,
    "HRA Strategy.time-resources.take-the-best": 0.0050039333291351795,
    "HRA Strategy.time-system.exhaustive": 0.004022067412734032,
    "HRA Strategy.resources-system.exhaustive": 0.0016242301790043712,
    "One-Bounce Priority": 0.026291854679584503,
    "pDeath": 0.0014075200306251645,
    "pPain": 0.004220709204673767,
    "pBrainInjury": 0.0014541033888235688,
    "pAirwayBlocked": 0.012062784284353256,
    "pExternalBleeding": 0.010867214761674404,
    "entropy": 0.007679058238863945,
    "entropyDeath": 0.004778847098350525,
    "SEVERITY": 0.00240833917632699,
    "AVERAGE_TIME_USED": 0.0046573299914598465,
    "MEDSIM_P_DEATH": 0.0023321479093283415,
    "MEDSIM_P_DEATH_ONE_MIN_LATER": 0.0029848809354007244,
    "WEIGHTED_RESOURCE_SCORE": 0.012345494702458382,
    "INFORMATION_GAINED": 0.0244000107049942,
    "treatment": 0.02522142417728901,
    "category": 0.008297924883663654
}