{
    "tagged": 0.02081049233675003,
    "conscious": 0.0242632944136858,
    "breathing": 0.018074557185173035,
    "hrpmin": 0.0017589573981240392,
    "intent": 0.30240169167518616,
    "directness_of_causality": 0.05836831405758858,
    "aid_available": 0.0018714559264481068,
    "questioning": 0.00859932228922844,
    "treating": 0.0962313637137413,
    "HRA Strategy.time-resources.take-the-best": 0.02316056564450264,
    "HRA Strategy.resources-system.take-the-best": 0.03354449197649956,
    "HRA Strategy.risk_reward_ratio-system.one-bounce": 0.001978399232029915,
    "HRA Strategy.time-resources-system.exhaustive": 0.004346287343651056,
    "Take-The-Best Priority": 0.0019228465389460325,
    "pInternalBleeding": 0.0014941903064027429,
    "entropyDeath": 0.004183446988463402,
    "SEVERITY": 0.040011946111917496,
    "AVERAGE_TIME_USED": 0.02889263816177845,
    "SEVERITY_CHANGE": 0.007677951827645302,
    "SUPPLIES_USED": 0.09109276533126831,
    "WEIGHTED_RESOURCE_SCORE": 0.0020082094706594944,
    "SMOL_MEDICAL_SOUNDNESS": 0.11984244734048843,
    "treatment": 0.10528147965669632,
    "category": 0.0021829220931977034
}