{
    "age": 0.004992940463125706,
    "tagged": 0.02452041581273079,
    "visited": 0.0020720604807138443,
    "conscious": 0.001126541057601571,
    "breathing": 0.00579393096268177,
    "hrpmin": 0.00519828125834465,
    "unvisited_count": 0.010447411797940731,
    "injured_count": 0.013088167645037174,
    "questioning": 0.17806896567344666,
    "assessing": 0.1450888216495514,
    "tagging": 0.153177872300148,
    "leaving": 0.2808452248573303,
    "HRA Strategy.time-resources.take-the-best": 0.002202773466706276,
    "Satisfactory Priority": 0.002831678371876478,
    "One-Bounce Priority": 0.02114180102944374,
    "pDeath": 0.0018739979714155197,
    "pPain": 0.004769117571413517,
    "pBrainInjury": 0.004283273126929998,
    "pAirwayBlocked": 0.008097751997411251,
    "pInternalBleeding": 0.006232992745935917,
    "pExternalBleeding": 0.013122284784913063,
    "entropy": 0.007846567779779434,
    "entropyDeath": 0.004607226699590683,
    "SEVERITY": 0.002395112067461014,
    "AVERAGE_TIME_USED": 0.0036962495651096106,
    "MEDSIM_P_DEATH": 0.00807994045317173,
    "MEDSIM_P_DEATH_ONE_MIN_LATER": 0.0020059742964804173,
    "SEVEREST_SEVERITY": 0.0022977369371801615,
    "WEIGHTED_RESOURCE_SCORE": 0.0017092693597078323,
    "SMOL_MEDICAL_SOUNDNESS": 0.0032567938324064016,
    "INFORMATION_GAINED": 0.03923825919628143,
    "treatment": 0.029157128185033798,
    "category": 0.0067334407940506935
}