{
    "age": 0.008818648755550385,
    "tagged": 0.025074725970625877,
    "visited": 0.004692864138633013,
    "breathing": 0.025467343628406525,
    "hrpmin": 0.014489475637674332,
    "environment_type": 0.010323974303901196,
    "questioning": 0.16219186782836914,
    "assessing": 0.23242676258087158,
    "tagging": 0.1545225828886032,
    "leaving": 0.23138123750686646,
    "treatment": 0.019508538767695427,
    "HRA Strategy.resources-system.exhaustive": 0.006478135008364916,
    "pDeath": 0.009562740102410316,
    "pPain": 0.007421409245580435,
    "pBrainInjury": 0.007256800774484873,
    "pInternalBleeding": 0.008894813247025013,
    "entropyDeath": 0.015673838555812836,
    "INFORMATION_GAINED": 0.042706847190856934,
    "category": 0.013107463717460632
}