{
    "age": 0.0170345026999712,
    "tagged": 0.03400073200464249,
    "visited": 0.0027562719769775867,
    "breathing": 0.006119771860539913,
    "hrpmin": 0.01969926804304123,
    "injured_count": 0.02748437598347664,
    "environment_type": 0.003086429787799716,
    "questioning": 0.15356138348579407,
    "assessing": 0.2247581034898758,
    "treating": 0.019703788682818413,
    "tagging": 0.1310846209526062,
    "leaving": 0.10514409095048904,
    "Satisfactory Priority": 0.007987979799509048,
    "One-Bounce Priority": 0.046344660222530365,
    "pPain": 0.008442266844213009,
    "pAirwayBlocked": 0.004919230472296476,
    "pInternalBleeding": 0.005166906863451004,
    "pExternalBleeding": 0.011887727305293083,
    "entropy": 0.014442408457398415,
    "entropyDeath": 0.019775457680225372,
    "SEVERITY": 0.0030948063358664513,
    "AVERAGE_TIME_USED": 0.004443808924406767,
    "MEDSIM_P_DEATH": 0.02157612517476082,
    "SMOL_MEDICAL_SOUNDNESS": 0.004008921794593334,
    "INFORMATION_GAINED": 0.0484338141977787,
    "treatment": 0.04122543707489967,
    "category": 0.013817073777318
}