{
    "breathing": 0.035529255867004395,
    "intent": 0.17821530997753143,
    "directness_of_causality": 0.10456129163503647,
    "treating": 0.20268428325653076,
    "SEVERITY": 0.007928324863314629,
    "SMOL_MEDICAL_SOUNDNESS": 0.3608117401599884,
    "treatment": 0.11026979982852936
}