{
    "age": 0.01661587879061699,
    "tagged": 0.024343067780137062,
    "visited": 0.00421293405815959,
    "breathing": 0.005049413535743952,
    "hrpmin": 0.015601889230310917,
    "injured_count": 0.0221512783318758,
    "environment_type": 0.0026638726703822613,
    "questioning": 0.10752355307340622,
    "assessing": 0.20578862726688385,
    "treating": 0.014033325016498566,
    "tagging": 0.2491133064031601,
    "leaving": 0.09548593312501907,
    "HRA Strategy.time-resources.take-the-best": 0.001991471042856574,
    "Satisfactory Priority": 0.007323659956455231,
    "One-Bounce Priority": 0.03817227482795715,
    "pPain": 0.006632183212786913,
    "pAirwayBlocked": 0.004659108817577362,
    "pInternalBleeding": 0.003761113854125142,
    "pExternalBleeding": 0.012956487014889717,
    "entropy": 0.010701244696974754,
    "entropyDeath": 0.013134017586708069,
    "SEVERITY": 0.002742388751357794,
    "AVERAGE_TIME_USED": 0.004413917660713196,
    "MEDSIM_P_DEATH": 0.02044498361647129,
    "SMOL_MEDICAL_SOUNDNESS": 0.0030281462240964174,
    "INFORMATION_GAINED": 0.0597652904689312,
    "treatment": 0.036630939692258835,
    "category": 0.011059709824621677
}