{
    "conscious": 0.02205583266913891,
    "directness_of_causality": 0.11815834790468216,
    "aid_available": 0.22609028220176697,
    "treating": 0.42006075382232666,
    "SUPPLIES_USED": 0.21363475918769836
}