{
    "injured_count": 0.019800923764705658,
    "questioning": 0.31531837582588196,
    "assessing": 0.5299718976020813,
    "tagging": 0.03996638208627701,
    "INFORMATION_GAINED": 0.09494239836931229
}