{
    "tagged": 0.06455565989017487,
    "mental_status": 0.03374588489532471,
    "intent": 0.11294465512037277,
    "directness_of_causality": 0.07352463901042938,
    "treating": 0.12209992110729218,
    "pInternalBleeding": 0.029934128746390343,
    "SEVERITY": 0.07335469871759415,
    "AVERAGE_TIME_USED": 0.1504826545715332,
    "SUPPLIES_USED": 0.01929634064435959,
    "SMOL_MEDICAL_SOUNDNESS": 0.32006144523620605
}