{
    "age": 0.054908473044633865,
    "tagged": 0.13176879286766052,
    "breathing": 0.007036267779767513,
    "environment_type": 0.07378870248794556,
    "questioning": 0.14902915060520172,
    "tagging": 0.04524781554937363,
    "leaving": 0.12594588100910187,
    "category": 0.04244549199938774,
    "HRA Strategy.time-resources.take-the-best": 0.007431579288095236,
    "SEVERITY": 0.018338637426495552,
    "AVERAGE_TIME_USED": 0.058615125715732574,
    "DAMAGE_PER_SECOND": 0.15649181604385376,
    "MEDSIM_P_DEATH_ONE_MIN_LATER": 0.0029366209637373686,
    "WEIGHTED_RESOURCE_SCORE": 0.003321512136608362,
    "treatment": 0.12269410490989685
}