{
    "intent": 0.47821834683418274,
    "treating": 0.4945099651813507,
    "HRA Strategy.risk_reward_ratio-system.one-bounce": 0.009084928780794144,
    "HRA Strategy.time-resources-system.one-bounce": 0.014574856497347355,
    "SEVERITY": 8.710980182513595e-05,
    "DAMAGE_PER_SECOND": 0.003272269619628787,
    "treatment": 0.00025249196914955974
}