{
    "intent": 0.2312704473733902,
    "directness_of_causality": 0.11675975471735,
    "aid_available": 0.1615860015153885,
    "treating": 0.2685651183128357,
    "AVERAGE_TIME_USED": 0.0029807225801050663,
    "SUPPLIES_USED": 0.2188379168510437
}