{
    "age": 0.0017880129162222147,
    "tagged": 0.03569960966706276,
    "visited": 0.00014349128468893468,
    "conscious": 0.0011441688984632492,
    "breathing": 0.0033625070936977863,
    "hrpmin": 0.006279141642153263,
    "unvisited_count": 0.005262012127786875,
    "injured_count": 0.008240696042776108,
    "environment_type": 0.0028812710661441088,
    "questioning": 0.1699908822774887,
    "assessing": 0.1510087251663208,
    "treating": 0.0008187646744772792,
    "tagging": 0.17322228848934174,
    "leaving": 0.2993372082710266,
    "HRA Strategy.time-resources.take-the-best": 0.0027157592121511698,
    "HRA Strategy.resources-system.take-the-best": 0.000625033862888813,
    "Take-The-Best Priority": 7.764199835946783e-05,
    "Satisfactory Priority": 0.002587453229352832,
    "One-Bounce Priority": 0.016484593972563744,
    "pDeath": 0.0026608745101839304,
    "pPain": 0.006798002403229475,
    "pBrainInjury": 0.0009143587667495012,
    "pAirwayBlocked": 0.0017494981875643134,
    "pInternalBleeding": 0.005860314704477787,
    "pExternalBleeding": 0.014961549080908298,
    "entropy": 0.01242838241159916,
    "entropyDeath": 0.00036024313885718584,
    "SEVERITY": 0.0015717246569693089,
    "SUPPLIES_REMAINING": 0.0003638468333519995,
    "AVERAGE_TIME_USED": 0.006828634534031153,
    "DAMAGE_PER_SECOND": 0.000180380156962201,
    "MEDSIM_P_DEATH": 0.006326650269329548,
    "MEDSIM_P_DEATH_ONE_MIN_LATER": 0.0032036523334681988,
    "SEVEREST_SEVERITY": 0.00019339955179020762,
    "WEIGHTED_RESOURCE_SCORE": 0.000841471366584301,
    "SMOL_MEDICAL_SOUNDNESS": 0.0024222054053097963,
    "INFORMATION_GAINED": 0.007425765972584486,
    "treatment": 0.03704020008444786,
    "category": 0.006199568975716829
}