{
    "age": 0.008181151933968067,
    "tagged": 0.01952245458960533,
    "breathing": 0.0056913928128778934,
    "hrpmin": 0.0033498569391667843,
    "unvisited_count": 0.015910791233181953,
    "injured_count": 0.018568288534879684,
    "questioning": 0.2334379404783249,
    "assessing": 0.21456457674503326,
    "tagging": 0.13868191838264465,
    "leaving": 0.18260863423347473,
    "Satisfactory Priority": 0.0036310870200395584,
    "One-Bounce Priority": 0.03219357877969742,
    "pPain": 0.007266502361744642,
    "pAirwayBlocked": 0.003623811062425375,
    "pInternalBleeding": 0.006470404099673033,
    "pExternalBleeding": 0.011201172135770321,
    "entropy": 0.010591505095362663,
    "entropyDeath": 0.004106096923351288,
    "AVERAGE_TIME_USED": 0.005835159681737423,
    "MEDSIM_P_DEATH": 0.006818966940045357,
    "INFORMATION_GAINED": 0.024039043113589287,
    "treatment": 0.03390821814537048,
    "category": 0.009797453880310059
}