{
    "tagged": 0.029427602887153625,
    "mental_status": 0.007529895752668381,
    "breathing": 0.004253422375768423,
    "intent": 0.05685829743742943,
    "directness_of_causality": 0.09381434321403503,
    "aid_available": 0.049617741256952286,
    "treating": 0.1532244086265564,
    "HRA Strategy.time-resources.take-the-best": 0.012754186056554317,
    "HRA Strategy.time-system.tallying": 0.0008659642189741135,
    "HRA Strategy.resources-system.take-the-best": 0.06562989950180054,
    "HRA Strategy.risk_reward_ratio-system.one-bounce": 0.0011623508762568235,
    "HRA Strategy.resources-risk_reward_ratio-system.one-bounce": 0.0015264330431818962,
    "HRA Strategy.time-resources-risk_reward_ratio-system.one-bounce": 0.0002518872497603297,
    "Take-The-Best Priority": 0.0010680052218958735,
    "Satisfactory Priority": 0.0005303105572238564,
    "pPain": 0.007033391389995813,
    "pBrainInjury": 0.0002781745861284435,
    "pInternalBleeding": 0.0005986547912470996,
    "pExternalBleeding": 0.0004992731846868992,
    "SEVERITY": 0.07974661886692047,
    "AVERAGE_TIME_USED": 0.020588580518960953,
    "DAMAGE_PER_SECOND": 0.0856177881360054,
    "SEVERITY_CHANGE": 0.0009633689187467098,
    "SUPPLIES_USED": 0.15782944858074188,
    "SEVEREST_SEVERITY": 0.0003243347455281764,
    "WEIGHTED_RESOURCE_SCORE": 0.00042010610923171043,
    "SMOL_MEDICAL_SOUNDNESS": 0.0979449450969696,
    "treatment": 0.06964059919118881
}