{
    "intent": 0.14626814424991608,
    "treating": 0.6765593886375427,
    "SMOL_MEDICAL_SOUNDNESS": 0.1771724373102188
}