{
    "tagged": 0.013182386755943298,
    "conscious": 0.00453614816069603,
    "breathing": 0.01691303960978985,
    "hrpmin": 0.02548452652990818,
    "avpu": 7.922964869067073e-05,
    "intent": 0.16853511333465576,
    "directness_of_causality": 0.11171472072601318,
    "injured_count": 0.00022783335589338094,
    "aid_available": 0.12274511158466339,
    "treating": 0.19671612977981567,
    "HRA Strategy.time-resources.take-the-best": 0.0002863018016796559,
    "HRA Strategy.resources-system.take-the-best": 0.0018271913286298513,
    "HRA Strategy.risk_reward_ratio-system.one-bounce": 0.0024620858021080494,
    "HRA Strategy.time-resources-system.one-bounce": 0.0004701994766946882,
    "HRA Strategy.resources-risk_reward_ratio-system.one-bounce": 0.001846055849455297,
    "HRA Strategy.time-resources-risk_reward_ratio-system.one-bounce": 0.00031937361927703023,
    "Take-The-Best Priority": 0.001624374883249402,
    "pDeath": 0.00012111677642678842,
    "pPain": 0.0002458349335938692,
    "pBrainInjury": 4.8664463975001127e-05,
    "entropy": 8.384949614992365e-05,
    "SEVERITY": 0.027647539973258972,
    "SUPPLIES_REMAINING": 0.004591503646224737,
    "AVERAGE_TIME_USED": 0.05867248401045799,
    "DAMAGE_PER_SECOND": 0.00021089616348035634,
    "SEVERITY_CHANGE": 8.610312215751037e-05,
    "SUPPLIES_USED": 0.1619572937488556,
    "SEVEREST_SEVERITY": 0.0007803901098668575,
    "WEIGHTED_RESOURCE_SCORE": 0.0012225534301251173,
    "treatment": 0.07536201179027557
}