{
    "age": 0.2880654036998749,
    "category": 0.0664532259106636,
    "DAMAGE_PER_SECOND": 0.1940489113330841,
    "MEDSIM_P_DEATH": 0.1528853476047516,
    "MEDSIM_P_DEATH_ONE_MIN_LATER": 0.10491450130939484,
    "treatment": 0.1936326026916504
}