{
    "age": 0.007814006879925728,
    "tagged": 0.0667768195271492,
    "visited": 0.006989626679569483,
    "conscious": 0.04849464073777199,
    "breathing": 0.0019206723663955927,
    "environment_type": 0.024490227922797203,
    "assessing": 0.08973795920610428,
    "treating": 0.0019698485266417265,
    "tagging": 0.006294685881584883,
    "category": 0.01677059382200241,
    "HRA Strategy.time-resources.take-the-best": 0.07609869539737701,
    "HRA Strategy.time-system.tallying": 0.0011133799562230706,
    "One-Bounce Priority": 0.0003967850934714079,
    "pDeath": 0.0006687304703518748,
    "pPain": 0.003836331656202674,
    "SEVERITY": 0.018817244097590446,
    "SUPPLIES_REMAINING": 0.0015519163571298122,
    "AVERAGE_TIME_USED": 0.003275604685768485,
    "DAMAGE_PER_SECOND": 0.024393973872065544,
    "SEVEREST_SEVERITY": 0.0008219784940592945,
    "SEVEREST_SEVERITY_CHANGE": 0.5550577640533447,
    "WEIGHTED_RESOURCE_SCORE": 0.012369857169687748,
    "treatment": 0.03033861145377159
}