{
    "tagged": 0.0277642160654068,
    "mental_status": 0.007826225832104683,
    "intent": 0.34074676036834717,
    "directness_of_causality": 0.31511467695236206,
    "treating": 0.2794426381587982,
    "HRA Strategy.resources-system.take-the-best": 0.0035639191046357155,
    "HRA Strategy.risk_reward_ratio-system.one-bounce": 0.0038087572902441025,
    "HRA Strategy.time-resources-system.one-bounce": 0.004554532002657652,
    "Take-The-Best Priority": 0.006674576085060835,
    "Satisfactory Priority": 0.01050366647541523
}