{
    "intent": 0.15312470495700836,
    "treating": 0.49098658561706543,
    "SUPPLIES_USED": 0.06946343928575516,
    "SMOL_MEDICAL_SOUNDNESS": 0.28642523288726807
}