{
    "aid_available": 0.08589223027229309,
    "treating": 0.15314166247844696,
    "AVERAGE_TIME_USED": 0.13699252903461456,
    "SUPPLIES_USED": 0.052700068801641464,
    "SMOL_MEDICAL_SOUNDNESS": 0.14473524689674377,
    "intent": 0.1512463539838791,
    "treatment": 0.09418468177318573,
    "directness_of_causality": 0.18110720813274384
}