{
    "age": 0.01012538280338049,
    "tagged": 0.05427749082446098,
    "visited": 0.002577961189672351,
    "conscious": 0.0008261613547801971,
    "breathing": 0.005113143008202314,
    "hrpmin": 0.007774960715323687,
    "avpu": 0.004452962893992662,
    "unvisited_count": 0.008115848526358604,
    "injured_count": 0.012826274149119854,
    "environment_type": 0.0016186012653633952,
    "questioning": 0.18628793954849243,
    "assessing": 0.16857412457466125,
    "tagging": 0.20251286029815674,
    "leaving": 0.15859150886535645,
    "HRA Strategy.time-resources.take-the-best": 0.0021455264650285244,
    "HRA Strategy.time-resources.one-bounce": 0.00047585583524778485,
    "HRA Strategy.time-system.exhaustive": 0.0018338325899094343,
    "HRA Strategy.time-system.one-bounce": 0.002115183975547552,
    "HRA Strategy.resources-system.take-the-best": 0.0010529144201427698,
    "HRA Strategy.resources-system.exhaustive": 0.001983218127861619,
    "Satisfactory Priority": 0.001929771387949586,
    "One-Bounce Priority": 0.022391855716705322,
    "pDeath": 0.004654938355088234,
    "pPain": 0.006957175210118294,
    "pBrainInjury": 0.0013039741897955537,
    "pAirwayBlocked": 0.005947426427155733,
    "pInternalBleeding": 0.0053177219815552235,
    "pExternalBleeding": 0.009248904883861542,
    "entropy": 0.009115790948271751,
    "entropyDeath": 0.002016382524743676,
    "SEVERITY": 0.002655326621606946,
    "SUPPLIES_REMAINING": 0.0005264660576358438,
    "AVERAGE_TIME_USED": 0.006019493564963341,
    "DAMAGE_PER_SECOND": 0.00042957067489624023,
    "MEDSIM_P_DEATH": 0.007259897887706757,
    "MEDSIM_P_DEATH_ONE_MIN_LATER": 0.00378229608759284,
    "SEVEREST_SEVERITY": 0.0017069054301828146,
    "WEIGHTED_RESOURCE_SCORE": 0.0016592660686001182,
    "SMOL_MEDICAL_SOUNDNESS": 0.0021460202988237143,
    "INFORMATION_GAINED": 0.02378920465707779,
    "treatment": 0.03824615478515625,
    "category": 0.009613586589694023
}