{
    "conscious": 0.006339660380035639,
    "mental_status": 0.000999682815745473,
    "breathing": 0.00026667205384001136,
    "intent": 0.08406420052051544,
    "directness_of_causality": 0.061307720839977264,
    "aid_available": 0.06761705130338669,
    "treating": 0.11042904853820801,
    "HRA Strategy.time-risk_reward_ratio.take-the-best": 0.0001555504131829366,
    "HRA Strategy.resources-system.take-the-best": 0.00011242542677791789,
    "HRA Strategy.risk_reward_ratio-system.one-bounce": 0.0010636965744197369,
    "HRA Strategy.resources-risk_reward_ratio-system.one-bounce": 0.0008569977362640202,
    "HRA Strategy.time-resources-risk_reward_ratio-system.one-bounce": 0.00015543944027740508,
    "Take-The-Best Priority": 0.0006459872820414603,
    "pAirwayBlocked": 0.00017809582641348243,
    "SEVERITY": 0.014217118732631207,
    "SUPPLIES_REMAINING": 0.00046810819185338914,
    "AVERAGE_TIME_USED": 0.011521055363118649,
    "DAMAGE_PER_SECOND": 0.0005250961985439062,
    "MEDSIM_P_DEATH_ONE_MIN_LATER": 0.39725226163864136,
    "SUPPLIES_USED": 0.11958365887403488,
    "SEVEREST_SEVERITY_CHANGE": 0.0004071529838256538,
    "SMOL_MEDICAL_SOUNDNESS": 0.11980787664651871,
    "treatment": 0.00202553765848279
}