{
    "tagged": 0.004081611055880785,
    "conscious": 0.02894752100110054,
    "mental_status": 0.0003937699075322598,
    "breathing": 0.15211430191993713,
    "intent": 0.09671111404895782,
    "unvisited_count": 0.0028592520393431187,
    "aid_available": 0.006660069804638624,
    "treating": 0.1447986513376236,
    "HRA Strategy.time-resources.take-the-best": 0.001810744171962142,
    "HRA Strategy.time-resources.one-bounce": 0.021079784259200096,
    "HRA Strategy.resources-risk_reward_ratio.one-bounce": 0.07494624704122543,
    "HRA Strategy.resources-system.take-the-best": 0.09096985310316086,
    "HRA Strategy.risk_reward_ratio-system.one-bounce": 0.059299618005752563,
    "HRA Strategy.time-resources-system.tallying": 0.1686713993549347,
    "HRA Strategy.resources-risk_reward_ratio-system.one-bounce": 0.002819293411448598,
    "pPain": 0.0003047639620490372,
    "pBrainInjury": 0.03346962481737137,
    "pInternalBleeding": 0.0005571277579292655,
    "entropyDeath": 0.0019847105722874403,
    "SEVERITY": 0.01972935162484646,
    "SUPPLIES_REMAINING": 0.0016593015752732754,
    "AVERAGE_TIME_USED": 0.014248565770685673,
    "DAMAGE_PER_SECOND": 0.0005519622936844826,
    "SUPPLIES_USED": 0.04352189972996712,
    "SEVEREST_SEVERITY_CHANGE": 0.0025912157725542784,
    "WEIGHTED_RESOURCE_SCORE": 0.0021730326116085052,
    "treatment": 0.023045197129249573
}