{
    "tagged": 0.012689116410911083,
    "conscious": 0.004896178841590881,
    "breathing": 0.01829388737678528,
    "hrpmin": 0.027611268684267998,
    "intent": 0.17401811480522156,
    "directness_of_causality": 0.11139276623725891,
    "aid_available": 0.11900664120912552,
    "treating": 0.21277214586734772,
    "HRA Strategy.risk_reward_ratio-system.one-bounce": 0.001233599497936666,
    "HRA Strategy.resources-risk_reward_ratio-system.one-bounce": 0.0019976478070020676,
    "Take-The-Best Priority": 0.001965788658708334,
    "SEVERITY": 0.018091928213834763,
    "SUPPLIES_REMAINING": 0.004984887316823006,
    "AVERAGE_TIME_USED": 0.05890801176428795,
    "SUPPLIES_USED": 0.17200826108455658,
    "treatment": 0.06012970954179764
}