{
    "age": 0.027087410911917686,
    "tagged": 0.04155693203210831,
    "visited": 0.021575164049863815,
    "breathing": 0.01014112588018179,
    "injured_count": 0.1101594939827919,
    "environment_type": 0.02496873214840889,
    "questioning": 0.15307149291038513,
    "assessing": 0.2610398828983307,
    "tagging": 0.08881556987762451,
    "category": 0.013644762337207794,
    "One-Bounce Priority": 0.024787673726677895,
    "pDeath": 0.008782783523201942,
    "pBrainInjury": 0.006095502991229296,
    "pAirwayBlocked": 0.005511077120900154,
    "pInternalBleeding": 0.02349694073200226,
    "pExternalBleeding": 0.010123803280293941,
    "entropy": 0.011526414193212986,
    "SEVERITY": 0.0038893544115126133,
    "AVERAGE_TIME_USED": 0.01923544332385063,
    "MEDSIM_P_DEATH": 0.011354012414813042,
    "INFORMATION_GAINED": 0.08509636670351028,
    "treatment": 0.038040176033973694
}