{
    "age": 0.011961099691689014,
    "tagged": 0.04178771749138832,
    "visited": 0.0064436099492013454,
    "conscious": 0.0011480957036837935,
    "breathing": 0.007699279580265284,
    "hrpmin": 0.018346497789025307,
    "avpu": 0.0032134116627275944,
    "unvisited_count": 0.006846556905657053,
    "injured_count": 0.005325780250132084,
    "others_tagged_or_uninjured": 0.0006414478993974626,
    "environment_type": 0.0049121687188744545,
    "questioning": 0.23388253152370453,
    "assessing": 0.1993178427219391,
    "tagging": 0.22370676696300507,
    "leaving": 0.006334576290100813,
    "HRA Strategy.time-resources.take-the-best": 0.004381344188004732,
    "HRA Strategy.time-system.tallying": 0.012617949396371841,
    "HRA Strategy.resources-risk_reward_ratio.take-the-best": 0.0006664196262136102,
    "HRA Strategy.resources-system.take-the-best": 0.0006604079972021282,
    "Satisfactory Priority": 0.0033680335618555546,
    "One-Bounce Priority": 0.01688702031970024,
    "pDeath": 0.003613551612943411,
    "pPain": 0.005590582732111216,
    "pBrainInjury": 0.006255120504647493,
    "pAirwayBlocked": 0.005061795469373465,
    "pInternalBleeding": 0.007972968742251396,
    "pExternalBleeding": 0.005483273882418871,
    "entropy": 0.008719493634998798,
    "entropyDeath": 0.019929323345422745,
    "SEVERITY": 0.008018692024052143,
    "SUPPLIES_REMAINING": 0.0006967416265979409,
    "AVERAGE_TIME_USED": 0.009181545116007328,
    "DAMAGE_PER_SECOND": 0.0015019068960100412,
    "MEDSIM_P_DEATH": 0.007029461208730936,
    "SEVERITY_CHANGE": 0.0033263780642300844,
    "SEVEREST_SEVERITY": 0.0010720336576923728,
    "WEIGHTED_RESOURCE_SCORE": 0.0026080349925905466,
    "SMOL_MEDICAL_SOUNDNESS": 0.006975091993808746,
    "INFORMATION_GAINED": 0.052485693246126175,
    "treatment": 0.02596634440124035,
    "category": 0.008363429456949234
}