{
    "tagged": 0.0020793224684894085,
    "conscious": 0.011086287908256054,
    "mental_status": 0.022404450923204422,
    "hrpmin": 0.00023685557243879884,
    "intent": 0.009632069617509842,
    "directness_of_causality": 0.0027039418928325176,
    "unvisited_count": 2.9378728868323378e-05,
    "treating": 0.5435233116149902,
    "HRA Strategy.time-resources.take-the-best": 0.046796444803476334,
    "HRA Strategy.time-system.tallying": 0.0013008181704208255,
    "HRA Strategy.resources-system.take-the-best": 0.07753398269414902,
    "HRA Strategy.risk_reward_ratio-system.one-bounce": 0.005202070809900761,
    "HRA Strategy.time-resources-system.exhaustive": 0.004041194915771484,
    "HRA Strategy.time-resources-system.tallying": 0.009111092425882816,
    "HRA Strategy.time-resources-system.one-bounce": 0.000629333546385169,
    "Take-The-Best Priority": 0.18135370314121246,
    "Satisfactory Priority": 0.016133707016706467,
    "pAirwayBlocked": 9.089909872272983e-05,
    "pInternalBleeding": 0.0011880721431225538,
    "entropy": 0.0005502784042619169,
    "SEVERITY": 0.002375768031924963,
    "AVERAGE_TIME_USED": 0.009759553708136082,
    "SEVEREST_SEVERITY": 0.0071843937039375305,
    "WEIGHTED_RESOURCE_SCORE": 0.004666126798838377,
    "treatment": 0.0403868742287159
}