{
    "tagged": 0.01644652895629406,
    "questioning": 0.31859371066093445,
    "assessing": 0.36084580421447754,
    "tagging": 0.05482134968042374,
    "leaving": 0.18910738825798035,
    "One-Bounce Priority": 0.02433963119983673,
    "INFORMATION_GAINED": 0.013652671128511429,
    "treatment": 0.022193005308508873
}