{
    "age": 0.03142751008272171,
    "tagged": 0.04349410533905029,
    "visited": 0.0014131388161331415,
    "conscious": 0.0009018206037580967,
    "breathing": 0.005616787355393171,
    "hrpmin": 0.005820584949105978,
    "avpu": 0.0014495615614578128,
    "unvisited_count": 0.029178312048316002,
    "injured_count": 0.03646925836801529,
    "environment_type": 0.021998679265379906,
    "questioning": 0.08684806525707245,
    "assessing": 0.19450855255126953,
    "treating": 0.0014780194032937288,
    "tagging": 0.15387023985385895,
    "category": 0.013914475217461586,
    "HRA Strategy.time-resources.take-the-best": 0.0036745022516697645,
    "HRA Strategy.time-resources.one-bounce": 0.00038118212250992656,
    "HRA Strategy.time-system.exhaustive": 0.0006895625847391784,
    "HRA Strategy.time-system.tallying": 0.01754654571413994,
    "HRA Strategy.resources-system.take-the-best": 0.0007298403652384877,
    "HRA Strategy.resources-system.exhaustive": 0.013235412538051605,
    "Satisfactory Priority": 0.0032261605374515057,
    "One-Bounce Priority": 0.06480690836906433,
    "pDeath": 0.015700705349445343,
    "pPain": 0.010669970884919167,
    "pBrainInjury": 0.0029366130474954844,
    "pAirwayBlocked": 0.031394362449645996,
    "pInternalBleeding": 0.0005641451571136713,
    "entropy": 0.002087225904688239,
    "entropyDeath": 0.002467072568833828,
    "SEVERITY": 0.0042488412000238895,
    "SUPPLIES_REMAINING": 0.0012967969523742795,
    "AVERAGE_TIME_USED": 0.011762388981878757,
    "DAMAGE_PER_SECOND": 0.0016346477204933763,
    "MEDSIM_P_DEATH_ONE_MIN_LATER": 0.002526717958971858,
    "SEVERITY_CHANGE": 0.004524934105575085,
    "SEVEREST_SEVERITY": 0.0007054251036606729,
    "WEIGHTED_RESOURCE_SCORE": 0.05437967926263809,
    "INFORMATION_GAINED": 0.07143767923116684,
    "treatment": 0.048983532935380936
}