{
    "tagged": 0.0014046038268133998,
    "conscious": 0.0010659819236025214,
    "mental_status": 0.0006346841691993177,
    "breathing": 0.05915909260511398,
    "hrpmin": 0.0004020427877549082,
    "avpu": 0.0009136635344475508,
    "intent": 0.14094312489032745,
    "directness_of_causality": 0.06959214061498642,
    "injured_count": 0.0011749907862395048,
    "aid_available": 0.007978002540767193,
    "treating": 0.20451486110687256,
    "HRA Strategy.time-resources.take-the-best": 0.0037560525815933943,
    "HRA Strategy.time-resources.one-bounce": 0.018906082957983017,
    "HRA Strategy.time-risk_reward_ratio.one-bounce": 0.002182945143431425,
    "HRA Strategy.resources-risk_reward_ratio.one-bounce": 0.02610175870358944,
    "HRA Strategy.resources-system.take-the-best": 0.016381939873099327,
    "HRA Strategy.risk_reward_ratio-system.one-bounce": 0.001097483211196959,
    "HRA Strategy.time-resources-risk_reward_ratio.one-bounce": 0.00024140129971783608,
    "HRA Strategy.time-resources-system.one-bounce": 0.0005214189877733588,
    "HRA Strategy.resources-risk_reward_ratio-system.one-bounce": 0.0007145239505916834,
    "Take-The-Best Priority": 0.001299970899708569,
    "pDeath": 9.6095260232687e-05,
    "pPain": 0.0003352451021783054,
    "pBrainInjury": 0.09191015362739563,
    "pInternalBleeding": 0.00015464234456885606,
    "entropyDeath": 0.004942729603499174,
    "SEVERITY": 0.0007356274290941656,
    "AVERAGE_TIME_USED": 0.02576587349176407,
    "DAMAGE_PER_SECOND": 6.878326530568302e-05,
    "SUPPLIES_USED": 0.03745131194591522,
    "WEIGHTED_RESOURCE_SCORE": 0.0017004503170028329,
    "treatment": 0.2778523564338684
}