{
    "intent": 0.1949872076511383,
    "directness_of_causality": 0.13802218437194824,
    "aid_available": 0.1556183397769928,
    "treating": 0.28040409088134766,
    "HRA Strategy.resources-system.take-the-best": 0.0010387450456619263,
    "HRA Strategy.risk_reward_ratio-system.one-bounce": 0.0009215306490659714,
    "Satisfactory Priority": 0.0009830388007685542,
    "SUPPLIES_REMAINING": 0.0008339432533830404,
    "AVERAGE_TIME_USED": 0.0032478731591254473,
    "SUPPLIES_USED": 0.22394312918186188
}