{
    "age": 0.009887020103633404,
    "tagged": 0.019862022250890732,
    "visited": 0.0022492408752441406,
    "conscious": 0.008499031886458397,
    "breathing": 0.014743640087544918,
    "hrpmin": 0.028595974668860435,
    "avpu": 0.002505308948457241,
    "unvisited_count": 0.00801639910787344,
    "environment_type": 0.0034459573216736317,
    "questioning": 0.12540054321289062,
    "assessing": 0.2089039832353592,
    "treating": 0.013414444401860237,
    "tagging": 0.21380791068077087,
    "HRA Strategy.time-resources.take-the-best": 0.0033952484373003244,
    "Satisfactory Priority": 0.006044529378414154,
    "One-Bounce Priority": 0.043037302792072296,
    "pPain": 0.0096366535872221,
    "pBrainInjury": 0.0021344043780118227,
    "pAirwayBlocked": 0.0024438619147986174,
    "pInternalBleeding": 0.006782192271202803,
    "pExternalBleeding": 0.009955385699868202,
    "entropy": 0.02780929207801819,
    "entropyDeath": 0.010178753174841404,
    "SEVERITY": 0.0045774346217513084,
    "AVERAGE_TIME_USED": 0.024485638365149498,
    "MEDSIM_P_DEATH": 0.025480249896645546,
    "MEDSIM_P_DEATH_ONE_MIN_LATER": 0.0026875887997448444,
    "SEVEREST_SEVERITY_CHANGE": 0.0016015843721106648,
    "WEIGHTED_RESOURCE_SCORE": 0.005076597910374403,
    "SMOL_MEDICAL_SOUNDNESS": 0.0017034700140357018,
    "INFORMATION_GAINED": 0.08441486954689026,
    "treatment": 0.05775799974799156,
    "category": 0.011465496383607388
}