{
    "intent": 0.19934512674808502,
    "aid_available": 0.0026554842479526997,
    "treating": 0.19676031172275543,
    "HRA Strategy.time-resources.take-the-best": 0.0010131652234122157,
    "entropyDeath": 0.0019449687097221613,
    "SEVERITY": 0.0660284161567688,
    "SUPPLIES_REMAINING": 0.0019478298490867019,
    "SEVERITY_CHANGE": 0.32017388939857483,
    "WEIGHTED_RESOURCE_SCORE": 0.00446269940584898,
    "SMOL_MEDICAL_SOUNDNESS": 0.11831621825695038,
    "category": 0.005115802865475416,
    "treatment": 0.08223611116409302
}