{
    "tagged": 0.01626748964190483,
    "conscious": 0.022192541509866714,
    "mental_status": 0.0002281468769069761,
    "intent": 0.19971978664398193,
    "directness_of_causality": 0.18043242394924164,
    "injured_count": 0.20643067359924316,
    "treating": 0.29955801367759705,
    "HRA Strategy.time-resources.take-the-best": 0.013162760995328426,
    "HRA Strategy.resources-system.take-the-best": 0.0187227800488472,
    "HRA Strategy.risk_reward_ratio-system.one-bounce": 0.0010798582807183266,
    "AVERAGE_TIME_USED": 0.004958216566592455,
    "SUPPLIES_USED": 0.00862476322799921,
    "WEIGHTED_RESOURCE_SCORE": 0.0014322061324492097,
    "treatment": 0.027190398424863815
}