{
    "treating": 0.3745930790901184,
    "Take-The-Best Priority": 0.2898597717285156,
    "Satisfactory Priority": 0.3268153667449951,
    "SEVERITY": 0.0005744730005972087,
    "DAMAGE_PER_SECOND": 0.0005247872904874384,
    "WEIGHTED_RESOURCE_SCORE": 0.0037057879380881786,
    "intent": 0.0024753885809332132,
    "treatment": 0.0014513013884425163
}