{
    "tagged": 0.12642833590507507,
    "conscious": 0.004872794728726149,
    "mental_status": 0.010433174669742584,
    "breathing": 0.02372625470161438,
    "intent": 0.045024845749139786,
    "directness_of_causality": 0.30161550641059875,
    "treating": 0.013225508853793144,
    "HRA Strategy.resources-system.take-the-best": 0.020737135782837868,
    "HRA Strategy.time-resources-system.one-bounce": 0.010522665455937386,
    "HRA Strategy.time-resources-risk_reward_ratio-system.one-bounce": 0.007762293331325054,
    "pPain": 0.0023775857407599688,
    "pInternalBleeding": 0.0025533768348395824,
    "SEVERITY": 0.003912610001862049,
    "SUPPLIES_REMAINING": 0.005439832340925932,
    "SUPPLIES_USED": 0.015247900038957596,
    "WEIGHTED_RESOURCE_SCORE": 0.011879902333021164,
    "SMOL_MEDICAL_SOUNDNESS": 0.3613072335720062,
    "category": 0.013748989440500736,
    "treatment": 0.019184060394763947
}